campaign	relative_path	size_bytes	mtime_utc
LiCl	LiA3-Ref/gromacs/run_eq/step4.1_equilibration.edr	71728	2026-07-13T14:32:42.0000000000Z
LiCl	LiA3-Ref/gromacs/run_min/min_attempt0.edr	103988	2026-07-13T14:32:42.0000000000Z
LiCl	LiA3-Ref/gromacs/run_min/step4.0_minimization.edr	103988	2026-07-13T14:32:42.0000000000Z
LiCl	LiA3-Ref/gromacs/run_prod_20ns/step5_production_20ns.edr	1273368	2026-07-13T14:32:42.0000000000Z
LiCl	LiA3-Ref/gromacs/umbrella_sampling/bound_place_min/min.edr	78552	2026-07-18T01:32:47.4560706290Z
LiCl	LiA3-Ref/gromacs/umbrella_sampling/bound_place_min/min.trr	552780	2026-07-18T01:32:47.4590706090Z
LiCl	LiA3-Ref/gromacs/umbrella_sampling/pull/pull.cpt	1107652	2026-07-18T04:10:18.9719221790Z
LiCl	LiA3-Ref/gromacs/umbrella_sampling/pull/pull.edr	649400	2026-07-18T04:10:19.0449221970Z
LiCl	LiA3-Ref/gromacs/umbrella_sampling/pull/pull.xtc	165458548	2026-07-18T04:10:18.9789221810Z
LiCl	LiA3-Ref/gromacs/umbrella_sampling/pull/pull_prev.cpt	1106584	2026-07-18T04:10:18.9749221800Z
LiCl	LiA3-Ref/gromacs/umbrella_sampling/window_000_0.34nm/umbrella.cpt	1107672	2026-07-23T20:00:27.4984353670Z
LiCl	LiA3-Ref/gromacs/umbrella_sampling/window_000_0.34nm/umbrella.edr	1297400	2026-07-23T20:00:27.5724352820Z
LiCl	LiA3-Ref/gromacs/umbrella_sampling/window_000_0.34nm/umbrella.xtc	330753284	2026-07-23T20:00:27.5044353600Z
LiCl	LiA3-Ref/gromacs/umbrella_sampling/window_000_0.34nm/umbrella_eq.cpt	1107692	2026-07-18T13:41:32.2114916240Z
LiCl	LiA3-Ref/gromacs/umbrella_sampling/window_000_0.34nm/umbrella_eq.edr	325400	2026-07-18T13:41:32.3624916640Z
LiCl	LiA3-Ref/gromacs/umbrella_sampling/window_000_0.34nm/umbrella_eq.xtc	82811928	2026-07-18T13:41:32.2224916270Z
LiCl	LiA3-Ref/gromacs/umbrella_sampling/window_000_0.34nm/umbrella_eq_prev.cpt	1107416	2026-07-18T13:41:32.2164916260Z
LiCl	LiA3-Ref/gromacs/umbrella_sampling/window_000_0.34nm/umbrella_prev.cpt	1107396	2026-07-23T20:00:27.5004353650Z
LiCl	LiA3-Ref/gromacs/umbrella_sampling/window_001_0.41nm/umbrella.cpt	1107672	2026-07-22T13:35:23.3733536420Z
LiCl	LiA3-Ref/gromacs/umbrella_sampling/window_001_0.41nm/umbrella.edr	1297400	2026-07-22T13:35:23.5233537870Z
LiCl	LiA3-Ref/gromacs/umbrella_sampling/window_001_0.41nm/umbrella.xtc	330753112	2026-07-22T13:35:23.3853536530Z
LiCl	LiA3-Ref/gromacs/umbrella_sampling/window_001_0.41nm/umbrella_eq.cpt	1107692	2026-07-20T03:29:04.1336161790Z
LiCl	LiA3-Ref/gromacs/umbrella_sampling/window_001_0.41nm/umbrella_eq.edr	325400	2026-07-20T03:29:04.2086162300Z
LiCl	LiA3-Ref/gromacs/umbrella_sampling/window_001_0.41nm/umbrella_eq.xtc	82812080	2026-07-20T03:29:04.1396161830Z
LiCl	LiA3-Ref/gromacs/umbrella_sampling/window_001_0.41nm/umbrella_eq_prev.cpt	1107416	2026-07-20T03:29:04.1356161810Z
LiCl	LiA3-Ref/gromacs/umbrella_sampling/window_001_0.41nm/umbrella_prev.cpt	1107396	2026-07-22T13:35:23.3773536450Z
LiCl	LiA3-Ref/gromacs/umbrella_sampling/window_002_0.49nm/umbrella.cpt	1107672	2026-07-21T13:48:44.5599053440Z
LiCl	LiA3-Ref/gromacs/umbrella_sampling/window_002_0.49nm/umbrella.edr	1297400	2026-07-21T13:48:44.6359053760Z
LiCl	LiA3-Ref/gromacs/umbrella_sampling/window_002_0.49nm/umbrella.xtc	330751292	2026-07-21T13:48:44.5659053460Z
LiCl	LiA3-Ref/gromacs/umbrella_sampling/window_002_0.49nm/umbrella_eq.cpt	1107692	2026-07-19T07:06:25.5170351930Z
LiCl	LiA3-Ref/gromacs/umbrella_sampling/window_002_0.49nm/umbrella_eq.edr	325400	2026-07-19T07:06:25.5920351670Z
LiCl	LiA3-Ref/gromacs/umbrella_sampling/window_002_0.49nm/umbrella_eq.xtc	82812364	2026-07-19T07:06:25.5230351910Z
LiCl	LiA3-Ref/gromacs/umbrella_sampling/window_002_0.49nm/umbrella_eq_prev.cpt	1107416	2026-07-19T07:06:25.5180351930Z
LiCl	LiA3-Ref/gromacs/umbrella_sampling/window_002_0.49nm/umbrella_prev.cpt	1107396	2026-07-21T13:48:44.5619053450Z
LiCl	LiA3-Ref/gromacs/umbrella_sampling/window_003_0.56nm/umbrella.cpt	1107672	2026-07-23T22:36:49.9448911540Z
LiCl	LiA3-Ref/gromacs/umbrella_sampling/window_003_0.56nm/umbrella.edr	1297400	2026-07-23T22:36:50.0168913850Z
LiCl	LiA3-Ref/gromacs/umbrella_sampling/window_003_0.56nm/umbrella.xtc	330752792	2026-07-23T22:36:49.9508911740Z
LiCl	LiA3-Ref/gromacs/umbrella_sampling/window_003_0.56nm/umbrella_eq.cpt	1107692	2026-07-19T20:11:58.6007325360Z
LiCl	LiA3-Ref/gromacs/umbrella_sampling/window_003_0.56nm/umbrella_eq.edr	325400	2026-07-19T20:11:58.6787325260Z
LiCl	LiA3-Ref/gromacs/umbrella_sampling/window_003_0.56nm/umbrella_eq.xtc	82812472	2026-07-19T20:11:58.6097325350Z
LiCl	LiA3-Ref/gromacs/umbrella_sampling/window_003_0.56nm/umbrella_eq_prev.cpt	1107416	2026-07-19T20:11:58.6057325350Z
LiCl	LiA3-Ref/gromacs/umbrella_sampling/window_003_0.56nm/umbrella_prev.cpt	1107396	2026-07-23T22:36:49.9468911610Z
LiCl	LiA3-Ref/gromacs/umbrella_sampling/window_004_0.64nm/umbrella.cpt	1107672	2026-07-24T12:45:58.0817525530Z
LiCl	LiA3-Ref/gromacs/umbrella_sampling/window_004_0.64nm/umbrella.edr	1297400	2026-07-24T12:45:58.1277525050Z
LiCl	LiA3-Ref/gromacs/umbrella_sampling/window_004_0.64nm/umbrella.xtc	330753976	2026-07-24T12:45:58.0857525490Z
LiCl	LiA3-Ref/gromacs/umbrella_sampling/window_004_0.64nm/umbrella_eq.cpt	1107692	2026-07-23T03:40:53.1313317990Z
LiCl	LiA3-Ref/gromacs/umbrella_sampling/window_004_0.64nm/umbrella_eq.edr	325400	2026-07-23T03:40:53.2073318220Z
LiCl	LiA3-Ref/gromacs/umbrella_sampling/window_004_0.64nm/umbrella_eq.xtc	82811940	2026-07-23T03:40:53.1373318010Z
LiCl	LiA3-Ref/gromacs/umbrella_sampling/window_004_0.64nm/umbrella_eq_prev.cpt	1107416	2026-07-23T03:40:53.1333317990Z
LiCl	LiA3-Ref/gromacs/umbrella_sampling/window_004_0.64nm/umbrella_prev.cpt	1107396	2026-07-24T12:45:58.0827525520Z
LiCl	LiA3-Ref/gromacs/umbrella_sampling/window_005_0.71nm/umbrella.cpt	1107672	2026-07-24T02:33:08.3178392540Z
LiCl	LiA3-Ref/gromacs/umbrella_sampling/window_005_0.71nm/umbrella.edr	1297400	2026-07-24T02:33:08.3818392760Z
LiCl	LiA3-Ref/gromacs/umbrella_sampling/window_005_0.71nm/umbrella.xtc	330751080	2026-07-24T02:33:08.3228392560Z
LiCl	LiA3-Ref/gromacs/umbrella_sampling/window_005_0.71nm/umbrella_eq.cpt	1107692	2026-07-19T11:02:14.5309567070Z
LiCl	LiA3-Ref/gromacs/umbrella_sampling/window_005_0.71nm/umbrella_eq.edr	325400	2026-07-19T11:02:14.6789567630Z
LiCl	LiA3-Ref/gromacs/umbrella_sampling/window_005_0.71nm/umbrella_eq.xtc	82812644	2026-07-19T11:02:14.5419567110Z
LiCl	LiA3-Ref/gromacs/umbrella_sampling/window_005_0.71nm/umbrella_eq_prev.cpt	1107416	2026-07-19T11:02:14.5339567080Z
LiCl	LiA3-Ref/gromacs/umbrella_sampling/window_005_0.71nm/umbrella_prev.cpt	1106604	2026-07-24T02:33:08.3188392550Z
LiCl	LiA3-Ref/gromacs/umbrella_sampling/window_006_0.79nm/umbrella.cpt	1107672	2026-07-21T23:51:48.7482528850Z
LiCl	LiA3-Ref/gromacs/umbrella_sampling/window_006_0.79nm/umbrella.edr	1297400	2026-07-21T23:51:48.8262529020Z
LiCl	LiA3-Ref/gromacs/umbrella_sampling/window_006_0.79nm/umbrella.xtc	330751020	2026-07-21T23:51:48.7572528870Z
LiCl	LiA3-Ref/gromacs/umbrella_sampling/window_006_0.79nm/umbrella_eq.cpt	1107692	2026-07-18T14:15:46.5784433890Z
LiCl	LiA3-Ref/gromacs/umbrella_sampling/window_006_0.79nm/umbrella_eq.edr	325400	2026-07-18T14:15:46.6964433220Z
LiCl	LiA3-Ref/gromacs/umbrella_sampling/window_006_0.79nm/umbrella_eq.xtc	82812412	2026-07-18T14:15:46.5874433840Z
LiCl	LiA3-Ref/gromacs/umbrella_sampling/window_006_0.79nm/umbrella_eq_prev.cpt	1107416	2026-07-18T14:15:46.5804433880Z
LiCl	LiA3-Ref/gromacs/umbrella_sampling/window_006_0.79nm/umbrella_prev.cpt	1106604	2026-07-21T23:51:48.7532528860Z
LiCl	LiA3-Ref/gromacs/umbrella_sampling/window_007_0.86nm/umbrella.cpt	1107672	2026-07-21T22:56:34.6815777610Z
LiCl	LiA3-Ref/gromacs/umbrella_sampling/window_007_0.86nm/umbrella.edr	1297400	2026-07-21T22:56:34.8685777640Z
LiCl	LiA3-Ref/gromacs/umbrella_sampling/window_007_0.86nm/umbrella.xtc	330753364	2026-07-21T22:56:34.6945777610Z
LiCl	LiA3-Ref/gromacs/umbrella_sampling/window_007_0.86nm/umbrella_eq.cpt	1107692	2026-07-20T04:54:22.5938491940Z
LiCl	LiA3-Ref/gromacs/umbrella_sampling/window_007_0.86nm/umbrella_eq.edr	325400	2026-07-20T04:54:22.6718492530Z
LiCl	LiA3-Ref/gromacs/umbrella_sampling/window_007_0.86nm/umbrella_eq.xtc	82812236	2026-07-20T04:54:22.6018492000Z
LiCl	LiA3-Ref/gromacs/umbrella_sampling/window_007_0.86nm/umbrella_eq_prev.cpt	1106624	2026-07-20T04:54:22.5978491970Z
LiCl	LiA3-Ref/gromacs/umbrella_sampling/window_007_0.86nm/umbrella_prev.cpt	1106604	2026-07-21T22:56:34.6865777610Z
LiCl	LiA3-Ref/gromacs/umbrella_sampling/window_008_0.94nm/umbrella.cpt	1107672	2026-07-24T13:52:38.2280718670Z
LiCl	LiA3-Ref/gromacs/umbrella_sampling/window_008_0.94nm/umbrella.edr	1297400	2026-07-24T13:52:38.2740717900Z
LiCl	LiA3-Ref/gromacs/umbrella_sampling/window_008_0.94nm/umbrella.xtc	330752624	2026-07-24T13:52:38.2320718600Z
LiCl	LiA3-Ref/gromacs/umbrella_sampling/window_008_0.94nm/umbrella_eq.cpt	1107692	2026-07-23T18:43:18.0082473690Z
LiCl	LiA3-Ref/gromacs/umbrella_sampling/window_008_0.94nm/umbrella_eq.edr	325400	2026-07-23T18:43:18.0832473200Z
LiCl	LiA3-Ref/gromacs/umbrella_sampling/window_008_0.94nm/umbrella_eq.xtc	82811584	2026-07-23T18:43:18.0142473650Z
LiCl	LiA3-Ref/gromacs/umbrella_sampling/window_008_0.94nm/umbrella_eq_prev.cpt	1107416	2026-07-23T18:43:18.0102473670Z
LiCl	LiA3-Ref/gromacs/umbrella_sampling/window_008_0.94nm/umbrella_prev.cpt	1106604	2026-07-24T13:52:38.2290718650Z
LiCl	LiA3-Ref/gromacs/umbrella_sampling/window_009_1.01nm/umbrella.cpt	1107672	2026-07-22T21:30:22.3080838980Z
LiCl	LiA3-Ref/gromacs/umbrella_sampling/window_009_1.01nm/umbrella.edr	1297400	2026-07-22T21:30:22.4040839160Z
LiCl	LiA3-Ref/gromacs/umbrella_sampling/window_009_1.01nm/umbrella.xtc	330752576	2026-07-22T21:30:22.3200839000Z
LiCl	LiA3-Ref/gromacs/umbrella_sampling/window_009_1.01nm/umbrella_eq.cpt	1107692	2026-07-20T04:10:31.5881751890Z
LiCl	LiA3-Ref/gromacs/umbrella_sampling/window_009_1.01nm/umbrella_eq.edr	325400	2026-07-20T04:10:31.6661752550Z
LiCl	LiA3-Ref/gromacs/umbrella_sampling/window_009_1.01nm/umbrella_eq.xtc	82811920	2026-07-20T04:10:31.5971751970Z
LiCl	LiA3-Ref/gromacs/umbrella_sampling/window_009_1.01nm/umbrella_eq_prev.cpt	1107416	2026-07-20T04:10:31.5931751930Z
LiCl	LiA3-Ref/gromacs/umbrella_sampling/window_009_1.01nm/umbrella_prev.cpt	1107396	2026-07-22T21:30:22.3120838980Z
LiCl	LiA3-Ref/gromacs/umbrella_sampling/window_010_1.09nm/umbrella.cpt	1107672	2026-07-22T11:33:18.8419746890Z
LiCl	LiA3-Ref/gromacs/umbrella_sampling/window_010_1.09nm/umbrella.edr	1297400	2026-07-22T11:33:18.9289747160Z
LiCl	LiA3-Ref/gromacs/umbrella_sampling/window_010_1.09nm/umbrella.xtc	330751740	2026-07-22T11:33:18.8539746930Z
LiCl	LiA3-Ref/gromacs/umbrella_sampling/window_010_1.09nm/umbrella_eq.cpt	1107692	2026-07-19T21:06:48.0786252460Z
LiCl	LiA3-Ref/gromacs/umbrella_sampling/window_010_1.09nm/umbrella_eq.edr	325400	2026-07-19T21:06:48.1556252920Z
LiCl	LiA3-Ref/gromacs/umbrella_sampling/window_010_1.09nm/umbrella_eq.xtc	82812500	2026-07-19T21:06:48.0876252520Z
LiCl	LiA3-Ref/gromacs/umbrella_sampling/window_010_1.09nm/umbrella_eq_prev.cpt	1107416	2026-07-19T21:06:48.0826252490Z
LiCl	LiA3-Ref/gromacs/umbrella_sampling/window_010_1.09nm/umbrella_prev.cpt	1107396	2026-07-22T11:33:18.8459746900Z
LiCl	LiA3-Ref/gromacs/umbrella_sampling/window_011_1.16nm/umbrella.cpt	1107672	2026-07-23T21:12:55.9902703180Z
LiCl	LiA3-Ref/gromacs/umbrella_sampling/window_011_1.16nm/umbrella.edr	1297400	2026-07-23T21:12:56.0382703180Z
LiCl	LiA3-Ref/gromacs/umbrella_sampling/window_011_1.16nm/umbrella.xtc	330752792	2026-07-23T21:12:55.9952703180Z
LiCl	LiA3-Ref/gromacs/umbrella_sampling/window_011_1.16nm/umbrella_eq.cpt	1107692	2026-07-20T22:37:40.6356698690Z
LiCl	LiA3-Ref/gromacs/umbrella_sampling/window_011_1.16nm/umbrella_eq.edr	325400	2026-07-20T22:37:40.7396698840Z
LiCl	LiA3-Ref/gromacs/umbrella_sampling/window_011_1.16nm/umbrella_eq.xtc	82811808	2026-07-20T22:37:40.6446698710Z
LiCl	LiA3-Ref/gromacs/umbrella_sampling/window_011_1.16nm/umbrella_eq_prev.cpt	1106624	2026-07-20T22:37:40.6406698700Z
LiCl	LiA3-Ref/gromacs/umbrella_sampling/window_011_1.16nm/umbrella_prev.cpt	1107396	2026-07-23T21:12:55.9922703180Z
LiCl	LiA3-Ref/gromacs/umbrella_sampling/window_012_1.24nm/umbrella.cpt	1107672	2026-07-24T11:28:31.4709057320Z
LiCl	LiA3-Ref/gromacs/umbrella_sampling/window_012_1.24nm/umbrella.edr	1297400	2026-07-24T11:28:31.5169056910Z
LiCl	LiA3-Ref/gromacs/umbrella_sampling/window_012_1.24nm/umbrella.xtc	330752556	2026-07-24T11:28:31.4749057290Z
LiCl	LiA3-Ref/gromacs/umbrella_sampling/window_012_1.24nm/umbrella_eq.cpt	1107692	2026-07-22T22:58:19.4553757610Z
LiCl	LiA3-Ref/gromacs/umbrella_sampling/window_012_1.24nm/umbrella_eq.edr	325400	2026-07-22T22:58:19.5853758730Z
LiCl	LiA3-Ref/gromacs/umbrella_sampling/window_012_1.24nm/umbrella_eq.xtc	82812208	2026-07-22T22:58:19.4673757710Z
LiCl	LiA3-Ref/gromacs/umbrella_sampling/window_012_1.24nm/umbrella_eq_prev.cpt	1107416	2026-07-22T22:58:19.4593757650Z
LiCl	LiA3-Ref/gromacs/umbrella_sampling/window_012_1.24nm/umbrella_prev.cpt	1106604	2026-07-24T11:28:31.4719057320Z
LiCl	LiA3-Ref/gromacs/umbrella_sampling/window_013_1.31nm/umbrella.cpt	1107672	2026-07-23T21:51:54.9589956460Z
LiCl	LiA3-Ref/gromacs/umbrella_sampling/window_013_1.31nm/umbrella.edr	1297400	2026-07-23T21:51:55.0069956290Z
LiCl	LiA3-Ref/gromacs/umbrella_sampling/window_013_1.31nm/umbrella.xtc	330751872	2026-07-23T21:51:54.9639956440Z
LiCl	LiA3-Ref/gromacs/umbrella_sampling/window_013_1.31nm/umbrella_eq.cpt	1107692	2026-07-21T12:57:10.6053888700Z
LiCl	LiA3-Ref/gromacs/umbrella_sampling/window_013_1.31nm/umbrella_eq.edr	325400	2026-07-21T12:57:10.6833888770Z
LiCl	LiA3-Ref/gromacs/umbrella_sampling/window_013_1.31nm/umbrella_eq.xtc	82812048	2026-07-21T12:57:10.6143888710Z
LiCl	LiA3-Ref/gromacs/umbrella_sampling/window_013_1.31nm/umbrella_eq_prev.cpt	1107416	2026-07-21T12:57:10.6093888700Z
LiCl	LiA3-Ref/gromacs/umbrella_sampling/window_013_1.31nm/umbrella_prev.cpt	1107396	2026-07-23T21:51:54.9609956450Z
LiCl	LiA3-Ref/gromacs/umbrella_sampling/window_014_1.39nm/umbrella.cpt	1107672	2026-07-24T11:29:56.9628290560Z
LiCl	LiA3-Ref/gromacs/umbrella_sampling/window_014_1.39nm/umbrella.edr	1297400	2026-07-24T11:29:57.0088290150Z
LiCl	LiA3-Ref/gromacs/umbrella_sampling/window_014_1.39nm/umbrella.xtc	330753376	2026-07-24T11:29:56.9668290520Z
LiCl	LiA3-Ref/gromacs/umbrella_sampling/window_014_1.39nm/umbrella_eq.cpt	1107692	2026-07-22T02:01:54.7959408210Z
LiCl	LiA3-Ref/gromacs/umbrella_sampling/window_014_1.39nm/umbrella_eq.edr	325400	2026-07-22T02:01:54.8739407580Z
LiCl	LiA3-Ref/gromacs/umbrella_sampling/window_014_1.39nm/umbrella_eq.xtc	82811804	2026-07-22T02:01:54.8019408160Z
LiCl	LiA3-Ref/gromacs/umbrella_sampling/window_014_1.39nm/umbrella_eq_prev.cpt	1107416	2026-07-22T02:01:54.7979408200Z
LiCl	LiA3-Ref/gromacs/umbrella_sampling/window_014_1.39nm/umbrella_prev.cpt	1107396	2026-07-24T11:29:56.9648290540Z
LiCl	LiA3-Ref/gromacs/umbrella_sampling/window_015_1.46nm/umbrella.cpt	1107672	2026-07-23T12:11:04.3109962930Z
LiCl	LiA3-Ref/gromacs/umbrella_sampling/window_015_1.46nm/umbrella.edr	1297400	2026-07-23T12:11:04.4179963160Z
LiCl	LiA3-Ref/gromacs/umbrella_sampling/window_015_1.46nm/umbrella.xtc	330754228	2026-07-23T12:11:04.3189962950Z
LiCl	LiA3-Ref/gromacs/umbrella_sampling/window_015_1.46nm/umbrella_eq.cpt	1107692	2026-07-21T15:42:58.9406302950Z
LiCl	LiA3-Ref/gromacs/umbrella_sampling/window_015_1.46nm/umbrella_eq.edr	325400	2026-07-21T15:42:59.0196303480Z
LiCl	LiA3-Ref/gromacs/umbrella_sampling/window_015_1.46nm/umbrella_eq.xtc	82811360	2026-07-21T15:42:58.9496303010Z
LiCl	LiA3-Ref/gromacs/umbrella_sampling/window_015_1.46nm/umbrella_eq_prev.cpt	1107416	2026-07-21T15:42:58.9426302960Z
LiCl	LiA3-Ref/gromacs/umbrella_sampling/window_015_1.46nm/umbrella_prev.cpt	1107396	2026-07-23T12:11:04.3149962940Z
LiCl	LiA3-Ref/gromacs/umbrella_sampling/window_016_1.54nm/umbrella.cpt	1107672	2026-07-20T18:20:00.8585721960Z
LiCl	LiA3-Ref/gromacs/umbrella_sampling/window_016_1.54nm/umbrella.edr	1297400	2026-07-20T18:20:00.9425722060Z
LiCl	LiA3-Ref/gromacs/umbrella_sampling/window_016_1.54nm/umbrella.xtc	330754480	2026-07-20T18:20:00.8675721970Z
LiCl	LiA3-Ref/gromacs/umbrella_sampling/window_016_1.54nm/umbrella_eq.cpt	1107692	2026-07-18T12:51:47.0568094760Z
LiCl	LiA3-Ref/gromacs/umbrella_sampling/window_016_1.54nm/umbrella_eq.edr	325400	2026-07-18T12:51:47.1518094890Z
LiCl	LiA3-Ref/gromacs/umbrella_sampling/window_016_1.54nm/umbrella_eq.xtc	82812652	2026-07-18T12:51:47.0678094780Z
LiCl	LiA3-Ref/gromacs/umbrella_sampling/window_016_1.54nm/umbrella_eq_prev.cpt	1107416	2026-07-18T12:51:47.0618094770Z
LiCl	LiA3-Ref/gromacs/umbrella_sampling/window_016_1.54nm/umbrella_prev.cpt	1107396	2026-07-20T18:20:00.8625721970Z
LiCl	LiA3-Ref/gromacs/umbrella_sampling/window_017_1.61nm/umbrella.cpt	1107672	2026-07-23T05:05:04.7314052000Z
LiCl	LiA3-Ref/gromacs/umbrella_sampling/window_017_1.61nm/umbrella.edr	1297400	2026-07-23T05:05:04.8064050340Z
LiCl	LiA3-Ref/gromacs/umbrella_sampling/window_017_1.61nm/umbrella.xtc	330753076	2026-07-23T05:05:04.7364051890Z
LiCl	LiA3-Ref/gromacs/umbrella_sampling/window_017_1.61nm/umbrella_eq.cpt	1107692	2026-07-20T04:41:26.8299053600Z
LiCl	LiA3-Ref/gromacs/umbrella_sampling/window_017_1.61nm/umbrella_eq.edr	325400	2026-07-20T04:41:26.9059055100Z
LiCl	LiA3-Ref/gromacs/umbrella_sampling/window_017_1.61nm/umbrella_eq.xtc	82812312	2026-07-20T04:41:26.8369053740Z
LiCl	LiA3-Ref/gromacs/umbrella_sampling/window_017_1.61nm/umbrella_eq_prev.cpt	1106624	2026-07-20T04:41:26.8329053660Z
LiCl	LiA3-Ref/gromacs/umbrella_sampling/window_017_1.61nm/umbrella_prev.cpt	1106604	2026-07-23T05:05:04.7324051980Z
LiCl	LiA3-Ref/gromacs/umbrella_sampling/window_018_1.69nm/umbrella.cpt	1107672	2026-07-22T12:56:14.1115598790Z
LiCl	LiA3-Ref/gromacs/umbrella_sampling/window_018_1.69nm/umbrella.edr	1297400	2026-07-22T12:56:14.1925599170Z
LiCl	LiA3-Ref/gromacs/umbrella_sampling/window_018_1.69nm/umbrella.xtc	330752948	2026-07-22T12:56:14.1185598820Z
LiCl	LiA3-Ref/gromacs/umbrella_sampling/window_018_1.69nm/umbrella_eq.cpt	1107692	2026-07-18T22:05:01.6253339240Z
LiCl	LiA3-Ref/gromacs/umbrella_sampling/window_018_1.69nm/umbrella_eq.edr	325400	2026-07-18T22:05:01.7003338950Z
LiCl	LiA3-Ref/gromacs/umbrella_sampling/window_018_1.69nm/umbrella_eq.xtc	82812192	2026-07-18T22:05:01.6313339220Z
LiCl	LiA3-Ref/gromacs/umbrella_sampling/window_018_1.69nm/umbrella_eq_prev.cpt	1106624	2026-07-18T22:05:01.6273339240Z
LiCl	LiA3-Ref/gromacs/umbrella_sampling/window_018_1.69nm/umbrella_prev.cpt	1107396	2026-07-22T12:56:14.1135598800Z
LiCl	LiA3-Ref/gromacs/umbrella_sampling/window_019_1.76nm/umbrella.cpt	1107672	2026-07-22T09:53:23.2827726170Z
LiCl	LiA3-Ref/gromacs/umbrella_sampling/window_019_1.76nm/umbrella.edr	1297400	2026-07-22T09:53:23.3677726880Z
LiCl	LiA3-Ref/gromacs/umbrella_sampling/window_019_1.76nm/umbrella.xtc	330752360	2026-07-22T09:53:23.2957726280Z
LiCl	LiA3-Ref/gromacs/umbrella_sampling/window_019_1.76nm/umbrella_eq.cpt	1107692	2026-07-20T21:15:47.8382275150Z
LiCl	LiA3-Ref/gromacs/umbrella_sampling/window_019_1.76nm/umbrella_eq.edr	325400	2026-07-20T21:15:47.9152273310Z
LiCl	LiA3-Ref/gromacs/umbrella_sampling/window_019_1.76nm/umbrella_eq.xtc	82811804	2026-07-20T21:15:47.8462274960Z
LiCl	LiA3-Ref/gromacs/umbrella_sampling/window_019_1.76nm/umbrella_eq_prev.cpt	1107416	2026-07-20T21:15:47.8402275100Z
LiCl	LiA3-Ref/gromacs/umbrella_sampling/window_019_1.76nm/umbrella_prev.cpt	1106604	2026-07-22T09:53:23.2847726190Z
LiCl	LiA3-Ref/gromacs/umbrella_sampling/window_020_1.84nm/umbrella.cpt	1107672	2026-07-20T15:57:50.0433367780Z
LiCl	LiA3-Ref/gromacs/umbrella_sampling/window_020_1.84nm/umbrella.edr	1297400	2026-07-20T15:57:50.1183367890Z
LiCl	LiA3-Ref/gromacs/umbrella_sampling/window_020_1.84nm/umbrella.xtc	330751864	2026-07-20T15:57:50.0493367790Z
LiCl	LiA3-Ref/gromacs/umbrella_sampling/window_020_1.84nm/umbrella_eq.cpt	1107692	2026-07-18T17:54:15.4469100290Z
LiCl	LiA3-Ref/gromacs/umbrella_sampling/window_020_1.84nm/umbrella_eq.edr	325400	2026-07-18T17:54:15.5219100410Z
LiCl	LiA3-Ref/gromacs/umbrella_sampling/window_020_1.84nm/umbrella_eq.xtc	82812224	2026-07-18T17:54:15.4529100300Z
LiCl	LiA3-Ref/gromacs/umbrella_sampling/window_020_1.84nm/umbrella_eq_prev.cpt	1107416	2026-07-18T17:54:15.4489100300Z
LiCl	LiA3-Ref/gromacs/umbrella_sampling/window_020_1.84nm/umbrella_prev.cpt	1107396	2026-07-20T15:57:50.0453367780Z
LiCl	LiA3-Ref/gromacs/umbrella_sampling/window_021_1.91nm/umbrella.cpt	1107672	2026-07-20T22:24:20.9365204140Z
LiCl	LiA3-Ref/gromacs/umbrella_sampling/window_021_1.91nm/umbrella.edr	1297400	2026-07-20T22:24:21.0105204330Z
LiCl	LiA3-Ref/gromacs/umbrella_sampling/window_021_1.91nm/umbrella.xtc	330752848	2026-07-20T22:24:20.9415204150Z
LiCl	LiA3-Ref/gromacs/umbrella_sampling/window_021_1.91nm/umbrella_eq.cpt	1107692	2026-07-18T13:42:10.2895015960Z
LiCl	LiA3-Ref/gromacs/umbrella_sampling/window_021_1.91nm/umbrella_eq.edr	325400	2026-07-18T13:42:10.4065016260Z
LiCl	LiA3-Ref/gromacs/umbrella_sampling/window_021_1.91nm/umbrella_eq.xtc	82811904	2026-07-18T13:42:10.3005015990Z
LiCl	LiA3-Ref/gromacs/umbrella_sampling/window_021_1.91nm/umbrella_eq_prev.cpt	1107416	2026-07-18T13:42:10.2915015960Z
LiCl	LiA3-Ref/gromacs/umbrella_sampling/window_021_1.91nm/umbrella_prev.cpt	1106604	2026-07-20T22:24:20.9375204140Z
LiCl	LiA3-Ref/gromacs/umbrella_sampling/window_022_1.99nm/umbrella.cpt	1107672	2026-07-24T04:24:19.4485176420Z
LiCl	LiA3-Ref/gromacs/umbrella_sampling/window_022_1.99nm/umbrella.edr	1297400	2026-07-24T04:24:19.4955176300Z
LiCl	LiA3-Ref/gromacs/umbrella_sampling/window_022_1.99nm/umbrella.xtc	330753316	2026-07-24T04:24:19.4535176410Z
LiCl	LiA3-Ref/gromacs/umbrella_sampling/window_022_1.99nm/umbrella_eq.cpt	1107692	2026-07-22T21:17:52.0379395570Z
LiCl	LiA3-Ref/gromacs/umbrella_sampling/window_022_1.99nm/umbrella_eq.edr	325400	2026-07-22T21:17:52.1129395720Z
LiCl	LiA3-Ref/gromacs/umbrella_sampling/window_022_1.99nm/umbrella_eq.xtc	82812076	2026-07-22T21:17:52.0439395580Z
LiCl	LiA3-Ref/gromacs/umbrella_sampling/window_022_1.99nm/umbrella_eq_prev.cpt	1107416	2026-07-22T21:17:52.0399395580Z
LiCl	LiA3-Ref/gromacs/umbrella_sampling/window_022_1.99nm/umbrella_prev.cpt	1106604	2026-07-24T04:24:19.4505176420Z
LiCl	LiA3-Ref/gromacs/umbrella_sampling/window_023_2.06nm/umbrella.cpt	1107672	2026-07-24T09:53:26.4215293680Z
LiCl	LiA3-Ref/gromacs/umbrella_sampling/window_023_2.06nm/umbrella.edr	1297400	2026-07-24T09:53:26.4675293320Z
LiCl	LiA3-Ref/gromacs/umbrella_sampling/window_023_2.06nm/umbrella.xtc	330751540	2026-07-24T09:53:26.4255293650Z
LiCl	LiA3-Ref/gromacs/umbrella_sampling/window_023_2.06nm/umbrella_eq.cpt	1107692	2026-07-19T02:05:29.1956248090Z
LiCl	LiA3-Ref/gromacs/umbrella_sampling/window_023_2.06nm/umbrella_eq.edr	325400	2026-07-19T02:05:29.2766246960Z
LiCl	LiA3-Ref/gromacs/umbrella_sampling/window_023_2.06nm/umbrella_eq.xtc	82811864	2026-07-19T02:05:29.2016248010Z
LiCl	LiA3-Ref/gromacs/umbrella_sampling/window_023_2.06nm/umbrella_eq_prev.cpt	1107416	2026-07-19T02:05:29.1976248060Z
LiCl	LiA3-Ref/gromacs/umbrella_sampling/window_023_2.06nm/umbrella_prev.cpt	1107396	2026-07-24T09:53:26.4235293660Z
LiCl	LiA3-Ref/gromacs/umbrella_sampling/window_024_2.14nm/umbrella.cpt	1107672	2026-07-22T13:36:40.8964245630Z
LiCl	LiA3-Ref/gromacs/umbrella_sampling/window_024_2.14nm/umbrella.edr	1297400	2026-07-22T13:36:40.9714246280Z
LiCl	LiA3-Ref/gromacs/umbrella_sampling/window_024_2.14nm/umbrella.xtc	330751904	2026-07-22T13:36:40.9024245680Z
LiCl	LiA3-Ref/gromacs/umbrella_sampling/window_024_2.14nm/umbrella_eq.cpt	1107692	2026-07-19T21:11:51.0577950780Z
LiCl	LiA3-Ref/gromacs/umbrella_sampling/window_024_2.14nm/umbrella_eq.edr	325400	2026-07-19T21:11:51.1387951210Z
LiCl	LiA3-Ref/gromacs/umbrella_sampling/window_024_2.14nm/umbrella_eq.xtc	82812104	2026-07-19T21:11:51.0687950840Z
LiCl	LiA3-Ref/gromacs/umbrella_sampling/window_024_2.14nm/umbrella_eq_prev.cpt	1107416	2026-07-19T21:11:51.0617950800Z
LiCl	LiA3-Ref/gromacs/umbrella_sampling/window_024_2.14nm/umbrella_prev.cpt	1107396	2026-07-22T13:36:40.8984245650Z
LiCl	LiA3-Ref/gromacs/umbrella_sampling/window_025_2.21nm/umbrella.cpt	1107672	2026-07-23T04:08:52.8561834280Z
LiCl	LiA3-Ref/gromacs/umbrella_sampling/window_025_2.21nm/umbrella.edr	1297400	2026-07-23T04:08:52.9371834540Z
LiCl	LiA3-Ref/gromacs/umbrella_sampling/window_025_2.21nm/umbrella.xtc	330752780	2026-07-23T04:08:52.8631834300Z
LiCl	LiA3-Ref/gromacs/umbrella_sampling/window_025_2.21nm/umbrella_eq.cpt	1107692	2026-07-21T08:47:41.8802038340Z
LiCl	LiA3-Ref/gromacs/umbrella_sampling/window_025_2.21nm/umbrella_eq.edr	325400	2026-07-21T08:47:41.9632037350Z
LiCl	LiA3-Ref/gromacs/umbrella_sampling/window_025_2.21nm/umbrella_eq.xtc	82811816	2026-07-21T08:47:41.8882038250Z
LiCl	LiA3-Ref/gromacs/umbrella_sampling/window_025_2.21nm/umbrella_eq_prev.cpt	1107416	2026-07-21T08:47:41.8842038300Z
LiCl	LiA3-Ref/gromacs/umbrella_sampling/window_025_2.21nm/umbrella_prev.cpt	1107396	2026-07-23T04:08:52.8591834290Z
LiCl	LiA3-Ref/gromacs/umbrella_sampling/window_026_2.29nm/umbrella.cpt	1107672	2026-07-24T12:51:34.1560973750Z
LiCl	LiA3-Ref/gromacs/umbrella_sampling/window_026_2.29nm/umbrella.edr	1297400	2026-07-24T12:51:34.2020972600Z
LiCl	LiA3-Ref/gromacs/umbrella_sampling/window_026_2.29nm/umbrella.xtc	330752176	2026-07-24T12:51:34.1600973650Z
LiCl	LiA3-Ref/gromacs/umbrella_sampling/window_026_2.29nm/umbrella_eq.cpt	1107692	2026-07-23T16:39:39.2847387260Z
LiCl	LiA3-Ref/gromacs/umbrella_sampling/window_026_2.29nm/umbrella_eq.edr	325400	2026-07-23T16:39:39.3597386680Z
LiCl	LiA3-Ref/gromacs/umbrella_sampling/window_026_2.29nm/umbrella_eq.xtc	82811812	2026-07-23T16:39:39.2907387220Z
LiCl	LiA3-Ref/gromacs/umbrella_sampling/window_026_2.29nm/umbrella_eq_prev.cpt	1107416	2026-07-23T16:39:39.2857387250Z
LiCl	LiA3-Ref/gromacs/umbrella_sampling/window_026_2.29nm/umbrella_prev.cpt	1106604	2026-07-24T12:51:34.1570973730Z
LiCl	LiA3-Ref/gromacs/umbrella_sampling/window_027_2.36nm/umbrella.cpt	1107672	2026-07-21T15:08:39.9397803500Z
LiCl	LiA3-Ref/gromacs/umbrella_sampling/window_027_2.36nm/umbrella.edr	1297400	2026-07-21T15:08:40.1157804920Z
LiCl	LiA3-Ref/gromacs/umbrella_sampling/window_027_2.36nm/umbrella.xtc	330751728	2026-07-21T15:08:39.9877803890Z
LiCl	LiA3-Ref/gromacs/umbrella_sampling/window_027_2.36nm/umbrella_eq.cpt	1107692	2026-07-19T00:51:25.2704468200Z
LiCl	LiA3-Ref/gromacs/umbrella_sampling/window_027_2.36nm/umbrella_eq.edr	325400	2026-07-19T00:51:25.3454471660Z
LiCl	LiA3-Ref/gromacs/umbrella_sampling/window_027_2.36nm/umbrella_eq.xtc	82812256	2026-07-19T00:51:25.2764468480Z
LiCl	LiA3-Ref/gromacs/umbrella_sampling/window_027_2.36nm/umbrella_eq_prev.cpt	1107416	2026-07-19T00:51:25.2724468290Z
LiCl	LiA3-Ref/gromacs/umbrella_sampling/window_027_2.36nm/umbrella_prev.cpt	1106604	2026-07-21T15:08:39.9437803530Z
LiCl	LiA3-Ref/gromacs/umbrella_sampling/window_028_2.44nm/umbrella.cpt	1107672	2026-07-20T13:53:18.0839018310Z
LiCl	LiA3-Ref/gromacs/umbrella_sampling/window_028_2.44nm/umbrella.edr	1297400	2026-07-20T13:53:18.1619018380Z
LiCl	LiA3-Ref/gromacs/umbrella_sampling/window_028_2.44nm/umbrella.xtc	330751944	2026-07-20T13:53:18.0919018320Z
LiCl	LiA3-Ref/gromacs/umbrella_sampling/window_028_2.44nm/umbrella_eq.cpt	1107692	2026-07-19T00:53:24.3369484040Z
LiCl	LiA3-Ref/gromacs/umbrella_sampling/window_028_2.44nm/umbrella_eq.edr	325400	2026-07-19T00:53:24.4879489840Z
LiCl	LiA3-Ref/gromacs/umbrella_sampling/window_028_2.44nm/umbrella_eq.xtc	82812484	2026-07-19T00:53:24.3479484460Z
LiCl	LiA3-Ref/gromacs/umbrella_sampling/window_028_2.44nm/umbrella_eq_prev.cpt	1107416	2026-07-19T00:53:24.3399484150Z
LiCl	LiA3-Ref/gromacs/umbrella_sampling/window_028_2.44nm/umbrella_prev.cpt	1107396	2026-07-20T13:53:18.0879018310Z
LiCl	LiA3-Ref/gromacs/umbrella_sampling/window_029_2.51nm/umbrella.cpt	1107672	2026-07-22T08:27:56.7425371360Z
LiCl	LiA3-Ref/gromacs/umbrella_sampling/window_029_2.51nm/umbrella.edr	1297400	2026-07-22T08:27:56.8325371060Z
LiCl	LiA3-Ref/gromacs/umbrella_sampling/window_029_2.51nm/umbrella.xtc	330753240	2026-07-22T08:27:56.7495371340Z
LiCl	LiA3-Ref/gromacs/umbrella_sampling/window_029_2.51nm/umbrella_eq.cpt	1107692	2026-07-18T16:47:17.4530781180Z
LiCl	LiA3-Ref/gromacs/umbrella_sampling/window_029_2.51nm/umbrella_eq.edr	325400	2026-07-18T16:47:17.6030781640Z
LiCl	LiA3-Ref/gromacs/umbrella_sampling/window_029_2.51nm/umbrella_eq.xtc	82812116	2026-07-18T16:47:17.4620781210Z
LiCl	LiA3-Ref/gromacs/umbrella_sampling/window_029_2.51nm/umbrella_eq_prev.cpt	1107416	2026-07-18T16:47:17.4580781200Z
LiCl	LiA3-Ref/gromacs/umbrella_sampling/window_029_2.51nm/umbrella_prev.cpt	1107396	2026-07-22T08:27:56.7455371350Z
LiCl	LiD3-Core/gromacs/run_eq/step4.1_equilibration.edr	71728	2026-07-13T14:32:42.0000000000Z
LiCl	LiD3-Core/gromacs/run_min/min_attempt0.edr	1028	2026-07-13T14:32:42.0000000000Z
LiCl	LiD3-Core/gromacs/run_min/min_attempt1.edr	115012	2026-07-13T14:32:42.0000000000Z
LiCl	LiD3-Core/gromacs/run_min/step4.0_minimization.edr	115012	2026-07-13T14:32:43.0000000000Z
LiCl	LiD3-Core/gromacs/run_prod_20ns/step5_production_20ns.edr	1273368	2026-07-13T14:32:43.0000000000Z
LiCl	LiD3-Core/gromacs/umbrella_sampling/bound_place_min/min.edr	67184	2026-07-18T01:32:45.7080818620Z
LiCl	LiD3-Core/gromacs/umbrella_sampling/bound_place_min/min.trr	533676	2026-07-18T01:32:45.7120818370Z
LiCl	LiD3-Core/gromacs/umbrella_sampling/pull/pull.cpt	1069444	2026-07-18T04:02:16.3438267430Z
LiCl	LiD3-Core/gromacs/umbrella_sampling/pull/pull.edr	649400	2026-07-18T04:02:16.4148267530Z
LiCl	LiD3-Core/gromacs/umbrella_sampling/pull/pull.xtc	159754172	2026-07-18T04:02:16.3498267440Z
LiCl	LiD3-Core/gromacs/umbrella_sampling/pull/pull_prev.cpt	1069168	2026-07-18T04:02:16.3458267430Z
LiCl	LiD3-Core/gromacs/umbrella_sampling/window_000_0.39nm/umbrella.cpt	1069464	2026-07-24T03:37:30.2458423940Z
LiCl	LiD3-Core/gromacs/umbrella_sampling/window_000_0.39nm/umbrella.edr	1297400	2026-07-24T03:37:30.3158423960Z
LiCl	LiD3-Core/gromacs/umbrella_sampling/window_000_0.39nm/umbrella.xtc	319346664	2026-07-24T03:37:30.2518423940Z
LiCl	LiD3-Core/gromacs/umbrella_sampling/window_000_0.39nm/umbrella_eq.cpt	1069484	2026-07-21T04:48:15.7951504000Z
LiCl	LiD3-Core/gromacs/umbrella_sampling/window_000_0.39nm/umbrella_eq.edr	325400	2026-07-21T04:48:15.8701503850Z
LiCl	LiD3-Core/gromacs/umbrella_sampling/window_000_0.39nm/umbrella_eq.xtc	79956288	2026-07-21T04:48:15.8031503990Z
LiCl	LiD3-Core/gromacs/umbrella_sampling/window_000_0.39nm/umbrella_eq_prev.cpt	1068416	2026-07-21T04:48:15.7971504000Z
LiCl	LiD3-Core/gromacs/umbrella_sampling/window_000_0.39nm/umbrella_prev.cpt	1069188	2026-07-24T03:37:30.2478423940Z
LiCl	LiD3-Core/gromacs/umbrella_sampling/window_001_0.47nm/umbrella.cpt	1069464	2026-07-22T15:15:21.6089517510Z
LiCl	LiD3-Core/gromacs/umbrella_sampling/window_001_0.47nm/umbrella.edr	1297400	2026-07-22T15:15:21.7649518500Z
LiCl	LiD3-Core/gromacs/umbrella_sampling/window_001_0.47nm/umbrella.xtc	319357608	2026-07-22T15:15:21.6159517560Z
LiCl	LiD3-Core/gromacs/umbrella_sampling/window_001_0.47nm/umbrella_eq.cpt	1069484	2026-07-18T17:14:10.3114749680Z
LiCl	LiD3-Core/gromacs/umbrella_sampling/window_001_0.47nm/umbrella_eq.edr	325400	2026-07-18T17:14:10.3834749670Z
LiCl	LiD3-Core/gromacs/umbrella_sampling/window_001_0.47nm/umbrella_eq.xtc	79956556	2026-07-18T17:14:10.3174749680Z
LiCl	LiD3-Core/gromacs/umbrella_sampling/window_001_0.47nm/umbrella_eq_prev.cpt	1069208	2026-07-18T17:14:10.3134749680Z
LiCl	LiD3-Core/gromacs/umbrella_sampling/window_001_0.47nm/umbrella_prev.cpt	1068396	2026-07-22T15:15:21.6109517520Z
LiCl	LiD3-Core/gromacs/umbrella_sampling/window_002_0.54nm/umbrella.cpt	1069464	2026-07-20T22:59:27.4219380670Z
LiCl	LiD3-Core/gromacs/umbrella_sampling/window_002_0.54nm/umbrella.edr	1297400	2026-07-20T22:59:27.5239381020Z
LiCl	LiD3-Core/gromacs/umbrella_sampling/window_002_0.54nm/umbrella.xtc	319349128	2026-07-20T22:59:27.4329380710Z
LiCl	LiD3-Core/gromacs/umbrella_sampling/window_002_0.54nm/umbrella_eq.cpt	1069484	2026-07-18T13:25:50.1691763640Z
LiCl	LiD3-Core/gromacs/umbrella_sampling/window_002_0.54nm/umbrella_eq.edr	325400	2026-07-18T13:25:50.2411763770Z
LiCl	LiD3-Core/gromacs/umbrella_sampling/window_002_0.54nm/umbrella_eq.xtc	79956524	2026-07-18T13:25:50.1741763650Z
LiCl	LiD3-Core/gromacs/umbrella_sampling/window_002_0.54nm/umbrella_eq_prev.cpt	1069208	2026-07-18T13:25:50.1701763640Z
LiCl	LiD3-Core/gromacs/umbrella_sampling/window_002_0.54nm/umbrella_prev.cpt	1069188	2026-07-20T22:59:27.4269380690Z
LiCl	LiD3-Core/gromacs/umbrella_sampling/window_003_0.62nm/umbrella.cpt	1069464	2026-07-22T14:55:33.8867509600Z
LiCl	LiD3-Core/gromacs/umbrella_sampling/window_003_0.62nm/umbrella.edr	1297400	2026-07-22T14:55:33.9997511640Z
LiCl	LiD3-Core/gromacs/umbrella_sampling/window_003_0.62nm/umbrella.xtc	319351964	2026-07-22T14:55:33.9107510030Z
LiCl	LiD3-Core/gromacs/umbrella_sampling/window_003_0.62nm/umbrella_eq.cpt	1069484	2026-07-18T16:47:08.9600755480Z
LiCl	LiD3-Core/gromacs/umbrella_sampling/window_003_0.62nm/umbrella_eq.edr	325400	2026-07-18T16:47:09.0380755710Z
LiCl	LiD3-Core/gromacs/umbrella_sampling/window_003_0.62nm/umbrella_eq.xtc	79957220	2026-07-18T16:47:08.9660755500Z
LiCl	LiD3-Core/gromacs/umbrella_sampling/window_003_0.62nm/umbrella_eq_prev.cpt	1069208	2026-07-18T16:47:08.9620755480Z
LiCl	LiD3-Core/gromacs/umbrella_sampling/window_003_0.62nm/umbrella_prev.cpt	1069188	2026-07-22T14:55:33.8927509710Z
LiCl	LiD3-Core/gromacs/umbrella_sampling/window_004_0.69nm/umbrella.cpt	1069464	2026-07-22T05:33:58.4325242310Z
LiCl	LiD3-Core/gromacs/umbrella_sampling/window_004_0.69nm/umbrella.edr	1297400	2026-07-22T05:33:58.5135242470Z
LiCl	LiD3-Core/gromacs/umbrella_sampling/window_004_0.69nm/umbrella.xtc	319348456	2026-07-22T05:33:58.4405242330Z
LiCl	LiD3-Core/gromacs/umbrella_sampling/window_004_0.69nm/umbrella_eq.cpt	1069484	2026-07-18T13:30:17.0252854410Z
LiCl	LiD3-Core/gromacs/umbrella_sampling/window_004_0.69nm/umbrella_eq.edr	325400	2026-07-18T13:30:17.0972854670Z
LiCl	LiD3-Core/gromacs/umbrella_sampling/window_004_0.69nm/umbrella_eq.xtc	79956604	2026-07-18T13:30:17.0302854430Z
LiCl	LiD3-Core/gromacs/umbrella_sampling/window_004_0.69nm/umbrella_eq_prev.cpt	1069208	2026-07-18T13:30:17.0262854410Z
LiCl	LiD3-Core/gromacs/umbrella_sampling/window_004_0.69nm/umbrella_prev.cpt	1069188	2026-07-22T05:33:58.4365242320Z
LiCl	LiD3-Core/gromacs/umbrella_sampling/window_005_0.77nm/umbrella.cpt	1069464	2026-07-20T09:50:26.4590240110Z
LiCl	LiD3-Core/gromacs/umbrella_sampling/window_005_0.77nm/umbrella.edr	1297400	2026-07-20T09:50:26.5590239730Z
LiCl	LiD3-Core/gromacs/umbrella_sampling/window_005_0.77nm/umbrella.xtc	319349636	2026-07-20T09:50:26.4690240070Z
LiCl	LiD3-Core/gromacs/umbrella_sampling/window_005_0.77nm/umbrella_eq.cpt	1069484	2026-07-18T17:35:00.2347012320Z
LiCl	LiD3-Core/gromacs/umbrella_sampling/window_005_0.77nm/umbrella_eq.edr	325400	2026-07-18T17:35:00.3247012540Z
LiCl	LiD3-Core/gromacs/umbrella_sampling/window_005_0.77nm/umbrella_eq.xtc	79956344	2026-07-18T17:35:00.2457012350Z
LiCl	LiD3-Core/gromacs/umbrella_sampling/window_005_0.77nm/umbrella_eq_prev.cpt	1069208	2026-07-18T17:35:00.2377012330Z
LiCl	LiD3-Core/gromacs/umbrella_sampling/window_005_0.77nm/umbrella_prev.cpt	1069188	2026-07-20T09:50:26.4650240090Z
LiCl	LiD3-Core/gromacs/umbrella_sampling/window_006_0.84nm/umbrella.cpt	1069464	2026-07-21T19:56:46.9412130700Z
LiCl	LiD3-Core/gromacs/umbrella_sampling/window_006_0.84nm/umbrella.edr	1297400	2026-07-21T19:56:47.0232130870Z
LiCl	LiD3-Core/gromacs/umbrella_sampling/window_006_0.84nm/umbrella.xtc	319346432	2026-07-21T19:56:46.9502130720Z
LiCl	LiD3-Core/gromacs/umbrella_sampling/window_006_0.84nm/umbrella_eq.cpt	1069484	2026-07-18T13:28:59.3412557640Z
LiCl	LiD3-Core/gromacs/umbrella_sampling/window_006_0.84nm/umbrella_eq.edr	325400	2026-07-18T13:28:59.4132557920Z
LiCl	LiD3-Core/gromacs/umbrella_sampling/window_006_0.84nm/umbrella_eq.xtc	79956988	2026-07-18T13:28:59.3462557660Z
LiCl	LiD3-Core/gromacs/umbrella_sampling/window_006_0.84nm/umbrella_eq_prev.cpt	1069208	2026-07-18T13:28:59.3422557650Z
LiCl	LiD3-Core/gromacs/umbrella_sampling/window_006_0.84nm/umbrella_prev.cpt	1069188	2026-07-21T19:56:46.9462130710Z
LiCl	LiD3-Core/gromacs/umbrella_sampling/window_007_0.92nm/umbrella.cpt	1069464	2026-07-23T08:58:04.7593363600Z
LiCl	LiD3-Core/gromacs/umbrella_sampling/window_007_0.92nm/umbrella.edr	1297400	2026-07-23T08:58:04.8323363280Z
LiCl	LiD3-Core/gromacs/umbrella_sampling/window_007_0.92nm/umbrella.xtc	319347924	2026-07-23T08:58:04.7653363570Z
LiCl	LiD3-Core/gromacs/umbrella_sampling/window_007_0.92nm/umbrella_eq.cpt	1069484	2026-07-18T17:15:24.8754749610Z
LiCl	LiD3-Core/gromacs/umbrella_sampling/window_007_0.92nm/umbrella_eq.edr	325400	2026-07-18T17:15:24.9474749610Z
LiCl	LiD3-Core/gromacs/umbrella_sampling/window_007_0.92nm/umbrella_eq.xtc	79956392	2026-07-18T17:15:24.8804749610Z
LiCl	LiD3-Core/gromacs/umbrella_sampling/window_007_0.92nm/umbrella_eq_prev.cpt	1069208	2026-07-18T17:15:24.8764749610Z
LiCl	LiD3-Core/gromacs/umbrella_sampling/window_007_0.92nm/umbrella_prev.cpt	1068396	2026-07-23T08:58:04.7613363590Z
LiCl	LiD3-Core/gromacs/umbrella_sampling/window_008_0.99nm/umbrella.cpt	1069464	2026-07-20T13:00:26.2294525140Z
LiCl	LiD3-Core/gromacs/umbrella_sampling/window_008_0.99nm/umbrella.edr	1297400	2026-07-20T13:00:26.3394525620Z
LiCl	LiD3-Core/gromacs/umbrella_sampling/window_008_0.99nm/umbrella.xtc	319349136	2026-07-20T13:00:26.2384525180Z
LiCl	LiD3-Core/gromacs/umbrella_sampling/window_008_0.99nm/umbrella_eq.cpt	1069484	2026-07-18T17:23:07.1164930360Z
LiCl	LiD3-Core/gromacs/umbrella_sampling/window_008_0.99nm/umbrella_eq.edr	325400	2026-07-18T17:23:07.2124930430Z
LiCl	LiD3-Core/gromacs/umbrella_sampling/window_008_0.99nm/umbrella_eq.xtc	79956840	2026-07-18T17:23:07.1274930370Z
LiCl	LiD3-Core/gromacs/umbrella_sampling/window_008_0.99nm/umbrella_eq_prev.cpt	1069208	2026-07-18T17:23:07.1194930360Z
LiCl	LiD3-Core/gromacs/umbrella_sampling/window_008_0.99nm/umbrella_prev.cpt	1069188	2026-07-20T13:00:26.2344525160Z
LiCl	LiD3-Core/gromacs/umbrella_sampling/window_009_1.07nm/umbrella.cpt	1069464	2026-07-21T00:30:18.3551290770Z
LiCl	LiD3-Core/gromacs/umbrella_sampling/window_009_1.07nm/umbrella.edr	1297400	2026-07-21T00:30:18.5041291470Z
LiCl	LiD3-Core/gromacs/umbrella_sampling/window_009_1.07nm/umbrella.xtc	319354032	2026-07-21T00:30:18.3791290880Z
LiCl	LiD3-Core/gromacs/umbrella_sampling/window_009_1.07nm/umbrella_eq.cpt	1069484	2026-07-18T17:16:14.2344755270Z
LiCl	LiD3-Core/gromacs/umbrella_sampling/window_009_1.07nm/umbrella_eq.edr	325400	2026-07-18T17:16:14.3074755280Z
LiCl	LiD3-Core/gromacs/umbrella_sampling/window_009_1.07nm/umbrella_eq.xtc	79957808	2026-07-18T17:16:14.2404755270Z
LiCl	LiD3-Core/gromacs/umbrella_sampling/window_009_1.07nm/umbrella_eq_prev.cpt	1069208	2026-07-18T17:16:14.2374755270Z
LiCl	LiD3-Core/gromacs/umbrella_sampling/window_009_1.07nm/umbrella_prev.cpt	1069188	2026-07-21T00:30:18.3581290780Z
LiCl	LiD3-Core/gromacs/umbrella_sampling/window_010_1.14nm/umbrella.cpt	1069464	2026-07-24T09:59:03.1684757940Z
LiCl	LiD3-Core/gromacs/umbrella_sampling/window_010_1.14nm/umbrella.edr	1297400	2026-07-24T09:59:03.2134758830Z
LiCl	LiD3-Core/gromacs/umbrella_sampling/window_010_1.14nm/umbrella.xtc	319347768	2026-07-24T09:59:03.1724758020Z
LiCl	LiD3-Core/gromacs/umbrella_sampling/window_010_1.14nm/umbrella_eq.cpt	1069484	2026-07-21T18:10:16.1720059440Z
LiCl	LiD3-Core/gromacs/umbrella_sampling/window_010_1.14nm/umbrella_eq.edr	325400	2026-07-21T18:10:16.2440059760Z
LiCl	LiD3-Core/gromacs/umbrella_sampling/window_010_1.14nm/umbrella_eq.xtc	79957140	2026-07-21T18:10:16.1770059460Z
LiCl	LiD3-Core/gromacs/umbrella_sampling/window_010_1.14nm/umbrella_eq_prev.cpt	1068416	2026-07-21T18:10:16.1730059450Z
LiCl	LiD3-Core/gromacs/umbrella_sampling/window_010_1.14nm/umbrella_prev.cpt	1069188	2026-07-24T09:59:03.1704757980Z
LiCl	LiD3-Core/gromacs/umbrella_sampling/window_011_1.22nm/umbrella.cpt	1069464	2026-07-20T12:52:16.2622023070Z
LiCl	LiD3-Core/gromacs/umbrella_sampling/window_011_1.22nm/umbrella.edr	1297400	2026-07-20T12:52:16.4032023920Z
LiCl	LiD3-Core/gromacs/umbrella_sampling/window_011_1.22nm/umbrella.xtc	319348452	2026-07-20T12:52:16.2742023140Z
LiCl	LiD3-Core/gromacs/umbrella_sampling/window_011_1.22nm/umbrella_eq.cpt	1069484	2026-07-18T21:51:45.9533458130Z
LiCl	LiD3-Core/gromacs/umbrella_sampling/window_011_1.22nm/umbrella_eq.edr	325400	2026-07-18T21:51:46.0333458970Z
LiCl	LiD3-Core/gromacs/umbrella_sampling/window_011_1.22nm/umbrella_eq.xtc	79957200	2026-07-18T21:51:45.9633458240Z
LiCl	LiD3-Core/gromacs/umbrella_sampling/window_011_1.22nm/umbrella_eq_prev.cpt	1069208	2026-07-18T21:51:45.9553458150Z
LiCl	LiD3-Core/gromacs/umbrella_sampling/window_011_1.22nm/umbrella_prev.cpt	1069188	2026-07-20T12:52:16.2662023090Z
LiCl	LiD3-Core/gromacs/umbrella_sampling/window_012_1.29nm/umbrella.cpt	1069464	2026-07-23T14:16:23.4349662210Z
LiCl	LiD3-Core/gromacs/umbrella_sampling/window_012_1.29nm/umbrella.edr	1297400	2026-07-23T14:16:23.5069662260Z
LiCl	LiD3-Core/gromacs/umbrella_sampling/window_012_1.29nm/umbrella.xtc	319349180	2026-07-23T14:16:23.4399662220Z
LiCl	LiD3-Core/gromacs/umbrella_sampling/window_012_1.29nm/umbrella_eq.cpt	1069484	2026-07-21T09:17:11.2771798300Z
LiCl	LiD3-Core/gromacs/umbrella_sampling/window_012_1.29nm/umbrella_eq.edr	325400	2026-07-21T09:17:11.3611797990Z
LiCl	LiD3-Core/gromacs/umbrella_sampling/window_012_1.29nm/umbrella_eq.xtc	79956396	2026-07-21T09:17:11.2851798270Z
LiCl	LiD3-Core/gromacs/umbrella_sampling/window_012_1.29nm/umbrella_eq_prev.cpt	1069208	2026-07-21T09:17:11.2811798290Z
LiCl	LiD3-Core/gromacs/umbrella_sampling/window_012_1.29nm/umbrella_prev.cpt	1069188	2026-07-23T14:16:23.4359662210Z
LiCl	LiD3-Core/gromacs/umbrella_sampling/window_013_1.37nm/umbrella.cpt	1069464	2026-07-20T13:09:31.1126694750Z
LiCl	LiD3-Core/gromacs/umbrella_sampling/window_013_1.37nm/umbrella.edr	1297400	2026-07-20T13:09:31.1986695070Z
LiCl	LiD3-Core/gromacs/umbrella_sampling/window_013_1.37nm/umbrella.xtc	319357824	2026-07-20T13:09:31.1236694790Z
LiCl	LiD3-Core/gromacs/umbrella_sampling/window_013_1.37nm/umbrella_eq.cpt	1069484	2026-07-18T13:23:45.9321541430Z
LiCl	LiD3-Core/gromacs/umbrella_sampling/window_013_1.37nm/umbrella_eq.edr	325400	2026-07-18T13:23:46.0051541560Z
LiCl	LiD3-Core/gromacs/umbrella_sampling/window_013_1.37nm/umbrella_eq.xtc	79956468	2026-07-18T13:23:45.9371541440Z
LiCl	LiD3-Core/gromacs/umbrella_sampling/window_013_1.37nm/umbrella_eq_prev.cpt	1068416	2026-07-18T13:23:45.9331541430Z
LiCl	LiD3-Core/gromacs/umbrella_sampling/window_013_1.37nm/umbrella_prev.cpt	1069188	2026-07-20T13:09:31.1156694760Z
LiCl	LiD3-Core/gromacs/umbrella_sampling/window_014_1.44nm/umbrella.cpt	1069464	2026-07-24T10:15:23.5871566460Z
LiCl	LiD3-Core/gromacs/umbrella_sampling/window_014_1.44nm/umbrella.edr	1297400	2026-07-24T10:15:23.6321566460Z
LiCl	LiD3-Core/gromacs/umbrella_sampling/window_014_1.44nm/umbrella.xtc	319348076	2026-07-24T10:15:23.5911566460Z
LiCl	LiD3-Core/gromacs/umbrella_sampling/window_014_1.44nm/umbrella_eq.cpt	1069484	2026-07-22T04:52:34.0151743970Z
LiCl	LiD3-Core/gromacs/umbrella_sampling/window_014_1.44nm/umbrella_eq.edr	325400	2026-07-22T04:52:34.0881744130Z
LiCl	LiD3-Core/gromacs/umbrella_sampling/window_014_1.44nm/umbrella_eq.xtc	79956212	2026-07-22T04:52:34.0211743980Z
LiCl	LiD3-Core/gromacs/umbrella_sampling/window_014_1.44nm/umbrella_eq_prev.cpt	1069208	2026-07-22T04:52:34.0171743970Z
LiCl	LiD3-Core/gromacs/umbrella_sampling/window_014_1.44nm/umbrella_prev.cpt	1069188	2026-07-24T10:15:23.5891566460Z
LiCl	LiD3-Core/gromacs/umbrella_sampling/window_015_1.52nm/umbrella.cpt	1069464	2026-07-21T10:24:43.5214286950Z
LiCl	LiD3-Core/gromacs/umbrella_sampling/window_015_1.52nm/umbrella.edr	1297400	2026-07-21T10:24:43.6654288450Z
LiCl	LiD3-Core/gromacs/umbrella_sampling/window_015_1.52nm/umbrella.xtc	319348308	2026-07-21T10:24:43.5304287040Z
LiCl	LiD3-Core/gromacs/umbrella_sampling/window_015_1.52nm/umbrella_eq.cpt	1069484	2026-07-19T09:39:58.7225583200Z
LiCl	LiD3-Core/gromacs/umbrella_sampling/window_015_1.52nm/umbrella_eq.edr	325400	2026-07-19T09:39:58.8655583020Z
LiCl	LiD3-Core/gromacs/umbrella_sampling/window_015_1.52nm/umbrella_eq.xtc	79956512	2026-07-19T09:39:58.7355583180Z
LiCl	LiD3-Core/gromacs/umbrella_sampling/window_015_1.52nm/umbrella_eq_prev.cpt	1069208	2026-07-19T09:39:58.7255583200Z
LiCl	LiD3-Core/gromacs/umbrella_sampling/window_015_1.52nm/umbrella_prev.cpt	1068396	2026-07-21T10:24:43.5264287000Z
LiCl	LiD3-Core/gromacs/umbrella_sampling/window_016_1.59nm/umbrella.cpt	1069464	2026-07-23T01:55:29.0472618100Z
LiCl	LiD3-Core/gromacs/umbrella_sampling/window_016_1.59nm/umbrella.edr	1297400	2026-07-23T01:55:29.1202618110Z
LiCl	LiD3-Core/gromacs/umbrella_sampling/window_016_1.59nm/umbrella.xtc	319349600	2026-07-23T01:55:29.0532618100Z
LiCl	LiD3-Core/gromacs/umbrella_sampling/window_016_1.59nm/umbrella_eq.cpt	1069484	2026-07-18T14:53:24.9000665500Z
LiCl	LiD3-Core/gromacs/umbrella_sampling/window_016_1.59nm/umbrella_eq.edr	325400	2026-07-18T14:53:24.9720665990Z
LiCl	LiD3-Core/gromacs/umbrella_sampling/window_016_1.59nm/umbrella_eq.xtc	79957348	2026-07-18T14:53:24.9050665530Z
LiCl	LiD3-Core/gromacs/umbrella_sampling/window_016_1.59nm/umbrella_eq_prev.cpt	1069208	2026-07-18T14:53:24.9010665500Z
LiCl	LiD3-Core/gromacs/umbrella_sampling/window_016_1.59nm/umbrella_prev.cpt	1068396	2026-07-23T01:55:29.0492618100Z
LiCl	LiD3-Core/gromacs/umbrella_sampling/window_017_1.67nm/umbrella.cpt	1069464	2026-07-20T07:38:18.9784468700Z
LiCl	LiD3-Core/gromacs/umbrella_sampling/window_017_1.67nm/umbrella.edr	1297400	2026-07-20T07:38:19.0684467180Z
LiCl	LiD3-Core/gromacs/umbrella_sampling/window_017_1.67nm/umbrella.xtc	319348640	2026-07-20T07:38:18.9874468550Z
LiCl	LiD3-Core/gromacs/umbrella_sampling/window_017_1.67nm/umbrella_eq.cpt	1069484	2026-07-18T17:23:06.1994929790Z
LiCl	LiD3-Core/gromacs/umbrella_sampling/window_017_1.67nm/umbrella_eq.edr	325400	2026-07-18T17:23:06.3454929880Z
LiCl	LiD3-Core/gromacs/umbrella_sampling/window_017_1.67nm/umbrella_eq.xtc	79957388	2026-07-18T17:23:06.2084929790Z
LiCl	LiD3-Core/gromacs/umbrella_sampling/window_017_1.67nm/umbrella_eq_prev.cpt	1069208	2026-07-18T17:23:06.2044929790Z
LiCl	LiD3-Core/gromacs/umbrella_sampling/window_017_1.67nm/umbrella_prev.cpt	1069188	2026-07-20T07:38:18.9834468620Z
LiCl	LiD3-Core/gromacs/umbrella_sampling/window_018_1.74nm/umbrella.cpt	1069464	2026-07-24T05:43:27.9852209610Z
LiCl	LiD3-Core/gromacs/umbrella_sampling/window_018_1.74nm/umbrella.edr	1297400	2026-07-24T05:43:28.0302209400Z
LiCl	LiD3-Core/gromacs/umbrella_sampling/window_018_1.74nm/umbrella.xtc	319346424	2026-07-24T05:43:27.9892209590Z
LiCl	LiD3-Core/gromacs/umbrella_sampling/window_018_1.74nm/umbrella_eq.cpt	1069484	2026-07-22T15:04:25.7254489180Z
LiCl	LiD3-Core/gromacs/umbrella_sampling/window_018_1.74nm/umbrella_eq.edr	325400	2026-07-22T15:04:25.7984489880Z
LiCl	LiD3-Core/gromacs/umbrella_sampling/window_018_1.74nm/umbrella_eq.xtc	79956320	2026-07-22T15:04:25.7314489240Z
LiCl	LiD3-Core/gromacs/umbrella_sampling/window_018_1.74nm/umbrella_eq_prev.cpt	1068416	2026-07-22T15:04:25.7274489190Z
LiCl	LiD3-Core/gromacs/umbrella_sampling/window_018_1.74nm/umbrella_prev.cpt	1069188	2026-07-24T05:43:27.9872209610Z
LiCl	LiD3-Core/gromacs/umbrella_sampling/window_019_1.82nm/umbrella.cpt	1069464	2026-07-20T20:48:16.2851492860Z
LiCl	LiD3-Core/gromacs/umbrella_sampling/window_019_1.82nm/umbrella.edr	1297400	2026-07-20T20:48:16.3821493500Z
LiCl	LiD3-Core/gromacs/umbrella_sampling/window_019_1.82nm/umbrella.xtc	319352556	2026-07-20T20:48:16.2931492920Z
LiCl	LiD3-Core/gromacs/umbrella_sampling/window_019_1.82nm/umbrella_eq.cpt	1069484	2026-07-19T07:20:57.0570333350Z
LiCl	LiD3-Core/gromacs/umbrella_sampling/window_019_1.82nm/umbrella_eq.edr	325400	2026-07-19T07:20:57.1290333490Z
LiCl	LiD3-Core/gromacs/umbrella_sampling/window_019_1.82nm/umbrella_eq.xtc	79956940	2026-07-19T07:20:57.0620333360Z
LiCl	LiD3-Core/gromacs/umbrella_sampling/window_019_1.82nm/umbrella_eq_prev.cpt	1068416	2026-07-19T07:20:57.0580333350Z
LiCl	LiD3-Core/gromacs/umbrella_sampling/window_019_1.82nm/umbrella_prev.cpt	1069188	2026-07-20T20:48:16.2891492890Z
LiCl	LiD3-Core/gromacs/umbrella_sampling/window_020_1.89nm/umbrella.cpt	1069464	2026-07-20T04:18:34.9364793870Z
LiCl	LiD3-Core/gromacs/umbrella_sampling/window_020_1.89nm/umbrella.edr	1297400	2026-07-20T04:18:35.0094794210Z
LiCl	LiD3-Core/gromacs/umbrella_sampling/window_020_1.89nm/umbrella.xtc	319351656	2026-07-20T04:18:34.9414793890Z
LiCl	LiD3-Core/gromacs/umbrella_sampling/window_020_1.89nm/umbrella_eq.cpt	1069484	2026-07-18T13:34:13.1533660240Z
LiCl	LiD3-Core/gromacs/umbrella_sampling/window_020_1.89nm/umbrella_eq.edr	325400	2026-07-18T13:34:13.2253660470Z
LiCl	LiD3-Core/gromacs/umbrella_sampling/window_020_1.89nm/umbrella_eq.xtc	79956732	2026-07-18T13:34:13.1593660260Z
LiCl	LiD3-Core/gromacs/umbrella_sampling/window_020_1.89nm/umbrella_eq_prev.cpt	1069208	2026-07-18T13:34:13.1553660250Z
LiCl	LiD3-Core/gromacs/umbrella_sampling/window_020_1.89nm/umbrella_prev.cpt	1069188	2026-07-20T04:18:34.9374793870Z
LiCl	LiD3-Core/gromacs/umbrella_sampling/window_021_1.97nm/umbrella.cpt	1069464	2026-07-21T09:24:32.7040217850Z
LiCl	LiD3-Core/gromacs/umbrella_sampling/window_021_1.97nm/umbrella.edr	1297400	2026-07-21T09:24:32.7810217580Z
LiCl	LiD3-Core/gromacs/umbrella_sampling/window_021_1.97nm/umbrella.xtc	319349308	2026-07-21T09:24:32.7100217830Z
LiCl	LiD3-Core/gromacs/umbrella_sampling/window_021_1.97nm/umbrella_eq.cpt	1069484	2026-07-19T13:48:34.6360417180Z
LiCl	LiD3-Core/gromacs/umbrella_sampling/window_021_1.97nm/umbrella_eq.edr	325400	2026-07-19T13:48:34.7090417270Z
LiCl	LiD3-Core/gromacs/umbrella_sampling/window_021_1.97nm/umbrella_eq.xtc	79956568	2026-07-19T13:48:34.6420417190Z
LiCl	LiD3-Core/gromacs/umbrella_sampling/window_021_1.97nm/umbrella_eq_prev.cpt	1068416	2026-07-19T13:48:34.6380417180Z
LiCl	LiD3-Core/gromacs/umbrella_sampling/window_021_1.97nm/umbrella_prev.cpt	1069188	2026-07-21T09:24:32.7050217850Z
LiCl	LiD3-Core/gromacs/umbrella_sampling/window_022_2.04nm/umbrella.cpt	1069464	2026-07-20T19:01:48.5119040260Z
LiCl	LiD3-Core/gromacs/umbrella_sampling/window_022_2.04nm/umbrella.edr	1297400	2026-07-20T19:01:48.5879039100Z
LiCl	LiD3-Core/gromacs/umbrella_sampling/window_022_2.04nm/umbrella.xtc	319348888	2026-07-20T19:01:48.5219040110Z
LiCl	LiD3-Core/gromacs/umbrella_sampling/window_022_2.04nm/umbrella_eq.cpt	1069484	2026-07-19T07:12:48.2549781520Z
LiCl	LiD3-Core/gromacs/umbrella_sampling/window_022_2.04nm/umbrella_eq.edr	325400	2026-07-19T07:12:48.4759781530Z
LiCl	LiD3-Core/gromacs/umbrella_sampling/window_022_2.04nm/umbrella_eq.xtc	79956740	2026-07-19T07:12:48.3579781530Z
LiCl	LiD3-Core/gromacs/umbrella_sampling/window_022_2.04nm/umbrella_eq_prev.cpt	1069208	2026-07-19T07:12:48.3019781530Z
LiCl	LiD3-Core/gromacs/umbrella_sampling/window_022_2.04nm/umbrella_prev.cpt	1069188	2026-07-20T19:01:48.5139040230Z
LiCl	LiD3-Core/gromacs/umbrella_sampling/window_023_2.12nm/umbrella.cpt	1069464	2026-07-23T04:16:26.2323135480Z
LiCl	LiD3-Core/gromacs/umbrella_sampling/window_023_2.12nm/umbrella.edr	1297400	2026-07-23T04:16:26.3783135860Z
LiCl	LiD3-Core/gromacs/umbrella_sampling/window_023_2.12nm/umbrella.xtc	319348128	2026-07-23T04:16:26.2433135510Z
LiCl	LiD3-Core/gromacs/umbrella_sampling/window_023_2.12nm/umbrella_eq.cpt	1069484	2026-07-19T12:38:42.3698357500Z
LiCl	LiD3-Core/gromacs/umbrella_sampling/window_023_2.12nm/umbrella_eq.edr	325400	2026-07-19T12:38:42.5248358220Z
LiCl	LiD3-Core/gromacs/umbrella_sampling/window_023_2.12nm/umbrella_eq.xtc	79956024	2026-07-19T12:38:42.3788357540Z
LiCl	LiD3-Core/gromacs/umbrella_sampling/window_023_2.12nm/umbrella_eq_prev.cpt	1069208	2026-07-19T12:38:42.3748357520Z
LiCl	LiD3-Core/gromacs/umbrella_sampling/window_023_2.12nm/umbrella_prev.cpt	1069188	2026-07-23T04:16:26.2353135490Z
LiCl	LiD3-Core/gromacs/umbrella_sampling/window_024_2.19nm/umbrella.cpt	1069464	2026-07-20T07:08:28.3025045680Z
LiCl	LiD3-Core/gromacs/umbrella_sampling/window_024_2.19nm/umbrella.edr	1297400	2026-07-20T07:08:28.3785046750Z
LiCl	LiD3-Core/gromacs/umbrella_sampling/window_024_2.19nm/umbrella.xtc	319352700	2026-07-20T07:08:28.3115045810Z
LiCl	LiD3-Core/gromacs/umbrella_sampling/window_024_2.19nm/umbrella_eq.cpt	1069484	2026-07-18T13:59:15.1347474720Z
LiCl	LiD3-Core/gromacs/umbrella_sampling/window_024_2.19nm/umbrella_eq.edr	325400	2026-07-18T13:59:15.2497474980Z
LiCl	LiD3-Core/gromacs/umbrella_sampling/window_024_2.19nm/umbrella_eq.xtc	79957528	2026-07-18T13:59:15.1427474740Z
LiCl	LiD3-Core/gromacs/umbrella_sampling/window_024_2.19nm/umbrella_eq_prev.cpt	1068416	2026-07-18T13:59:15.1387474730Z
LiCl	LiD3-Core/gromacs/umbrella_sampling/window_024_2.19nm/umbrella_prev.cpt	1069188	2026-07-20T07:08:28.3085045760Z
LiCl	LiD3-Core/gromacs/umbrella_sampling/window_025_2.27nm/umbrella.cpt	1069464	2026-07-22T16:07:37.8364418040Z
LiCl	LiD3-Core/gromacs/umbrella_sampling/window_025_2.27nm/umbrella.edr	1297400	2026-07-22T16:07:37.9454418190Z
LiCl	LiD3-Core/gromacs/umbrella_sampling/window_025_2.27nm/umbrella.xtc	319351952	2026-07-22T16:07:37.8434418050Z
LiCl	LiD3-Core/gromacs/umbrella_sampling/window_025_2.27nm/umbrella_eq.cpt	1069484	2026-07-21T00:14:26.5774221690Z
LiCl	LiD3-Core/gromacs/umbrella_sampling/window_025_2.27nm/umbrella_eq.edr	325400	2026-07-21T00:14:26.6664222800Z
LiCl	LiD3-Core/gromacs/umbrella_sampling/window_025_2.27nm/umbrella_eq.xtc	79957456	2026-07-21T00:14:26.5854221790Z
LiCl	LiD3-Core/gromacs/umbrella_sampling/window_025_2.27nm/umbrella_eq_prev.cpt	1069208	2026-07-21T00:14:26.5794221710Z
LiCl	LiD3-Core/gromacs/umbrella_sampling/window_025_2.27nm/umbrella_prev.cpt	1069188	2026-07-22T16:07:37.8394418040Z
LiCl	LiD3-Core/gromacs/umbrella_sampling/window_026_2.34nm/umbrella.cpt	1069464	2026-07-20T01:03:28.2344722920Z
LiCl	LiD3-Core/gromacs/umbrella_sampling/window_026_2.34nm/umbrella.edr	1297400	2026-07-20T01:03:28.3754723510Z
LiCl	LiD3-Core/gromacs/umbrella_sampling/window_026_2.34nm/umbrella.xtc	319348864	2026-07-20T01:03:28.2434722960Z
LiCl	LiD3-Core/gromacs/umbrella_sampling/window_026_2.34nm/umbrella_eq.cpt	1069484	2026-07-18T16:32:47.3598273360Z
LiCl	LiD3-Core/gromacs/umbrella_sampling/window_026_2.34nm/umbrella_eq.edr	325400	2026-07-18T16:32:47.4708273650Z
LiCl	LiD3-Core/gromacs/umbrella_sampling/window_026_2.34nm/umbrella_eq.xtc	79956500	2026-07-18T16:32:47.3688273380Z
LiCl	LiD3-Core/gromacs/umbrella_sampling/window_026_2.34nm/umbrella_eq_prev.cpt	1069208	2026-07-18T16:32:47.3648273370Z
LiCl	LiD3-Core/gromacs/umbrella_sampling/window_026_2.34nm/umbrella_prev.cpt	1069188	2026-07-20T01:03:28.2394722940Z
LiCl	LiD3-Core/gromacs/umbrella_sampling/window_027_2.42nm/umbrella.cpt	1069464	2026-07-21T23:39:47.3240865520Z
LiCl	LiD3-Core/gromacs/umbrella_sampling/window_027_2.42nm/umbrella.edr	1297400	2026-07-21T23:39:47.3960865690Z
LiCl	LiD3-Core/gromacs/umbrella_sampling/window_027_2.42nm/umbrella.xtc	319350928	2026-07-21T23:39:47.3290865540Z
LiCl	LiD3-Core/gromacs/umbrella_sampling/window_027_2.42nm/umbrella_eq.cpt	1069484	2026-07-18T17:15:51.3424752120Z
LiCl	LiD3-Core/gromacs/umbrella_sampling/window_027_2.42nm/umbrella_eq.edr	325400	2026-07-18T17:15:51.4154752120Z
LiCl	LiD3-Core/gromacs/umbrella_sampling/window_027_2.42nm/umbrella_eq.xtc	79956688	2026-07-18T17:15:51.3484752110Z
LiCl	LiD3-Core/gromacs/umbrella_sampling/window_027_2.42nm/umbrella_eq_prev.cpt	1069208	2026-07-18T17:15:51.3444752120Z
LiCl	LiD3-Core/gromacs/umbrella_sampling/window_027_2.42nm/umbrella_prev.cpt	1069188	2026-07-21T23:39:47.3260865530Z
LiCl	LiD3-Core/gromacs/umbrella_sampling/window_028_2.49nm/umbrella.cpt	1069464	2026-07-20T14:03:54.0199377180Z
LiCl	LiD3-Core/gromacs/umbrella_sampling/window_028_2.49nm/umbrella.edr	1297400	2026-07-20T14:03:54.0929377200Z
LiCl	LiD3-Core/gromacs/umbrella_sampling/window_028_2.49nm/umbrella.xtc	319351792	2026-07-20T14:03:54.0259377180Z
LiCl	LiD3-Core/gromacs/umbrella_sampling/window_028_2.49nm/umbrella_eq.cpt	1069484	2026-07-19T03:58:00.0825742890Z
LiCl	LiD3-Core/gromacs/umbrella_sampling/window_028_2.49nm/umbrella_eq.edr	325400	2026-07-19T03:58:00.1555743520Z
LiCl	LiD3-Core/gromacs/umbrella_sampling/window_028_2.49nm/umbrella_eq.xtc	79956372	2026-07-19T03:58:00.0885742940Z
LiCl	LiD3-Core/gromacs/umbrella_sampling/window_028_2.49nm/umbrella_eq_prev.cpt	1069208	2026-07-19T03:58:00.0845742910Z
LiCl	LiD3-Core/gromacs/umbrella_sampling/window_028_2.49nm/umbrella_prev.cpt	1069188	2026-07-20T14:03:54.0219377180Z
LiCl	LiD3-Core/gromacs/umbrella_sampling/window_029_2.57nm/umbrella.cpt	1069464	2026-07-21T02:12:55.2109196630Z
LiCl	LiD3-Core/gromacs/umbrella_sampling/window_029_2.57nm/umbrella.edr	1297400	2026-07-21T02:12:55.2839196350Z
LiCl	LiD3-Core/gromacs/umbrella_sampling/window_029_2.57nm/umbrella.xtc	319352036	2026-07-21T02:12:55.2169196610Z
LiCl	LiD3-Core/gromacs/umbrella_sampling/window_029_2.57nm/umbrella_eq.cpt	1069484	2026-07-18T15:58:03.7692235000Z
LiCl	LiD3-Core/gromacs/umbrella_sampling/window_029_2.57nm/umbrella_eq.edr	325400	2026-07-18T15:58:03.8872235540Z
LiCl	LiD3-Core/gromacs/umbrella_sampling/window_029_2.57nm/umbrella_eq.xtc	79957700	2026-07-18T15:58:03.7782235040Z
LiCl	LiD3-Core/gromacs/umbrella_sampling/window_029_2.57nm/umbrella_eq_prev.cpt	1069208	2026-07-18T15:58:03.7742235020Z
LiCl	LiD3-Core/gromacs/umbrella_sampling/window_029_2.57nm/umbrella_prev.cpt	1069188	2026-07-21T02:12:55.2129196620Z
LiCl	LiD3-Flex/gromacs/run_eq/step4.1_equilibration.edr	71728	2026-07-13T14:32:43.0000000000Z
LiCl	LiD3-Flex/gromacs/run_min/min_attempt0.edr	2068	2026-07-13T14:32:43.0000000000Z
LiCl	LiD3-Flex/gromacs/run_min/min_attempt1.edr	164932	2026-07-13T14:32:43.0000000000Z
LiCl	LiD3-Flex/gromacs/run_min/step4.0_minimization.edr	164932	2026-07-13T14:32:43.0000000000Z
LiCl	LiD3-Flex/gromacs/run_prod_20ns/step5_production_20ns.edr	989712	2026-07-13T14:32:43.0000000000Z
LiCl	LiD3-Flex/gromacs/umbrella_sampling/bound_place_min/min.edr	78552	2026-07-18T01:32:51.8550426440Z
LiCl	LiD3-Flex/gromacs/umbrella_sampling/bound_place_min/min.trr	818268	2026-07-18T01:32:51.8600426120Z
LiCl	LiD3-Flex/gromacs/umbrella_sampling/pull/pull.cpt	1638628	2026-07-18T09:24:59.0207235190Z
LiCl	LiD3-Flex/gromacs/umbrella_sampling/pull/pull.edr	649400	2026-07-18T09:24:59.2237236570Z
LiCl	LiD3-Flex/gromacs/umbrella_sampling/pull/pull.xtc	247741444	2026-07-18T09:24:59.0297235260Z
LiCl	LiD3-Flex/gromacs/umbrella_sampling/pull/pull_prev.cpt	1637560	2026-07-18T09:24:59.0237235210Z
LiCl	LiD3-Flex/gromacs/umbrella_sampling/window_000_0.30nm/umbrella.cpt	1638648	2026-07-21T01:46:34.0560772550Z
LiCl	LiD3-Flex/gromacs/umbrella_sampling/window_000_0.30nm/umbrella.edr	1297400	2026-07-21T01:46:34.1810767640Z
LiCl	LiD3-Flex/gromacs/umbrella_sampling/window_000_0.30nm/umbrella.xtc	495237308	2026-07-21T01:46:34.0710771960Z
LiCl	LiD3-Flex/gromacs/umbrella_sampling/window_000_0.30nm/umbrella_eq.cpt	1638668	2026-07-18T23:25:14.7750121630Z
LiCl	LiD3-Flex/gromacs/umbrella_sampling/window_000_0.30nm/umbrella_eq.edr	325400	2026-07-18T23:25:14.8910121090Z
LiCl	LiD3-Flex/gromacs/umbrella_sampling/window_000_0.30nm/umbrella_eq.xtc	123995568	2026-07-18T23:25:14.7830121600Z
LiCl	LiD3-Flex/gromacs/umbrella_sampling/window_000_0.30nm/umbrella_eq_prev.cpt	1638392	2026-07-18T23:25:14.7770121630Z
LiCl	LiD3-Flex/gromacs/umbrella_sampling/window_000_0.30nm/umbrella_prev.cpt	1638372	2026-07-21T01:46:34.0590772440Z
LiCl	LiD3-Flex/gromacs/umbrella_sampling/window_001_0.37nm/umbrella.cpt	1638648	2026-07-22T22:06:07.1034160200Z
LiCl	LiD3-Flex/gromacs/umbrella_sampling/window_001_0.37nm/umbrella.edr	1297400	2026-07-22T22:06:07.2164160400Z
LiCl	LiD3-Flex/gromacs/umbrella_sampling/window_001_0.37nm/umbrella.xtc	495238460	2026-07-22T22:06:07.1134160210Z
LiCl	LiD3-Flex/gromacs/umbrella_sampling/window_001_0.37nm/umbrella_eq.cpt	1638668	2026-07-19T02:09:59.8963298530Z
LiCl	LiD3-Flex/gromacs/umbrella_sampling/window_001_0.37nm/umbrella_eq.edr	325400	2026-07-19T02:10:00.0093297580Z
LiCl	LiD3-Flex/gromacs/umbrella_sampling/window_001_0.37nm/umbrella_eq.xtc	123995372	2026-07-19T02:09:59.9073298430Z
LiCl	LiD3-Flex/gromacs/umbrella_sampling/window_001_0.37nm/umbrella_eq_prev.cpt	1638392	2026-07-19T02:09:59.9013298480Z
LiCl	LiD3-Flex/gromacs/umbrella_sampling/window_001_0.37nm/umbrella_prev.cpt	1638372	2026-07-22T22:06:07.1084160210Z
LiCl	LiD3-Flex/gromacs/umbrella_sampling/window_002_0.45nm/umbrella.cpt	1638648	2026-07-21T07:49:46.1959166840Z
LiCl	LiD3-Flex/gromacs/umbrella_sampling/window_002_0.45nm/umbrella.edr	1297400	2026-07-21T07:49:46.2679167100Z
LiCl	LiD3-Flex/gromacs/umbrella_sampling/window_002_0.45nm/umbrella.xtc	495237232	2026-07-21T07:49:46.2019166870Z
LiCl	LiD3-Flex/gromacs/umbrella_sampling/window_002_0.45nm/umbrella_eq.cpt	1638668	2026-07-19T06:32:21.7510960560Z
LiCl	LiD3-Flex/gromacs/umbrella_sampling/window_002_0.45nm/umbrella_eq.edr	325400	2026-07-19T06:32:21.9820967060Z
LiCl	LiD3-Flex/gromacs/umbrella_sampling/window_002_0.45nm/umbrella_eq.xtc	123994992	2026-07-19T06:32:21.7680961030Z
LiCl	LiD3-Flex/gromacs/umbrella_sampling/window_002_0.45nm/umbrella_eq_prev.cpt	1637600	2026-07-19T06:32:21.7560960700Z
LiCl	LiD3-Flex/gromacs/umbrella_sampling/window_002_0.45nm/umbrella_prev.cpt	1638372	2026-07-21T07:49:46.1969166850Z
LiCl	LiD3-Flex/gromacs/umbrella_sampling/window_003_0.52nm/umbrella.cpt	1638648	2026-07-23T11:23:37.5359134560Z
LiCl	LiD3-Flex/gromacs/umbrella_sampling/window_003_0.52nm/umbrella.edr	1297400	2026-07-23T11:23:37.6059135640Z
LiCl	LiD3-Flex/gromacs/umbrella_sampling/window_003_0.52nm/umbrella.xtc	495236592	2026-07-23T11:23:37.5409134640Z
LiCl	LiD3-Flex/gromacs/umbrella_sampling/window_003_0.52nm/umbrella_eq.cpt	1638668	2026-07-19T09:39:14.7865641980Z
LiCl	LiD3-Flex/gromacs/umbrella_sampling/window_003_0.52nm/umbrella_eq.edr	325400	2026-07-19T09:39:14.9065641810Z
LiCl	LiD3-Flex/gromacs/umbrella_sampling/window_003_0.52nm/umbrella_eq.xtc	123994732	2026-07-19T09:39:14.7995641970Z
LiCl	LiD3-Flex/gromacs/umbrella_sampling/window_003_0.52nm/umbrella_eq_prev.cpt	1637600	2026-07-19T09:39:14.7895641980Z
LiCl	LiD3-Flex/gromacs/umbrella_sampling/window_003_0.52nm/umbrella_prev.cpt	1638372	2026-07-23T11:23:37.5369134580Z
LiCl	LiD3-Flex/gromacs/umbrella_sampling/window_004_0.60nm/umbrella.cpt	1638648	2026-07-24T12:10:08.3583537630Z
LiCl	LiD3-Flex/gromacs/umbrella_sampling/window_004_0.60nm/umbrella.edr	1297400	2026-07-24T12:10:08.4263537000Z
LiCl	LiD3-Flex/gromacs/umbrella_sampling/window_004_0.60nm/umbrella.xtc	495237216	2026-07-24T12:10:08.3643537570Z
LiCl	LiD3-Flex/gromacs/umbrella_sampling/window_004_0.60nm/umbrella_eq.cpt	1638668	2026-07-21T07:41:14.0547017620Z
LiCl	LiD3-Flex/gromacs/umbrella_sampling/window_004_0.60nm/umbrella_eq.edr	325400	2026-07-21T07:41:14.1727018230Z
LiCl	LiD3-Flex/gromacs/umbrella_sampling/window_004_0.60nm/umbrella_eq.xtc	123994968	2026-07-21T07:41:14.0637017660Z
LiCl	LiD3-Flex/gromacs/umbrella_sampling/window_004_0.60nm/umbrella_eq_prev.cpt	1638392	2026-07-21T07:41:14.0577017630Z
LiCl	LiD3-Flex/gromacs/umbrella_sampling/window_004_0.60nm/umbrella_prev.cpt	1638372	2026-07-24T12:10:08.3603537610Z
LiCl	LiD3-Flex/gromacs/umbrella_sampling/window_005_0.67nm/umbrella.cpt	1638648	2026-07-21T07:39:22.8926410940Z
LiCl	LiD3-Flex/gromacs/umbrella_sampling/window_005_0.67nm/umbrella.edr	1297400	2026-07-21T07:39:23.0096411620Z
LiCl	LiD3-Flex/gromacs/umbrella_sampling/window_005_0.67nm/umbrella.xtc	495234444	2026-07-21T07:39:22.9076411030Z
LiCl	LiD3-Flex/gromacs/umbrella_sampling/window_005_0.67nm/umbrella_eq.cpt	1638668	2026-07-19T06:29:26.4306615900Z
LiCl	LiD3-Flex/gromacs/umbrella_sampling/window_005_0.67nm/umbrella_eq.edr	325400	2026-07-19T06:29:26.5436615820Z
LiCl	LiD3-Flex/gromacs/umbrella_sampling/window_005_0.67nm/umbrella_eq.xtc	123996104	2026-07-19T06:29:26.4406615890Z
LiCl	LiD3-Flex/gromacs/umbrella_sampling/window_005_0.67nm/umbrella_eq_prev.cpt	1638392	2026-07-19T06:29:26.4346615890Z
LiCl	LiD3-Flex/gromacs/umbrella_sampling/window_005_0.67nm/umbrella_prev.cpt	1638372	2026-07-21T07:39:22.8936410950Z
LiCl	LiD3-Flex/gromacs/umbrella_sampling/window_006_0.75nm/umbrella.cpt	1638648	2026-07-23T18:21:10.0675226900Z
LiCl	LiD3-Flex/gromacs/umbrella_sampling/window_006_0.75nm/umbrella.edr	1297400	2026-07-23T18:21:10.1795226950Z
LiCl	LiD3-Flex/gromacs/umbrella_sampling/window_006_0.75nm/umbrella.xtc	495238544	2026-07-23T18:21:10.0765226900Z
LiCl	LiD3-Flex/gromacs/umbrella_sampling/window_006_0.75nm/umbrella_eq.cpt	1638668	2026-07-19T10:04:50.5978486710Z
LiCl	LiD3-Flex/gromacs/umbrella_sampling/window_006_0.75nm/umbrella_eq.edr	325400	2026-07-19T10:04:50.7088485910Z
LiCl	LiD3-Flex/gromacs/umbrella_sampling/window_006_0.75nm/umbrella_eq.xtc	123994004	2026-07-19T10:04:50.6048486660Z
LiCl	LiD3-Flex/gromacs/umbrella_sampling/window_006_0.75nm/umbrella_eq_prev.cpt	1638392	2026-07-19T10:04:50.5998486690Z
LiCl	LiD3-Flex/gromacs/umbrella_sampling/window_006_0.75nm/umbrella_prev.cpt	1638372	2026-07-23T18:21:10.0705226890Z
LiCl	LiD3-Flex/gromacs/umbrella_sampling/window_007_0.82nm/umbrella.cpt	1638648	2026-07-22T00:34:43.9917159220Z
LiCl	LiD3-Flex/gromacs/umbrella_sampling/window_007_0.82nm/umbrella.edr	1297400	2026-07-22T00:34:44.1047158680Z
LiCl	LiD3-Flex/gromacs/umbrella_sampling/window_007_0.82nm/umbrella.xtc	495236840	2026-07-22T00:34:44.0007159180Z
LiCl	LiD3-Flex/gromacs/umbrella_sampling/window_007_0.82nm/umbrella_eq.cpt	1638668	2026-07-19T11:37:34.6982974260Z
LiCl	LiD3-Flex/gromacs/umbrella_sampling/window_007_0.82nm/umbrella_eq.edr	325400	2026-07-19T11:37:34.8082974250Z
LiCl	LiD3-Flex/gromacs/umbrella_sampling/window_007_0.82nm/umbrella_eq.xtc	123994936	2026-07-19T11:37:34.7062974260Z
LiCl	LiD3-Flex/gromacs/umbrella_sampling/window_007_0.82nm/umbrella_eq_prev.cpt	1637600	2026-07-19T11:37:34.7002974260Z
LiCl	LiD3-Flex/gromacs/umbrella_sampling/window_007_0.82nm/umbrella_prev.cpt	1638372	2026-07-22T00:34:43.9937159210Z
LiCl	LiD3-Flex/gromacs/umbrella_sampling/window_008_0.90nm/umbrella.cpt	1638648	2026-07-22T04:09:30.4937400990Z
LiCl	LiD3-Flex/gromacs/umbrella_sampling/window_008_0.90nm/umbrella.edr	1297400	2026-07-22T04:09:30.6417401080Z
LiCl	LiD3-Flex/gromacs/umbrella_sampling/window_008_0.90nm/umbrella.xtc	495237876	2026-07-22T04:09:30.5227401010Z
LiCl	LiD3-Flex/gromacs/umbrella_sampling/window_008_0.90nm/umbrella_eq.cpt	1638668	2026-07-19T12:43:43.8979718960Z
LiCl	LiD3-Flex/gromacs/umbrella_sampling/window_008_0.90nm/umbrella_eq.edr	325400	2026-07-19T12:43:44.0089719450Z
LiCl	LiD3-Flex/gromacs/umbrella_sampling/window_008_0.90nm/umbrella_eq.xtc	123994312	2026-07-19T12:43:43.9059718990Z
LiCl	LiD3-Flex/gromacs/umbrella_sampling/window_008_0.90nm/umbrella_eq_prev.cpt	1638392	2026-07-19T12:43:43.8999718970Z
LiCl	LiD3-Flex/gromacs/umbrella_sampling/window_008_0.90nm/umbrella_prev.cpt	1638372	2026-07-22T04:09:30.4977401000Z
LiCl	LiD3-Flex/gromacs/umbrella_sampling/window_009_0.97nm/umbrella.cpt	1638648	2026-07-21T04:53:03.3531146400Z
LiCl	LiD3-Flex/gromacs/umbrella_sampling/window_009_0.97nm/umbrella.edr	1297400	2026-07-21T04:53:03.4641146330Z
LiCl	LiD3-Flex/gromacs/umbrella_sampling/window_009_0.97nm/umbrella.xtc	495237836	2026-07-21T04:53:03.3611146390Z
LiCl	LiD3-Flex/gromacs/umbrella_sampling/window_009_0.97nm/umbrella_eq.cpt	1638668	2026-07-19T01:13:43.5884014780Z
LiCl	LiD3-Flex/gromacs/umbrella_sampling/window_009_0.97nm/umbrella_eq.edr	325400	2026-07-19T01:13:43.6994016070Z
LiCl	LiD3-Flex/gromacs/umbrella_sampling/window_009_0.97nm/umbrella_eq.xtc	123994316	2026-07-19T01:13:43.5964014880Z
LiCl	LiD3-Flex/gromacs/umbrella_sampling/window_009_0.97nm/umbrella_eq_prev.cpt	1638392	2026-07-19T01:13:43.5904014810Z
LiCl	LiD3-Flex/gromacs/umbrella_sampling/window_009_0.97nm/umbrella_prev.cpt	1638372	2026-07-21T04:53:03.3551146390Z
LiCl	LiD3-Flex/gromacs/umbrella_sampling/window_010_1.05nm/umbrella.cpt	1638648	2026-07-22T13:19:30.3802757380Z
LiCl	LiD3-Flex/gromacs/umbrella_sampling/window_010_1.05nm/umbrella.edr	1297400	2026-07-22T13:19:30.5362757370Z
LiCl	LiD3-Flex/gromacs/umbrella_sampling/window_010_1.05nm/umbrella.xtc	495236608	2026-07-22T13:19:30.3942757380Z
LiCl	LiD3-Flex/gromacs/umbrella_sampling/window_010_1.05nm/umbrella_eq.cpt	1638668	2026-07-19T08:04:06.1481867680Z
LiCl	LiD3-Flex/gromacs/umbrella_sampling/window_010_1.05nm/umbrella_eq.edr	325400	2026-07-19T08:04:06.3691867290Z
LiCl	LiD3-Flex/gromacs/umbrella_sampling/window_010_1.05nm/umbrella_eq.xtc	123994552	2026-07-19T08:04:06.1651867650Z
LiCl	LiD3-Flex/gromacs/umbrella_sampling/window_010_1.05nm/umbrella_eq_prev.cpt	1638392	2026-07-19T08:04:06.1521867670Z
LiCl	LiD3-Flex/gromacs/umbrella_sampling/window_010_1.05nm/umbrella_prev.cpt	1637580	2026-07-22T13:19:30.3822757380Z
LiCl	LiD3-Flex/gromacs/umbrella_sampling/window_011_1.12nm/umbrella.cpt	1638648	2026-07-20T23:36:09.0623946340Z
LiCl	LiD3-Flex/gromacs/umbrella_sampling/window_011_1.12nm/umbrella.edr	1297400	2026-07-20T23:36:09.2053944660Z
LiCl	LiD3-Flex/gromacs/umbrella_sampling/window_011_1.12nm/umbrella.xtc	495236132	2026-07-20T23:36:09.0773946160Z
LiCl	LiD3-Flex/gromacs/umbrella_sampling/window_011_1.12nm/umbrella_eq.cpt	1638668	2026-07-18T21:42:19.1926222410Z
LiCl	LiD3-Flex/gromacs/umbrella_sampling/window_011_1.12nm/umbrella_eq.edr	325400	2026-07-18T21:42:19.3036224190Z
LiCl	LiD3-Flex/gromacs/umbrella_sampling/window_011_1.12nm/umbrella_eq.xtc	123994216	2026-07-18T21:42:19.2006222540Z
LiCl	LiD3-Flex/gromacs/umbrella_sampling/window_011_1.12nm/umbrella_eq_prev.cpt	1638392	2026-07-18T21:42:19.1946222440Z
LiCl	LiD3-Flex/gromacs/umbrella_sampling/window_011_1.12nm/umbrella_prev.cpt	1638372	2026-07-20T23:36:09.0643946310Z
LiCl	LiD3-Flex/gromacs/umbrella_sampling/window_012_1.20nm/umbrella.cpt	1638648	2026-07-21T03:26:35.1201716610Z
LiCl	LiD3-Flex/gromacs/umbrella_sampling/window_012_1.20nm/umbrella.edr	1297400	2026-07-21T03:26:35.2361717130Z
LiCl	LiD3-Flex/gromacs/umbrella_sampling/window_012_1.20nm/umbrella.xtc	495235508	2026-07-21T03:26:35.1341716680Z
LiCl	LiD3-Flex/gromacs/umbrella_sampling/window_012_1.20nm/umbrella_eq.cpt	1638668	2026-07-18T23:54:12.2547036990Z
LiCl	LiD3-Flex/gromacs/umbrella_sampling/window_012_1.20nm/umbrella_eq.edr	325400	2026-07-18T23:54:12.4587039380Z
LiCl	LiD3-Flex/gromacs/umbrella_sampling/window_012_1.20nm/umbrella_eq.xtc	123994652	2026-07-18T23:54:12.2687037160Z
LiCl	LiD3-Flex/gromacs/umbrella_sampling/window_012_1.20nm/umbrella_eq_prev.cpt	1637600	2026-07-18T23:54:12.2567037020Z
LiCl	LiD3-Flex/gromacs/umbrella_sampling/window_012_1.20nm/umbrella_prev.cpt	1638372	2026-07-21T03:26:35.1251716640Z
LiCl	LiD3-Flex/gromacs/umbrella_sampling/window_013_1.27nm/umbrella.cpt	1638648	2026-07-22T09:39:22.5423951480Z
LiCl	LiD3-Flex/gromacs/umbrella_sampling/window_013_1.27nm/umbrella.edr	1297400	2026-07-22T09:39:22.6543954860Z
LiCl	LiD3-Flex/gromacs/umbrella_sampling/window_013_1.27nm/umbrella.xtc	495236200	2026-07-22T09:39:22.5513951750Z
LiCl	LiD3-Flex/gromacs/umbrella_sampling/window_013_1.27nm/umbrella_eq.cpt	1638668	2026-07-19T11:10:45.9079773400Z
LiCl	LiD3-Flex/gromacs/umbrella_sampling/window_013_1.27nm/umbrella_eq.edr	325400	2026-07-19T11:10:46.0239773510Z
LiCl	LiD3-Flex/gromacs/umbrella_sampling/window_013_1.27nm/umbrella_eq.xtc	123994944	2026-07-19T11:10:45.9219773420Z
LiCl	LiD3-Flex/gromacs/umbrella_sampling/window_013_1.27nm/umbrella_eq_prev.cpt	1638392	2026-07-19T11:10:45.9129773410Z
LiCl	LiD3-Flex/gromacs/umbrella_sampling/window_013_1.27nm/umbrella_prev.cpt	1638372	2026-07-22T09:39:22.5453951570Z
LiCl	LiD3-Flex/gromacs/umbrella_sampling/window_014_1.35nm/umbrella.cpt	1638648	2026-07-21T22:05:07.3973896610Z
LiCl	LiD3-Flex/gromacs/umbrella_sampling/window_014_1.35nm/umbrella.edr	1297400	2026-07-21T22:05:07.5173896240Z
LiCl	LiD3-Flex/gromacs/umbrella_sampling/window_014_1.35nm/umbrella.xtc	495235464	2026-07-21T22:05:07.4113896570Z
LiCl	LiD3-Flex/gromacs/umbrella_sampling/window_014_1.35nm/umbrella_eq.cpt	1638668	2026-07-19T01:52:19.0907389080Z
LiCl	LiD3-Flex/gromacs/umbrella_sampling/window_014_1.35nm/umbrella_eq.edr	325400	2026-07-19T01:52:19.2037389390Z
LiCl	LiD3-Flex/gromacs/umbrella_sampling/window_014_1.35nm/umbrella_eq.xtc	123994336	2026-07-19T01:52:19.1007389110Z
LiCl	LiD3-Flex/gromacs/umbrella_sampling/window_014_1.35nm/umbrella_eq_prev.cpt	1638392	2026-07-19T01:52:19.0937389090Z
LiCl	LiD3-Flex/gromacs/umbrella_sampling/window_014_1.35nm/umbrella_prev.cpt	1637580	2026-07-21T22:05:07.4023896600Z
LiCl	LiD3-Flex/gromacs/umbrella_sampling/window_015_1.42nm/umbrella.cpt	1638648	2026-07-22T15:00:58.3832265680Z
LiCl	LiD3-Flex/gromacs/umbrella_sampling/window_015_1.42nm/umbrella.edr	1297400	2026-07-22T15:00:58.5062267140Z
LiCl	LiD3-Flex/gromacs/umbrella_sampling/window_015_1.42nm/umbrella.xtc	495236856	2026-07-22T15:00:58.3962265830Z
LiCl	LiD3-Flex/gromacs/umbrella_sampling/window_015_1.42nm/umbrella_eq.cpt	1638668	2026-07-20T09:15:31.4697222520Z
LiCl	LiD3-Flex/gromacs/umbrella_sampling/window_015_1.42nm/umbrella_eq.edr	325400	2026-07-20T09:15:31.5977227510Z
LiCl	LiD3-Flex/gromacs/umbrella_sampling/window_015_1.42nm/umbrella_eq.xtc	123994188	2026-07-20T09:15:31.4867223180Z
LiCl	LiD3-Flex/gromacs/umbrella_sampling/window_015_1.42nm/umbrella_eq_prev.cpt	1637600	2026-07-20T09:15:31.4747222720Z
LiCl	LiD3-Flex/gromacs/umbrella_sampling/window_015_1.42nm/umbrella_prev.cpt	1638372	2026-07-22T15:00:58.3882265740Z
LiCl	LiD3-Flex/gromacs/umbrella_sampling/window_016_1.50nm/umbrella.cpt	1638648	2026-07-22T19:21:58.6993535770Z
LiCl	LiD3-Flex/gromacs/umbrella_sampling/window_016_1.50nm/umbrella.edr	1297400	2026-07-22T19:21:58.8503536120Z
LiCl	LiD3-Flex/gromacs/umbrella_sampling/window_016_1.50nm/umbrella.xtc	495236824	2026-07-22T19:21:58.7163535810Z
LiCl	LiD3-Flex/gromacs/umbrella_sampling/window_016_1.50nm/umbrella_eq.cpt	1638668	2026-07-20T19:00:04.7660759470Z
LiCl	LiD3-Flex/gromacs/umbrella_sampling/window_016_1.50nm/umbrella_eq.edr	325400	2026-07-20T19:00:04.8780757460Z
LiCl	LiD3-Flex/gromacs/umbrella_sampling/window_016_1.50nm/umbrella_eq.xtc	123994892	2026-07-20T19:00:04.7760759290Z
LiCl	LiD3-Flex/gromacs/umbrella_sampling/window_016_1.50nm/umbrella_eq_prev.cpt	1637600	2026-07-20T19:00:04.7700759400Z
LiCl	LiD3-Flex/gromacs/umbrella_sampling/window_016_1.50nm/umbrella_prev.cpt	1638372	2026-07-22T19:21:58.7013535780Z
LiCl	LiD3-Flex/gromacs/umbrella_sampling/window_017_1.57nm/umbrella.cpt	1638648	2026-07-22T10:33:43.9942929700Z
LiCl	LiD3-Flex/gromacs/umbrella_sampling/window_017_1.57nm/umbrella.edr	1297400	2026-07-22T10:33:44.1092930570Z
LiCl	LiD3-Flex/gromacs/umbrella_sampling/window_017_1.57nm/umbrella.xtc	495234552	2026-07-22T10:33:44.0062929790Z
LiCl	LiD3-Flex/gromacs/umbrella_sampling/window_017_1.57nm/umbrella_eq.cpt	1638668	2026-07-19T11:21:10.1220768670Z
LiCl	LiD3-Flex/gromacs/umbrella_sampling/window_017_1.57nm/umbrella_eq.edr	325400	2026-07-19T11:21:10.3430769110Z
LiCl	LiD3-Flex/gromacs/umbrella_sampling/window_017_1.57nm/umbrella_eq.xtc	123995228	2026-07-19T11:21:10.1350768690Z
LiCl	LiD3-Flex/gromacs/umbrella_sampling/window_017_1.57nm/umbrella_eq_prev.cpt	1638392	2026-07-19T11:21:10.1270768670Z
LiCl	LiD3-Flex/gromacs/umbrella_sampling/window_017_1.57nm/umbrella_prev.cpt	1638372	2026-07-22T10:33:43.9962929720Z
LiCl	LiD3-Flex/gromacs/umbrella_sampling/window_018_1.65nm/umbrella.cpt	1638648	2026-07-22T06:06:16.2619848290Z
LiCl	LiD3-Flex/gromacs/umbrella_sampling/window_018_1.65nm/umbrella.edr	1297400	2026-07-22T06:06:16.3789848540Z
LiCl	LiD3-Flex/gromacs/umbrella_sampling/window_018_1.65nm/umbrella.xtc	495233380	2026-07-22T06:06:16.2759848320Z
LiCl	LiD3-Flex/gromacs/umbrella_sampling/window_018_1.65nm/umbrella_eq.cpt	1638668	2026-07-19T04:36:13.0853401390Z
LiCl	LiD3-Flex/gromacs/umbrella_sampling/window_018_1.65nm/umbrella_eq.edr	325400	2026-07-19T04:36:13.2193401740Z
LiCl	LiD3-Flex/gromacs/umbrella_sampling/window_018_1.65nm/umbrella_eq.xtc	123995600	2026-07-19T04:36:13.1023401430Z
LiCl	LiD3-Flex/gromacs/umbrella_sampling/window_018_1.65nm/umbrella_eq_prev.cpt	1638392	2026-07-19T04:36:13.0873401400Z
LiCl	LiD3-Flex/gromacs/umbrella_sampling/window_018_1.65nm/umbrella_prev.cpt	1638372	2026-07-22T06:06:16.2639848290Z
LiCl	LiD3-Flex/gromacs/umbrella_sampling/window_019_1.72nm/umbrella.cpt	1638648	2026-07-21T05:07:40.6731469600Z
LiCl	LiD3-Flex/gromacs/umbrella_sampling/window_019_1.72nm/umbrella.edr	1297400	2026-07-21T05:07:40.7871469700Z
LiCl	LiD3-Flex/gromacs/umbrella_sampling/window_019_1.72nm/umbrella.xtc	495236640	2026-07-21T05:07:40.6841469610Z
LiCl	LiD3-Flex/gromacs/umbrella_sampling/window_019_1.72nm/umbrella_eq.cpt	1638668	2026-07-19T04:00:37.7386972970Z
LiCl	LiD3-Flex/gromacs/umbrella_sampling/window_019_1.72nm/umbrella_eq.edr	325400	2026-07-19T04:00:37.8576973820Z
LiCl	LiD3-Flex/gromacs/umbrella_sampling/window_019_1.72nm/umbrella_eq.xtc	123994776	2026-07-19T04:00:37.7466973020Z
LiCl	LiD3-Flex/gromacs/umbrella_sampling/window_019_1.72nm/umbrella_eq_prev.cpt	1637600	2026-07-19T04:00:37.7406972980Z
LiCl	LiD3-Flex/gromacs/umbrella_sampling/window_019_1.72nm/umbrella_prev.cpt	1638372	2026-07-21T05:07:40.6781469600Z
LiCl	LiD3-Flex/gromacs/umbrella_sampling/window_020_1.80nm/umbrella.cpt	1638648	2026-07-21T10:43:18.6605474830Z
LiCl	LiD3-Flex/gromacs/umbrella_sampling/window_020_1.80nm/umbrella.edr	1297400	2026-07-21T10:43:18.7715475930Z
LiCl	LiD3-Flex/gromacs/umbrella_sampling/window_020_1.80nm/umbrella.xtc	495236632	2026-07-21T10:43:18.6685474910Z
LiCl	LiD3-Flex/gromacs/umbrella_sampling/window_020_1.80nm/umbrella_eq.cpt	1638668	2026-07-19T01:29:31.8730460620Z
LiCl	LiD3-Flex/gromacs/umbrella_sampling/window_020_1.80nm/umbrella_eq.edr	325400	2026-07-19T01:29:31.9850459060Z
LiCl	LiD3-Flex/gromacs/umbrella_sampling/window_020_1.80nm/umbrella_eq.xtc	123994440	2026-07-19T01:29:31.8820460500Z
LiCl	LiD3-Flex/gromacs/umbrella_sampling/window_020_1.80nm/umbrella_eq_prev.cpt	1638392	2026-07-19T01:29:31.8760460580Z
LiCl	LiD3-Flex/gromacs/umbrella_sampling/window_020_1.80nm/umbrella_prev.cpt	1638372	2026-07-21T10:43:18.6625474850Z
LiCl	LiD3-Flex/gromacs/umbrella_sampling/window_021_1.87nm/umbrella.cpt	1638648	2026-07-21T07:14:23.5268588520Z
LiCl	LiD3-Flex/gromacs/umbrella_sampling/window_021_1.87nm/umbrella.edr	1297400	2026-07-21T07:14:23.6518588350Z
LiCl	LiD3-Flex/gromacs/umbrella_sampling/window_021_1.87nm/umbrella.xtc	495237708	2026-07-21T07:14:23.5438588500Z
LiCl	LiD3-Flex/gromacs/umbrella_sampling/window_021_1.87nm/umbrella_eq.cpt	1638668	2026-07-19T03:54:29.3663673430Z
LiCl	LiD3-Flex/gromacs/umbrella_sampling/window_021_1.87nm/umbrella_eq.edr	325400	2026-07-19T03:54:29.5123675070Z
LiCl	LiD3-Flex/gromacs/umbrella_sampling/window_021_1.87nm/umbrella_eq.xtc	123994424	2026-07-19T03:54:29.3793673580Z
LiCl	LiD3-Flex/gromacs/umbrella_sampling/window_021_1.87nm/umbrella_eq_prev.cpt	1638392	2026-07-19T03:54:29.3713673490Z
LiCl	LiD3-Flex/gromacs/umbrella_sampling/window_021_1.87nm/umbrella_prev.cpt	1638372	2026-07-21T07:14:23.5308588520Z
LiCl	LiD3-Flex/gromacs/umbrella_sampling/window_022_1.95nm/umbrella.cpt	1638648	2026-07-22T19:59:08.5950825400Z
LiCl	LiD3-Flex/gromacs/umbrella_sampling/window_022_1.95nm/umbrella.edr	1297400	2026-07-22T19:59:08.7060822740Z
LiCl	LiD3-Flex/gromacs/umbrella_sampling/window_022_1.95nm/umbrella.xtc	495235208	2026-07-22T19:59:08.6030825210Z
LiCl	LiD3-Flex/gromacs/umbrella_sampling/window_022_1.95nm/umbrella_eq.cpt	1638668	2026-07-19T01:23:20.4308737000Z
LiCl	LiD3-Flex/gromacs/umbrella_sampling/window_022_1.95nm/umbrella_eq.edr	325400	2026-07-19T01:23:20.5418733340Z
LiCl	LiD3-Flex/gromacs/umbrella_sampling/window_022_1.95nm/umbrella_eq.xtc	123994296	2026-07-19T01:23:20.4378736760Z
LiCl	LiD3-Flex/gromacs/umbrella_sampling/window_022_1.95nm/umbrella_eq_prev.cpt	1638392	2026-07-19T01:23:20.4328736930Z
LiCl	LiD3-Flex/gromacs/umbrella_sampling/window_022_1.95nm/umbrella_prev.cpt	1638372	2026-07-22T19:59:08.5970825350Z
LiCl	LiD3-Flex/gromacs/umbrella_sampling/window_023_2.02nm/umbrella.cpt	1638648	2026-07-22T13:09:17.7943617130Z
LiCl	LiD3-Flex/gromacs/umbrella_sampling/window_023_2.02nm/umbrella.edr	1297400	2026-07-22T13:09:17.9053616750Z
LiCl	LiD3-Flex/gromacs/umbrella_sampling/window_023_2.02nm/umbrella.xtc	495236692	2026-07-22T13:09:17.8023617100Z
LiCl	LiD3-Flex/gromacs/umbrella_sampling/window_023_2.02nm/umbrella_eq.cpt	1638668	2026-07-19T07:56:41.9952909180Z
LiCl	LiD3-Flex/gromacs/umbrella_sampling/window_023_2.02nm/umbrella_eq.edr	325400	2026-07-19T07:56:42.1562908670Z
LiCl	LiD3-Flex/gromacs/umbrella_sampling/window_023_2.02nm/umbrella_eq.xtc	123995400	2026-07-19T07:56:42.0112909130Z
LiCl	LiD3-Flex/gromacs/umbrella_sampling/window_023_2.02nm/umbrella_eq_prev.cpt	1637600	2026-07-19T07:56:42.0022909160Z
LiCl	LiD3-Flex/gromacs/umbrella_sampling/window_023_2.02nm/umbrella_prev.cpt	1638372	2026-07-22T13:09:17.7963617120Z
LiCl	LiD3-Flex/gromacs/umbrella_sampling/window_024_2.10nm/umbrella.cpt	1638648	2026-07-22T13:34:46.7353387830Z
LiCl	LiD3-Flex/gromacs/umbrella_sampling/window_024_2.10nm/umbrella.edr	1297400	2026-07-22T13:34:46.9913388110Z
LiCl	LiD3-Flex/gromacs/umbrella_sampling/window_024_2.10nm/umbrella.xtc	495236668	2026-07-22T13:34:46.7503387840Z
LiCl	LiD3-Flex/gromacs/umbrella_sampling/window_024_2.10nm/umbrella_eq.cpt	1638668	2026-07-18T23:23:42.8300580990Z
LiCl	LiD3-Flex/gromacs/umbrella_sampling/window_024_2.10nm/umbrella_eq.edr	325400	2026-07-18T23:23:42.9400580400Z
LiCl	LiD3-Flex/gromacs/umbrella_sampling/window_024_2.10nm/umbrella_eq.xtc	123994480	2026-07-18T23:23:42.8380580950Z
LiCl	LiD3-Flex/gromacs/umbrella_sampling/window_024_2.10nm/umbrella_eq_prev.cpt	1638392	2026-07-18T23:23:42.8310580980Z
LiCl	LiD3-Flex/gromacs/umbrella_sampling/window_024_2.10nm/umbrella_prev.cpt	1638372	2026-07-22T13:34:46.7403387830Z
LiCl	LiD3-Flex/gromacs/umbrella_sampling/window_025_2.17nm/umbrella.cpt	1638648	2026-07-22T20:34:51.5945730010Z
LiCl	LiD3-Flex/gromacs/umbrella_sampling/window_025_2.17nm/umbrella.edr	1297400	2026-07-22T20:34:51.7535733240Z
LiCl	LiD3-Flex/gromacs/umbrella_sampling/window_025_2.17nm/umbrella.xtc	495237256	2026-07-22T20:34:51.6095730320Z
LiCl	LiD3-Flex/gromacs/umbrella_sampling/window_025_2.17nm/umbrella_eq.cpt	1638668	2026-07-19T00:44:17.5486261840Z
LiCl	LiD3-Flex/gromacs/umbrella_sampling/window_025_2.17nm/umbrella_eq.edr	325400	2026-07-19T00:44:17.6856261590Z
LiCl	LiD3-Flex/gromacs/umbrella_sampling/window_025_2.17nm/umbrella_eq.xtc	123995268	2026-07-19T00:44:17.5656261810Z
LiCl	LiD3-Flex/gromacs/umbrella_sampling/window_025_2.17nm/umbrella_eq_prev.cpt	1638392	2026-07-19T00:44:17.5536261830Z
LiCl	LiD3-Flex/gromacs/umbrella_sampling/window_025_2.17nm/umbrella_prev.cpt	1637580	2026-07-22T20:34:51.6005730130Z
LiCl	LiD3-Flex/gromacs/umbrella_sampling/window_026_2.25nm/umbrella.cpt	1638648	2026-07-21T23:10:29.1846713380Z
LiCl	LiD3-Flex/gromacs/umbrella_sampling/window_026_2.25nm/umbrella.edr	1297400	2026-07-21T23:10:29.3416713650Z
LiCl	LiD3-Flex/gromacs/umbrella_sampling/window_026_2.25nm/umbrella.xtc	495238160	2026-07-21T23:10:29.1996713410Z
LiCl	LiD3-Flex/gromacs/umbrella_sampling/window_026_2.25nm/umbrella_eq.cpt	1638668	2026-07-19T20:23:04.1547276140Z
LiCl	LiD3-Flex/gromacs/umbrella_sampling/window_026_2.25nm/umbrella_eq.edr	325400	2026-07-19T20:23:04.2647276220Z
LiCl	LiD3-Flex/gromacs/umbrella_sampling/window_026_2.25nm/umbrella_eq.xtc	123995004	2026-07-19T20:23:04.1627276140Z
LiCl	LiD3-Flex/gromacs/umbrella_sampling/window_026_2.25nm/umbrella_eq_prev.cpt	1638392	2026-07-19T20:23:04.1567276140Z
LiCl	LiD3-Flex/gromacs/umbrella_sampling/window_026_2.25nm/umbrella_prev.cpt	1638372	2026-07-21T23:10:29.1896713390Z
LiCl	LiD3-Flex/gromacs/umbrella_sampling/window_027_2.32nm/umbrella.cpt	1638648	2026-07-21T21:43:03.9678153620Z
LiCl	LiD3-Flex/gromacs/umbrella_sampling/window_027_2.32nm/umbrella.edr	1297400	2026-07-21T21:43:04.0788153240Z
LiCl	LiD3-Flex/gromacs/umbrella_sampling/window_027_2.32nm/umbrella.xtc	495239260	2026-07-21T21:43:03.9758153590Z
LiCl	LiD3-Flex/gromacs/umbrella_sampling/window_027_2.32nm/umbrella_eq.cpt	1638668	2026-07-19T12:59:01.3008572480Z
LiCl	LiD3-Flex/gromacs/umbrella_sampling/window_027_2.32nm/umbrella_eq.edr	325400	2026-07-19T12:59:01.4138571850Z
LiCl	LiD3-Flex/gromacs/umbrella_sampling/window_027_2.32nm/umbrella_eq.xtc	123995240	2026-07-19T12:59:01.3118572420Z
LiCl	LiD3-Flex/gromacs/umbrella_sampling/window_027_2.32nm/umbrella_eq_prev.cpt	1638392	2026-07-19T12:59:01.3058572460Z
LiCl	LiD3-Flex/gromacs/umbrella_sampling/window_027_2.32nm/umbrella_prev.cpt	1638372	2026-07-21T21:43:03.9698153610Z
LiCl	LiD3-Flex/gromacs/umbrella_sampling/window_028_2.40nm/umbrella.cpt	1638648	2026-07-24T09:21:07.8395036620Z
LiCl	LiD3-Flex/gromacs/umbrella_sampling/window_028_2.40nm/umbrella.edr	1297400	2026-07-24T09:21:07.9065036420Z
LiCl	LiD3-Flex/gromacs/umbrella_sampling/window_028_2.40nm/umbrella.xtc	495236488	2026-07-24T09:21:07.8445036600Z
LiCl	LiD3-Flex/gromacs/umbrella_sampling/window_028_2.40nm/umbrella_eq.cpt	1638668	2026-07-21T21:35:00.9009914600Z
LiCl	LiD3-Flex/gromacs/umbrella_sampling/window_028_2.40nm/umbrella_eq.edr	325400	2026-07-21T21:35:01.0299914090Z
LiCl	LiD3-Flex/gromacs/umbrella_sampling/window_028_2.40nm/umbrella_eq.xtc	123994036	2026-07-21T21:35:00.9179914530Z
LiCl	LiD3-Flex/gromacs/umbrella_sampling/window_028_2.40nm/umbrella_eq_prev.cpt	1638392	2026-07-21T21:35:00.9059914580Z
LiCl	LiD3-Flex/gromacs/umbrella_sampling/window_028_2.40nm/umbrella_prev.cpt	1638372	2026-07-24T09:21:07.8405036610Z
LiCl	LiD3-Flex/gromacs/umbrella_sampling/window_029_2.47nm/umbrella.cpt	1638648	2026-07-22T13:19:11.0572759370Z
LiCl	LiD3-Flex/gromacs/umbrella_sampling/window_029_2.47nm/umbrella.edr	1297400	2026-07-22T13:19:11.1702759350Z
LiCl	LiD3-Flex/gromacs/umbrella_sampling/window_029_2.47nm/umbrella.xtc	495236872	2026-07-22T13:19:11.0652759360Z
LiCl	LiD3-Flex/gromacs/umbrella_sampling/window_029_2.47nm/umbrella_eq.cpt	1638668	2026-07-19T01:16:04.8365604050Z
LiCl	LiD3-Flex/gromacs/umbrella_sampling/window_029_2.47nm/umbrella_eq.edr	325400	2026-07-19T01:16:05.0545606430Z
LiCl	LiD3-Flex/gromacs/umbrella_sampling/window_029_2.47nm/umbrella_eq.xtc	123994356	2026-07-19T01:16:04.8525604220Z
LiCl	LiD3-Flex/gromacs/umbrella_sampling/window_029_2.47nm/umbrella_eq_prev.cpt	1638392	2026-07-19T01:16:04.8405604090Z
LiCl	LiD3-Flex/gromacs/umbrella_sampling/window_029_2.47nm/umbrella_prev.cpt	1638372	2026-07-22T13:19:11.0592759360Z
LiCl	LiDA-1/gromacs/run_eq/step4.1_equilibration.edr	71728	2026-07-13T14:32:43.0000000000Z
LiCl	LiDA-1/gromacs/run_min/min_attempt0.edr	60308	2026-07-13T14:32:43.0000000000Z
LiCl	LiDA-1/gromacs/run_min/step4.0_minimization.edr	60308	2026-07-13T14:32:43.0000000000Z
LiCl	LiDA-1/gromacs/run_prod_20ns/step5_production_20ns.edr	1273368	2026-07-13T14:32:43.0000000000Z
LiCl	LiDA-1/gromacs/umbrella_sampling/bound_place_min/min.edr	70712	2026-07-18T01:32:40.7811138810Z
LiCl	LiDA-1/gromacs/umbrella_sampling/bound_place_min/min.trr	239424	2026-07-18T01:32:40.7821138750Z
LiCl	LiDA-1/gromacs/umbrella_sampling/pull/pull.cpt	480940	2026-07-18T02:38:41.8698875460Z
LiCl	LiDA-1/gromacs/umbrella_sampling/pull/pull.edr	649400	2026-07-18T02:38:41.8908875300Z
LiCl	LiDA-1/gromacs/umbrella_sampling/pull/pull.xtc	70897076	2026-07-18T02:38:41.8718875440Z
LiCl	LiDA-1/gromacs/umbrella_sampling/pull/pull_prev.cpt	480664	2026-07-18T02:38:41.8708875450Z
LiCl	LiDA-1/gromacs/umbrella_sampling/window_000_0.17nm/umbrella.cpt	480960	2026-07-19T16:21:58.7392093770Z
LiCl	LiDA-1/gromacs/umbrella_sampling/window_000_0.17nm/umbrella.edr	1297400	2026-07-19T16:21:58.7722094300Z
LiCl	LiDA-1/gromacs/umbrella_sampling/window_000_0.17nm/umbrella.xtc	141724024	2026-07-19T16:21:58.7422093820Z
LiCl	LiDA-1/gromacs/umbrella_sampling/window_000_0.17nm/umbrella_eq.cpt	480980	2026-07-18T05:47:38.9199472960Z
LiCl	LiDA-1/gromacs/umbrella_sampling/window_000_0.17nm/umbrella_eq.edr	325400	2026-07-18T05:47:38.9519472820Z
LiCl	LiDA-1/gromacs/umbrella_sampling/window_000_0.17nm/umbrella_eq.xtc	35483632	2026-07-18T05:47:38.9239472950Z
LiCl	LiDA-1/gromacs/umbrella_sampling/window_000_0.17nm/umbrella_eq_prev.cpt	480704	2026-07-18T05:47:38.9219472950Z
LiCl	LiDA-1/gromacs/umbrella_sampling/window_000_0.17nm/umbrella_prev.cpt	479892	2026-07-19T16:21:58.7402093790Z
LiCl	LiDA-1/gromacs/umbrella_sampling/window_001_0.24nm/umbrella.cpt	480960	2026-07-19T06:57:27.6338887570Z
LiCl	LiDA-1/gromacs/umbrella_sampling/window_001_0.24nm/umbrella.edr	1297400	2026-07-19T06:57:27.6678887750Z
LiCl	LiDA-1/gromacs/umbrella_sampling/window_001_0.24nm/umbrella.xtc	141720756	2026-07-19T06:57:27.6378887590Z
LiCl	LiDA-1/gromacs/umbrella_sampling/window_001_0.24nm/umbrella_eq.cpt	480980	2026-07-18T05:51:01.2088645440Z
LiCl	LiDA-1/gromacs/umbrella_sampling/window_001_0.24nm/umbrella_eq.edr	325400	2026-07-18T05:51:01.2418645320Z
LiCl	LiDA-1/gromacs/umbrella_sampling/window_001_0.24nm/umbrella_eq.xtc	35483300	2026-07-18T05:51:01.2118645430Z
LiCl	LiDA-1/gromacs/umbrella_sampling/window_001_0.24nm/umbrella_eq_prev.cpt	479912	2026-07-18T05:51:01.2098645440Z
LiCl	LiDA-1/gromacs/umbrella_sampling/window_001_0.24nm/umbrella_prev.cpt	479892	2026-07-19T06:57:27.6358887580Z
LiCl	LiDA-1/gromacs/umbrella_sampling/window_002_0.32nm/umbrella.cpt	480960	2026-07-22T10:18:18.4913379890Z
LiCl	LiDA-1/gromacs/umbrella_sampling/window_002_0.32nm/umbrella.edr	1297400	2026-07-22T10:18:18.5293380470Z
LiCl	LiDA-1/gromacs/umbrella_sampling/window_002_0.32nm/umbrella.xtc	141722628	2026-07-22T10:18:18.4973379980Z
LiCl	LiDA-1/gromacs/umbrella_sampling/window_002_0.32nm/umbrella_eq.cpt	480980	2026-07-18T05:48:31.1999240640Z
LiCl	LiDA-1/gromacs/umbrella_sampling/window_002_0.32nm/umbrella_eq.edr	325400	2026-07-18T05:48:31.2329240500Z
LiCl	LiDA-1/gromacs/umbrella_sampling/window_002_0.32nm/umbrella_eq.xtc	35483840	2026-07-18T05:48:31.2029240630Z
LiCl	LiDA-1/gromacs/umbrella_sampling/window_002_0.32nm/umbrella_eq_prev.cpt	480704	2026-07-18T05:48:31.2009240640Z
LiCl	LiDA-1/gromacs/umbrella_sampling/window_002_0.32nm/umbrella_prev.cpt	480684	2026-07-22T10:18:18.4953379950Z
LiCl	LiDA-1/gromacs/umbrella_sampling/window_003_0.39nm/umbrella.cpt	480960	2026-07-22T21:04:52.5888010540Z
LiCl	LiDA-1/gromacs/umbrella_sampling/window_003_0.39nm/umbrella.edr	1297400	2026-07-22T21:04:52.6498010640Z
LiCl	LiDA-1/gromacs/umbrella_sampling/window_003_0.39nm/umbrella.xtc	141723424	2026-07-22T21:04:52.5948010550Z
LiCl	LiDA-1/gromacs/umbrella_sampling/window_003_0.39nm/umbrella_eq.cpt	480980	2026-07-18T05:49:22.7019025150Z
LiCl	LiDA-1/gromacs/umbrella_sampling/window_003_0.39nm/umbrella_eq.edr	325400	2026-07-18T05:49:22.7349025020Z
LiCl	LiDA-1/gromacs/umbrella_sampling/window_003_0.39nm/umbrella_eq.xtc	35484008	2026-07-18T05:49:22.7049025140Z
LiCl	LiDA-1/gromacs/umbrella_sampling/window_003_0.39nm/umbrella_eq_prev.cpt	480704	2026-07-18T05:49:22.7029025150Z
LiCl	LiDA-1/gromacs/umbrella_sampling/window_003_0.39nm/umbrella_prev.cpt	479892	2026-07-22T21:04:52.5928010550Z
LiCl	LiDA-1/gromacs/umbrella_sampling/window_004_0.47nm/umbrella.cpt	480960	2026-07-21T23:22:15.5148049390Z
LiCl	LiDA-1/gromacs/umbrella_sampling/window_004_0.47nm/umbrella.edr	1297400	2026-07-21T23:22:15.5508049510Z
LiCl	LiDA-1/gromacs/umbrella_sampling/window_004_0.47nm/umbrella.xtc	141722468	2026-07-21T23:22:15.5198049410Z
LiCl	LiDA-1/gromacs/umbrella_sampling/window_004_0.47nm/umbrella_eq.cpt	480980	2026-07-18T06:20:08.5076852360Z
LiCl	LiDA-1/gromacs/umbrella_sampling/window_004_0.47nm/umbrella_eq.edr	325400	2026-07-18T06:20:08.5426852770Z
LiCl	LiDA-1/gromacs/umbrella_sampling/window_004_0.47nm/umbrella_eq.xtc	35483332	2026-07-18T06:20:08.5126852420Z
LiCl	LiDA-1/gromacs/umbrella_sampling/window_004_0.47nm/umbrella_eq_prev.cpt	480704	2026-07-18T06:20:08.5106852390Z
LiCl	LiDA-1/gromacs/umbrella_sampling/window_004_0.47nm/umbrella_prev.cpt	480684	2026-07-21T23:22:15.5178049400Z
LiCl	LiDA-1/gromacs/umbrella_sampling/window_005_0.54nm/umbrella.cpt	480960	2026-07-22T03:02:11.9157365850Z
LiCl	LiDA-1/gromacs/umbrella_sampling/window_005_0.54nm/umbrella.edr	1297400	2026-07-22T03:02:11.9507366590Z
LiCl	LiDA-1/gromacs/umbrella_sampling/window_005_0.54nm/umbrella.xtc	141722636	2026-07-22T03:02:11.9207365950Z
LiCl	LiDA-1/gromacs/umbrella_sampling/window_005_0.54nm/umbrella_eq.cpt	480980	2026-07-18T05:47:41.6449460490Z
LiCl	LiDA-1/gromacs/umbrella_sampling/window_005_0.54nm/umbrella_eq.edr	325400	2026-07-18T05:47:41.6779460340Z
LiCl	LiDA-1/gromacs/umbrella_sampling/window_005_0.54nm/umbrella_eq.xtc	35484124	2026-07-18T05:47:41.6479460480Z
LiCl	LiDA-1/gromacs/umbrella_sampling/window_005_0.54nm/umbrella_eq_prev.cpt	480704	2026-07-18T05:47:41.6459460490Z
LiCl	LiDA-1/gromacs/umbrella_sampling/window_005_0.54nm/umbrella_prev.cpt	479892	2026-07-22T03:02:11.9187365910Z
LiCl	LiDA-1/gromacs/umbrella_sampling/window_006_0.62nm/umbrella.cpt	480960	2026-07-18T23:17:19.2493390550Z
LiCl	LiDA-1/gromacs/umbrella_sampling/window_006_0.62nm/umbrella.edr	1297400	2026-07-18T23:17:19.2833390210Z
LiCl	LiDA-1/gromacs/umbrella_sampling/window_006_0.62nm/umbrella.xtc	141725824	2026-07-18T23:17:19.2523390520Z
LiCl	LiDA-1/gromacs/umbrella_sampling/window_006_0.62nm/umbrella_eq.cpt	480980	2026-07-18T05:50:07.4508847710Z
LiCl	LiDA-1/gromacs/umbrella_sampling/window_006_0.62nm/umbrella_eq.edr	325400	2026-07-18T05:50:07.4848847570Z
LiCl	LiDA-1/gromacs/umbrella_sampling/window_006_0.62nm/umbrella_eq.xtc	35484324	2026-07-18T05:50:07.4548847690Z
LiCl	LiDA-1/gromacs/umbrella_sampling/window_006_0.62nm/umbrella_eq_prev.cpt	480704	2026-07-18T05:50:07.4528847700Z
LiCl	LiDA-1/gromacs/umbrella_sampling/window_006_0.62nm/umbrella_prev.cpt	479892	2026-07-18T23:17:19.2503390540Z
LiCl	LiDA-1/gromacs/umbrella_sampling/window_007_0.69nm/umbrella.cpt	480960	2026-07-20T01:53:30.2509126770Z
LiCl	LiDA-1/gromacs/umbrella_sampling/window_007_0.69nm/umbrella.edr	1297400	2026-07-20T01:53:30.2869126950Z
LiCl	LiDA-1/gromacs/umbrella_sampling/window_007_0.69nm/umbrella.xtc	141722132	2026-07-20T01:53:30.2569126800Z
LiCl	LiDA-1/gromacs/umbrella_sampling/window_007_0.69nm/umbrella_eq.cpt	480980	2026-07-18T05:48:55.0629139230Z
LiCl	LiDA-1/gromacs/umbrella_sampling/window_007_0.69nm/umbrella_eq.edr	325400	2026-07-18T05:48:55.1169139000Z
LiCl	LiDA-1/gromacs/umbrella_sampling/window_007_0.69nm/umbrella_eq.xtc	35483484	2026-07-18T05:48:55.0699139200Z
LiCl	LiDA-1/gromacs/umbrella_sampling/window_007_0.69nm/umbrella_eq_prev.cpt	480704	2026-07-18T05:48:55.0679139210Z
LiCl	LiDA-1/gromacs/umbrella_sampling/window_007_0.69nm/umbrella_prev.cpt	480684	2026-07-20T01:53:30.2529126780Z
LiCl	LiDA-1/gromacs/umbrella_sampling/window_008_0.77nm/umbrella.cpt	480960	2026-07-18T22:47:48.0373947690Z
LiCl	LiDA-1/gromacs/umbrella_sampling/window_008_0.77nm/umbrella.edr	1297400	2026-07-18T22:47:48.0713947700Z
LiCl	LiDA-1/gromacs/umbrella_sampling/window_008_0.77nm/umbrella.xtc	141729232	2026-07-18T22:47:48.0413947690Z
LiCl	LiDA-1/gromacs/umbrella_sampling/window_008_0.77nm/umbrella_eq.cpt	480980	2026-07-18T05:49:22.7569024930Z
LiCl	LiDA-1/gromacs/umbrella_sampling/window_008_0.77nm/umbrella_eq.edr	325400	2026-07-18T05:49:22.7899024790Z
LiCl	LiDA-1/gromacs/umbrella_sampling/window_008_0.77nm/umbrella_eq.xtc	35483320	2026-07-18T05:49:22.7599024920Z
LiCl	LiDA-1/gromacs/umbrella_sampling/window_008_0.77nm/umbrella_eq_prev.cpt	480704	2026-07-18T05:49:22.7579024930Z
LiCl	LiDA-1/gromacs/umbrella_sampling/window_008_0.77nm/umbrella_prev.cpt	480684	2026-07-18T22:47:48.0393947690Z
LiCl	LiDA-1/gromacs/umbrella_sampling/window_009_0.84nm/umbrella.cpt	480960	2026-07-23T23:21:36.1461955510Z
LiCl	LiDA-1/gromacs/umbrella_sampling/window_009_0.84nm/umbrella.edr	1297400	2026-07-23T23:21:36.1771955360Z
LiCl	LiDA-1/gromacs/umbrella_sampling/window_009_0.84nm/umbrella.xtc	141727136	2026-07-23T23:21:36.1481955510Z
LiCl	LiDA-1/gromacs/umbrella_sampling/window_009_0.84nm/umbrella_eq.cpt	480980	2026-07-18T05:48:54.0729143380Z
LiCl	LiDA-1/gromacs/umbrella_sampling/window_009_0.84nm/umbrella_eq.edr	325400	2026-07-18T05:48:54.1069143240Z
LiCl	LiDA-1/gromacs/umbrella_sampling/window_009_0.84nm/umbrella_eq.xtc	35484160	2026-07-18T05:48:54.0769143360Z
LiCl	LiDA-1/gromacs/umbrella_sampling/window_009_0.84nm/umbrella_eq_prev.cpt	480704	2026-07-18T05:48:54.0749143370Z
LiCl	LiDA-1/gromacs/umbrella_sampling/window_009_0.84nm/umbrella_prev.cpt	480684	2026-07-23T23:21:36.1481955510Z
LiCl	LiDA-1/gromacs/umbrella_sampling/window_010_0.92nm/umbrella.cpt	480960	2026-07-18T22:39:58.9414380730Z
LiCl	LiDA-1/gromacs/umbrella_sampling/window_010_0.92nm/umbrella.edr	1297400	2026-07-18T22:39:58.9754380640Z
LiCl	LiDA-1/gromacs/umbrella_sampling/window_010_0.92nm/umbrella.xtc	141723484	2026-07-18T22:39:58.9444380730Z
LiCl	LiDA-1/gromacs/umbrella_sampling/window_010_0.92nm/umbrella_eq.cpt	480980	2026-07-18T05:52:23.5528356170Z
LiCl	LiDA-1/gromacs/umbrella_sampling/window_010_0.92nm/umbrella_eq.edr	325400	2026-07-18T05:52:23.5928356030Z
LiCl	LiDA-1/gromacs/umbrella_sampling/window_010_0.92nm/umbrella_eq.xtc	35484684	2026-07-18T05:52:23.5588356150Z
LiCl	LiDA-1/gromacs/umbrella_sampling/window_010_0.92nm/umbrella_eq_prev.cpt	480704	2026-07-18T05:52:23.5538356160Z
LiCl	LiDA-1/gromacs/umbrella_sampling/window_010_0.92nm/umbrella_prev.cpt	480684	2026-07-18T22:39:58.9424380730Z
LiCl	LiDA-1/gromacs/umbrella_sampling/window_011_0.99nm/umbrella.cpt	480960	2026-07-23T17:16:45.4774329630Z
LiCl	LiDA-1/gromacs/umbrella_sampling/window_011_0.99nm/umbrella.edr	1297400	2026-07-23T17:16:45.5104329950Z
LiCl	LiDA-1/gromacs/umbrella_sampling/window_011_0.99nm/umbrella.xtc	141731032	2026-07-23T17:16:45.4794329640Z
LiCl	LiDA-1/gromacs/umbrella_sampling/window_011_0.99nm/umbrella_eq.cpt	480980	2026-07-18T05:48:34.3989226880Z
LiCl	LiDA-1/gromacs/umbrella_sampling/window_011_0.99nm/umbrella_eq.edr	325400	2026-07-18T05:48:34.4329226740Z
LiCl	LiDA-1/gromacs/umbrella_sampling/window_011_0.99nm/umbrella_eq.xtc	35484084	2026-07-18T05:48:34.4029226870Z
LiCl	LiDA-1/gromacs/umbrella_sampling/window_011_0.99nm/umbrella_eq_prev.cpt	480704	2026-07-18T05:48:34.4009226870Z
LiCl	LiDA-1/gromacs/umbrella_sampling/window_011_0.99nm/umbrella_prev.cpt	479892	2026-07-23T17:16:45.4784329630Z
LiCl	LiDA-1/gromacs/umbrella_sampling/window_012_1.07nm/umbrella.cpt	480960	2026-07-21T04:23:00.2463827810Z
LiCl	LiDA-1/gromacs/umbrella_sampling/window_012_1.07nm/umbrella.edr	1297400	2026-07-21T04:23:00.2813827950Z
LiCl	LiDA-1/gromacs/umbrella_sampling/window_012_1.07nm/umbrella.xtc	141724304	2026-07-21T04:23:00.2503827820Z
LiCl	LiDA-1/gromacs/umbrella_sampling/window_012_1.07nm/umbrella_eq.cpt	480980	2026-07-18T05:48:03.7759360710Z
LiCl	LiDA-1/gromacs/umbrella_sampling/window_012_1.07nm/umbrella_eq.edr	325400	2026-07-18T05:48:03.8389360430Z
LiCl	LiDA-1/gromacs/umbrella_sampling/window_012_1.07nm/umbrella_eq.xtc	35483808	2026-07-18T05:48:03.7819360680Z
LiCl	LiDA-1/gromacs/umbrella_sampling/window_012_1.07nm/umbrella_eq_prev.cpt	479912	2026-07-18T05:48:03.7799360690Z
LiCl	LiDA-1/gromacs/umbrella_sampling/window_012_1.07nm/umbrella_prev.cpt	480684	2026-07-21T04:23:00.2483827810Z
LiCl	LiDA-1/gromacs/umbrella_sampling/window_013_1.14nm/umbrella.cpt	480960	2026-07-20T12:20:35.8802779150Z
LiCl	LiDA-1/gromacs/umbrella_sampling/window_013_1.14nm/umbrella.edr	1297400	2026-07-20T12:20:35.9472779220Z
LiCl	LiDA-1/gromacs/umbrella_sampling/window_013_1.14nm/umbrella.xtc	141722500	2026-07-20T12:20:35.8872779160Z
LiCl	LiDA-1/gromacs/umbrella_sampling/window_013_1.14nm/umbrella_eq.cpt	480980	2026-07-18T05:52:35.2138317020Z
LiCl	LiDA-1/gromacs/umbrella_sampling/window_013_1.14nm/umbrella_eq.edr	325400	2026-07-18T05:52:35.2558316890Z
LiCl	LiDA-1/gromacs/umbrella_sampling/window_013_1.14nm/umbrella_eq.xtc	35484476	2026-07-18T05:52:35.2198317010Z
LiCl	LiDA-1/gromacs/umbrella_sampling/window_013_1.14nm/umbrella_eq_prev.cpt	480704	2026-07-18T05:52:35.2178317010Z
LiCl	LiDA-1/gromacs/umbrella_sampling/window_013_1.14nm/umbrella_prev.cpt	480684	2026-07-20T12:20:35.8852779160Z
LiCl	LiDA-1/gromacs/umbrella_sampling/window_014_1.22nm/umbrella.cpt	480960	2026-07-18T20:08:50.2704119720Z
LiCl	LiDA-1/gromacs/umbrella_sampling/window_014_1.22nm/umbrella.edr	1297400	2026-07-18T20:08:50.3154119800Z
LiCl	LiDA-1/gromacs/umbrella_sampling/window_014_1.22nm/umbrella.xtc	141729312	2026-07-18T20:08:50.2764119740Z
LiCl	LiDA-1/gromacs/umbrella_sampling/window_014_1.22nm/umbrella_eq.cpt	480980	2026-07-18T05:49:39.8078956290Z
LiCl	LiDA-1/gromacs/umbrella_sampling/window_014_1.22nm/umbrella_eq.edr	325400	2026-07-18T05:49:39.8398956170Z
LiCl	LiDA-1/gromacs/umbrella_sampling/window_014_1.22nm/umbrella_eq.xtc	35484700	2026-07-18T05:49:39.8118956280Z
LiCl	LiDA-1/gromacs/umbrella_sampling/window_014_1.22nm/umbrella_eq_prev.cpt	480704	2026-07-18T05:49:39.8098956290Z
LiCl	LiDA-1/gromacs/umbrella_sampling/window_014_1.22nm/umbrella_prev.cpt	480684	2026-07-18T20:08:50.2744119730Z
LiCl	LiDA-1/gromacs/umbrella_sampling/window_015_1.29nm/umbrella.cpt	480960	2026-07-18T22:39:23.1374487920Z
LiCl	LiDA-1/gromacs/umbrella_sampling/window_015_1.29nm/umbrella.edr	1297400	2026-07-18T22:39:23.1714487810Z
LiCl	LiDA-1/gromacs/umbrella_sampling/window_015_1.29nm/umbrella.xtc	141728640	2026-07-18T22:39:23.1414487900Z
LiCl	LiDA-1/gromacs/umbrella_sampling/window_015_1.29nm/umbrella_eq.cpt	480980	2026-07-18T05:49:02.7049107330Z
LiCl	LiDA-1/gromacs/umbrella_sampling/window_015_1.29nm/umbrella_eq.edr	325400	2026-07-18T05:49:02.7569107110Z
LiCl	LiDA-1/gromacs/umbrella_sampling/window_015_1.29nm/umbrella_eq.xtc	35484412	2026-07-18T05:49:02.7109107310Z
LiCl	LiDA-1/gromacs/umbrella_sampling/window_015_1.29nm/umbrella_eq_prev.cpt	480704	2026-07-18T05:49:02.7089107310Z
LiCl	LiDA-1/gromacs/umbrella_sampling/window_015_1.29nm/umbrella_prev.cpt	480684	2026-07-18T22:39:23.1394487910Z
LiCl	LiDA-1/gromacs/umbrella_sampling/window_016_1.37nm/umbrella.cpt	480960	2026-07-22T19:43:06.2787863470Z
LiCl	LiDA-1/gromacs/umbrella_sampling/window_016_1.37nm/umbrella.edr	1297400	2026-07-22T19:43:06.3157863620Z
LiCl	LiDA-1/gromacs/umbrella_sampling/window_016_1.37nm/umbrella.xtc	141726316	2026-07-22T19:43:06.2837863500Z
LiCl	LiDA-1/gromacs/umbrella_sampling/window_016_1.37nm/umbrella_eq.cpt	480980	2026-07-18T05:48:50.9029156710Z
LiCl	LiDA-1/gromacs/umbrella_sampling/window_016_1.37nm/umbrella_eq.edr	325400	2026-07-18T05:48:50.9359156570Z
LiCl	LiDA-1/gromacs/umbrella_sampling/window_016_1.37nm/umbrella_eq.xtc	35484192	2026-07-18T05:48:50.9059156700Z
LiCl	LiDA-1/gromacs/umbrella_sampling/window_016_1.37nm/umbrella_eq_prev.cpt	480704	2026-07-18T05:48:50.9039156700Z
LiCl	LiDA-1/gromacs/umbrella_sampling/window_016_1.37nm/umbrella_prev.cpt	480684	2026-07-22T19:43:06.2807863480Z
LiCl	LiDA-1/gromacs/umbrella_sampling/window_017_1.44nm/umbrella.cpt	480960	2026-07-20T15:15:09.7249590940Z
LiCl	LiDA-1/gromacs/umbrella_sampling/window_017_1.44nm/umbrella.edr	1297400	2026-07-20T15:15:09.7669591000Z
LiCl	LiDA-1/gromacs/umbrella_sampling/window_017_1.44nm/umbrella.xtc	141729512	2026-07-20T15:15:09.7299590950Z
LiCl	LiDA-1/gromacs/umbrella_sampling/window_017_1.44nm/umbrella_eq.cpt	480980	2026-07-18T05:49:23.6549021280Z
LiCl	LiDA-1/gromacs/umbrella_sampling/window_017_1.44nm/umbrella_eq.edr	325400	2026-07-18T05:49:23.6879021150Z
LiCl	LiDA-1/gromacs/umbrella_sampling/window_017_1.44nm/umbrella_eq.xtc	35485024	2026-07-18T05:49:23.6579021270Z
LiCl	LiDA-1/gromacs/umbrella_sampling/window_017_1.44nm/umbrella_eq_prev.cpt	480704	2026-07-18T05:49:23.6559021280Z
LiCl	LiDA-1/gromacs/umbrella_sampling/window_017_1.44nm/umbrella_prev.cpt	480684	2026-07-20T15:15:09.7279590940Z
LiCl	LiDA-1/gromacs/umbrella_sampling/window_018_1.52nm/umbrella.cpt	480960	2026-07-19T10:11:01.9546354310Z
LiCl	LiDA-1/gromacs/umbrella_sampling/window_018_1.52nm/umbrella.edr	1297400	2026-07-19T10:11:02.0276353980Z
LiCl	LiDA-1/gromacs/umbrella_sampling/window_018_1.52nm/umbrella.xtc	141723028	2026-07-19T10:11:01.9606354290Z
LiCl	LiDA-1/gromacs/umbrella_sampling/window_018_1.52nm/umbrella_eq.cpt	480980	2026-07-18T05:49:08.5339083180Z
LiCl	LiDA-1/gromacs/umbrella_sampling/window_018_1.52nm/umbrella_eq.edr	325400	2026-07-18T05:49:08.5729083020Z
LiCl	LiDA-1/gromacs/umbrella_sampling/window_018_1.52nm/umbrella_eq.xtc	35484280	2026-07-18T05:49:08.5409083160Z
LiCl	LiDA-1/gromacs/umbrella_sampling/window_018_1.52nm/umbrella_eq_prev.cpt	480704	2026-07-18T05:49:08.5389083160Z
LiCl	LiDA-1/gromacs/umbrella_sampling/window_018_1.52nm/umbrella_prev.cpt	480684	2026-07-19T10:11:01.9576354300Z
LiCl	LiDA-1/gromacs/umbrella_sampling/window_019_1.59nm/umbrella.cpt	480960	2026-07-18T19:36:59.2387091420Z
LiCl	LiDA-1/gromacs/umbrella_sampling/window_019_1.59nm/umbrella.edr	1297400	2026-07-18T19:36:59.2757091610Z
LiCl	LiDA-1/gromacs/umbrella_sampling/window_019_1.59nm/umbrella.xtc	141727664	2026-07-18T19:36:59.2457091450Z
LiCl	LiDA-1/gromacs/umbrella_sampling/window_019_1.59nm/umbrella_eq.cpt	480980	2026-07-18T05:48:28.6269251740Z
LiCl	LiDA-1/gromacs/umbrella_sampling/window_019_1.59nm/umbrella_eq.edr	325400	2026-07-18T05:48:28.6609251600Z
LiCl	LiDA-1/gromacs/umbrella_sampling/window_019_1.59nm/umbrella_eq.xtc	35483880	2026-07-18T05:48:28.6309251730Z
LiCl	LiDA-1/gromacs/umbrella_sampling/window_019_1.59nm/umbrella_eq_prev.cpt	480704	2026-07-18T05:48:28.6289251740Z
LiCl	LiDA-1/gromacs/umbrella_sampling/window_019_1.59nm/umbrella_prev.cpt	480684	2026-07-18T19:36:59.2437091440Z
LiCl	LiDA-1/gromacs/umbrella_sampling/window_020_1.67nm/umbrella.cpt	480960	2026-07-18T20:07:56.1974038830Z
LiCl	LiDA-1/gromacs/umbrella_sampling/window_020_1.67nm/umbrella.edr	1297400	2026-07-18T20:07:56.2364038880Z
LiCl	LiDA-1/gromacs/umbrella_sampling/window_020_1.67nm/umbrella.xtc	141724136	2026-07-18T20:07:56.2054038840Z
LiCl	LiDA-1/gromacs/umbrella_sampling/window_020_1.67nm/umbrella_eq.cpt	480980	2026-07-18T05:52:59.3538237330Z
LiCl	LiDA-1/gromacs/umbrella_sampling/window_020_1.67nm/umbrella_eq.edr	325400	2026-07-18T05:52:59.3968237180Z
LiCl	LiDA-1/gromacs/umbrella_sampling/window_020_1.67nm/umbrella_eq.xtc	35483260	2026-07-18T05:52:59.3588237310Z
LiCl	LiDA-1/gromacs/umbrella_sampling/window_020_1.67nm/umbrella_eq_prev.cpt	480704	2026-07-18T05:52:59.3568237310Z
LiCl	LiDA-1/gromacs/umbrella_sampling/window_020_1.67nm/umbrella_prev.cpt	480684	2026-07-18T20:07:56.2034038840Z
LiCl	LiDA-1/gromacs/umbrella_sampling/window_021_1.74nm/umbrella.cpt	480960	2026-07-21T20:13:16.0100773890Z
LiCl	LiDA-1/gromacs/umbrella_sampling/window_021_1.74nm/umbrella.edr	1297400	2026-07-21T20:13:16.0440773900Z
LiCl	LiDA-1/gromacs/umbrella_sampling/window_021_1.74nm/umbrella.xtc	141729484	2026-07-21T20:13:16.0140773890Z
LiCl	LiDA-1/gromacs/umbrella_sampling/window_021_1.74nm/umbrella_eq.cpt	480980	2026-07-18T05:48:25.2999266150Z
LiCl	LiDA-1/gromacs/umbrella_sampling/window_021_1.74nm/umbrella_eq.edr	325400	2026-07-18T05:48:25.3459265950Z
LiCl	LiDA-1/gromacs/umbrella_sampling/window_021_1.74nm/umbrella_eq.xtc	35483804	2026-07-18T05:48:25.3069266120Z
LiCl	LiDA-1/gromacs/umbrella_sampling/window_021_1.74nm/umbrella_eq_prev.cpt	480704	2026-07-18T05:48:25.3029266130Z
LiCl	LiDA-1/gromacs/umbrella_sampling/window_021_1.74nm/umbrella_prev.cpt	480684	2026-07-21T20:13:16.0120773890Z
LiCl	LiDA-1/gromacs/umbrella_sampling/window_022_1.82nm/umbrella.cpt	480960	2026-07-18T22:38:40.7174633890Z
LiCl	LiDA-1/gromacs/umbrella_sampling/window_022_1.82nm/umbrella.edr	1297400	2026-07-18T22:38:40.7664633710Z
LiCl	LiDA-1/gromacs/umbrella_sampling/window_022_1.82nm/umbrella.xtc	141723024	2026-07-18T22:38:40.7234633870Z
LiCl	LiDA-1/gromacs/umbrella_sampling/window_022_1.82nm/umbrella_eq.cpt	480980	2026-07-18T06:21:12.4917576430Z
LiCl	LiDA-1/gromacs/umbrella_sampling/window_022_1.82nm/umbrella_eq.edr	325400	2026-07-18T06:21:12.5477577040Z
LiCl	LiDA-1/gromacs/umbrella_sampling/window_022_1.82nm/umbrella_eq.xtc	35484292	2026-07-18T06:21:12.4977576490Z
LiCl	LiDA-1/gromacs/umbrella_sampling/window_022_1.82nm/umbrella_eq_prev.cpt	480704	2026-07-18T06:21:12.4957576470Z
LiCl	LiDA-1/gromacs/umbrella_sampling/window_022_1.82nm/umbrella_prev.cpt	480684	2026-07-18T22:38:40.7184633890Z
LiCl	LiDA-1/gromacs/umbrella_sampling/window_023_1.89nm/umbrella.cpt	480960	2026-07-18T22:41:53.0094125670Z
LiCl	LiDA-1/gromacs/umbrella_sampling/window_023_1.89nm/umbrella.edr	1297400	2026-07-18T22:41:53.0434125610Z
LiCl	LiDA-1/gromacs/umbrella_sampling/window_023_1.89nm/umbrella.xtc	141725884	2026-07-18T22:41:53.0124125660Z
LiCl	LiDA-1/gromacs/umbrella_sampling/window_023_1.89nm/umbrella_eq.cpt	480980	2026-07-18T05:46:27.6849814210Z
LiCl	LiDA-1/gromacs/umbrella_sampling/window_023_1.89nm/umbrella_eq.edr	325400	2026-07-18T05:46:27.7489813890Z
LiCl	LiDA-1/gromacs/umbrella_sampling/window_023_1.89nm/umbrella_eq.xtc	35484752	2026-07-18T05:46:27.6909814180Z
LiCl	LiDA-1/gromacs/umbrella_sampling/window_023_1.89nm/umbrella_eq_prev.cpt	480704	2026-07-18T05:46:27.6889814190Z
LiCl	LiDA-1/gromacs/umbrella_sampling/window_023_1.89nm/umbrella_prev.cpt	480684	2026-07-18T22:41:53.0114125670Z
LiCl	LiDA-1/gromacs/umbrella_sampling/window_024_1.97nm/umbrella.cpt	480960	2026-07-20T23:28:13.6602615930Z
LiCl	LiDA-1/gromacs/umbrella_sampling/window_024_1.97nm/umbrella.edr	1297400	2026-07-20T23:28:13.6982614910Z
LiCl	LiDA-1/gromacs/umbrella_sampling/window_024_1.97nm/umbrella.xtc	141731888	2026-07-20T23:28:13.6662615770Z
LiCl	LiDA-1/gromacs/umbrella_sampling/window_024_1.97nm/umbrella_eq.cpt	480980	2026-07-18T05:52:14.2028387860Z
LiCl	LiDA-1/gromacs/umbrella_sampling/window_024_1.97nm/umbrella_eq.edr	325400	2026-07-18T05:52:14.2368387750Z
LiCl	LiDA-1/gromacs/umbrella_sampling/window_024_1.97nm/umbrella_eq.xtc	35484560	2026-07-18T05:52:14.2068387850Z
LiCl	LiDA-1/gromacs/umbrella_sampling/window_024_1.97nm/umbrella_eq_prev.cpt	480704	2026-07-18T05:52:14.2048387860Z
LiCl	LiDA-1/gromacs/umbrella_sampling/window_024_1.97nm/umbrella_prev.cpt	480684	2026-07-20T23:28:13.6642615820Z
LiCl	LiDA-1/gromacs/umbrella_sampling/window_025_2.04nm/umbrella.cpt	480960	2026-07-23T02:46:56.5107561660Z
LiCl	LiDA-1/gromacs/umbrella_sampling/window_025_2.04nm/umbrella.edr	1297400	2026-07-23T02:46:56.5537560580Z
LiCl	LiDA-1/gromacs/umbrella_sampling/window_025_2.04nm/umbrella.xtc	141720216	2026-07-23T02:46:56.5167561510Z
LiCl	LiDA-1/gromacs/umbrella_sampling/window_025_2.04nm/umbrella_eq.cpt	480980	2026-07-18T05:48:03.5509361710Z
LiCl	LiDA-1/gromacs/umbrella_sampling/window_025_2.04nm/umbrella_eq.edr	325400	2026-07-18T05:48:03.5849361560Z
LiCl	LiDA-1/gromacs/umbrella_sampling/window_025_2.04nm/umbrella_eq.xtc	35485168	2026-07-18T05:48:03.5549361690Z
LiCl	LiDA-1/gromacs/umbrella_sampling/window_025_2.04nm/umbrella_eq_prev.cpt	479912	2026-07-18T05:48:03.5529361700Z
LiCl	LiDA-1/gromacs/umbrella_sampling/window_025_2.04nm/umbrella_prev.cpt	480684	2026-07-23T02:46:56.5127561610Z
LiCl	LiDA-1/gromacs/umbrella_sampling/window_026_2.12nm/umbrella.cpt	480960	2026-07-20T05:01:38.5261315900Z
LiCl	LiDA-1/gromacs/umbrella_sampling/window_026_2.12nm/umbrella.edr	1297400	2026-07-20T05:01:38.5741316170Z
LiCl	LiDA-1/gromacs/umbrella_sampling/window_026_2.12nm/umbrella.xtc	141726932	2026-07-20T05:01:38.5331315940Z
LiCl	LiDA-1/gromacs/umbrella_sampling/window_026_2.12nm/umbrella_eq.cpt	480980	2026-07-18T05:52:41.9798294510Z
LiCl	LiDA-1/gromacs/umbrella_sampling/window_026_2.12nm/umbrella_eq.edr	325400	2026-07-18T05:52:42.0448294290Z
LiCl	LiDA-1/gromacs/umbrella_sampling/window_026_2.12nm/umbrella_eq.xtc	35485620	2026-07-18T05:52:41.9848294490Z
LiCl	LiDA-1/gromacs/umbrella_sampling/window_026_2.12nm/umbrella_eq_prev.cpt	480704	2026-07-18T05:52:41.9828294500Z
LiCl	LiDA-1/gromacs/umbrella_sampling/window_026_2.12nm/umbrella_prev.cpt	480684	2026-07-20T05:01:38.5311315930Z
LiCl	LiDA-1/gromacs/umbrella_sampling/window_027_2.19nm/umbrella.cpt	480960	2026-07-18T23:23:36.3650615680Z
LiCl	LiDA-1/gromacs/umbrella_sampling/window_027_2.19nm/umbrella.edr	1297400	2026-07-18T23:23:36.4170615400Z
LiCl	LiDA-1/gromacs/umbrella_sampling/window_027_2.19nm/umbrella.xtc	141721368	2026-07-18T23:23:36.3710615640Z
LiCl	LiDA-1/gromacs/umbrella_sampling/window_027_2.19nm/umbrella_eq.cpt	480980	2026-07-18T05:48:35.4059222560Z
LiCl	LiDA-1/gromacs/umbrella_sampling/window_027_2.19nm/umbrella_eq.edr	325400	2026-07-18T05:48:35.4419222410Z
LiCl	LiDA-1/gromacs/umbrella_sampling/window_027_2.19nm/umbrella_eq.xtc	35483020	2026-07-18T05:48:35.4109222540Z
LiCl	LiDA-1/gromacs/umbrella_sampling/window_027_2.19nm/umbrella_eq_prev.cpt	480704	2026-07-18T05:48:35.4089222550Z
LiCl	LiDA-1/gromacs/umbrella_sampling/window_027_2.19nm/umbrella_prev.cpt	480684	2026-07-18T23:23:36.3690615650Z
LiCl	LiDA-1/gromacs/umbrella_sampling/window_028_2.27nm/umbrella.cpt	480960	2026-07-23T20:07:58.6270600450Z
LiCl	LiDA-1/gromacs/umbrella_sampling/window_028_2.27nm/umbrella.edr	1297400	2026-07-23T20:07:58.6620600250Z
LiCl	LiDA-1/gromacs/umbrella_sampling/window_028_2.27nm/umbrella.xtc	141720044	2026-07-23T20:07:58.6310600430Z
LiCl	LiDA-1/gromacs/umbrella_sampling/window_028_2.27nm/umbrella_eq.cpt	480980	2026-07-18T05:48:28.8419250810Z
LiCl	LiDA-1/gromacs/umbrella_sampling/window_028_2.27nm/umbrella_eq.edr	325400	2026-07-18T05:48:28.8789250650Z
LiCl	LiDA-1/gromacs/umbrella_sampling/window_028_2.27nm/umbrella_eq.xtc	35483780	2026-07-18T05:48:28.8489250790Z
LiCl	LiDA-1/gromacs/umbrella_sampling/window_028_2.27nm/umbrella_eq_prev.cpt	480704	2026-07-18T05:48:28.8469250790Z
LiCl	LiDA-1/gromacs/umbrella_sampling/window_028_2.27nm/umbrella_prev.cpt	480684	2026-07-23T20:07:58.6290600440Z
LiCl	LiDA-1/gromacs/umbrella_sampling/window_029_2.34nm/umbrella.cpt	480960	2026-07-18T22:02:51.9674004140Z
LiCl	LiDA-1/gromacs/umbrella_sampling/window_029_2.34nm/umbrella.edr	1297400	2026-07-18T22:02:52.0334003710Z
LiCl	LiDA-1/gromacs/umbrella_sampling/window_029_2.34nm/umbrella.xtc	141729184	2026-07-18T22:02:51.9734004100Z
LiCl	LiDA-1/gromacs/umbrella_sampling/window_029_2.34nm/umbrella_eq.cpt	480980	2026-07-18T05:46:51.2779697830Z
LiCl	LiDA-1/gromacs/umbrella_sampling/window_029_2.34nm/umbrella_eq.edr	325400	2026-07-18T05:46:51.3109697670Z
LiCl	LiDA-1/gromacs/umbrella_sampling/window_029_2.34nm/umbrella_eq.xtc	35486152	2026-07-18T05:46:51.2809697810Z
LiCl	LiDA-1/gromacs/umbrella_sampling/window_029_2.34nm/umbrella_eq_prev.cpt	480704	2026-07-18T05:46:51.2789697820Z
LiCl	LiDA-1/gromacs/umbrella_sampling/window_029_2.34nm/umbrella_prev.cpt	480684	2026-07-18T22:02:51.9714004110Z
LiCl	LiDS-1/gromacs/run_eq/step4.1_equilibration.edr	71728	2026-07-13T14:32:43.0000000000Z
LiCl	LiDS-1/gromacs/run_min/min_attempt0.edr	67588	2026-07-13T14:32:43.0000000000Z
LiCl	LiDS-1/gromacs/run_min/step4.0_minimization.edr	67588	2026-07-13T14:32:43.0000000000Z
LiCl	LiDS-1/gromacs/run_prod_20ns/step5_production_20ns.edr	1273368	2026-07-13T14:32:43.0000000000Z
LiCl	LiDS-1/gromacs/umbrella_sampling/bound_place_min/min.edr	54640	2026-07-18T01:32:41.7441075820Z
LiCl	LiDS-1/gromacs/umbrella_sampling/bound_place_min/min.trr	350664	2026-07-18T01:32:41.7461075690Z
LiCl	LiDS-1/gromacs/umbrella_sampling/pull/pull.cpt	703420	2026-07-18T03:09:01.8856884530Z
LiCl	LiDS-1/gromacs/umbrella_sampling/pull/pull.edr	649400	2026-07-18T03:09:01.9316884580Z
LiCl	LiDS-1/gromacs/umbrella_sampling/pull/pull.xtc	105004388	2026-07-18T03:09:01.8896884530Z
LiCl	LiDS-1/gromacs/umbrella_sampling/pull/pull_prev.cpt	703144	2026-07-18T03:09:01.8866884530Z
LiCl	LiDS-1/gromacs/umbrella_sampling/window_000_0.46nm/umbrella.cpt	703440	2026-07-20T10:29:35.1640676030Z
LiCl	LiDS-1/gromacs/umbrella_sampling/window_000_0.46nm/umbrella.edr	1297400	2026-07-20T10:29:35.2130676040Z
LiCl	LiDS-1/gromacs/umbrella_sampling/window_000_0.46nm/umbrella.xtc	209903732	2026-07-20T10:29:35.1690676040Z
LiCl	LiDS-1/gromacs/umbrella_sampling/window_000_0.46nm/umbrella_eq.cpt	703460	2026-07-18T08:57:53.5567272310Z
LiCl	LiDS-1/gromacs/umbrella_sampling/window_000_0.46nm/umbrella_eq.edr	325400	2026-07-18T08:57:53.6047273610Z
LiCl	LiDS-1/gromacs/umbrella_sampling/window_000_0.46nm/umbrella_eq.xtc	52554964	2026-07-18T08:57:53.5617272440Z
LiCl	LiDS-1/gromacs/umbrella_sampling/window_000_0.46nm/umbrella_eq_prev.cpt	703184	2026-07-18T08:57:53.5587272360Z
LiCl	LiDS-1/gromacs/umbrella_sampling/window_000_0.46nm/umbrella_prev.cpt	703164	2026-07-20T10:29:35.1660676030Z
LiCl	LiDS-1/gromacs/umbrella_sampling/window_001_0.53nm/umbrella.cpt	703440	2026-07-21T02:39:52.4233935290Z
LiCl	LiDS-1/gromacs/umbrella_sampling/window_001_0.53nm/umbrella.edr	1297400	2026-07-21T02:39:52.4713935480Z
LiCl	LiDS-1/gromacs/umbrella_sampling/window_001_0.53nm/umbrella.xtc	209904160	2026-07-21T02:39:52.4273935310Z
LiCl	LiDS-1/gromacs/umbrella_sampling/window_001_0.53nm/umbrella_eq.cpt	703460	2026-07-18T08:49:24.3877122820Z
LiCl	LiDS-1/gromacs/umbrella_sampling/window_001_0.53nm/umbrella_eq.edr	325400	2026-07-18T08:49:24.4357122730Z
LiCl	LiDS-1/gromacs/umbrella_sampling/window_001_0.53nm/umbrella_eq.xtc	52554292	2026-07-18T08:49:24.3907122810Z
LiCl	LiDS-1/gromacs/umbrella_sampling/window_001_0.53nm/umbrella_eq_prev.cpt	702392	2026-07-18T08:49:24.3887122820Z
LiCl	LiDS-1/gromacs/umbrella_sampling/window_001_0.53nm/umbrella_prev.cpt	703164	2026-07-21T02:39:52.4253935300Z
LiCl	LiDS-1/gromacs/umbrella_sampling/window_002_0.61nm/umbrella.cpt	703440	2026-07-22T05:05:27.6393072230Z
LiCl	LiDS-1/gromacs/umbrella_sampling/window_002_0.61nm/umbrella.edr	1297400	2026-07-22T05:05:27.7083072200Z
LiCl	LiDS-1/gromacs/umbrella_sampling/window_002_0.61nm/umbrella.xtc	209910400	2026-07-22T05:05:27.6463072220Z
LiCl	LiDS-1/gromacs/umbrella_sampling/window_002_0.61nm/umbrella_eq.cpt	703460	2026-07-18T08:48:09.5517265160Z
LiCl	LiDS-1/gromacs/umbrella_sampling/window_002_0.61nm/umbrella_eq.edr	325400	2026-07-18T08:48:09.5997265060Z
LiCl	LiDS-1/gromacs/umbrella_sampling/window_002_0.61nm/umbrella_eq.xtc	52554460	2026-07-18T08:48:09.5557265150Z
LiCl	LiDS-1/gromacs/umbrella_sampling/window_002_0.61nm/umbrella_eq_prev.cpt	703184	2026-07-18T08:48:09.5527265150Z
LiCl	LiDS-1/gromacs/umbrella_sampling/window_002_0.61nm/umbrella_prev.cpt	702372	2026-07-22T05:05:27.6433072230Z
LiCl	LiDS-1/gromacs/umbrella_sampling/window_003_0.68nm/umbrella.cpt	703440	2026-07-24T03:24:24.6268304480Z
LiCl	LiDS-1/gromacs/umbrella_sampling/window_003_0.68nm/umbrella.edr	1297400	2026-07-24T03:24:24.6728304480Z
LiCl	LiDS-1/gromacs/umbrella_sampling/window_003_0.68nm/umbrella.xtc	209903632	2026-07-24T03:24:24.6308304480Z
LiCl	LiDS-1/gromacs/umbrella_sampling/window_003_0.68nm/umbrella_eq.cpt	703460	2026-07-19T18:24:59.8749203790Z
LiCl	LiDS-1/gromacs/umbrella_sampling/window_003_0.68nm/umbrella_eq.edr	325400	2026-07-19T18:24:59.9219203970Z
LiCl	LiDS-1/gromacs/umbrella_sampling/window_003_0.68nm/umbrella_eq.xtc	52554960	2026-07-19T18:24:59.8779203800Z
LiCl	LiDS-1/gromacs/umbrella_sampling/window_003_0.68nm/umbrella_eq_prev.cpt	703184	2026-07-19T18:24:59.8759203790Z
LiCl	LiDS-1/gromacs/umbrella_sampling/window_003_0.68nm/umbrella_prev.cpt	703164	2026-07-24T03:24:24.6278304490Z
LiCl	LiDS-1/gromacs/umbrella_sampling/window_004_0.76nm/umbrella.cpt	703440	2026-07-21T14:13:58.9101233910Z
LiCl	LiDS-1/gromacs/umbrella_sampling/window_004_0.76nm/umbrella.edr	1297400	2026-07-21T14:13:58.9671233930Z
LiCl	LiDS-1/gromacs/umbrella_sampling/window_004_0.76nm/umbrella.xtc	209902876	2026-07-21T14:13:58.9171233910Z
LiCl	LiDS-1/gromacs/umbrella_sampling/window_004_0.76nm/umbrella_eq.cpt	703460	2026-07-18T09:50:47.0476670410Z
LiCl	LiDS-1/gromacs/umbrella_sampling/window_004_0.76nm/umbrella_eq.edr	325400	2026-07-18T09:50:47.1186670640Z
LiCl	LiDS-1/gromacs/umbrella_sampling/window_004_0.76nm/umbrella_eq.xtc	52555136	2026-07-18T09:50:47.0546670430Z
LiCl	LiDS-1/gromacs/umbrella_sampling/window_004_0.76nm/umbrella_eq_prev.cpt	703184	2026-07-18T09:50:47.0516670430Z
LiCl	LiDS-1/gromacs/umbrella_sampling/window_004_0.76nm/umbrella_prev.cpt	703164	2026-07-21T14:13:58.9141233910Z
LiCl	LiDS-1/gromacs/umbrella_sampling/window_005_0.83nm/umbrella.cpt	703440	2026-07-23T21:56:39.4139022450Z
LiCl	LiDS-1/gromacs/umbrella_sampling/window_005_0.83nm/umbrella.edr	1297400	2026-07-23T21:56:39.4619022300Z
LiCl	LiDS-1/gromacs/umbrella_sampling/window_005_0.83nm/umbrella.xtc	209906732	2026-07-23T21:56:39.4189022430Z
LiCl	LiDS-1/gromacs/umbrella_sampling/window_005_0.83nm/umbrella_eq.cpt	703460	2026-07-22T17:51:54.6579330480Z
LiCl	LiDS-1/gromacs/umbrella_sampling/window_005_0.83nm/umbrella_eq.edr	325400	2026-07-22T17:51:54.7479330670Z
LiCl	LiDS-1/gromacs/umbrella_sampling/window_005_0.83nm/umbrella_eq.xtc	52554500	2026-07-22T17:51:54.6649330490Z
LiCl	LiDS-1/gromacs/umbrella_sampling/window_005_0.83nm/umbrella_eq_prev.cpt	703184	2026-07-22T17:51:54.6619330490Z
LiCl	LiDS-1/gromacs/umbrella_sampling/window_005_0.83nm/umbrella_prev.cpt	703164	2026-07-23T21:56:39.4159022440Z
LiCl	LiDS-1/gromacs/umbrella_sampling/window_006_0.91nm/umbrella.cpt	703440	2026-07-19T22:22:28.0772600370Z
LiCl	LiDS-1/gromacs/umbrella_sampling/window_006_0.91nm/umbrella.edr	1297400	2026-07-19T22:22:28.1362600290Z
LiCl	LiDS-1/gromacs/umbrella_sampling/window_006_0.91nm/umbrella.xtc	209913240	2026-07-19T22:22:28.0872600350Z
LiCl	LiDS-1/gromacs/umbrella_sampling/window_006_0.91nm/umbrella_eq.cpt	703460	2026-07-18T08:57:47.2867102000Z
LiCl	LiDS-1/gromacs/umbrella_sampling/window_006_0.91nm/umbrella_eq.edr	325400	2026-07-18T08:57:47.3347103300Z
LiCl	LiDS-1/gromacs/umbrella_sampling/window_006_0.91nm/umbrella_eq.xtc	52556956	2026-07-18T08:57:47.2907102100Z
LiCl	LiDS-1/gromacs/umbrella_sampling/window_006_0.91nm/umbrella_eq_prev.cpt	702392	2026-07-18T08:57:47.2887102050Z
LiCl	LiDS-1/gromacs/umbrella_sampling/window_006_0.91nm/umbrella_prev.cpt	703164	2026-07-19T22:22:28.0842600350Z
LiCl	LiDS-1/gromacs/umbrella_sampling/window_007_0.98nm/umbrella.cpt	703440	2026-07-23T19:29:45.1796020080Z
LiCl	LiDS-1/gromacs/umbrella_sampling/window_007_0.98nm/umbrella.edr	1297400	2026-07-23T19:29:45.2286020570Z
LiCl	LiDS-1/gromacs/umbrella_sampling/window_007_0.98nm/umbrella.xtc	209912604	2026-07-23T19:29:45.1846020130Z
LiCl	LiDS-1/gromacs/umbrella_sampling/window_007_0.98nm/umbrella_eq.cpt	703460	2026-07-18T09:49:37.5316456780Z
LiCl	LiDS-1/gromacs/umbrella_sampling/window_007_0.98nm/umbrella_eq.edr	325400	2026-07-18T09:49:37.5806456930Z
LiCl	LiDS-1/gromacs/umbrella_sampling/window_007_0.98nm/umbrella_eq.xtc	52554564	2026-07-18T09:49:37.5366456790Z
LiCl	LiDS-1/gromacs/umbrella_sampling/window_007_0.98nm/umbrella_eq_prev.cpt	703184	2026-07-18T09:49:37.5336456790Z
LiCl	LiDS-1/gromacs/umbrella_sampling/window_007_0.98nm/umbrella_prev.cpt	702372	2026-07-23T19:29:45.1816020100Z
LiCl	LiDS-1/gromacs/umbrella_sampling/window_008_1.06nm/umbrella.cpt	703440	2026-07-21T01:23:22.8437706770Z
LiCl	LiDS-1/gromacs/umbrella_sampling/window_008_1.06nm/umbrella.edr	1297400	2026-07-21T01:23:22.8987707410Z
LiCl	LiDS-1/gromacs/umbrella_sampling/window_008_1.06nm/umbrella.xtc	209903908	2026-07-21T01:23:22.8517706860Z
LiCl	LiDS-1/gromacs/umbrella_sampling/window_008_1.06nm/umbrella_eq.cpt	703460	2026-07-18T08:47:23.6977356180Z
LiCl	LiDS-1/gromacs/umbrella_sampling/window_008_1.06nm/umbrella_eq.edr	325400	2026-07-18T08:47:23.7417356090Z
LiCl	LiDS-1/gromacs/umbrella_sampling/window_008_1.06nm/umbrella_eq.xtc	52554596	2026-07-18T08:47:23.7007356170Z
LiCl	LiDS-1/gromacs/umbrella_sampling/window_008_1.06nm/umbrella_eq_prev.cpt	703184	2026-07-18T08:47:23.6987356170Z
LiCl	LiDS-1/gromacs/umbrella_sampling/window_008_1.06nm/umbrella_prev.cpt	703164	2026-07-21T01:23:22.8487706830Z
LiCl	LiDS-1/gromacs/umbrella_sampling/window_009_1.13nm/umbrella.cpt	703440	2026-07-22T00:34:58.9207090130Z
LiCl	LiDS-1/gromacs/umbrella_sampling/window_009_1.13nm/umbrella.edr	1297400	2026-07-22T00:34:58.9707089910Z
LiCl	LiDS-1/gromacs/umbrella_sampling/window_009_1.13nm/umbrella.xtc	209902952	2026-07-22T00:34:58.9267090100Z
LiCl	LiDS-1/gromacs/umbrella_sampling/window_009_1.13nm/umbrella_eq.cpt	703460	2026-07-18T08:56:59.9635762080Z
LiCl	LiDS-1/gromacs/umbrella_sampling/window_009_1.13nm/umbrella_eq.edr	325400	2026-07-18T08:57:00.0125763520Z
LiCl	LiDS-1/gromacs/umbrella_sampling/window_009_1.13nm/umbrella_eq.xtc	52554048	2026-07-18T08:56:59.9675762200Z
LiCl	LiDS-1/gromacs/umbrella_sampling/window_009_1.13nm/umbrella_eq_prev.cpt	703184	2026-07-18T08:56:59.9655762140Z
LiCl	LiDS-1/gromacs/umbrella_sampling/window_009_1.13nm/umbrella_prev.cpt	702372	2026-07-22T00:34:58.9237090120Z
LiCl	LiDS-1/gromacs/umbrella_sampling/window_010_1.21nm/umbrella.cpt	703440	2026-07-19T20:42:05.8018647740Z
LiCl	LiDS-1/gromacs/umbrella_sampling/window_010_1.21nm/umbrella.edr	1297400	2026-07-19T20:42:05.8498647810Z
LiCl	LiDS-1/gromacs/umbrella_sampling/window_010_1.21nm/umbrella.xtc	209907036	2026-07-19T20:42:05.8058647750Z
LiCl	LiDS-1/gromacs/umbrella_sampling/window_010_1.21nm/umbrella_eq.cpt	703460	2026-07-18T08:56:47.8165401950Z
LiCl	LiDS-1/gromacs/umbrella_sampling/window_010_1.21nm/umbrella_eq.edr	325400	2026-07-18T08:56:47.9165404940Z
LiCl	LiDS-1/gromacs/umbrella_sampling/window_010_1.21nm/umbrella_eq.xtc	52555248	2026-07-18T08:56:47.8245402190Z
LiCl	LiDS-1/gromacs/umbrella_sampling/window_010_1.21nm/umbrella_eq_prev.cpt	703184	2026-07-18T08:56:47.8215402100Z
LiCl	LiDS-1/gromacs/umbrella_sampling/window_010_1.21nm/umbrella_prev.cpt	702372	2026-07-19T20:42:05.8028647740Z
LiCl	LiDS-1/gromacs/umbrella_sampling/window_011_1.28nm/umbrella.cpt	703440	2026-07-20T00:52:46.8261482230Z
LiCl	LiDS-1/gromacs/umbrella_sampling/window_011_1.28nm/umbrella.edr	1297400	2026-07-20T00:52:46.8951482660Z
LiCl	LiDS-1/gromacs/umbrella_sampling/window_011_1.28nm/umbrella.xtc	209902524	2026-07-20T00:52:46.8331482270Z
LiCl	LiDS-1/gromacs/umbrella_sampling/window_011_1.28nm/umbrella_eq.cpt	703460	2026-07-18T08:48:16.7197251200Z
LiCl	LiDS-1/gromacs/umbrella_sampling/window_011_1.28nm/umbrella_eq.edr	325400	2026-07-18T08:48:16.7927251060Z
LiCl	LiDS-1/gromacs/umbrella_sampling/window_011_1.28nm/umbrella_eq.xtc	52553968	2026-07-18T08:48:16.7277251180Z
LiCl	LiDS-1/gromacs/umbrella_sampling/window_011_1.28nm/umbrella_eq_prev.cpt	703184	2026-07-18T08:48:16.7217251200Z
LiCl	LiDS-1/gromacs/umbrella_sampling/window_011_1.28nm/umbrella_prev.cpt	702372	2026-07-20T00:52:46.8311482260Z
LiCl	LiDS-1/gromacs/umbrella_sampling/window_012_1.36nm/umbrella.cpt	703440	2026-07-20T20:57:15.2405019500Z
LiCl	LiDS-1/gromacs/umbrella_sampling/window_012_1.36nm/umbrella.edr	1297400	2026-07-20T20:57:15.3155019980Z
LiCl	LiDS-1/gromacs/umbrella_sampling/window_012_1.36nm/umbrella.xtc	209904208	2026-07-20T20:57:15.2475019540Z
LiCl	LiDS-1/gromacs/umbrella_sampling/window_012_1.36nm/umbrella_eq.cpt	703460	2026-07-18T08:49:23.6817124130Z
LiCl	LiDS-1/gromacs/umbrella_sampling/window_012_1.36nm/umbrella_eq.edr	325400	2026-07-18T08:49:23.7307124040Z
LiCl	LiDS-1/gromacs/umbrella_sampling/window_012_1.36nm/umbrella_eq.xtc	52554360	2026-07-18T08:49:23.6857124120Z
LiCl	LiDS-1/gromacs/umbrella_sampling/window_012_1.36nm/umbrella_eq_prev.cpt	703184	2026-07-18T08:49:23.6827124130Z
LiCl	LiDS-1/gromacs/umbrella_sampling/window_012_1.36nm/umbrella_prev.cpt	703164	2026-07-20T20:57:15.2445019520Z
LiCl	LiDS-1/gromacs/umbrella_sampling/window_013_1.43nm/umbrella.cpt	703440	2026-07-23T17:55:43.4289555850Z
LiCl	LiDS-1/gromacs/umbrella_sampling/window_013_1.43nm/umbrella.edr	1297400	2026-07-23T17:55:43.4779556110Z
LiCl	LiDS-1/gromacs/umbrella_sampling/window_013_1.43nm/umbrella.xtc	209903408	2026-07-23T17:55:43.4329555870Z
LiCl	LiDS-1/gromacs/umbrella_sampling/window_013_1.43nm/umbrella_eq.cpt	703460	2026-07-21T13:14:16.7850449030Z
LiCl	LiDS-1/gromacs/umbrella_sampling/window_013_1.43nm/umbrella_eq.edr	325400	2026-07-21T13:14:16.8340448720Z
LiCl	LiDS-1/gromacs/umbrella_sampling/window_013_1.43nm/umbrella_eq.xtc	52554748	2026-07-21T13:14:16.7900449000Z
LiCl	LiDS-1/gromacs/umbrella_sampling/window_013_1.43nm/umbrella_eq_prev.cpt	703184	2026-07-21T13:14:16.7870449020Z
LiCl	LiDS-1/gromacs/umbrella_sampling/window_013_1.43nm/umbrella_prev.cpt	703164	2026-07-23T17:55:43.4309555860Z
LiCl	LiDS-1/gromacs/umbrella_sampling/window_014_1.51nm/umbrella.cpt	703440	2026-07-21T18:57:29.3895838700Z
LiCl	LiDS-1/gromacs/umbrella_sampling/window_014_1.51nm/umbrella.edr	1297400	2026-07-21T18:57:29.4415838700Z
LiCl	LiDS-1/gromacs/umbrella_sampling/window_014_1.51nm/umbrella.xtc	209902684	2026-07-21T18:57:29.3975838700Z
LiCl	LiDS-1/gromacs/umbrella_sampling/window_014_1.51nm/umbrella_eq.cpt	703460	2026-07-19T11:45:33.3033314970Z
LiCl	LiDS-1/gromacs/umbrella_sampling/window_014_1.51nm/umbrella_eq.edr	325400	2026-07-19T11:45:33.3613315050Z
LiCl	LiDS-1/gromacs/umbrella_sampling/window_014_1.51nm/umbrella_eq.xtc	52554252	2026-07-19T11:45:33.3093314980Z
LiCl	LiDS-1/gromacs/umbrella_sampling/window_014_1.51nm/umbrella_eq_prev.cpt	703184	2026-07-19T11:45:33.3063314980Z
LiCl	LiDS-1/gromacs/umbrella_sampling/window_014_1.51nm/umbrella_prev.cpt	703164	2026-07-21T18:57:29.3945838710Z
LiCl	LiDS-1/gromacs/umbrella_sampling/window_015_1.58nm/umbrella.cpt	703440	2026-07-20T07:05:13.0771765720Z
LiCl	LiDS-1/gromacs/umbrella_sampling/window_015_1.58nm/umbrella.edr	1297400	2026-07-20T07:05:13.1901767970Z
LiCl	LiDS-1/gromacs/umbrella_sampling/window_015_1.58nm/umbrella.xtc	209902904	2026-07-20T07:05:13.0851765880Z
LiCl	LiDS-1/gromacs/umbrella_sampling/window_015_1.58nm/umbrella_eq.cpt	703460	2026-07-18T09:50:08.1396549700Z
LiCl	LiDS-1/gromacs/umbrella_sampling/window_015_1.58nm/umbrella_eq.edr	325400	2026-07-18T09:50:08.2356550000Z
LiCl	LiDS-1/gromacs/umbrella_sampling/window_015_1.58nm/umbrella_eq.xtc	52554768	2026-07-18T09:50:08.1466549730Z
LiCl	LiDS-1/gromacs/umbrella_sampling/window_015_1.58nm/umbrella_eq_prev.cpt	703184	2026-07-18T09:50:08.1436549720Z
LiCl	LiDS-1/gromacs/umbrella_sampling/window_015_1.58nm/umbrella_prev.cpt	702372	2026-07-20T07:05:13.0791765760Z
LiCl	LiDS-1/gromacs/umbrella_sampling/window_016_1.66nm/umbrella.cpt	703440	2026-07-23T06:20:58.7893408250Z
LiCl	LiDS-1/gromacs/umbrella_sampling/window_016_1.66nm/umbrella.edr	1297400	2026-07-23T06:20:58.8383408500Z
LiCl	LiDS-1/gromacs/umbrella_sampling/window_016_1.66nm/umbrella.xtc	209903048	2026-07-23T06:20:58.7943408280Z
LiCl	LiDS-1/gromacs/umbrella_sampling/window_016_1.66nm/umbrella_eq.cpt	703460	2026-07-18T08:50:56.7126956480Z
LiCl	LiDS-1/gromacs/umbrella_sampling/window_016_1.66nm/umbrella_eq.edr	325400	2026-07-18T08:50:56.7856956350Z
LiCl	LiDS-1/gromacs/umbrella_sampling/window_016_1.66nm/umbrella_eq.xtc	52554868	2026-07-18T08:50:56.7196956470Z
LiCl	LiDS-1/gromacs/umbrella_sampling/window_016_1.66nm/umbrella_eq_prev.cpt	703184	2026-07-18T08:50:56.7176956470Z
LiCl	LiDS-1/gromacs/umbrella_sampling/window_016_1.66nm/umbrella_prev.cpt	702372	2026-07-23T06:20:58.7913408260Z
LiCl	LiDS-1/gromacs/umbrella_sampling/window_017_1.73nm/umbrella.cpt	703440	2026-07-21T23:35:52.1600300210Z
LiCl	LiDS-1/gromacs/umbrella_sampling/window_017_1.73nm/umbrella.edr	1297400	2026-07-21T23:35:52.2090300330Z
LiCl	LiDS-1/gromacs/umbrella_sampling/window_017_1.73nm/umbrella.xtc	209903024	2026-07-21T23:35:52.1650300220Z
LiCl	LiDS-1/gromacs/umbrella_sampling/window_017_1.73nm/umbrella_eq.cpt	703460	2026-07-18T08:48:20.3547244150Z
LiCl	LiDS-1/gromacs/umbrella_sampling/window_017_1.73nm/umbrella_eq.edr	325400	2026-07-18T08:48:20.4037244060Z
LiCl	LiDS-1/gromacs/umbrella_sampling/window_017_1.73nm/umbrella_eq.xtc	52554924	2026-07-18T08:48:20.3597244140Z
LiCl	LiDS-1/gromacs/umbrella_sampling/window_017_1.73nm/umbrella_eq_prev.cpt	703184	2026-07-18T08:48:20.3567244140Z
LiCl	LiDS-1/gromacs/umbrella_sampling/window_017_1.73nm/umbrella_prev.cpt	703164	2026-07-21T23:35:52.1620300210Z
LiCl	LiDS-1/gromacs/umbrella_sampling/window_018_1.81nm/umbrella.cpt	703440	2026-07-22T02:26:03.6790607860Z
LiCl	LiDS-1/gromacs/umbrella_sampling/window_018_1.81nm/umbrella.edr	1297400	2026-07-22T02:26:03.7300607600Z
LiCl	LiDS-1/gromacs/umbrella_sampling/window_018_1.81nm/umbrella.xtc	209906636	2026-07-22T02:26:03.6850607830Z
LiCl	LiDS-1/gromacs/umbrella_sampling/window_018_1.81nm/umbrella_eq.cpt	703460	2026-07-18T11:14:42.7658188350Z
LiCl	LiDS-1/gromacs/umbrella_sampling/window_018_1.81nm/umbrella_eq.edr	325400	2026-07-18T11:14:42.8138187530Z
LiCl	LiDS-1/gromacs/umbrella_sampling/window_018_1.81nm/umbrella_eq.xtc	52554820	2026-07-18T11:14:42.7698188280Z
LiCl	LiDS-1/gromacs/umbrella_sampling/window_018_1.81nm/umbrella_eq_prev.cpt	703184	2026-07-18T11:14:42.7668188330Z
LiCl	LiDS-1/gromacs/umbrella_sampling/window_018_1.81nm/umbrella_prev.cpt	703164	2026-07-22T02:26:03.6830607840Z
LiCl	LiDS-1/gromacs/umbrella_sampling/window_019_1.88nm/umbrella.cpt	703440	2026-07-23T22:58:17.1787087230Z
LiCl	LiDS-1/gromacs/umbrella_sampling/window_019_1.88nm/umbrella.edr	1297400	2026-07-23T22:58:17.2257087510Z
LiCl	LiDS-1/gromacs/umbrella_sampling/window_019_1.88nm/umbrella.xtc	209903468	2026-07-23T22:58:17.1837087260Z
LiCl	LiDS-1/gromacs/umbrella_sampling/window_019_1.88nm/umbrella_eq.cpt	703460	2026-07-18T12:11:39.6925114720Z
LiCl	LiDS-1/gromacs/umbrella_sampling/window_019_1.88nm/umbrella_eq.edr	325400	2026-07-18T12:11:39.7405115060Z
LiCl	LiDS-1/gromacs/umbrella_sampling/window_019_1.88nm/umbrella_eq.xtc	52554296	2026-07-18T12:11:39.6965114740Z
LiCl	LiDS-1/gromacs/umbrella_sampling/window_019_1.88nm/umbrella_eq_prev.cpt	703184	2026-07-18T12:11:39.6935114720Z
LiCl	LiDS-1/gromacs/umbrella_sampling/window_019_1.88nm/umbrella_prev.cpt	703164	2026-07-23T22:58:17.1807087240Z
LiCl	LiDS-1/gromacs/umbrella_sampling/window_020_1.96nm/umbrella.cpt	703440	2026-07-21T11:29:31.5295714640Z
LiCl	LiDS-1/gromacs/umbrella_sampling/window_020_1.96nm/umbrella.edr	1297400	2026-07-21T11:29:31.5785715480Z
LiCl	LiDS-1/gromacs/umbrella_sampling/window_020_1.96nm/umbrella.xtc	209903272	2026-07-21T11:29:31.5345714730Z
LiCl	LiDS-1/gromacs/umbrella_sampling/window_020_1.96nm/umbrella_eq.cpt	703460	2026-07-18T08:46:00.1017530620Z
LiCl	LiDS-1/gromacs/umbrella_sampling/window_020_1.96nm/umbrella_eq.edr	325400	2026-07-18T08:46:00.1497530520Z
LiCl	LiDS-1/gromacs/umbrella_sampling/window_020_1.96nm/umbrella_eq.xtc	52554408	2026-07-18T08:46:00.1067530610Z
LiCl	LiDS-1/gromacs/umbrella_sampling/window_020_1.96nm/umbrella_eq_prev.cpt	702392	2026-07-18T08:46:00.1037530620Z
LiCl	LiDS-1/gromacs/umbrella_sampling/window_020_1.96nm/umbrella_prev.cpt	702372	2026-07-21T11:29:31.5315714670Z
LiCl	LiDS-1/gromacs/umbrella_sampling/window_021_2.03nm/umbrella.cpt	703440	2026-07-20T09:47:37.1410495810Z
LiCl	LiDS-1/gromacs/umbrella_sampling/window_021_2.03nm/umbrella.edr	1297400	2026-07-20T09:47:37.1900495980Z
LiCl	LiDS-1/gromacs/umbrella_sampling/window_021_2.03nm/umbrella.xtc	209918160	2026-07-20T09:47:37.1460495830Z
LiCl	LiDS-1/gromacs/umbrella_sampling/window_021_2.03nm/umbrella_eq.cpt	703460	2026-07-18T08:58:17.4227905910Z
LiCl	LiDS-1/gromacs/umbrella_sampling/window_021_2.03nm/umbrella_eq.edr	325400	2026-07-18T08:58:17.5067908100Z
LiCl	LiDS-1/gromacs/umbrella_sampling/window_021_2.03nm/umbrella_eq.xtc	52555388	2026-07-18T08:58:17.4307906120Z
LiCl	LiDS-1/gromacs/umbrella_sampling/window_021_2.03nm/umbrella_eq_prev.cpt	702392	2026-07-18T08:58:17.4277906040Z
LiCl	LiDS-1/gromacs/umbrella_sampling/window_021_2.03nm/umbrella_prev.cpt	703164	2026-07-20T09:47:37.1430495820Z
LiCl	LiDS-1/gromacs/umbrella_sampling/window_022_2.11nm/umbrella.cpt	703440	2026-07-19T11:33:22.7932412250Z
LiCl	LiDS-1/gromacs/umbrella_sampling/window_022_2.11nm/umbrella.edr	1297400	2026-07-19T11:33:22.8572412400Z
LiCl	LiDS-1/gromacs/umbrella_sampling/window_022_2.11nm/umbrella.xtc	209903596	2026-07-19T11:33:22.7972412260Z
LiCl	LiDS-1/gromacs/umbrella_sampling/window_022_2.11nm/umbrella_eq.cpt	703460	2026-07-18T08:47:18.2337367230Z
LiCl	LiDS-1/gromacs/umbrella_sampling/window_022_2.11nm/umbrella_eq.edr	325400	2026-07-18T08:47:18.2817367130Z
LiCl	LiDS-1/gromacs/umbrella_sampling/window_022_2.11nm/umbrella_eq.xtc	52554540	2026-07-18T08:47:18.2377367220Z
LiCl	LiDS-1/gromacs/umbrella_sampling/window_022_2.11nm/umbrella_eq_prev.cpt	702392	2026-07-18T08:47:18.2357367230Z
LiCl	LiDS-1/gromacs/umbrella_sampling/window_022_2.11nm/umbrella_prev.cpt	703164	2026-07-19T11:33:22.7952412260Z
LiCl	LiDS-1/gromacs/umbrella_sampling/window_023_2.18nm/umbrella.cpt	703440	2026-07-20T06:38:00.1535634300Z
LiCl	LiDS-1/gromacs/umbrella_sampling/window_023_2.18nm/umbrella.edr	1297400	2026-07-20T06:38:00.3155632790Z
LiCl	LiDS-1/gromacs/umbrella_sampling/window_023_2.18nm/umbrella.xtc	209903692	2026-07-20T06:38:00.1605634230Z
LiCl	LiDS-1/gromacs/umbrella_sampling/window_023_2.18nm/umbrella_eq.cpt	703460	2026-07-18T09:49:19.9546404280Z
LiCl	LiDS-1/gromacs/umbrella_sampling/window_023_2.18nm/umbrella_eq.edr	325400	2026-07-18T09:49:20.0026404420Z
LiCl	LiDS-1/gromacs/umbrella_sampling/window_023_2.18nm/umbrella_eq.xtc	52554852	2026-07-18T09:49:19.9586404290Z
LiCl	LiDS-1/gromacs/umbrella_sampling/window_023_2.18nm/umbrella_eq_prev.cpt	703184	2026-07-18T09:49:19.9556404280Z
LiCl	LiDS-1/gromacs/umbrella_sampling/window_023_2.18nm/umbrella_prev.cpt	703164	2026-07-20T06:38:00.1575634260Z
LiCl	LiDS-1/gromacs/umbrella_sampling/window_024_2.26nm/umbrella.cpt	703440	2026-07-21T08:10:13.7480043280Z
LiCl	LiDS-1/gromacs/umbrella_sampling/window_024_2.26nm/umbrella.edr	1297400	2026-07-21T08:10:13.7970043280Z
LiCl	LiDS-1/gromacs/umbrella_sampling/window_024_2.26nm/umbrella.xtc	209901992	2026-07-21T08:10:13.7530043280Z
LiCl	LiDS-1/gromacs/umbrella_sampling/window_024_2.26nm/umbrella_eq.cpt	703460	2026-07-18T08:49:34.9267103340Z
LiCl	LiDS-1/gromacs/umbrella_sampling/window_024_2.26nm/umbrella_eq.edr	325400	2026-07-18T08:49:34.9757103250Z
LiCl	LiDS-1/gromacs/umbrella_sampling/window_024_2.26nm/umbrella_eq.xtc	52555180	2026-07-18T08:49:34.9307103340Z
LiCl	LiDS-1/gromacs/umbrella_sampling/window_024_2.26nm/umbrella_eq_prev.cpt	703184	2026-07-18T08:49:34.9287103340Z
LiCl	LiDS-1/gromacs/umbrella_sampling/window_024_2.26nm/umbrella_prev.cpt	703164	2026-07-21T08:10:13.7500043280Z
LiCl	LiDS-1/gromacs/umbrella_sampling/window_025_2.33nm/umbrella.cpt	703440	2026-07-24T01:16:43.4486055130Z
LiCl	LiDS-1/gromacs/umbrella_sampling/window_025_2.33nm/umbrella.edr	1297400	2026-07-24T01:16:43.4946054940Z
LiCl	LiDS-1/gromacs/umbrella_sampling/window_025_2.33nm/umbrella.xtc	209907664	2026-07-24T01:16:43.4526055120Z
LiCl	LiDS-1/gromacs/umbrella_sampling/window_025_2.33nm/umbrella_eq.cpt	703460	2026-07-18T08:46:32.5687461480Z
LiCl	LiDS-1/gromacs/umbrella_sampling/window_025_2.33nm/umbrella_eq.edr	325400	2026-07-18T08:46:32.6167461380Z
LiCl	LiDS-1/gromacs/umbrella_sampling/window_025_2.33nm/umbrella_eq.xtc	52555708	2026-07-18T08:46:32.5727461470Z
LiCl	LiDS-1/gromacs/umbrella_sampling/window_025_2.33nm/umbrella_eq_prev.cpt	703184	2026-07-18T08:46:32.5707461480Z
LiCl	LiDS-1/gromacs/umbrella_sampling/window_025_2.33nm/umbrella_prev.cpt	703164	2026-07-24T01:16:43.4506055120Z
LiCl	LiDS-1/gromacs/umbrella_sampling/window_026_2.41nm/umbrella.cpt	703440	2026-07-24T08:58:35.8701872980Z
LiCl	LiDS-1/gromacs/umbrella_sampling/window_026_2.41nm/umbrella.edr	1297400	2026-07-24T08:58:35.9001872680Z
LiCl	LiDS-1/gromacs/umbrella_sampling/window_026_2.41nm/umbrella.xtc	209903584	2026-07-24T08:58:35.8731872950Z
LiCl	LiDS-1/gromacs/umbrella_sampling/window_026_2.41nm/umbrella_eq.cpt	703460	2026-07-23T21:38:48.1383757430Z
LiCl	LiDS-1/gromacs/umbrella_sampling/window_026_2.41nm/umbrella_eq.edr	325400	2026-07-23T21:38:48.1853757110Z
LiCl	LiDS-1/gromacs/umbrella_sampling/window_026_2.41nm/umbrella_eq.xtc	52554392	2026-07-23T21:38:48.1423757410Z
LiCl	LiDS-1/gromacs/umbrella_sampling/window_026_2.41nm/umbrella_eq_prev.cpt	703184	2026-07-23T21:38:48.1393757430Z
LiCl	LiDS-1/gromacs/umbrella_sampling/window_026_2.41nm/umbrella_prev.cpt	703164	2026-07-24T08:58:35.8711872970Z
LiCl	LiDS-1/gromacs/umbrella_sampling/window_027_2.48nm/umbrella.cpt	703440	2026-07-21T20:36:08.1713884130Z
LiCl	LiDS-1/gromacs/umbrella_sampling/window_027_2.48nm/umbrella.edr	1297400	2026-07-21T20:36:08.2243884420Z
LiCl	LiDS-1/gromacs/umbrella_sampling/window_027_2.48nm/umbrella.xtc	209903224	2026-07-21T20:36:08.1803884180Z
LiCl	LiDS-1/gromacs/umbrella_sampling/window_027_2.48nm/umbrella_eq.cpt	703460	2026-07-18T08:48:37.8187210530Z
LiCl	LiDS-1/gromacs/umbrella_sampling/window_027_2.48nm/umbrella_eq.edr	325400	2026-07-18T08:48:37.8667210440Z
LiCl	LiDS-1/gromacs/umbrella_sampling/window_027_2.48nm/umbrella_eq.xtc	52554860	2026-07-18T08:48:37.8217210520Z
LiCl	LiDS-1/gromacs/umbrella_sampling/window_027_2.48nm/umbrella_eq_prev.cpt	703184	2026-07-18T08:48:37.8197210530Z
LiCl	LiDS-1/gromacs/umbrella_sampling/window_027_2.48nm/umbrella_prev.cpt	703164	2026-07-21T20:36:08.1733884140Z
LiCl	LiDS-1/gromacs/umbrella_sampling/window_028_2.56nm/umbrella.cpt	703440	2026-07-20T09:22:15.0588431540Z
LiCl	LiDS-1/gromacs/umbrella_sampling/window_028_2.56nm/umbrella.edr	1297400	2026-07-20T09:22:15.1478433250Z
LiCl	LiDS-1/gromacs/umbrella_sampling/window_028_2.56nm/umbrella.xtc	209912928	2026-07-20T09:22:15.0658431680Z
LiCl	LiDS-1/gromacs/umbrella_sampling/window_028_2.56nm/umbrella_eq.cpt	703460	2026-07-18T08:49:21.3887128390Z
LiCl	LiDS-1/gromacs/umbrella_sampling/window_028_2.56nm/umbrella_eq.edr	325400	2026-07-18T08:49:21.4507128270Z
LiCl	LiDS-1/gromacs/umbrella_sampling/window_028_2.56nm/umbrella_eq.xtc	52556388	2026-07-18T08:49:21.3937128380Z
LiCl	LiDS-1/gromacs/umbrella_sampling/window_028_2.56nm/umbrella_eq_prev.cpt	703184	2026-07-18T08:49:21.3907128380Z
LiCl	LiDS-1/gromacs/umbrella_sampling/window_028_2.56nm/umbrella_prev.cpt	703164	2026-07-20T09:22:15.0608431580Z
LiCl	LiDS-1/gromacs/umbrella_sampling/window_029_2.63nm/umbrella.cpt	703440	2026-07-24T02:19:01.2956054620Z
LiCl	LiDS-1/gromacs/umbrella_sampling/window_029_2.63nm/umbrella.edr	1297400	2026-07-24T02:19:01.3426054710Z
LiCl	LiDS-1/gromacs/umbrella_sampling/window_029_2.63nm/umbrella.xtc	209904716	2026-07-24T02:19:01.3006054630Z
LiCl	LiDS-1/gromacs/umbrella_sampling/window_029_2.63nm/umbrella_eq.cpt	703460	2026-07-18T08:47:57.9937287810Z
LiCl	LiDS-1/gromacs/umbrella_sampling/window_029_2.63nm/umbrella_eq.edr	325400	2026-07-18T08:47:58.0427287710Z
LiCl	LiDS-1/gromacs/umbrella_sampling/window_029_2.63nm/umbrella_eq.xtc	52554364	2026-07-18T08:47:57.9977287800Z
LiCl	LiDS-1/gromacs/umbrella_sampling/window_029_2.63nm/umbrella_eq_prev.cpt	703184	2026-07-18T08:47:57.9957287800Z
LiCl	LiDS-1/gromacs/umbrella_sampling/window_029_2.63nm/umbrella_prev.cpt	703164	2026-07-24T02:19:01.2976054630Z
LiCl	LiLC-1/gromacs/run_eq/step4.1_equilibration.edr	71728	2026-07-13T14:32:43.0000000000Z
LiCl	LiLC-1/gromacs/run_min/min_attempt0.edr	1028	2026-07-13T14:32:43.0000000000Z
LiCl	LiLC-1/gromacs/run_min/min_attempt1.edr	159108	2026-07-13T14:32:43.0000000000Z
LiCl	LiLC-1/gromacs/run_min/step4.0_minimization.edr	159108	2026-07-13T14:32:43.0000000000Z
LiCl	LiLC-1/gromacs/run_prod_20ns/step5_production_20ns.edr	1273368	2026-07-13T14:32:43.0000000000Z
LiCl	LiLC-1/gromacs/umbrella_sampling/bound_place_min/min.edr	78552	2026-07-18T01:31:48.5894863840Z
LiCl	LiLC-1/gromacs/umbrella_sampling/bound_place_min/min.trr	533328	2026-07-18T01:31:48.5934863530Z
LiCl	LiLC-1/gromacs/umbrella_sampling/pull/pull.cpt	1068748	2026-07-18T04:00:56.3708172480Z
LiCl	LiLC-1/gromacs/umbrella_sampling/pull/pull.edr	649400	2026-07-18T04:00:56.4368172550Z
LiCl	LiLC-1/gromacs/umbrella_sampling/pull/pull.xtc	159647892	2026-07-18T04:00:56.3758172490Z
LiCl	LiLC-1/gromacs/umbrella_sampling/pull/pull_prev.cpt	1068472	2026-07-18T04:00:56.3728172490Z
LiCl	LiLC-1/gromacs/umbrella_sampling/window_000_0.38nm/umbrella.cpt	1068768	2026-07-24T10:45:14.9285679250Z
LiCl	LiLC-1/gromacs/umbrella_sampling/window_000_0.38nm/umbrella.edr	1297400	2026-07-24T10:45:14.9735678720Z
LiCl	LiLC-1/gromacs/umbrella_sampling/window_000_0.38nm/umbrella.xtc	319137648	2026-07-24T10:45:14.9325679200Z
LiCl	LiLC-1/gromacs/umbrella_sampling/window_000_0.38nm/umbrella_eq.cpt	1068788	2026-07-19T15:03:31.7345220360Z
LiCl	LiLC-1/gromacs/umbrella_sampling/window_000_0.38nm/umbrella_eq.edr	325400	2026-07-19T15:03:31.8135221030Z
LiCl	LiLC-1/gromacs/umbrella_sampling/window_000_0.38nm/umbrella_eq.xtc	79903380	2026-07-19T15:03:31.7435220440Z
LiCl	LiLC-1/gromacs/umbrella_sampling/window_000_0.38nm/umbrella_eq_prev.cpt	1068512	2026-07-19T15:03:31.7365220380Z
LiCl	LiLC-1/gromacs/umbrella_sampling/window_000_0.38nm/umbrella_prev.cpt	1068492	2026-07-24T10:45:14.9305679220Z
LiCl	LiLC-1/gromacs/umbrella_sampling/window_001_0.45nm/umbrella.cpt	1068768	2026-07-22T07:24:11.0857262850Z
LiCl	LiLC-1/gromacs/umbrella_sampling/window_001_0.45nm/umbrella.edr	1297400	2026-07-22T07:24:11.1897265470Z
LiCl	LiLC-1/gromacs/umbrella_sampling/window_001_0.45nm/umbrella.xtc	319137044	2026-07-22T07:24:11.0947263080Z
LiCl	LiLC-1/gromacs/umbrella_sampling/window_001_0.45nm/umbrella_eq.cpt	1068788	2026-07-18T11:45:17.6522870130Z
LiCl	LiLC-1/gromacs/umbrella_sampling/window_001_0.45nm/umbrella_eq.edr	325400	2026-07-18T11:45:17.8272879710Z
LiCl	LiLC-1/gromacs/umbrella_sampling/window_001_0.45nm/umbrella_eq.xtc	79903932	2026-07-18T11:45:17.6632870730Z
LiCl	LiLC-1/gromacs/umbrella_sampling/window_001_0.45nm/umbrella_eq_prev.cpt	1068512	2026-07-18T11:45:17.6552870290Z
LiCl	LiLC-1/gromacs/umbrella_sampling/window_001_0.45nm/umbrella_prev.cpt	1068492	2026-07-22T07:24:11.0877262910Z
LiCl	LiLC-1/gromacs/umbrella_sampling/window_002_0.53nm/umbrella.cpt	1068768	2026-07-24T01:09:50.1558169670Z
LiCl	LiLC-1/gromacs/umbrella_sampling/window_002_0.53nm/umbrella.edr	1297400	2026-07-24T01:09:50.2248169240Z
LiCl	LiLC-1/gromacs/umbrella_sampling/window_002_0.53nm/umbrella.xtc	319144424	2026-07-24T01:09:50.1608169640Z
LiCl	LiLC-1/gromacs/umbrella_sampling/window_002_0.53nm/umbrella_eq.cpt	1068788	2026-07-18T11:34:37.3128356250Z
LiCl	LiLC-1/gromacs/umbrella_sampling/window_002_0.53nm/umbrella_eq.edr	325400	2026-07-18T11:34:37.3858355960Z
LiCl	LiLC-1/gromacs/umbrella_sampling/window_002_0.53nm/umbrella_eq.xtc	79904676	2026-07-18T11:34:37.3188356230Z
LiCl	LiLC-1/gromacs/umbrella_sampling/window_002_0.53nm/umbrella_eq_prev.cpt	1067720	2026-07-18T11:34:37.3148356240Z
LiCl	LiLC-1/gromacs/umbrella_sampling/window_002_0.53nm/umbrella_prev.cpt	1067700	2026-07-24T01:09:50.1568169660Z
LiCl	LiLC-1/gromacs/umbrella_sampling/window_003_0.60nm/umbrella.cpt	1068768	2026-07-24T09:14:19.1636340970Z
LiCl	LiLC-1/gromacs/umbrella_sampling/window_003_0.60nm/umbrella.edr	1297400	2026-07-24T09:14:19.2086340810Z
LiCl	LiLC-1/gromacs/umbrella_sampling/window_003_0.60nm/umbrella.xtc	319142052	2026-07-24T09:14:19.1676340960Z
LiCl	LiLC-1/gromacs/umbrella_sampling/window_003_0.60nm/umbrella_eq.cpt	1068788	2026-07-22T18:19:33.4073439370Z
LiCl	LiLC-1/gromacs/umbrella_sampling/window_003_0.60nm/umbrella_eq.edr	325400	2026-07-22T18:19:33.4803440190Z
LiCl	LiLC-1/gromacs/umbrella_sampling/window_003_0.60nm/umbrella_eq.xtc	79904492	2026-07-22T18:19:33.4133439440Z
LiCl	LiLC-1/gromacs/umbrella_sampling/window_003_0.60nm/umbrella_eq_prev.cpt	1068512	2026-07-22T18:19:33.4093439390Z
LiCl	LiLC-1/gromacs/umbrella_sampling/window_003_0.60nm/umbrella_prev.cpt	1068492	2026-07-24T09:14:19.1646340960Z
LiCl	LiLC-1/gromacs/umbrella_sampling/window_004_0.68nm/umbrella.cpt	1068768	2026-07-20T13:43:40.4068724740Z
LiCl	LiLC-1/gromacs/umbrella_sampling/window_004_0.68nm/umbrella.edr	1297400	2026-07-20T13:43:40.4788724700Z
LiCl	LiLC-1/gromacs/umbrella_sampling/window_004_0.68nm/umbrella.xtc	319145052	2026-07-20T13:43:40.4128724740Z
LiCl	LiLC-1/gromacs/umbrella_sampling/window_004_0.68nm/umbrella_eq.cpt	1068788	2026-07-18T11:33:33.0418619890Z
LiCl	LiLC-1/gromacs/umbrella_sampling/window_004_0.68nm/umbrella_eq.edr	325400	2026-07-18T11:33:33.1148619580Z
LiCl	LiLC-1/gromacs/umbrella_sampling/window_004_0.68nm/umbrella_eq.xtc	79903900	2026-07-18T11:33:33.0478619860Z
LiCl	LiLC-1/gromacs/umbrella_sampling/window_004_0.68nm/umbrella_eq_prev.cpt	1068512	2026-07-18T11:33:33.0438619880Z
LiCl	LiLC-1/gromacs/umbrella_sampling/window_004_0.68nm/umbrella_prev.cpt	1068492	2026-07-20T13:43:40.4088724740Z
LiCl	LiLC-1/gromacs/umbrella_sampling/window_005_0.75nm/umbrella.cpt	1068768	2026-07-20T09:36:50.7317679430Z
LiCl	LiLC-1/gromacs/umbrella_sampling/window_005_0.75nm/umbrella.edr	1297400	2026-07-20T09:36:50.8047679850Z
LiCl	LiLC-1/gromacs/umbrella_sampling/window_005_0.75nm/umbrella.xtc	319141188	2026-07-20T09:36:50.7377679470Z
LiCl	LiLC-1/gromacs/umbrella_sampling/window_005_0.75nm/umbrella_eq.cpt	1068788	2026-07-18T11:36:34.6357903410Z
LiCl	LiLC-1/gromacs/umbrella_sampling/window_005_0.75nm/umbrella_eq.edr	325400	2026-07-18T11:36:34.7787902880Z
LiCl	LiLC-1/gromacs/umbrella_sampling/window_005_0.75nm/umbrella_eq.xtc	79903704	2026-07-18T11:36:34.6467903370Z
LiCl	LiLC-1/gromacs/umbrella_sampling/window_005_0.75nm/umbrella_eq_prev.cpt	1068512	2026-07-18T11:36:34.6367903410Z
LiCl	LiLC-1/gromacs/umbrella_sampling/window_005_0.75nm/umbrella_prev.cpt	1068492	2026-07-20T09:36:50.7337679440Z
LiCl	LiLC-1/gromacs/umbrella_sampling/window_006_0.83nm/umbrella.cpt	1068768	2026-07-24T00:50:49.4134018680Z
LiCl	LiLC-1/gromacs/umbrella_sampling/window_006_0.83nm/umbrella.edr	1297400	2026-07-24T00:50:49.4864018810Z
LiCl	LiLC-1/gromacs/umbrella_sampling/window_006_0.83nm/umbrella.xtc	319146616	2026-07-24T00:50:49.4184018690Z
LiCl	LiLC-1/gromacs/umbrella_sampling/window_006_0.83nm/umbrella_eq.cpt	1068788	2026-07-18T13:24:22.2811606440Z
LiCl	LiLC-1/gromacs/umbrella_sampling/window_006_0.83nm/umbrella_eq.edr	325400	2026-07-18T13:24:22.3551606580Z
LiCl	LiLC-1/gromacs/umbrella_sampling/window_006_0.83nm/umbrella_eq.xtc	79903696	2026-07-18T13:24:22.2881606460Z
LiCl	LiLC-1/gromacs/umbrella_sampling/window_006_0.83nm/umbrella_eq_prev.cpt	1067720	2026-07-18T13:24:22.2841606450Z
LiCl	LiLC-1/gromacs/umbrella_sampling/window_006_0.83nm/umbrella_prev.cpt	1067700	2026-07-24T00:50:49.4154018690Z
LiCl	LiLC-1/gromacs/umbrella_sampling/window_007_0.90nm/umbrella.cpt	1068768	2026-07-24T12:23:43.4092527680Z
LiCl	LiLC-1/gromacs/umbrella_sampling/window_007_0.90nm/umbrella.edr	1297400	2026-07-24T12:23:43.4552527080Z
LiCl	LiLC-1/gromacs/umbrella_sampling/window_007_0.90nm/umbrella.xtc	319135428	2026-07-24T12:23:43.4132527630Z
LiCl	LiLC-1/gromacs/umbrella_sampling/window_007_0.90nm/umbrella_eq.cpt	1068788	2026-07-23T16:19:55.2359106020Z
LiCl	LiLC-1/gromacs/umbrella_sampling/window_007_0.90nm/umbrella_eq.edr	325400	2026-07-23T16:19:55.3079103100Z
LiCl	LiLC-1/gromacs/umbrella_sampling/window_007_0.90nm/umbrella_eq.xtc	79904076	2026-07-23T16:19:55.2409105820Z
LiCl	LiLC-1/gromacs/umbrella_sampling/window_007_0.90nm/umbrella_eq_prev.cpt	1068512	2026-07-23T16:19:55.2369105980Z
LiCl	LiLC-1/gromacs/umbrella_sampling/window_007_0.90nm/umbrella_prev.cpt	1068492	2026-07-24T12:23:43.4112527650Z
LiCl	LiLC-1/gromacs/umbrella_sampling/window_008_0.98nm/umbrella.cpt	1068768	2026-07-24T02:45:08.5181158740Z
LiCl	LiLC-1/gromacs/umbrella_sampling/window_008_0.98nm/umbrella.edr	1297400	2026-07-24T02:45:08.5631158510Z
LiCl	LiLC-1/gromacs/umbrella_sampling/window_008_0.98nm/umbrella.xtc	319140132	2026-07-24T02:45:08.5221158720Z
LiCl	LiLC-1/gromacs/umbrella_sampling/window_008_0.98nm/umbrella_eq.cpt	1068788	2026-07-18T16:42:10.2299861210Z
LiCl	LiLC-1/gromacs/umbrella_sampling/window_008_0.98nm/umbrella_eq.edr	325400	2026-07-18T16:42:10.3189861480Z
LiCl	LiLC-1/gromacs/umbrella_sampling/window_008_0.98nm/umbrella_eq.xtc	79904992	2026-07-18T16:42:10.2429861250Z
LiCl	LiLC-1/gromacs/umbrella_sampling/window_008_0.98nm/umbrella_eq_prev.cpt	1067720	2026-07-18T16:42:10.2329861220Z
LiCl	LiLC-1/gromacs/umbrella_sampling/window_008_0.98nm/umbrella_prev.cpt	1067700	2026-07-24T02:45:08.5201158730Z
LiCl	LiLC-1/gromacs/umbrella_sampling/window_009_1.05nm/umbrella.cpt	1068768	2026-07-24T01:36:26.5855215780Z
LiCl	LiLC-1/gromacs/umbrella_sampling/window_009_1.05nm/umbrella.edr	1297400	2026-07-24T01:36:26.6545217150Z
LiCl	LiLC-1/gromacs/umbrella_sampling/window_009_1.05nm/umbrella.xtc	319138792	2026-07-24T01:36:26.5905215880Z
LiCl	LiLC-1/gromacs/umbrella_sampling/window_009_1.05nm/umbrella_eq.cpt	1068788	2026-07-21T05:17:58.5622751570Z
LiCl	LiLC-1/gromacs/umbrella_sampling/window_009_1.05nm/umbrella_eq.edr	325400	2026-07-21T05:17:58.6352751710Z
LiCl	LiLC-1/gromacs/umbrella_sampling/window_009_1.05nm/umbrella_eq.xtc	79904096	2026-07-21T05:17:58.5682751580Z
LiCl	LiLC-1/gromacs/umbrella_sampling/window_009_1.05nm/umbrella_eq_prev.cpt	1068512	2026-07-21T05:17:58.5642751580Z
LiCl	LiLC-1/gromacs/umbrella_sampling/window_009_1.05nm/umbrella_prev.cpt	1068492	2026-07-24T01:36:26.5865215800Z
LiCl	LiLC-1/gromacs/umbrella_sampling/window_010_1.13nm/umbrella.cpt	1068768	2026-07-24T13:26:59.0681703650Z
LiCl	LiLC-1/gromacs/umbrella_sampling/window_010_1.13nm/umbrella.edr	1297400	2026-07-24T13:26:59.1131702340Z
LiCl	LiLC-1/gromacs/umbrella_sampling/window_010_1.13nm/umbrella.xtc	319142220	2026-07-24T13:26:59.0721703530Z
LiCl	LiLC-1/gromacs/umbrella_sampling/window_010_1.13nm/umbrella_eq.cpt	1068788	2026-07-23T18:33:26.0946365980Z
LiCl	LiLC-1/gromacs/umbrella_sampling/window_010_1.13nm/umbrella_eq.edr	325400	2026-07-23T18:33:26.1676366140Z
LiCl	LiLC-1/gromacs/umbrella_sampling/window_010_1.13nm/umbrella_eq.xtc	79904008	2026-07-23T18:33:26.1006365990Z
LiCl	LiLC-1/gromacs/umbrella_sampling/window_010_1.13nm/umbrella_eq_prev.cpt	1068512	2026-07-23T18:33:26.0966365980Z
LiCl	LiLC-1/gromacs/umbrella_sampling/window_010_1.13nm/umbrella_prev.cpt	1068492	2026-07-24T13:26:59.0701703590Z
LiCl	LiLC-1/gromacs/umbrella_sampling/window_011_1.20nm/umbrella.cpt	1068768	2026-07-24T09:24:29.8812823570Z
LiCl	LiLC-1/gromacs/umbrella_sampling/window_011_1.20nm/umbrella.edr	1297400	2026-07-24T09:24:29.9262821820Z
LiCl	LiLC-1/gromacs/umbrella_sampling/window_011_1.20nm/umbrella.xtc	319133496	2026-07-24T09:24:29.8862823380Z
LiCl	LiLC-1/gromacs/umbrella_sampling/window_011_1.20nm/umbrella_eq.cpt	1068788	2026-07-20T14:29:11.4303374610Z
LiCl	LiLC-1/gromacs/umbrella_sampling/window_011_1.20nm/umbrella_eq.edr	325400	2026-07-20T14:29:11.5063375050Z
LiCl	LiLC-1/gromacs/umbrella_sampling/window_011_1.20nm/umbrella_eq.xtc	79903804	2026-07-20T14:29:11.4373374650Z
LiCl	LiLC-1/gromacs/umbrella_sampling/window_011_1.20nm/umbrella_eq_prev.cpt	1068512	2026-07-20T14:29:11.4333374620Z
LiCl	LiLC-1/gromacs/umbrella_sampling/window_011_1.20nm/umbrella_prev.cpt	1068492	2026-07-24T09:24:29.8842823460Z
LiCl	LiLC-1/gromacs/umbrella_sampling/window_012_1.28nm/umbrella.cpt	1068768	2026-07-23T19:33:30.5538085820Z
LiCl	LiLC-1/gromacs/umbrella_sampling/window_012_1.28nm/umbrella.edr	1297400	2026-07-23T19:33:30.6248086420Z
LiCl	LiLC-1/gromacs/umbrella_sampling/window_012_1.28nm/umbrella.xtc	319134684	2026-07-23T19:33:30.5588085870Z
LiCl	LiLC-1/gromacs/umbrella_sampling/window_012_1.28nm/umbrella_eq.cpt	1068788	2026-07-18T11:33:51.5108542880Z
LiCl	LiLC-1/gromacs/umbrella_sampling/window_012_1.28nm/umbrella_eq.edr	325400	2026-07-18T11:33:51.6098542470Z
LiCl	LiLC-1/gromacs/umbrella_sampling/window_012_1.28nm/umbrella_eq.xtc	79904344	2026-07-18T11:33:51.5178542850Z
LiCl	LiLC-1/gromacs/umbrella_sampling/window_012_1.28nm/umbrella_eq_prev.cpt	1067720	2026-07-18T11:33:51.5138542860Z
LiCl	LiLC-1/gromacs/umbrella_sampling/window_012_1.28nm/umbrella_prev.cpt	1068492	2026-07-23T19:33:30.5548085830Z
LiCl	LiLC-1/gromacs/umbrella_sampling/window_013_1.35nm/umbrella.cpt	1068768	2026-07-24T14:54:59.6996503650Z
LiCl	LiLC-1/gromacs/umbrella_sampling/window_013_1.35nm/umbrella.edr	1297400	2026-07-24T14:54:59.7446502970Z
LiCl	LiLC-1/gromacs/umbrella_sampling/window_013_1.35nm/umbrella.xtc	319135184	2026-07-24T14:54:59.7036503590Z
LiCl	LiLC-1/gromacs/umbrella_sampling/window_013_1.35nm/umbrella_eq.cpt	1068788	2026-07-23T21:27:52.8401379100Z
LiCl	LiLC-1/gromacs/umbrella_sampling/window_013_1.35nm/umbrella_eq.edr	325400	2026-07-23T21:27:52.8841378280Z
LiCl	LiLC-1/gromacs/umbrella_sampling/window_013_1.35nm/umbrella_eq.xtc	79903660	2026-07-23T21:27:52.8431379050Z
LiCl	LiLC-1/gromacs/umbrella_sampling/window_013_1.35nm/umbrella_eq_prev.cpt	1068512	2026-07-23T21:27:52.8411379080Z
LiCl	LiLC-1/gromacs/umbrella_sampling/window_013_1.35nm/umbrella_prev.cpt	1068492	2026-07-24T14:54:59.7016503620Z
LiCl	LiLC-1/gromacs/umbrella_sampling/window_014_1.43nm/umbrella.cpt	1068768	2026-07-24T10:42:20.6047846450Z
LiCl	LiLC-1/gromacs/umbrella_sampling/window_014_1.43nm/umbrella.edr	1297400	2026-07-24T10:42:20.6487845870Z
LiCl	LiLC-1/gromacs/umbrella_sampling/window_014_1.43nm/umbrella.xtc	319133608	2026-07-24T10:42:20.6077846410Z
LiCl	LiLC-1/gromacs/umbrella_sampling/window_014_1.43nm/umbrella_eq.cpt	1068788	2026-07-21T10:53:40.7878505070Z
LiCl	LiLC-1/gromacs/umbrella_sampling/window_014_1.43nm/umbrella_eq.edr	325400	2026-07-21T10:53:40.8608501160Z
LiCl	LiLC-1/gromacs/umbrella_sampling/window_014_1.43nm/umbrella_eq.xtc	79902584	2026-07-21T10:53:40.7938504750Z
LiCl	LiLC-1/gromacs/umbrella_sampling/window_014_1.43nm/umbrella_eq_prev.cpt	1067720	2026-07-21T10:53:40.7898504960Z
LiCl	LiLC-1/gromacs/umbrella_sampling/window_014_1.43nm/umbrella_prev.cpt	1068492	2026-07-24T10:42:20.6057846440Z
LiCl	LiLC-1/gromacs/umbrella_sampling/window_015_1.50nm/umbrella.cpt	1068768	2026-07-22T14:49:30.8428832840Z
LiCl	LiLC-1/gromacs/umbrella_sampling/window_015_1.50nm/umbrella.edr	1297400	2026-07-22T14:49:30.9138835070Z
LiCl	LiLC-1/gromacs/umbrella_sampling/window_015_1.50nm/umbrella.xtc	319135924	2026-07-22T14:49:30.8478833000Z
LiCl	LiLC-1/gromacs/umbrella_sampling/window_015_1.50nm/umbrella_eq.cpt	1068788	2026-07-18T17:13:54.5914751140Z
LiCl	LiLC-1/gromacs/umbrella_sampling/window_015_1.50nm/umbrella_eq.edr	325400	2026-07-18T17:13:54.7354751120Z
LiCl	LiLC-1/gromacs/umbrella_sampling/window_015_1.50nm/umbrella_eq.xtc	79903420	2026-07-18T17:13:54.5994751140Z
LiCl	LiLC-1/gromacs/umbrella_sampling/window_015_1.50nm/umbrella_eq_prev.cpt	1067720	2026-07-18T17:13:54.5934751140Z
LiCl	LiLC-1/gromacs/umbrella_sampling/window_015_1.50nm/umbrella_prev.cpt	1068492	2026-07-22T14:49:30.8438832880Z
LiCl	LiLC-1/gromacs/umbrella_sampling/window_016_1.58nm/umbrella.cpt	1068768	2026-07-20T15:34:14.2831282630Z
LiCl	LiLC-1/gromacs/umbrella_sampling/window_016_1.58nm/umbrella.edr	1297400	2026-07-20T15:34:14.5371283000Z
LiCl	LiLC-1/gromacs/umbrella_sampling/window_016_1.58nm/umbrella.xtc	319139572	2026-07-20T15:34:14.2921282640Z
LiCl	LiLC-1/gromacs/umbrella_sampling/window_016_1.58nm/umbrella_eq.cpt	1068788	2026-07-18T13:56:15.9527062380Z
LiCl	LiLC-1/gromacs/umbrella_sampling/window_016_1.58nm/umbrella_eq.edr	325400	2026-07-18T13:56:16.0287062550Z
LiCl	LiLC-1/gromacs/umbrella_sampling/window_016_1.58nm/umbrella_eq.xtc	79904700	2026-07-18T13:56:15.9587062390Z
LiCl	LiLC-1/gromacs/umbrella_sampling/window_016_1.58nm/umbrella_eq_prev.cpt	1068512	2026-07-18T13:56:15.9547062380Z
LiCl	LiLC-1/gromacs/umbrella_sampling/window_016_1.58nm/umbrella_prev.cpt	1068492	2026-07-20T15:34:14.2851282630Z
LiCl	LiLC-1/gromacs/umbrella_sampling/window_017_1.65nm/umbrella.cpt	1068768	2026-07-23T00:22:31.5614711880Z
LiCl	LiLC-1/gromacs/umbrella_sampling/window_017_1.65nm/umbrella.edr	1297400	2026-07-23T00:22:31.7034712060Z
LiCl	LiLC-1/gromacs/umbrella_sampling/window_017_1.65nm/umbrella.xtc	319134728	2026-07-23T00:22:31.5694711890Z
LiCl	LiLC-1/gromacs/umbrella_sampling/window_017_1.65nm/umbrella_eq.cpt	1068788	2026-07-18T13:22:27.2561400690Z
LiCl	LiLC-1/gromacs/umbrella_sampling/window_017_1.65nm/umbrella_eq.edr	325400	2026-07-18T13:22:27.3351400840Z
LiCl	LiLC-1/gromacs/umbrella_sampling/window_017_1.65nm/umbrella_eq.xtc	79903440	2026-07-18T13:22:27.2641400710Z
LiCl	LiLC-1/gromacs/umbrella_sampling/window_017_1.65nm/umbrella_eq_prev.cpt	1068512	2026-07-18T13:22:27.2601400700Z
LiCl	LiLC-1/gromacs/umbrella_sampling/window_017_1.65nm/umbrella_prev.cpt	1068492	2026-07-23T00:22:31.5654711880Z
LiCl	LiLC-1/gromacs/umbrella_sampling/window_018_1.73nm/umbrella.cpt	1068768	2026-07-24T07:34:26.0431794530Z
LiCl	LiLC-1/gromacs/umbrella_sampling/window_018_1.73nm/umbrella.edr	1297400	2026-07-24T07:34:26.0881794210Z
LiCl	LiLC-1/gromacs/umbrella_sampling/window_018_1.73nm/umbrella.xtc	319134984	2026-07-24T07:34:26.0471794500Z
LiCl	LiLC-1/gromacs/umbrella_sampling/window_018_1.73nm/umbrella_eq.cpt	1068788	2026-07-18T13:25:23.1271715270Z
LiCl	LiLC-1/gromacs/umbrella_sampling/window_018_1.73nm/umbrella_eq.edr	325400	2026-07-18T13:25:23.2001715400Z
LiCl	LiLC-1/gromacs/umbrella_sampling/window_018_1.73nm/umbrella_eq.xtc	79902816	2026-07-18T13:25:23.1331715280Z
LiCl	LiLC-1/gromacs/umbrella_sampling/window_018_1.73nm/umbrella_eq_prev.cpt	1067720	2026-07-18T13:25:23.1291715280Z
LiCl	LiLC-1/gromacs/umbrella_sampling/window_018_1.73nm/umbrella_prev.cpt	1068492	2026-07-24T07:34:26.0451794520Z
LiCl	LiLC-1/gromacs/umbrella_sampling/window_019_1.80nm/umbrella.cpt	1068768	2026-07-24T09:17:27.1475707110Z
LiCl	LiLC-1/gromacs/umbrella_sampling/window_019_1.80nm/umbrella.edr	1297400	2026-07-24T09:17:27.2125706900Z
LiCl	LiLC-1/gromacs/umbrella_sampling/window_019_1.80nm/umbrella.xtc	319133008	2026-07-24T09:17:27.1535707090Z
LiCl	LiLC-1/gromacs/umbrella_sampling/window_019_1.80nm/umbrella_eq.cpt	1068788	2026-07-23T03:32:49.5781206830Z
LiCl	LiLC-1/gromacs/umbrella_sampling/window_019_1.80nm/umbrella_eq.edr	325400	2026-07-23T03:32:49.6871207510Z
LiCl	LiLC-1/gromacs/umbrella_sampling/window_019_1.80nm/umbrella_eq.xtc	79902268	2026-07-23T03:32:49.5861206880Z
LiCl	LiLC-1/gromacs/umbrella_sampling/window_019_1.80nm/umbrella_eq_prev.cpt	1067720	2026-07-23T03:32:49.5821206850Z
LiCl	LiLC-1/gromacs/umbrella_sampling/window_019_1.80nm/umbrella_prev.cpt	1068492	2026-07-24T09:17:27.1495707100Z
LiCl	LiLC-1/gromacs/umbrella_sampling/window_020_1.88nm/umbrella.cpt	1068768	2026-07-23T04:24:37.6674607270Z
LiCl	LiLC-1/gromacs/umbrella_sampling/window_020_1.88nm/umbrella.edr	1297400	2026-07-23T04:24:37.7604607680Z
LiCl	LiLC-1/gromacs/umbrella_sampling/window_020_1.88nm/umbrella.xtc	319134228	2026-07-23T04:24:37.6784607320Z
LiCl	LiLC-1/gromacs/umbrella_sampling/window_020_1.88nm/umbrella_eq.cpt	1068788	2026-07-21T04:47:34.7441592180Z
LiCl	LiLC-1/gromacs/umbrella_sampling/window_020_1.88nm/umbrella_eq.edr	325400	2026-07-21T04:47:34.8171592010Z
LiCl	LiLC-1/gromacs/umbrella_sampling/window_020_1.88nm/umbrella_eq.xtc	79904032	2026-07-21T04:47:34.7501592170Z
LiCl	LiLC-1/gromacs/umbrella_sampling/window_020_1.88nm/umbrella_eq_prev.cpt	1068512	2026-07-21T04:47:34.7461592180Z
LiCl	LiLC-1/gromacs/umbrella_sampling/window_020_1.88nm/umbrella_prev.cpt	1068492	2026-07-23T04:24:37.6714607290Z
LiCl	LiLC-1/gromacs/umbrella_sampling/window_021_1.95nm/umbrella.cpt	1068768	2026-07-21T12:50:02.0073385450Z
LiCl	LiLC-1/gromacs/umbrella_sampling/window_021_1.95nm/umbrella.edr	1297400	2026-07-21T12:50:02.0803385560Z
LiCl	LiLC-1/gromacs/umbrella_sampling/window_021_1.95nm/umbrella.xtc	319135904	2026-07-21T12:50:02.0133385460Z
LiCl	LiLC-1/gromacs/umbrella_sampling/window_021_1.95nm/umbrella_eq.cpt	1068788	2026-07-18T11:43:17.5246543260Z
LiCl	LiLC-1/gromacs/umbrella_sampling/window_021_1.95nm/umbrella_eq.edr	325400	2026-07-18T11:43:17.6056543010Z
LiCl	LiLC-1/gromacs/umbrella_sampling/window_021_1.95nm/umbrella_eq.xtc	79903336	2026-07-18T11:43:17.5326543240Z
LiCl	LiLC-1/gromacs/umbrella_sampling/window_021_1.95nm/umbrella_eq_prev.cpt	1068512	2026-07-18T11:43:17.5286543250Z
LiCl	LiLC-1/gromacs/umbrella_sampling/window_021_1.95nm/umbrella_prev.cpt	1068492	2026-07-21T12:50:02.0093385450Z
LiCl	LiLC-1/gromacs/umbrella_sampling/window_022_2.03nm/umbrella.cpt	1068768	2026-07-24T02:11:44.6955818980Z
LiCl	LiLC-1/gromacs/umbrella_sampling/window_022_2.03nm/umbrella.edr	1297400	2026-07-24T02:11:44.7395818930Z
LiCl	LiLC-1/gromacs/umbrella_sampling/window_022_2.03nm/umbrella.xtc	319135268	2026-07-24T02:11:44.6995818970Z
LiCl	LiLC-1/gromacs/umbrella_sampling/window_022_2.03nm/umbrella_eq.cpt	1068788	2026-07-21T23:27:54.4679065690Z
LiCl	LiLC-1/gromacs/umbrella_sampling/window_022_2.03nm/umbrella_eq.edr	325400	2026-07-21T23:27:54.5409065890Z
LiCl	LiLC-1/gromacs/umbrella_sampling/window_022_2.03nm/umbrella_eq.xtc	79903284	2026-07-21T23:27:54.4739065710Z
LiCl	LiLC-1/gromacs/umbrella_sampling/window_022_2.03nm/umbrella_eq_prev.cpt	1068512	2026-07-21T23:27:54.4699065700Z
LiCl	LiLC-1/gromacs/umbrella_sampling/window_022_2.03nm/umbrella_prev.cpt	1068492	2026-07-24T02:11:44.6975818980Z
LiCl	LiLC-1/gromacs/umbrella_sampling/window_023_2.10nm/umbrella.cpt	1068768	2026-07-21T03:47:47.3902243180Z
LiCl	LiLC-1/gromacs/umbrella_sampling/window_023_2.10nm/umbrella.edr	1297400	2026-07-21T03:47:47.4622243120Z
LiCl	LiLC-1/gromacs/umbrella_sampling/window_023_2.10nm/umbrella.xtc	319136076	2026-07-21T03:47:47.3952243180Z
LiCl	LiLC-1/gromacs/umbrella_sampling/window_023_2.10nm/umbrella_eq.cpt	1068788	2026-07-18T11:35:07.3028237220Z
LiCl	LiLC-1/gromacs/umbrella_sampling/window_023_2.10nm/umbrella_eq.edr	325400	2026-07-18T11:35:07.3758236930Z
LiCl	LiLC-1/gromacs/umbrella_sampling/window_023_2.10nm/umbrella_eq.xtc	79902688	2026-07-18T11:35:07.3088237190Z
LiCl	LiLC-1/gromacs/umbrella_sampling/window_023_2.10nm/umbrella_eq_prev.cpt	1068512	2026-07-18T11:35:07.3048237210Z
LiCl	LiLC-1/gromacs/umbrella_sampling/window_023_2.10nm/umbrella_prev.cpt	1068492	2026-07-21T03:47:47.3912243180Z
LiCl	LiLC-1/gromacs/umbrella_sampling/window_024_2.18nm/umbrella.cpt	1068768	2026-07-20T22:04:27.0723497060Z
LiCl	LiLC-1/gromacs/umbrella_sampling/window_024_2.18nm/umbrella.edr	1297400	2026-07-20T22:04:27.2553497280Z
LiCl	LiLC-1/gromacs/umbrella_sampling/window_024_2.18nm/umbrella.xtc	319134692	2026-07-20T22:04:27.0803497070Z
LiCl	LiLC-1/gromacs/umbrella_sampling/window_024_2.18nm/umbrella_eq.cpt	1068788	2026-07-18T11:34:50.1378305050Z
LiCl	LiLC-1/gromacs/umbrella_sampling/window_024_2.18nm/umbrella_eq.edr	325400	2026-07-18T11:34:50.2098304760Z
LiCl	LiLC-1/gromacs/umbrella_sampling/window_024_2.18nm/umbrella_eq.xtc	79903392	2026-07-18T11:34:50.1428305030Z
LiCl	LiLC-1/gromacs/umbrella_sampling/window_024_2.18nm/umbrella_eq_prev.cpt	1067720	2026-07-18T11:34:50.1388305050Z
LiCl	LiLC-1/gromacs/umbrella_sampling/window_024_2.18nm/umbrella_prev.cpt	1068492	2026-07-20T22:04:27.0763497070Z
LiCl	LiLC-1/gromacs/umbrella_sampling/window_025_2.25nm/umbrella.cpt	1068768	2026-07-20T05:59:43.2787100530Z
LiCl	LiLC-1/gromacs/umbrella_sampling/window_025_2.25nm/umbrella.edr	1297400	2026-07-20T05:59:43.5877101940Z
LiCl	LiLC-1/gromacs/umbrella_sampling/window_025_2.25nm/umbrella.xtc	319135592	2026-07-20T05:59:43.2867100560Z
LiCl	LiLC-1/gromacs/umbrella_sampling/window_025_2.25nm/umbrella_eq.cpt	1068788	2026-07-18T11:36:12.4057986680Z
LiCl	LiLC-1/gromacs/umbrella_sampling/window_025_2.25nm/umbrella_eq.edr	325400	2026-07-18T11:36:12.4917986350Z
LiCl	LiLC-1/gromacs/umbrella_sampling/window_025_2.25nm/umbrella_eq.xtc	79903456	2026-07-18T11:36:12.4147986640Z
LiCl	LiLC-1/gromacs/umbrella_sampling/window_025_2.25nm/umbrella_eq_prev.cpt	1068512	2026-07-18T11:36:12.4087986660Z
LiCl	LiLC-1/gromacs/umbrella_sampling/window_025_2.25nm/umbrella_prev.cpt	1068492	2026-07-20T05:59:43.2827100540Z
LiCl	LiLC-1/gromacs/umbrella_sampling/window_026_2.33nm/umbrella.cpt	1068768	2026-07-20T01:07:38.8915741960Z
LiCl	LiLC-1/gromacs/umbrella_sampling/window_026_2.33nm/umbrella.edr	1297400	2026-07-20T01:07:38.9675742260Z
LiCl	LiLC-1/gromacs/umbrella_sampling/window_026_2.33nm/umbrella.xtc	319132992	2026-07-20T01:07:38.8975741980Z
LiCl	LiLC-1/gromacs/umbrella_sampling/window_026_2.33nm/umbrella_eq.cpt	1068788	2026-07-18T11:36:01.1868029120Z
LiCl	LiLC-1/gromacs/umbrella_sampling/window_026_2.33nm/umbrella_eq.edr	325400	2026-07-18T11:36:01.2628028840Z
LiCl	LiLC-1/gromacs/umbrella_sampling/window_026_2.33nm/umbrella_eq.xtc	79902860	2026-07-18T11:36:01.1948029090Z
LiCl	LiLC-1/gromacs/umbrella_sampling/window_026_2.33nm/umbrella_eq_prev.cpt	1068512	2026-07-18T11:36:01.1908029110Z
LiCl	LiLC-1/gromacs/umbrella_sampling/window_026_2.33nm/umbrella_prev.cpt	1068492	2026-07-20T01:07:38.8935741970Z
LiCl	LiLC-1/gromacs/umbrella_sampling/window_027_2.40nm/umbrella.cpt	1068768	2026-07-23T11:30:06.8763874900Z
LiCl	LiLC-1/gromacs/umbrella_sampling/window_027_2.40nm/umbrella.edr	1297400	2026-07-23T11:30:06.9493875590Z
LiCl	LiLC-1/gromacs/umbrella_sampling/window_027_2.40nm/umbrella.xtc	319136324	2026-07-23T11:30:06.8823874950Z
LiCl	LiLC-1/gromacs/umbrella_sampling/window_027_2.40nm/umbrella_eq.cpt	1068788	2026-07-19T19:11:38.7407525020Z
LiCl	LiLC-1/gromacs/umbrella_sampling/window_027_2.40nm/umbrella_eq.edr	325400	2026-07-19T19:11:38.8817525520Z
LiCl	LiLC-1/gromacs/umbrella_sampling/window_027_2.40nm/umbrella_eq.xtc	79903268	2026-07-19T19:11:38.7517525060Z
LiCl	LiLC-1/gromacs/umbrella_sampling/window_027_2.40nm/umbrella_eq_prev.cpt	1068512	2026-07-19T19:11:38.7427525020Z
LiCl	LiLC-1/gromacs/umbrella_sampling/window_027_2.40nm/umbrella_prev.cpt	1068492	2026-07-23T11:30:06.8783874910Z
LiCl	LiLC-1/gromacs/umbrella_sampling/window_028_2.48nm/umbrella.cpt	1068768	2026-07-24T08:03:30.3745781290Z
LiCl	LiLC-1/gromacs/umbrella_sampling/window_028_2.48nm/umbrella.edr	1297400	2026-07-24T08:03:30.4195781370Z
LiCl	LiLC-1/gromacs/umbrella_sampling/window_028_2.48nm/umbrella.xtc	319133972	2026-07-24T08:03:30.3795781300Z
LiCl	LiLC-1/gromacs/umbrella_sampling/window_028_2.48nm/umbrella_eq.cpt	1068788	2026-07-22T07:33:07.8126410380Z
LiCl	LiLC-1/gromacs/umbrella_sampling/window_028_2.48nm/umbrella_eq.edr	325400	2026-07-22T07:33:07.8946411310Z
LiCl	LiLC-1/gromacs/umbrella_sampling/window_028_2.48nm/umbrella_eq.xtc	79903080	2026-07-22T07:33:07.8216410490Z
LiCl	LiLC-1/gromacs/umbrella_sampling/window_028_2.48nm/umbrella_eq_prev.cpt	1068512	2026-07-22T07:33:07.8156410420Z
LiCl	LiLC-1/gromacs/umbrella_sampling/window_028_2.48nm/umbrella_prev.cpt	1068492	2026-07-24T08:03:30.3765781290Z
LiCl	LiLC-1/gromacs/umbrella_sampling/window_029_2.55nm/umbrella.cpt	1068768	2026-07-24T01:16:03.5426228980Z
LiCl	LiLC-1/gromacs/umbrella_sampling/window_029_2.55nm/umbrella.edr	1297400	2026-07-24T01:16:03.6116228670Z
LiCl	LiLC-1/gromacs/umbrella_sampling/window_029_2.55nm/umbrella.xtc	319135280	2026-07-24T01:16:03.5476228960Z
LiCl	LiLC-1/gromacs/umbrella_sampling/window_029_2.55nm/umbrella_eq.cpt	1068788	2026-07-19T05:38:54.5471139620Z
LiCl	LiLC-1/gromacs/umbrella_sampling/window_029_2.55nm/umbrella_eq.edr	325400	2026-07-19T05:38:54.8621143170Z
LiCl	LiLC-1/gromacs/umbrella_sampling/window_029_2.55nm/umbrella_eq.xtc	79903420	2026-07-19T05:38:54.5551139710Z
LiCl	LiLC-1/gromacs/umbrella_sampling/window_029_2.55nm/umbrella_eq_prev.cpt	1068512	2026-07-19T05:38:54.5521139680Z
LiCl	LiLC-1/gromacs/umbrella_sampling/window_029_2.55nm/umbrella_prev.cpt	1068492	2026-07-24T01:16:03.5436228970Z
LiCl	LiN3-Core/gromacs/run_eq/step4.1_equilibration.edr	71728	2026-07-13T14:32:43.0000000000Z
LiCl	LiN3-Core/gromacs/run_min/min_attempt0.edr	1028	2026-07-13T14:32:43.0000000000Z
LiCl	LiN3-Core/gromacs/run_min/min_attempt1.edr	95044	2026-07-13T14:32:43.0000000000Z
LiCl	LiN3-Core/gromacs/run_min/step4.0_minimization.edr	95044	2026-07-13T14:32:43.0000000000Z
LiCl	LiN3-Core/gromacs/run_prod_20ns/step5_production_20ns.edr	1273368	2026-07-13T14:32:43.0000000000Z
LiCl	LiN3-Core/gromacs/umbrella_sampling/bound_place_min/min.edr	78552	2026-07-18T01:32:46.8870742770Z
LiCl	LiN3-Core/gromacs/umbrella_sampling/bound_place_min/min.trr	533748	2026-07-18T01:32:46.8910742510Z
LiCl	LiN3-Core/gromacs/umbrella_sampling/pull/pull.cpt	1069588	2026-07-18T04:01:08.3708185130Z
LiCl	LiN3-Core/gromacs/umbrella_sampling/pull/pull.edr	649400	2026-07-18T04:01:08.4378185210Z
LiCl	LiN3-Core/gromacs/umbrella_sampling/pull/pull.xtc	159769864	2026-07-18T04:01:08.3768185140Z
LiCl	LiN3-Core/gromacs/umbrella_sampling/pull/pull_prev.cpt	1068520	2026-07-18T04:01:08.3728185140Z
LiCl	LiN3-Core/gromacs/umbrella_sampling/window_000_0.41nm/umbrella.cpt	1069608	2026-07-23T15:01:43.5952728120Z
LiCl	LiN3-Core/gromacs/umbrella_sampling/window_000_0.41nm/umbrella.edr	1297400	2026-07-23T15:01:43.6692728610Z
LiCl	LiN3-Core/gromacs/umbrella_sampling/window_000_0.41nm/umbrella.xtc	319377720	2026-07-23T15:01:43.6022728160Z
LiCl	LiN3-Core/gromacs/umbrella_sampling/window_000_0.41nm/umbrella_eq.cpt	1069628	2026-07-19T00:39:33.4936884570Z
LiCl	LiN3-Core/gromacs/umbrella_sampling/window_000_0.41nm/umbrella_eq.edr	325400	2026-07-19T00:39:33.5666884370Z
LiCl	LiN3-Core/gromacs/umbrella_sampling/window_000_0.41nm/umbrella_eq.xtc	79964804	2026-07-19T00:39:33.4996884550Z
LiCl	LiN3-Core/gromacs/umbrella_sampling/window_000_0.41nm/umbrella_eq_prev.cpt	1069352	2026-07-19T00:39:33.4956884560Z
LiCl	LiN3-Core/gromacs/umbrella_sampling/window_000_0.41nm/umbrella_prev.cpt	1068540	2026-07-23T15:01:43.5982728140Z
LiCl	LiN3-Core/gromacs/umbrella_sampling/window_001_0.48nm/umbrella.cpt	1069608	2026-07-21T14:57:52.5068825370Z
LiCl	LiN3-Core/gromacs/umbrella_sampling/window_001_0.48nm/umbrella.edr	1297400	2026-07-21T14:57:52.5798827020Z
LiCl	LiN3-Core/gromacs/umbrella_sampling/window_001_0.48nm/umbrella.xtc	319380096	2026-07-21T14:57:52.5138825530Z
LiCl	LiN3-Core/gromacs/umbrella_sampling/window_001_0.48nm/umbrella_eq.cpt	1069628	2026-07-19T00:32:12.6048537640Z
LiCl	LiN3-Core/gromacs/umbrella_sampling/window_001_0.48nm/umbrella_eq.edr	325400	2026-07-19T00:32:12.6778537260Z
LiCl	LiN3-Core/gromacs/umbrella_sampling/window_001_0.48nm/umbrella_eq.xtc	79964408	2026-07-19T00:32:12.6108537610Z
LiCl	LiN3-Core/gromacs/umbrella_sampling/window_001_0.48nm/umbrella_eq_prev.cpt	1068560	2026-07-19T00:32:12.6068537630Z
LiCl	LiN3-Core/gromacs/umbrella_sampling/window_001_0.48nm/umbrella_prev.cpt	1069332	2026-07-21T14:57:52.5098825440Z
LiCl	LiN3-Core/gromacs/umbrella_sampling/window_002_0.56nm/umbrella.cpt	1069608	2026-07-23T02:21:15.5495712850Z
LiCl	LiN3-Core/gromacs/umbrella_sampling/window_002_0.56nm/umbrella.edr	1297400	2026-07-23T02:21:15.6515713620Z
LiCl	LiN3-Core/gromacs/umbrella_sampling/window_002_0.56nm/umbrella.xtc	319379096	2026-07-23T02:21:15.5605712930Z
LiCl	LiN3-Core/gromacs/umbrella_sampling/window_002_0.56nm/umbrella_eq.cpt	1069628	2026-07-18T13:26:10.1181837100Z
LiCl	LiN3-Core/gromacs/umbrella_sampling/window_002_0.56nm/umbrella_eq.edr	325400	2026-07-18T13:26:10.1911837440Z
LiCl	LiN3-Core/gromacs/umbrella_sampling/window_002_0.56nm/umbrella_eq.xtc	79964688	2026-07-18T13:26:10.1241837130Z
LiCl	LiN3-Core/gromacs/umbrella_sampling/window_002_0.56nm/umbrella_eq_prev.cpt	1069352	2026-07-18T13:26:10.1191837110Z
LiCl	LiN3-Core/gromacs/umbrella_sampling/window_002_0.56nm/umbrella_prev.cpt	1069332	2026-07-23T02:21:15.5525712870Z
LiCl	LiN3-Core/gromacs/umbrella_sampling/window_003_0.63nm/umbrella.cpt	1069608	2026-07-21T04:55:45.8521091470Z
LiCl	LiN3-Core/gromacs/umbrella_sampling/window_003_0.63nm/umbrella.edr	1297400	2026-07-21T04:55:45.9251091460Z
LiCl	LiN3-Core/gromacs/umbrella_sampling/window_003_0.63nm/umbrella.xtc	319381192	2026-07-21T04:55:45.8571091470Z
LiCl	LiN3-Core/gromacs/umbrella_sampling/window_003_0.63nm/umbrella_eq.cpt	1069628	2026-07-18T22:41:46.1144137680Z
LiCl	LiN3-Core/gromacs/umbrella_sampling/window_003_0.63nm/umbrella_eq.edr	325400	2026-07-18T22:41:46.2214137500Z
LiCl	LiN3-Core/gromacs/umbrella_sampling/window_003_0.63nm/umbrella_eq.xtc	79965016	2026-07-18T22:41:46.1234137670Z
LiCl	LiN3-Core/gromacs/umbrella_sampling/window_003_0.63nm/umbrella_eq_prev.cpt	1069352	2026-07-18T22:41:46.1164137680Z
LiCl	LiN3-Core/gromacs/umbrella_sampling/window_003_0.63nm/umbrella_prev.cpt	1069332	2026-07-21T04:55:45.8531091470Z
LiCl	LiN3-Core/gromacs/umbrella_sampling/window_004_0.71nm/umbrella.cpt	1069608	2026-07-22T05:41:16.8126342580Z
LiCl	LiN3-Core/gromacs/umbrella_sampling/window_004_0.71nm/umbrella.edr	1297400	2026-07-22T05:41:16.8986342820Z
LiCl	LiN3-Core/gromacs/umbrella_sampling/window_004_0.71nm/umbrella.xtc	319377436	2026-07-22T05:41:16.8196342600Z
LiCl	LiN3-Core/gromacs/umbrella_sampling/window_004_0.71nm/umbrella_eq.cpt	1069628	2026-07-18T16:45:34.0090469010Z
LiCl	LiN3-Core/gromacs/umbrella_sampling/window_004_0.71nm/umbrella_eq.edr	325400	2026-07-18T16:45:34.0820469230Z
LiCl	LiN3-Core/gromacs/umbrella_sampling/window_004_0.71nm/umbrella_eq.xtc	79964856	2026-07-18T16:45:34.0150469030Z
LiCl	LiN3-Core/gromacs/umbrella_sampling/window_004_0.71nm/umbrella_eq_prev.cpt	1069352	2026-07-18T16:45:34.0110469020Z
LiCl	LiN3-Core/gromacs/umbrella_sampling/window_004_0.71nm/umbrella_prev.cpt	1069332	2026-07-22T05:41:16.8146342580Z
LiCl	LiN3-Core/gromacs/umbrella_sampling/window_005_0.78nm/umbrella.cpt	1069608	2026-07-24T05:30:35.9918726140Z
LiCl	LiN3-Core/gromacs/umbrella_sampling/window_005_0.78nm/umbrella.edr	1297400	2026-07-24T05:30:36.0368725500Z
LiCl	LiN3-Core/gromacs/umbrella_sampling/window_005_0.78nm/umbrella.xtc	319385848	2026-07-24T05:30:35.9958726080Z
LiCl	LiN3-Core/gromacs/umbrella_sampling/window_005_0.78nm/umbrella_eq.cpt	1069628	2026-07-18T16:34:20.0498520920Z
LiCl	LiN3-Core/gromacs/umbrella_sampling/window_005_0.78nm/umbrella_eq.edr	325400	2026-07-18T16:34:20.1758521260Z
LiCl	LiN3-Core/gromacs/umbrella_sampling/window_005_0.78nm/umbrella_eq.xtc	79964368	2026-07-18T16:34:20.0578520940Z
LiCl	LiN3-Core/gromacs/umbrella_sampling/window_005_0.78nm/umbrella_eq_prev.cpt	1069352	2026-07-18T16:34:20.0538520930Z
LiCl	LiN3-Core/gromacs/umbrella_sampling/window_005_0.78nm/umbrella_prev.cpt	1069332	2026-07-24T05:30:35.9938726110Z
LiCl	LiN3-Core/gromacs/umbrella_sampling/window_006_0.86nm/umbrella.cpt	1069608	2026-07-23T19:28:09.5365017140Z
LiCl	LiN3-Core/gromacs/umbrella_sampling/window_006_0.86nm/umbrella.edr	1297400	2026-07-23T19:28:09.6075017920Z
LiCl	LiN3-Core/gromacs/umbrella_sampling/window_006_0.86nm/umbrella.xtc	319378484	2026-07-23T19:28:09.5415017190Z
LiCl	LiN3-Core/gromacs/umbrella_sampling/window_006_0.86nm/umbrella_eq.cpt	1069628	2026-07-20T12:59:21.9664238590Z
LiCl	LiN3-Core/gromacs/umbrella_sampling/window_006_0.86nm/umbrella_eq.edr	325400	2026-07-20T12:59:22.0384238920Z
LiCl	LiN3-Core/gromacs/umbrella_sampling/window_006_0.86nm/umbrella_eq.xtc	79964392	2026-07-20T12:59:21.9714238620Z
LiCl	LiN3-Core/gromacs/umbrella_sampling/window_006_0.86nm/umbrella_eq_prev.cpt	1068560	2026-07-20T12:59:21.9674238600Z
LiCl	LiN3-Core/gromacs/umbrella_sampling/window_006_0.86nm/umbrella_prev.cpt	1069332	2026-07-23T19:28:09.5375017150Z
LiCl	LiN3-Core/gromacs/umbrella_sampling/window_007_0.93nm/umbrella.cpt	1069608	2026-07-24T06:18:09.6836563580Z
LiCl	LiN3-Core/gromacs/umbrella_sampling/window_007_0.93nm/umbrella.edr	1297400	2026-07-24T06:18:09.7506563730Z
LiCl	LiN3-Core/gromacs/umbrella_sampling/window_007_0.93nm/umbrella.xtc	319381488	2026-07-24T06:18:09.6886563590Z
LiCl	LiN3-Core/gromacs/umbrella_sampling/window_007_0.93nm/umbrella_eq.cpt	1069628	2026-07-20T06:16:29.3410136540Z
LiCl	LiN3-Core/gromacs/umbrella_sampling/window_007_0.93nm/umbrella_eq.edr	325400	2026-07-20T06:16:29.4320136740Z
LiCl	LiN3-Core/gromacs/umbrella_sampling/window_007_0.93nm/umbrella_eq.xtc	79964916	2026-07-20T06:16:29.3470136550Z
LiCl	LiN3-Core/gromacs/umbrella_sampling/window_007_0.93nm/umbrella_eq_prev.cpt	1068560	2026-07-20T06:16:29.3430136540Z
LiCl	LiN3-Core/gromacs/umbrella_sampling/window_007_0.93nm/umbrella_prev.cpt	1069332	2026-07-24T06:18:09.6846563580Z
LiCl	LiN3-Core/gromacs/umbrella_sampling/window_008_1.01nm/umbrella.cpt	1069608	2026-07-24T12:58:59.2671501910Z
LiCl	LiN3-Core/gromacs/umbrella_sampling/window_008_1.01nm/umbrella.edr	1297400	2026-07-24T12:58:59.3121501090Z
LiCl	LiN3-Core/gromacs/umbrella_sampling/window_008_1.01nm/umbrella.xtc	319379236	2026-07-24T12:58:59.2711501840Z
LiCl	LiN3-Core/gromacs/umbrella_sampling/window_008_1.01nm/umbrella_eq.cpt	1069628	2026-07-23T17:49:18.6037462220Z
LiCl	LiN3-Core/gromacs/umbrella_sampling/window_008_1.01nm/umbrella_eq.edr	325400	2026-07-23T17:49:18.6777462620Z
LiCl	LiN3-Core/gromacs/umbrella_sampling/window_008_1.01nm/umbrella_eq.xtc	79964820	2026-07-23T17:49:18.6097462250Z
LiCl	LiN3-Core/gromacs/umbrella_sampling/window_008_1.01nm/umbrella_eq_prev.cpt	1069352	2026-07-23T17:49:18.6047462220Z
LiCl	LiN3-Core/gromacs/umbrella_sampling/window_008_1.01nm/umbrella_prev.cpt	1069332	2026-07-24T12:58:59.2691501880Z
LiCl	LiN3-Core/gromacs/umbrella_sampling/window_009_1.08nm/umbrella.cpt	1069608	2026-07-23T05:18:02.7853100670Z
LiCl	LiN3-Core/gromacs/umbrella_sampling/window_009_1.08nm/umbrella.edr	1297400	2026-07-23T05:18:02.8583100000Z
LiCl	LiN3-Core/gromacs/umbrella_sampling/window_009_1.08nm/umbrella.xtc	319378564	2026-07-23T05:18:02.7913100610Z
LiCl	LiN3-Core/gromacs/umbrella_sampling/window_009_1.08nm/umbrella_eq.cpt	1069628	2026-07-18T16:45:01.2710370670Z
LiCl	LiN3-Core/gromacs/umbrella_sampling/window_009_1.08nm/umbrella_eq.edr	325400	2026-07-18T16:45:01.3740370980Z
LiCl	LiN3-Core/gromacs/umbrella_sampling/window_009_1.08nm/umbrella_eq.xtc	79964360	2026-07-18T16:45:01.2790370690Z
LiCl	LiN3-Core/gromacs/umbrella_sampling/window_009_1.08nm/umbrella_eq_prev.cpt	1068560	2026-07-18T16:45:01.2750370680Z
LiCl	LiN3-Core/gromacs/umbrella_sampling/window_009_1.08nm/umbrella_prev.cpt	1068540	2026-07-23T05:18:02.7873100650Z
LiCl	LiN3-Core/gromacs/umbrella_sampling/window_010_1.16nm/umbrella.cpt	1069608	2026-07-22T23:19:48.3600230970Z
LiCl	LiN3-Core/gromacs/umbrella_sampling/window_010_1.16nm/umbrella.edr	1297400	2026-07-22T23:19:48.4350231340Z
LiCl	LiN3-Core/gromacs/umbrella_sampling/window_010_1.16nm/umbrella.xtc	319380460	2026-07-22T23:19:48.3670231010Z
LiCl	LiN3-Core/gromacs/umbrella_sampling/window_010_1.16nm/umbrella_eq.cpt	1069628	2026-07-19T00:24:22.7302347890Z
LiCl	LiN3-Core/gromacs/umbrella_sampling/window_010_1.16nm/umbrella_eq.edr	325400	2026-07-19T00:24:22.8062346980Z
LiCl	LiN3-Core/gromacs/umbrella_sampling/window_010_1.16nm/umbrella_eq.xtc	79964660	2026-07-19T00:24:22.7392347780Z
LiCl	LiN3-Core/gromacs/umbrella_sampling/window_010_1.16nm/umbrella_eq_prev.cpt	1069352	2026-07-19T00:24:22.7322347870Z
LiCl	LiN3-Core/gromacs/umbrella_sampling/window_010_1.16nm/umbrella_prev.cpt	1069332	2026-07-22T23:19:48.3620230980Z
LiCl	LiN3-Core/gromacs/umbrella_sampling/window_011_1.23nm/umbrella.cpt	1069608	2026-07-21T19:36:36.0219624640Z
LiCl	LiN3-Core/gromacs/umbrella_sampling/window_011_1.23nm/umbrella.edr	1297400	2026-07-21T19:36:36.1219624840Z
LiCl	LiN3-Core/gromacs/umbrella_sampling/window_011_1.23nm/umbrella.xtc	319380100	2026-07-21T19:36:36.0309624650Z
LiCl	LiN3-Core/gromacs/umbrella_sampling/window_011_1.23nm/umbrella_eq.cpt	1069628	2026-07-19T22:10:30.4384268400Z
LiCl	LiN3-Core/gromacs/umbrella_sampling/window_011_1.23nm/umbrella_eq.edr	325400	2026-07-19T22:10:30.5134268100Z
LiCl	LiN3-Core/gromacs/umbrella_sampling/window_011_1.23nm/umbrella_eq.xtc	79965284	2026-07-19T22:10:30.4464268370Z
LiCl	LiN3-Core/gromacs/umbrella_sampling/window_011_1.23nm/umbrella_eq_prev.cpt	1069352	2026-07-19T22:10:30.4424268380Z
LiCl	LiN3-Core/gromacs/umbrella_sampling/window_011_1.23nm/umbrella_prev.cpt	1069332	2026-07-21T19:36:36.0239624640Z
LiCl	LiN3-Core/gromacs/umbrella_sampling/window_012_1.31nm/umbrella.cpt	1069608	2026-07-20T12:20:34.8712778120Z
LiCl	LiN3-Core/gromacs/umbrella_sampling/window_012_1.31nm/umbrella.edr	1297400	2026-07-20T12:20:35.0162778270Z
LiCl	LiN3-Core/gromacs/umbrella_sampling/window_012_1.31nm/umbrella.xtc	319382408	2026-07-20T12:20:34.8802778130Z
LiCl	LiN3-Core/gromacs/umbrella_sampling/window_012_1.31nm/umbrella_eq.cpt	1069628	2026-07-19T00:26:01.1561266260Z
LiCl	LiN3-Core/gromacs/umbrella_sampling/window_012_1.31nm/umbrella_eq.edr	325400	2026-07-19T00:26:01.2291265530Z
LiCl	LiN3-Core/gromacs/umbrella_sampling/window_012_1.31nm/umbrella_eq.xtc	79964696	2026-07-19T00:26:01.1621266200Z
LiCl	LiN3-Core/gromacs/umbrella_sampling/window_012_1.31nm/umbrella_eq_prev.cpt	1069352	2026-07-19T00:26:01.1581266240Z
LiCl	LiN3-Core/gromacs/umbrella_sampling/window_012_1.31nm/umbrella_prev.cpt	1069332	2026-07-20T12:20:34.8732778130Z
LiCl	LiN3-Core/gromacs/umbrella_sampling/window_013_1.38nm/umbrella.cpt	1069608	2026-07-24T12:11:26.0022815850Z
LiCl	LiN3-Core/gromacs/umbrella_sampling/window_013_1.38nm/umbrella.edr	1297400	2026-07-24T12:11:26.0462815440Z
LiCl	LiN3-Core/gromacs/umbrella_sampling/window_013_1.38nm/umbrella.xtc	319380156	2026-07-24T12:11:26.0062815810Z
LiCl	LiN3-Core/gromacs/umbrella_sampling/window_013_1.38nm/umbrella_eq.cpt	1069628	2026-07-22T15:30:26.3397876590Z
LiCl	LiN3-Core/gromacs/umbrella_sampling/window_013_1.38nm/umbrella_eq.edr	325400	2026-07-22T15:30:26.4117875530Z
LiCl	LiN3-Core/gromacs/umbrella_sampling/window_013_1.38nm/umbrella_eq.xtc	79965008	2026-07-22T15:30:26.3447876520Z
LiCl	LiN3-Core/gromacs/umbrella_sampling/window_013_1.38nm/umbrella_eq_prev.cpt	1069352	2026-07-22T15:30:26.3407876580Z
LiCl	LiN3-Core/gromacs/umbrella_sampling/window_013_1.38nm/umbrella_prev.cpt	1069332	2026-07-24T12:11:26.0032815840Z
LiCl	LiN3-Core/gromacs/umbrella_sampling/window_014_1.46nm/umbrella.cpt	1069608	2026-07-23T13:32:16.0966196130Z
LiCl	LiN3-Core/gromacs/umbrella_sampling/window_014_1.46nm/umbrella.edr	1297400	2026-07-23T13:32:16.1696196280Z
LiCl	LiN3-Core/gromacs/umbrella_sampling/window_014_1.46nm/umbrella.xtc	319380940	2026-07-23T13:32:16.1016196140Z
LiCl	LiN3-Core/gromacs/umbrella_sampling/window_014_1.46nm/umbrella_eq.cpt	1069628	2026-07-19T22:29:08.5786429200Z
LiCl	LiN3-Core/gromacs/umbrella_sampling/window_014_1.46nm/umbrella_eq.edr	325400	2026-07-19T22:29:08.7236431770Z
LiCl	LiN3-Core/gromacs/umbrella_sampling/window_014_1.46nm/umbrella_eq.xtc	79965264	2026-07-19T22:29:08.5916429440Z
LiCl	LiN3-Core/gromacs/umbrella_sampling/window_014_1.46nm/umbrella_eq_prev.cpt	1069352	2026-07-19T22:29:08.5846429310Z
LiCl	LiN3-Core/gromacs/umbrella_sampling/window_014_1.46nm/umbrella_prev.cpt	1069332	2026-07-23T13:32:16.0986196140Z
LiCl	LiN3-Core/gromacs/umbrella_sampling/window_015_1.53nm/umbrella.cpt	1069608	2026-07-22T20:46:29.8904128310Z
LiCl	LiN3-Core/gromacs/umbrella_sampling/window_015_1.53nm/umbrella.edr	1297400	2026-07-22T20:46:29.9634128810Z
LiCl	LiN3-Core/gromacs/umbrella_sampling/window_015_1.53nm/umbrella.xtc	319391376	2026-07-22T20:46:29.8964128350Z
LiCl	LiN3-Core/gromacs/umbrella_sampling/window_015_1.53nm/umbrella_eq.cpt	1069628	2026-07-19T13:58:32.5964262580Z
LiCl	LiN3-Core/gromacs/umbrella_sampling/window_015_1.53nm/umbrella_eq.edr	325400	2026-07-19T13:58:32.6704261250Z
LiCl	LiN3-Core/gromacs/umbrella_sampling/window_015_1.53nm/umbrella_eq.xtc	79965368	2026-07-19T13:58:32.6034262450Z
LiCl	LiN3-Core/gromacs/umbrella_sampling/window_015_1.53nm/umbrella_eq_prev.cpt	1069352	2026-07-19T13:58:32.5994262520Z
LiCl	LiN3-Core/gromacs/umbrella_sampling/window_015_1.53nm/umbrella_prev.cpt	1069332	2026-07-22T20:46:29.8924128330Z
LiCl	LiN3-Core/gromacs/umbrella_sampling/window_016_1.61nm/umbrella.cpt	1069608	2026-07-20T08:25:29.9291343150Z
LiCl	LiN3-Core/gromacs/umbrella_sampling/window_016_1.61nm/umbrella.edr	1297400	2026-07-20T08:25:30.0301344100Z
LiCl	LiN3-Core/gromacs/umbrella_sampling/window_016_1.61nm/umbrella.xtc	319378068	2026-07-20T08:25:29.9381343240Z
LiCl	LiN3-Core/gromacs/umbrella_sampling/window_016_1.61nm/umbrella_eq.cpt	1069628	2026-07-18T16:34:47.3498595200Z
LiCl	LiN3-Core/gromacs/umbrella_sampling/window_016_1.61nm/umbrella_eq.edr	325400	2026-07-18T16:34:47.4218595390Z
LiCl	LiN3-Core/gromacs/umbrella_sampling/window_016_1.61nm/umbrella_eq.xtc	79965352	2026-07-18T16:34:47.3548595210Z
LiCl	LiN3-Core/gromacs/umbrella_sampling/window_016_1.61nm/umbrella_eq_prev.cpt	1069352	2026-07-18T16:34:47.3508595200Z
LiCl	LiN3-Core/gromacs/umbrella_sampling/window_016_1.61nm/umbrella_prev.cpt	1069332	2026-07-20T08:25:29.9341343200Z
LiCl	LiN3-Core/gromacs/umbrella_sampling/window_017_1.68nm/umbrella.cpt	1069608	2026-07-23T10:45:26.2950328910Z
LiCl	LiN3-Core/gromacs/umbrella_sampling/window_017_1.68nm/umbrella.edr	1297400	2026-07-23T10:45:26.3670329080Z
LiCl	LiN3-Core/gromacs/umbrella_sampling/window_017_1.68nm/umbrella.xtc	319385856	2026-07-23T10:45:26.3000328920Z
LiCl	LiN3-Core/gromacs/umbrella_sampling/window_017_1.68nm/umbrella_eq.cpt	1069628	2026-07-20T17:25:27.7442588250Z
LiCl	LiN3-Core/gromacs/umbrella_sampling/window_017_1.68nm/umbrella_eq.edr	325400	2026-07-20T17:25:27.8882588410Z
LiCl	LiN3-Core/gromacs/umbrella_sampling/window_017_1.68nm/umbrella_eq.xtc	79965124	2026-07-20T17:25:27.7542588260Z
LiCl	LiN3-Core/gromacs/umbrella_sampling/window_017_1.68nm/umbrella_eq_prev.cpt	1069352	2026-07-20T17:25:27.7472588250Z
LiCl	LiN3-Core/gromacs/umbrella_sampling/window_017_1.68nm/umbrella_prev.cpt	1069332	2026-07-23T10:45:26.2960328910Z
LiCl	LiN3-Core/gromacs/umbrella_sampling/window_018_1.76nm/umbrella.cpt	1069608	2026-07-23T10:44:32.8840189620Z
LiCl	LiN3-Core/gromacs/umbrella_sampling/window_018_1.76nm/umbrella.edr	1297400	2026-07-23T10:44:32.9570189830Z
LiCl	LiN3-Core/gromacs/umbrella_sampling/window_018_1.76nm/umbrella.xtc	319379828	2026-07-23T10:44:32.8900189640Z
LiCl	LiN3-Core/gromacs/umbrella_sampling/window_018_1.76nm/umbrella_eq.cpt	1069628	2026-07-21T10:13:03.3216541470Z
LiCl	LiN3-Core/gromacs/umbrella_sampling/window_018_1.76nm/umbrella_eq.edr	325400	2026-07-21T10:13:03.3936542350Z
LiCl	LiN3-Core/gromacs/umbrella_sampling/window_018_1.76nm/umbrella_eq.xtc	79965056	2026-07-21T10:13:03.3266541530Z
LiCl	LiN3-Core/gromacs/umbrella_sampling/window_018_1.76nm/umbrella_eq_prev.cpt	1069352	2026-07-21T10:13:03.3226541490Z
LiCl	LiN3-Core/gromacs/umbrella_sampling/window_018_1.76nm/umbrella_prev.cpt	1068540	2026-07-23T10:44:32.8860189630Z
LiCl	LiN3-Core/gromacs/umbrella_sampling/window_019_1.83nm/umbrella.cpt	1069608	2026-07-22T21:46:28.5642133310Z
LiCl	LiN3-Core/gromacs/umbrella_sampling/window_019_1.83nm/umbrella.edr	1297400	2026-07-22T21:46:28.6482133450Z
LiCl	LiN3-Core/gromacs/umbrella_sampling/window_019_1.83nm/umbrella.xtc	319382072	2026-07-22T21:46:28.5752133330Z
LiCl	LiN3-Core/gromacs/umbrella_sampling/window_019_1.83nm/umbrella_eq.cpt	1069628	2026-07-19T00:23:32.6192978230Z
LiCl	LiN3-Core/gromacs/umbrella_sampling/window_019_1.83nm/umbrella_eq.edr	325400	2026-07-19T00:23:32.6912977280Z
LiCl	LiN3-Core/gromacs/umbrella_sampling/window_019_1.83nm/umbrella_eq.xtc	79964396	2026-07-19T00:23:32.6252978150Z
LiCl	LiN3-Core/gromacs/umbrella_sampling/window_019_1.83nm/umbrella_eq_prev.cpt	1068560	2026-07-19T00:23:32.6212978200Z
LiCl	LiN3-Core/gromacs/umbrella_sampling/window_019_1.83nm/umbrella_prev.cpt	1069332	2026-07-22T21:46:28.5672133320Z
LiCl	LiN3-Core/gromacs/umbrella_sampling/window_020_1.91nm/umbrella.cpt	1069608	2026-07-23T11:10:07.5740750890Z
LiCl	LiN3-Core/gromacs/umbrella_sampling/window_020_1.91nm/umbrella.edr	1297400	2026-07-23T11:10:07.6470750850Z
LiCl	LiN3-Core/gromacs/umbrella_sampling/window_020_1.91nm/umbrella.xtc	319382076	2026-07-23T11:10:07.5790750890Z
LiCl	LiN3-Core/gromacs/umbrella_sampling/window_020_1.91nm/umbrella_eq.cpt	1069628	2026-07-19T00:27:58.1300207910Z
LiCl	LiN3-Core/gromacs/umbrella_sampling/window_020_1.91nm/umbrella_eq.edr	325400	2026-07-19T00:27:58.2130207240Z
LiCl	LiN3-Core/gromacs/umbrella_sampling/window_020_1.91nm/umbrella_eq.xtc	79965004	2026-07-19T00:27:58.1370207850Z
LiCl	LiN3-Core/gromacs/umbrella_sampling/window_020_1.91nm/umbrella_eq_prev.cpt	1069352	2026-07-19T00:27:58.1330207890Z
LiCl	LiN3-Core/gromacs/umbrella_sampling/window_020_1.91nm/umbrella_prev.cpt	1069332	2026-07-23T11:10:07.5750750890Z
LiCl	LiN3-Core/gromacs/umbrella_sampling/window_021_1.98nm/umbrella.cpt	1069608	2026-07-21T15:26:34.7255810040Z
LiCl	LiN3-Core/gromacs/umbrella_sampling/window_021_1.98nm/umbrella.edr	1297400	2026-07-21T15:26:34.8515812330Z
LiCl	LiN3-Core/gromacs/umbrella_sampling/window_021_1.98nm/umbrella.xtc	319378964	2026-07-21T15:26:34.7365810240Z
LiCl	LiN3-Core/gromacs/umbrella_sampling/window_021_1.98nm/umbrella_eq.cpt	1069628	2026-07-18T21:50:08.1482404380Z
LiCl	LiN3-Core/gromacs/umbrella_sampling/window_021_1.98nm/umbrella_eq.edr	325400	2026-07-18T21:50:08.2202405170Z
LiCl	LiN3-Core/gromacs/umbrella_sampling/window_021_1.98nm/umbrella_eq.xtc	79963992	2026-07-18T21:50:08.1532404430Z
LiCl	LiN3-Core/gromacs/umbrella_sampling/window_021_1.98nm/umbrella_eq_prev.cpt	1069352	2026-07-18T21:50:08.1492404390Z
LiCl	LiN3-Core/gromacs/umbrella_sampling/window_021_1.98nm/umbrella_prev.cpt	1068540	2026-07-21T15:26:34.7305810130Z
LiCl	LiN3-Core/gromacs/umbrella_sampling/window_022_2.06nm/umbrella.cpt	1069608	2026-07-23T23:51:24.8154880110Z
LiCl	LiN3-Core/gromacs/umbrella_sampling/window_022_2.06nm/umbrella.edr	1297400	2026-07-23T23:51:24.8774880590Z
LiCl	LiN3-Core/gromacs/umbrella_sampling/window_022_2.06nm/umbrella.xtc	319382848	2026-07-23T23:51:24.8204880150Z
LiCl	LiN3-Core/gromacs/umbrella_sampling/window_022_2.06nm/umbrella_eq.cpt	1069628	2026-07-19T05:46:09.2745317730Z
LiCl	LiN3-Core/gromacs/umbrella_sampling/window_022_2.06nm/umbrella_eq.edr	325400	2026-07-19T05:46:09.3365318250Z
LiCl	LiN3-Core/gromacs/umbrella_sampling/window_022_2.06nm/umbrella_eq.xtc	79964136	2026-07-19T05:46:09.2805317780Z
LiCl	LiN3-Core/gromacs/umbrella_sampling/window_022_2.06nm/umbrella_eq_prev.cpt	1069352	2026-07-19T05:46:09.2765317750Z
LiCl	LiN3-Core/gromacs/umbrella_sampling/window_022_2.06nm/umbrella_prev.cpt	1069332	2026-07-23T23:51:24.8164880120Z
LiCl	LiN3-Core/gromacs/umbrella_sampling/window_023_2.13nm/umbrella.cpt	1069608	2026-07-23T16:35:22.6289656390Z
LiCl	LiN3-Core/gromacs/umbrella_sampling/window_023_2.13nm/umbrella.edr	1297400	2026-07-23T16:35:22.7019655650Z
LiCl	LiN3-Core/gromacs/umbrella_sampling/window_023_2.13nm/umbrella.xtc	319378932	2026-07-23T16:35:22.6349656330Z
LiCl	LiN3-Core/gromacs/umbrella_sampling/window_023_2.13nm/umbrella_eq.cpt	1069628	2026-07-18T14:56:50.6741932000Z
LiCl	LiN3-Core/gromacs/umbrella_sampling/window_023_2.13nm/umbrella_eq.edr	325400	2026-07-18T14:56:50.7521932430Z
LiCl	LiN3-Core/gromacs/umbrella_sampling/window_023_2.13nm/umbrella_eq.xtc	79964732	2026-07-18T14:56:50.6801932030Z
LiCl	LiN3-Core/gromacs/umbrella_sampling/window_023_2.13nm/umbrella_eq_prev.cpt	1069352	2026-07-18T14:56:50.6761932010Z
LiCl	LiN3-Core/gromacs/umbrella_sampling/window_023_2.13nm/umbrella_prev.cpt	1069332	2026-07-23T16:35:22.6309656370Z
LiCl	LiN3-Core/gromacs/umbrella_sampling/window_024_2.21nm/umbrella.cpt	1069608	2026-07-21T17:24:00.5070907140Z
LiCl	LiN3-Core/gromacs/umbrella_sampling/window_024_2.21nm/umbrella.edr	1297400	2026-07-21T17:24:00.5790906980Z
LiCl	LiN3-Core/gromacs/umbrella_sampling/window_024_2.21nm/umbrella.xtc	319378252	2026-07-21T17:24:00.5120907130Z
LiCl	LiN3-Core/gromacs/umbrella_sampling/window_024_2.21nm/umbrella_eq.cpt	1069628	2026-07-18T13:25:18.7951707530Z
LiCl	LiN3-Core/gromacs/umbrella_sampling/window_024_2.21nm/umbrella_eq.edr	325400	2026-07-18T13:25:18.8931707700Z
LiCl	LiN3-Core/gromacs/umbrella_sampling/window_024_2.21nm/umbrella_eq.xtc	79963996	2026-07-18T13:25:18.8041707540Z
LiCl	LiN3-Core/gromacs/umbrella_sampling/window_024_2.21nm/umbrella_eq_prev.cpt	1069352	2026-07-18T13:25:18.8001707530Z
LiCl	LiN3-Core/gromacs/umbrella_sampling/window_024_2.21nm/umbrella_prev.cpt	1068540	2026-07-21T17:24:00.5090907130Z
LiCl	LiN3-Core/gromacs/umbrella_sampling/window_025_2.28nm/umbrella.cpt	1069608	2026-07-24T12:01:22.1948508330Z
LiCl	LiN3-Core/gromacs/umbrella_sampling/window_025_2.28nm/umbrella.edr	1297400	2026-07-24T12:01:22.2388507900Z
LiCl	LiN3-Core/gromacs/umbrella_sampling/window_025_2.28nm/umbrella.xtc	319385720	2026-07-24T12:01:22.1978508300Z
LiCl	LiN3-Core/gromacs/umbrella_sampling/window_025_2.28nm/umbrella_eq.cpt	1069628	2026-07-23T02:57:30.5787129070Z
LiCl	LiN3-Core/gromacs/umbrella_sampling/window_025_2.28nm/umbrella_eq.edr	325400	2026-07-23T02:57:30.7157127620Z
LiCl	LiN3-Core/gromacs/umbrella_sampling/window_025_2.28nm/umbrella_eq.xtc	79965872	2026-07-23T02:57:30.5867128990Z
LiCl	LiN3-Core/gromacs/umbrella_sampling/window_025_2.28nm/umbrella_eq_prev.cpt	1069352	2026-07-23T02:57:30.5827129030Z
LiCl	LiN3-Core/gromacs/umbrella_sampling/window_025_2.28nm/umbrella_prev.cpt	1068540	2026-07-24T12:01:22.1958508320Z
LiCl	LiN3-Core/gromacs/umbrella_sampling/window_026_2.36nm/umbrella.cpt	1069608	2026-07-24T16:15:07.4249541700Z
LiCl	LiN3-Core/gromacs/umbrella_sampling/window_026_2.36nm/umbrella.edr	1297400	2026-07-24T16:15:07.4679541060Z
LiCl	LiN3-Core/gromacs/umbrella_sampling/window_026_2.36nm/umbrella.xtc	319380204	2026-07-24T16:15:07.4279541650Z
LiCl	LiN3-Core/gromacs/umbrella_sampling/window_026_2.36nm/umbrella_eq.cpt	1069628	2026-07-23T23:28:14.7300480330Z
LiCl	LiN3-Core/gromacs/umbrella_sampling/window_026_2.36nm/umbrella_eq.edr	325400	2026-07-23T23:28:14.8000480150Z
LiCl	LiN3-Core/gromacs/umbrella_sampling/window_026_2.36nm/umbrella_eq.xtc	79965648	2026-07-23T23:28:14.7360480310Z
LiCl	LiN3-Core/gromacs/umbrella_sampling/window_026_2.36nm/umbrella_eq_prev.cpt	1069352	2026-07-23T23:28:14.7320480320Z
LiCl	LiN3-Core/gromacs/umbrella_sampling/window_026_2.36nm/umbrella_prev.cpt	1069332	2026-07-24T16:15:07.4259541680Z
LiCl	LiN3-Core/gromacs/umbrella_sampling/window_027_2.43nm/umbrella.cpt	1069608	2026-07-20T00:37:57.0564982750Z
LiCl	LiN3-Core/gromacs/umbrella_sampling/window_027_2.43nm/umbrella.edr	1297400	2026-07-20T00:37:57.1854983240Z
LiCl	LiN3-Core/gromacs/umbrella_sampling/window_027_2.43nm/umbrella.xtc	319388788	2026-07-20T00:37:57.1194982990Z
LiCl	LiN3-Core/gromacs/umbrella_sampling/window_027_2.43nm/umbrella_eq.cpt	1069628	2026-07-18T14:01:58.0964620270Z
LiCl	LiN3-Core/gromacs/umbrella_sampling/window_027_2.43nm/umbrella_eq.edr	325400	2026-07-18T14:01:58.1804618300Z
LiCl	LiN3-Core/gromacs/umbrella_sampling/window_027_2.43nm/umbrella_eq.xtc	79965104	2026-07-18T14:01:58.1034620110Z
LiCl	LiN3-Core/gromacs/umbrella_sampling/window_027_2.43nm/umbrella_eq_prev.cpt	1069352	2026-07-18T14:01:58.0994620200Z
LiCl	LiN3-Core/gromacs/umbrella_sampling/window_027_2.43nm/umbrella_prev.cpt	1069332	2026-07-20T00:37:57.1154982980Z
LiCl	LiN3-Core/gromacs/umbrella_sampling/window_028_2.51nm/umbrella.cpt	1069608	2026-07-21T03:14:24.6608217520Z
LiCl	LiN3-Core/gromacs/umbrella_sampling/window_028_2.51nm/umbrella.edr	1297400	2026-07-21T03:14:24.7588218040Z
LiCl	LiN3-Core/gromacs/umbrella_sampling/window_028_2.51nm/umbrella.xtc	319388256	2026-07-21T03:14:24.6688217560Z
LiCl	LiN3-Core/gromacs/umbrella_sampling/window_028_2.51nm/umbrella_eq.cpt	1069628	2026-07-19T18:23:14.0658787720Z
LiCl	LiN3-Core/gromacs/umbrella_sampling/window_028_2.51nm/umbrella_eq.edr	325400	2026-07-19T18:23:14.1408788010Z
LiCl	LiN3-Core/gromacs/umbrella_sampling/window_028_2.51nm/umbrella_eq.xtc	79965364	2026-07-19T18:23:14.0748787750Z
LiCl	LiN3-Core/gromacs/umbrella_sampling/window_028_2.51nm/umbrella_eq_prev.cpt	1069352	2026-07-19T18:23:14.0708787730Z
LiCl	LiN3-Core/gromacs/umbrella_sampling/window_028_2.51nm/umbrella_prev.cpt	1069332	2026-07-21T03:14:24.6648217540Z
LiCl	LiN3-Core/gromacs/umbrella_sampling/window_029_2.58nm/umbrella.cpt	1069608	2026-07-22T22:00:42.6123581870Z
LiCl	LiN3-Core/gromacs/umbrella_sampling/window_029_2.58nm/umbrella.edr	1297400	2026-07-22T22:00:42.6853582000Z
LiCl	LiN3-Core/gromacs/umbrella_sampling/window_029_2.58nm/umbrella.xtc	319384012	2026-07-22T22:00:42.6183581880Z
LiCl	LiN3-Core/gromacs/umbrella_sampling/window_029_2.58nm/umbrella_eq.cpt	1069628	2026-07-21T01:43:35.5255966010Z
LiCl	LiN3-Core/gromacs/umbrella_sampling/window_029_2.58nm/umbrella_eq.edr	325400	2026-07-21T01:43:35.6005966350Z
LiCl	LiN3-Core/gromacs/umbrella_sampling/window_029_2.58nm/umbrella_eq.xtc	79964612	2026-07-21T01:43:35.5335966040Z
LiCl	LiN3-Core/gromacs/umbrella_sampling/window_029_2.58nm/umbrella_eq_prev.cpt	1069352	2026-07-21T01:43:35.5285966020Z
LiCl	LiN3-Core/gromacs/umbrella_sampling/window_029_2.58nm/umbrella_prev.cpt	1069332	2026-07-22T22:00:42.6143581870Z
LiCl	LiND-Hybrid/gromacs/run_eq/step4.1_equilibration.edr	71728	2026-07-13T14:32:43.0000000000Z
LiCl	LiND-Hybrid/gromacs/run_min/min_attempt0.edr	182196	2026-07-13T14:32:43.0000000000Z
LiCl	LiND-Hybrid/gromacs/run_min/step4.0_minimization.edr	182196	2026-07-13T14:32:43.0000000000Z
LiCl	LiND-Hybrid/gromacs/run_prod_20ns/step5_production_20ns.edr	994800	2026-07-13T14:32:43.0000000000Z
LiCl	LiND-Hybrid/gromacs/umbrella_sampling/bound_place_min/min.edr	78552	2026-07-18T01:32:52.5050385460Z
LiCl	LiND-Hybrid/gromacs/umbrella_sampling/bound_place_min/min.trr	818616	2026-07-18T01:32:52.5100385140Z
LiCl	LiND-Hybrid/gromacs/umbrella_sampling/pull/pull.cpt	1639324	2026-07-18T05:00:12.8882034020Z
LiCl	LiND-Hybrid/gromacs/umbrella_sampling/pull/pull.edr	649400	2026-07-18T05:00:12.9972034120Z
LiCl	LiND-Hybrid/gromacs/umbrella_sampling/pull/pull.xtc	247842072	2026-07-18T05:00:12.8962034030Z
LiCl	LiND-Hybrid/gromacs/umbrella_sampling/pull/pull_prev.cpt	1639048	2026-07-18T05:00:12.8912034020Z
LiCl	LiND-Hybrid/gromacs/umbrella_sampling/window_000_0.42nm/umbrella.cpt	1639344	2026-07-23T14:16:22.9869661870Z
LiCl	LiND-Hybrid/gromacs/umbrella_sampling/window_000_0.42nm/umbrella.edr	1297400	2026-07-23T14:16:23.0969661960Z
LiCl	LiND-Hybrid/gromacs/umbrella_sampling/window_000_0.42nm/umbrella.xtc	495435008	2026-07-23T14:16:22.9939661880Z
LiCl	LiND-Hybrid/gromacs/umbrella_sampling/window_000_0.42nm/umbrella_eq.cpt	1639364	2026-07-19T00:39:23.1616911980Z
LiCl	LiND-Hybrid/gromacs/umbrella_sampling/window_000_0.42nm/umbrella_eq.edr	325400	2026-07-19T00:39:23.2726911690Z
LiCl	LiND-Hybrid/gromacs/umbrella_sampling/window_000_0.42nm/umbrella_eq.xtc	124045408	2026-07-19T00:39:23.1696911960Z
LiCl	LiND-Hybrid/gromacs/umbrella_sampling/window_000_0.42nm/umbrella_eq_prev.cpt	1639088	2026-07-19T00:39:23.1636911980Z
LiCl	LiND-Hybrid/gromacs/umbrella_sampling/window_000_0.42nm/umbrella_prev.cpt	1639068	2026-07-23T14:16:22.9889661880Z
LiCl	LiND-Hybrid/gromacs/umbrella_sampling/window_001_0.49nm/umbrella.cpt	1639344	2026-07-20T21:11:17.4700454120Z
LiCl	LiND-Hybrid/gromacs/umbrella_sampling/window_001_0.49nm/umbrella.edr	1297400	2026-07-20T21:11:17.5830454850Z
LiCl	LiND-Hybrid/gromacs/umbrella_sampling/window_001_0.49nm/umbrella.xtc	495437348	2026-07-20T21:11:17.4790454180Z
LiCl	LiND-Hybrid/gromacs/umbrella_sampling/window_001_0.49nm/umbrella_eq.cpt	1639364	2026-07-19T00:35:52.4417572280Z
LiCl	LiND-Hybrid/gromacs/umbrella_sampling/window_001_0.49nm/umbrella_eq.edr	325400	2026-07-19T00:35:52.5527571870Z
LiCl	LiND-Hybrid/gromacs/umbrella_sampling/window_001_0.49nm/umbrella_eq.xtc	124045056	2026-07-19T00:35:52.4497572250Z
LiCl	LiND-Hybrid/gromacs/umbrella_sampling/window_001_0.49nm/umbrella_eq_prev.cpt	1639088	2026-07-19T00:35:52.4437572270Z
LiCl	LiND-Hybrid/gromacs/umbrella_sampling/window_001_0.49nm/umbrella_prev.cpt	1639068	2026-07-20T21:11:17.4730454140Z
LiCl	LiND-Hybrid/gromacs/umbrella_sampling/window_002_0.57nm/umbrella.cpt	1639344	2026-07-21T00:13:48.1023728230Z
LiCl	LiND-Hybrid/gromacs/umbrella_sampling/window_002_0.57nm/umbrella.edr	1297400	2026-07-21T00:13:48.2123729680Z
LiCl	LiND-Hybrid/gromacs/umbrella_sampling/window_002_0.57nm/umbrella.xtc	495437352	2026-07-21T00:13:48.1103728340Z
LiCl	LiND-Hybrid/gromacs/umbrella_sampling/window_002_0.57nm/umbrella_eq.cpt	1639364	2026-07-19T00:41:14.5406636140Z
LiCl	LiND-Hybrid/gromacs/umbrella_sampling/window_002_0.57nm/umbrella_eq.edr	325400	2026-07-19T00:41:14.6546635880Z
LiCl	LiND-Hybrid/gromacs/umbrella_sampling/window_002_0.57nm/umbrella_eq.xtc	124044548	2026-07-19T00:41:14.5526636120Z
LiCl	LiND-Hybrid/gromacs/umbrella_sampling/window_002_0.57nm/umbrella_eq_prev.cpt	1638296	2026-07-19T00:41:14.5446636140Z
LiCl	LiND-Hybrid/gromacs/umbrella_sampling/window_002_0.57nm/umbrella_prev.cpt	1638276	2026-07-21T00:13:48.1043728260Z
LiCl	LiND-Hybrid/gromacs/umbrella_sampling/window_003_0.64nm/umbrella.cpt	1639344	2026-07-23T17:07:14.5096255540Z
LiCl	LiND-Hybrid/gromacs/umbrella_sampling/window_003_0.64nm/umbrella.edr	1297400	2026-07-23T17:07:14.6196257750Z
LiCl	LiND-Hybrid/gromacs/umbrella_sampling/window_003_0.64nm/umbrella.xtc	495436780	2026-07-23T17:07:14.5176255700Z
LiCl	LiND-Hybrid/gromacs/umbrella_sampling/window_003_0.64nm/umbrella_eq.cpt	1639364	2026-07-18T22:55:17.8024481980Z
LiCl	LiND-Hybrid/gromacs/umbrella_sampling/window_003_0.64nm/umbrella_eq.edr	325400	2026-07-18T22:55:17.9474482220Z
LiCl	LiND-Hybrid/gromacs/umbrella_sampling/window_003_0.64nm/umbrella_eq.xtc	124044564	2026-07-18T22:55:17.8164482000Z
LiCl	LiND-Hybrid/gromacs/umbrella_sampling/window_003_0.64nm/umbrella_eq_prev.cpt	1639088	2026-07-18T22:55:17.8084481980Z
LiCl	LiND-Hybrid/gromacs/umbrella_sampling/window_003_0.64nm/umbrella_prev.cpt	1639068	2026-07-23T17:07:14.5116255580Z
LiCl	LiND-Hybrid/gromacs/umbrella_sampling/window_004_0.72nm/umbrella.cpt	1639344	2026-07-20T21:20:07.5677414290Z
LiCl	LiND-Hybrid/gromacs/umbrella_sampling/window_004_0.72nm/umbrella.edr	1297400	2026-07-20T21:20:07.6797412690Z
LiCl	LiND-Hybrid/gromacs/umbrella_sampling/window_004_0.72nm/umbrella.xtc	495435460	2026-07-20T21:20:07.5777414150Z
LiCl	LiND-Hybrid/gromacs/umbrella_sampling/window_004_0.72nm/umbrella_eq.cpt	1639364	2026-07-18T16:56:58.4727324120Z
LiCl	LiND-Hybrid/gromacs/umbrella_sampling/window_004_0.72nm/umbrella_eq.edr	325400	2026-07-18T16:56:58.6187323080Z
LiCl	LiND-Hybrid/gromacs/umbrella_sampling/window_004_0.72nm/umbrella_eq.xtc	124044604	2026-07-18T16:56:58.4887324010Z
LiCl	LiND-Hybrid/gromacs/umbrella_sampling/window_004_0.72nm/umbrella_eq_prev.cpt	1639088	2026-07-18T16:56:58.4777324090Z
LiCl	LiND-Hybrid/gromacs/umbrella_sampling/window_004_0.72nm/umbrella_prev.cpt	1639068	2026-07-20T21:20:07.5697414260Z
LiCl	LiND-Hybrid/gromacs/umbrella_sampling/window_005_0.79nm/umbrella.cpt	1639344	2026-07-23T19:16:11.5512476530Z
LiCl	LiND-Hybrid/gromacs/umbrella_sampling/window_005_0.79nm/umbrella.edr	1297400	2026-07-23T19:16:11.6642479670Z
LiCl	LiND-Hybrid/gromacs/umbrella_sampling/window_005_0.79nm/umbrella.xtc	495434104	2026-07-23T19:16:11.5592476750Z
LiCl	LiND-Hybrid/gromacs/umbrella_sampling/window_005_0.79nm/umbrella_eq.cpt	1639364	2026-07-21T13:01:14.3564090010Z
LiCl	LiND-Hybrid/gromacs/umbrella_sampling/window_005_0.79nm/umbrella_eq.edr	325400	2026-07-21T13:01:14.4664090100Z
LiCl	LiND-Hybrid/gromacs/umbrella_sampling/window_005_0.79nm/umbrella_eq.xtc	124044616	2026-07-21T13:01:14.3644090020Z
LiCl	LiND-Hybrid/gromacs/umbrella_sampling/window_005_0.79nm/umbrella_eq_prev.cpt	1639088	2026-07-21T13:01:14.3574090020Z
LiCl	LiND-Hybrid/gromacs/umbrella_sampling/window_005_0.79nm/umbrella_prev.cpt	1638276	2026-07-23T19:16:11.5532476580Z
LiCl	LiND-Hybrid/gromacs/umbrella_sampling/window_006_0.87nm/umbrella.cpt	1639344	2026-07-24T09:05:42.4208643820Z
LiCl	LiND-Hybrid/gromacs/umbrella_sampling/window_006_0.87nm/umbrella.edr	1297400	2026-07-24T09:05:42.4878643430Z
LiCl	LiND-Hybrid/gromacs/umbrella_sampling/window_006_0.87nm/umbrella.xtc	495436176	2026-07-24T09:05:42.4258643790Z
LiCl	LiND-Hybrid/gromacs/umbrella_sampling/window_006_0.87nm/umbrella_eq.cpt	1639364	2026-07-22T17:00:44.9790153180Z
LiCl	LiND-Hybrid/gromacs/umbrella_sampling/window_006_0.87nm/umbrella_eq.edr	325400	2026-07-22T17:00:45.0900147710Z
LiCl	LiND-Hybrid/gromacs/umbrella_sampling/window_006_0.87nm/umbrella_eq.xtc	124044180	2026-07-22T17:00:44.9870152780Z
LiCl	LiND-Hybrid/gromacs/umbrella_sampling/window_006_0.87nm/umbrella_eq_prev.cpt	1639088	2026-07-22T17:00:44.9810153080Z
LiCl	LiND-Hybrid/gromacs/umbrella_sampling/window_006_0.87nm/umbrella_prev.cpt	1638276	2026-07-24T09:05:42.4228643810Z
LiCl	LiND-Hybrid/gromacs/umbrella_sampling/window_007_0.94nm/umbrella.cpt	1639344	2026-07-23T01:50:49.7772659390Z
LiCl	LiND-Hybrid/gromacs/umbrella_sampling/window_007_0.94nm/umbrella.edr	1297400	2026-07-23T01:50:49.8882659340Z
LiCl	LiND-Hybrid/gromacs/umbrella_sampling/window_007_0.94nm/umbrella.xtc	495436208	2026-07-23T01:50:49.7852659380Z
LiCl	LiND-Hybrid/gromacs/umbrella_sampling/window_007_0.94nm/umbrella_eq.cpt	1639364	2026-07-19T03:53:50.5913223850Z
LiCl	LiND-Hybrid/gromacs/umbrella_sampling/window_007_0.94nm/umbrella_eq.edr	325400	2026-07-19T03:53:50.7023225180Z
LiCl	LiND-Hybrid/gromacs/umbrella_sampling/window_007_0.94nm/umbrella_eq.xtc	124044372	2026-07-19T03:53:50.5993223950Z
LiCl	LiND-Hybrid/gromacs/umbrella_sampling/window_007_0.94nm/umbrella_eq_prev.cpt	1638296	2026-07-19T03:53:50.5933223880Z
LiCl	LiND-Hybrid/gromacs/umbrella_sampling/window_007_0.94nm/umbrella_prev.cpt	1639068	2026-07-23T01:50:49.7792659390Z
LiCl	LiND-Hybrid/gromacs/umbrella_sampling/window_008_1.02nm/umbrella.cpt	1639344	2026-07-24T01:27:19.3698430090Z
LiCl	LiND-Hybrid/gromacs/umbrella_sampling/window_008_1.02nm/umbrella.edr	1297400	2026-07-24T01:27:19.4368433180Z
LiCl	LiND-Hybrid/gromacs/umbrella_sampling/window_008_1.02nm/umbrella.xtc	495437192	2026-07-24T01:27:19.3748430320Z
LiCl	LiND-Hybrid/gromacs/umbrella_sampling/window_008_1.02nm/umbrella_eq.cpt	1639364	2026-07-19T01:27:44.6242166180Z
LiCl	LiND-Hybrid/gromacs/umbrella_sampling/window_008_1.02nm/umbrella_eq.edr	325400	2026-07-19T01:27:44.7362164150Z
LiCl	LiND-Hybrid/gromacs/umbrella_sampling/window_008_1.02nm/umbrella_eq.xtc	124044688	2026-07-19T01:27:44.6332166010Z
LiCl	LiND-Hybrid/gromacs/umbrella_sampling/window_008_1.02nm/umbrella_eq_prev.cpt	1639088	2026-07-19T01:27:44.6262166140Z
LiCl	LiND-Hybrid/gromacs/umbrella_sampling/window_008_1.02nm/umbrella_prev.cpt	1639068	2026-07-24T01:27:19.3718430180Z
LiCl	LiND-Hybrid/gromacs/umbrella_sampling/window_009_1.09nm/umbrella.cpt	1639344	2026-07-21T03:00:15.9212218310Z
LiCl	LiND-Hybrid/gromacs/umbrella_sampling/window_009_1.09nm/umbrella.edr	1297400	2026-07-21T03:00:16.0352219460Z
LiCl	LiND-Hybrid/gromacs/umbrella_sampling/window_009_1.09nm/umbrella.xtc	495436824	2026-07-21T03:00:15.9312218410Z
LiCl	LiND-Hybrid/gromacs/umbrella_sampling/window_009_1.09nm/umbrella_eq.cpt	1639364	2026-07-18T22:49:20.8844007740Z
LiCl	LiND-Hybrid/gromacs/umbrella_sampling/window_009_1.09nm/umbrella_eq.edr	325400	2026-07-18T22:49:21.0024007840Z
LiCl	LiND-Hybrid/gromacs/umbrella_sampling/window_009_1.09nm/umbrella_eq.xtc	124044440	2026-07-18T22:49:20.8974007760Z
LiCl	LiND-Hybrid/gromacs/umbrella_sampling/window_009_1.09nm/umbrella_eq_prev.cpt	1639088	2026-07-18T22:49:20.8914007750Z
LiCl	LiND-Hybrid/gromacs/umbrella_sampling/window_009_1.09nm/umbrella_prev.cpt	1639068	2026-07-21T03:00:15.9232218330Z
LiCl	LiND-Hybrid/gromacs/umbrella_sampling/window_010_1.17nm/umbrella.cpt	1639344	2026-07-24T05:16:37.0675170350Z
LiCl	LiND-Hybrid/gromacs/umbrella_sampling/window_010_1.17nm/umbrella.edr	1297400	2026-07-24T05:16:37.1515170400Z
LiCl	LiND-Hybrid/gromacs/umbrella_sampling/window_010_1.17nm/umbrella.xtc	495436420	2026-07-24T05:16:37.0745170350Z
LiCl	LiND-Hybrid/gromacs/umbrella_sampling/window_010_1.17nm/umbrella_eq.cpt	1639364	2026-07-22T10:43:31.7217001540Z
LiCl	LiND-Hybrid/gromacs/umbrella_sampling/window_010_1.17nm/umbrella_eq.edr	325400	2026-07-22T10:43:31.8327002270Z
LiCl	LiND-Hybrid/gromacs/umbrella_sampling/window_010_1.17nm/umbrella_eq.xtc	124044492	2026-07-22T10:43:31.7297001600Z
LiCl	LiND-Hybrid/gromacs/umbrella_sampling/window_010_1.17nm/umbrella_eq_prev.cpt	1639088	2026-07-22T10:43:31.7237001560Z
LiCl	LiND-Hybrid/gromacs/umbrella_sampling/window_010_1.17nm/umbrella_prev.cpt	1639068	2026-07-24T05:16:37.0685170350Z
LiCl	LiND-Hybrid/gromacs/umbrella_sampling/window_011_1.24nm/umbrella.cpt	1639344	2026-07-21T02:13:58.1688960190Z
LiCl	LiND-Hybrid/gromacs/umbrella_sampling/window_011_1.24nm/umbrella.edr	1297400	2026-07-21T02:13:58.2808959780Z
LiCl	LiND-Hybrid/gromacs/umbrella_sampling/window_011_1.24nm/umbrella.xtc	495435872	2026-07-21T02:13:58.1778960160Z
LiCl	LiND-Hybrid/gromacs/umbrella_sampling/window_011_1.24nm/umbrella_eq.cpt	1639364	2026-07-18T16:56:47.1057406350Z
LiCl	LiND-Hybrid/gromacs/umbrella_sampling/window_011_1.24nm/umbrella_eq.edr	325400	2026-07-18T16:56:47.2257405470Z
LiCl	LiND-Hybrid/gromacs/umbrella_sampling/window_011_1.24nm/umbrella_eq.xtc	124045048	2026-07-18T16:56:47.1167406270Z
LiCl	LiND-Hybrid/gromacs/umbrella_sampling/window_011_1.24nm/umbrella_eq_prev.cpt	1638296	2026-07-18T16:56:47.1087406330Z
LiCl	LiND-Hybrid/gromacs/umbrella_sampling/window_011_1.24nm/umbrella_prev.cpt	1639068	2026-07-21T02:13:58.1718960180Z
LiCl	LiND-Hybrid/gromacs/umbrella_sampling/window_012_1.32nm/umbrella.cpt	1639344	2026-07-20T16:39:21.2638426420Z
LiCl	LiND-Hybrid/gromacs/umbrella_sampling/window_012_1.32nm/umbrella.edr	1297400	2026-07-20T16:39:21.3728426660Z
LiCl	LiND-Hybrid/gromacs/umbrella_sampling/window_012_1.32nm/umbrella.xtc	495437876	2026-07-20T16:39:21.2718426440Z
LiCl	LiND-Hybrid/gromacs/umbrella_sampling/window_012_1.32nm/umbrella_eq.cpt	1639364	2026-07-18T17:28:43.5835927020Z
LiCl	LiND-Hybrid/gromacs/umbrella_sampling/window_012_1.32nm/umbrella_eq.edr	325400	2026-07-18T17:28:43.6935927400Z
LiCl	LiND-Hybrid/gromacs/umbrella_sampling/window_012_1.32nm/umbrella_eq.xtc	124044536	2026-07-18T17:28:43.5915927050Z
LiCl	LiND-Hybrid/gromacs/umbrella_sampling/window_012_1.32nm/umbrella_eq_prev.cpt	1639088	2026-07-18T17:28:43.5845927020Z
LiCl	LiND-Hybrid/gromacs/umbrella_sampling/window_012_1.32nm/umbrella_prev.cpt	1639068	2026-07-20T16:39:21.2658426420Z
LiCl	LiND-Hybrid/gromacs/umbrella_sampling/window_013_1.39nm/umbrella.cpt	1639344	2026-07-21T07:55:27.8530277600Z
LiCl	LiND-Hybrid/gromacs/umbrella_sampling/window_013_1.39nm/umbrella.edr	1297400	2026-07-21T07:55:27.9640277940Z
LiCl	LiND-Hybrid/gromacs/umbrella_sampling/window_013_1.39nm/umbrella.xtc	495435000	2026-07-21T07:55:27.8610277630Z
LiCl	LiND-Hybrid/gromacs/umbrella_sampling/window_013_1.39nm/umbrella_eq.cpt	1639364	2026-07-19T03:45:52.3024791490Z
LiCl	LiND-Hybrid/gromacs/umbrella_sampling/window_013_1.39nm/umbrella_eq.edr	325400	2026-07-19T03:45:52.4134794310Z
LiCl	LiND-Hybrid/gromacs/umbrella_sampling/window_013_1.39nm/umbrella_eq.xtc	124044972	2026-07-19T03:45:52.3104791700Z
LiCl	LiND-Hybrid/gromacs/umbrella_sampling/window_013_1.39nm/umbrella_eq_prev.cpt	1639088	2026-07-19T03:45:52.3044791540Z
LiCl	LiND-Hybrid/gromacs/umbrella_sampling/window_013_1.39nm/umbrella_prev.cpt	1638276	2026-07-21T07:55:27.8550277610Z
LiCl	LiND-Hybrid/gromacs/umbrella_sampling/window_014_1.47nm/umbrella.cpt	1639344	2026-07-23T04:45:57.4368712910Z
LiCl	LiND-Hybrid/gromacs/umbrella_sampling/window_014_1.47nm/umbrella.edr	1297400	2026-07-23T04:45:57.5478713210Z
LiCl	LiND-Hybrid/gromacs/umbrella_sampling/window_014_1.47nm/umbrella.xtc	495435172	2026-07-23T04:45:57.4448712930Z
LiCl	LiND-Hybrid/gromacs/umbrella_sampling/window_014_1.47nm/umbrella_eq.cpt	1639364	2026-07-19T11:48:25.8023562130Z
LiCl	LiND-Hybrid/gromacs/umbrella_sampling/window_014_1.47nm/umbrella_eq.edr	325400	2026-07-19T11:48:25.9203562310Z
LiCl	LiND-Hybrid/gromacs/umbrella_sampling/window_014_1.47nm/umbrella_eq.xtc	124044436	2026-07-19T11:48:25.8113562150Z
LiCl	LiND-Hybrid/gromacs/umbrella_sampling/window_014_1.47nm/umbrella_eq_prev.cpt	1639088	2026-07-19T11:48:25.8053562140Z
LiCl	LiND-Hybrid/gromacs/umbrella_sampling/window_014_1.47nm/umbrella_prev.cpt	1639068	2026-07-23T04:45:57.4388712920Z
LiCl	LiND-Hybrid/gromacs/umbrella_sampling/window_015_1.54nm/umbrella.cpt	1639344	2026-07-20T20:53:13.8993448750Z
LiCl	LiND-Hybrid/gromacs/umbrella_sampling/window_015_1.54nm/umbrella.edr	1297400	2026-07-20T20:53:14.0143449490Z
LiCl	LiND-Hybrid/gromacs/umbrella_sampling/window_015_1.54nm/umbrella.xtc	495436160	2026-07-20T20:53:13.9093448810Z
LiCl	LiND-Hybrid/gromacs/umbrella_sampling/window_015_1.54nm/umbrella_eq.cpt	1639364	2026-07-18T23:52:34.6425817620Z
LiCl	LiND-Hybrid/gromacs/umbrella_sampling/window_015_1.54nm/umbrella_eq.edr	325400	2026-07-18T23:52:34.7525819090Z
LiCl	LiND-Hybrid/gromacs/umbrella_sampling/window_015_1.54nm/umbrella_eq.xtc	124045012	2026-07-18T23:52:34.6505817730Z
LiCl	LiND-Hybrid/gromacs/umbrella_sampling/window_015_1.54nm/umbrella_eq_prev.cpt	1639088	2026-07-18T23:52:34.6445817650Z
LiCl	LiND-Hybrid/gromacs/umbrella_sampling/window_015_1.54nm/umbrella_prev.cpt	1638276	2026-07-20T20:53:13.9013448760Z
LiCl	LiND-Hybrid/gromacs/umbrella_sampling/window_016_1.62nm/umbrella.cpt	1639344	2026-07-23T21:19:01.5222656610Z
LiCl	LiND-Hybrid/gromacs/umbrella_sampling/window_016_1.62nm/umbrella.edr	1297400	2026-07-23T21:19:01.6292656600Z
LiCl	LiND-Hybrid/gromacs/umbrella_sampling/window_016_1.62nm/umbrella.xtc	495437260	2026-07-23T21:19:01.5302656610Z
LiCl	LiND-Hybrid/gromacs/umbrella_sampling/window_016_1.62nm/umbrella_eq.cpt	1639364	2026-07-18T20:08:14.1364065230Z
LiCl	LiND-Hybrid/gromacs/umbrella_sampling/window_016_1.62nm/umbrella_eq.edr	325400	2026-07-18T20:08:14.2474065390Z
LiCl	LiND-Hybrid/gromacs/umbrella_sampling/window_016_1.62nm/umbrella_eq.xtc	124043940	2026-07-18T20:08:14.1434065240Z
LiCl	LiND-Hybrid/gromacs/umbrella_sampling/window_016_1.62nm/umbrella_eq_prev.cpt	1639088	2026-07-18T20:08:14.1384065230Z
LiCl	LiND-Hybrid/gromacs/umbrella_sampling/window_016_1.62nm/umbrella_prev.cpt	1639068	2026-07-23T21:19:01.5242656620Z
LiCl	LiND-Hybrid/gromacs/umbrella_sampling/window_017_1.69nm/umbrella.cpt	1639344	2026-07-23T20:33:23.9221899100Z
LiCl	LiND-Hybrid/gromacs/umbrella_sampling/window_017_1.69nm/umbrella.edr	1297400	2026-07-23T20:33:24.0331899240Z
LiCl	LiND-Hybrid/gromacs/umbrella_sampling/window_017_1.69nm/umbrella.xtc	495436508	2026-07-23T20:33:23.9291899110Z
LiCl	LiND-Hybrid/gromacs/umbrella_sampling/window_017_1.69nm/umbrella_eq.cpt	1639364	2026-07-21T22:43:23.0785538930Z
LiCl	LiND-Hybrid/gromacs/umbrella_sampling/window_017_1.69nm/umbrella_eq.edr	325400	2026-07-21T22:43:23.1905539350Z
LiCl	LiND-Hybrid/gromacs/umbrella_sampling/window_017_1.69nm/umbrella_eq.xtc	124044976	2026-07-21T22:43:23.0875538960Z
LiCl	LiND-Hybrid/gromacs/umbrella_sampling/window_017_1.69nm/umbrella_eq_prev.cpt	1638296	2026-07-21T22:43:23.0815538940Z
LiCl	LiND-Hybrid/gromacs/umbrella_sampling/window_017_1.69nm/umbrella_prev.cpt	1639068	2026-07-23T20:33:23.9241899100Z
LiCl	LiND-Hybrid/gromacs/umbrella_sampling/window_018_1.77nm/umbrella.cpt	1639344	2026-07-23T07:58:23.8463460630Z
LiCl	LiND-Hybrid/gromacs/umbrella_sampling/window_018_1.77nm/umbrella.edr	1297400	2026-07-23T07:58:23.9573461290Z
LiCl	LiND-Hybrid/gromacs/umbrella_sampling/window_018_1.77nm/umbrella.xtc	495436748	2026-07-23T07:58:23.8543460680Z
LiCl	LiND-Hybrid/gromacs/umbrella_sampling/window_018_1.77nm/umbrella_eq.cpt	1639364	2026-07-19T01:07:05.1848837750Z
LiCl	LiND-Hybrid/gromacs/umbrella_sampling/window_018_1.77nm/umbrella_eq.edr	325400	2026-07-19T01:07:05.2948839380Z
LiCl	LiND-Hybrid/gromacs/umbrella_sampling/window_018_1.77nm/umbrella_eq.xtc	124044636	2026-07-19T01:07:05.1928837860Z
LiCl	LiND-Hybrid/gromacs/umbrella_sampling/window_018_1.77nm/umbrella_eq_prev.cpt	1639088	2026-07-19T01:07:05.1868837780Z
LiCl	LiND-Hybrid/gromacs/umbrella_sampling/window_018_1.77nm/umbrella_prev.cpt	1639068	2026-07-23T07:58:23.8483460640Z
LiCl	LiND-Hybrid/gromacs/umbrella_sampling/window_019_1.84nm/umbrella.cpt	1639344	2026-07-23T17:31:42.4561179210Z
LiCl	LiND-Hybrid/gromacs/umbrella_sampling/window_019_1.84nm/umbrella.edr	1297400	2026-07-23T17:31:42.5671179970Z
LiCl	LiND-Hybrid/gromacs/umbrella_sampling/window_019_1.84nm/umbrella.xtc	495435212	2026-07-23T17:31:42.4641179270Z
LiCl	LiND-Hybrid/gromacs/umbrella_sampling/window_019_1.84nm/umbrella_eq.cpt	1639364	2026-07-19T00:45:27.2936139530Z
LiCl	LiND-Hybrid/gromacs/umbrella_sampling/window_019_1.84nm/umbrella_eq.edr	325400	2026-07-19T00:45:27.4036139350Z
LiCl	LiND-Hybrid/gromacs/umbrella_sampling/window_019_1.84nm/umbrella_eq.xtc	124044968	2026-07-19T00:45:27.3016139520Z
LiCl	LiND-Hybrid/gromacs/umbrella_sampling/window_019_1.84nm/umbrella_eq_prev.cpt	1639088	2026-07-19T00:45:27.2956139530Z
LiCl	LiND-Hybrid/gromacs/umbrella_sampling/window_019_1.84nm/umbrella_prev.cpt	1639068	2026-07-23T17:31:42.4581179220Z
LiCl	LiND-Hybrid/gromacs/umbrella_sampling/window_020_1.92nm/umbrella.cpt	1639344	2026-07-23T18:38:14.5195133750Z
LiCl	LiND-Hybrid/gromacs/umbrella_sampling/window_020_1.92nm/umbrella.edr	1297400	2026-07-23T18:38:14.6295132470Z
LiCl	LiND-Hybrid/gromacs/umbrella_sampling/window_020_1.92nm/umbrella.xtc	495435140	2026-07-23T18:38:14.5275133660Z
LiCl	LiND-Hybrid/gromacs/umbrella_sampling/window_020_1.92nm/umbrella_eq.cpt	1639364	2026-07-19T14:56:20.2371393470Z
LiCl	LiND-Hybrid/gromacs/umbrella_sampling/window_020_1.92nm/umbrella_eq.edr	325400	2026-07-19T14:56:20.3471394520Z
LiCl	LiND-Hybrid/gromacs/umbrella_sampling/window_020_1.92nm/umbrella_eq.xtc	124044808	2026-07-19T14:56:20.2451393550Z
LiCl	LiND-Hybrid/gromacs/umbrella_sampling/window_020_1.92nm/umbrella_eq_prev.cpt	1639088	2026-07-19T14:56:20.2391393490Z
LiCl	LiND-Hybrid/gromacs/umbrella_sampling/window_020_1.92nm/umbrella_prev.cpt	1639068	2026-07-23T18:38:14.5215133730Z
LiCl	LiND-Hybrid/gromacs/umbrella_sampling/window_021_1.99nm/umbrella.cpt	1639344	2026-07-22T10:57:49.2006799520Z
LiCl	LiND-Hybrid/gromacs/umbrella_sampling/window_021_1.99nm/umbrella.edr	1297400	2026-07-22T10:57:49.3136798950Z
LiCl	LiND-Hybrid/gromacs/umbrella_sampling/window_021_1.99nm/umbrella.xtc	495436692	2026-07-22T10:57:49.2096799470Z
LiCl	LiND-Hybrid/gromacs/umbrella_sampling/window_021_1.99nm/umbrella_eq.cpt	1639364	2026-07-19T10:35:47.3365694140Z
LiCl	LiND-Hybrid/gromacs/umbrella_sampling/window_021_1.99nm/umbrella_eq.edr	325400	2026-07-19T10:35:47.4455696510Z
LiCl	LiND-Hybrid/gromacs/umbrella_sampling/window_021_1.99nm/umbrella_eq.xtc	124044996	2026-07-19T10:35:47.3435694290Z
LiCl	LiND-Hybrid/gromacs/umbrella_sampling/window_021_1.99nm/umbrella_eq_prev.cpt	1639088	2026-07-19T10:35:47.3375694160Z
LiCl	LiND-Hybrid/gromacs/umbrella_sampling/window_021_1.99nm/umbrella_prev.cpt	1638276	2026-07-22T10:57:49.2026799500Z
LiCl	LiND-Hybrid/gromacs/umbrella_sampling/window_022_2.07nm/umbrella.cpt	1639344	2026-07-24T12:26:48.9160180980Z
LiCl	LiND-Hybrid/gromacs/umbrella_sampling/window_022_2.07nm/umbrella.edr	1297400	2026-07-24T12:26:48.9830180160Z
LiCl	LiND-Hybrid/gromacs/umbrella_sampling/window_022_2.07nm/umbrella.xtc	495436232	2026-07-24T12:26:48.9210180920Z
LiCl	LiND-Hybrid/gromacs/umbrella_sampling/window_022_2.07nm/umbrella_eq.cpt	1639364	2026-07-22T10:27:35.4589888290Z
LiCl	LiND-Hybrid/gromacs/umbrella_sampling/window_022_2.07nm/umbrella_eq.edr	325400	2026-07-22T10:27:35.5949889540Z
LiCl	LiND-Hybrid/gromacs/umbrella_sampling/window_022_2.07nm/umbrella_eq.xtc	124045196	2026-07-22T10:27:35.4689888380Z
LiCl	LiND-Hybrid/gromacs/umbrella_sampling/window_022_2.07nm/umbrella_eq_prev.cpt	1639088	2026-07-22T10:27:35.4609888310Z
LiCl	LiND-Hybrid/gromacs/umbrella_sampling/window_022_2.07nm/umbrella_prev.cpt	1639068	2026-07-24T12:26:48.9180180950Z
LiCl	LiND-Hybrid/gromacs/umbrella_sampling/window_023_2.14nm/umbrella.cpt	1639344	2026-07-22T06:07:07.7259958850Z
LiCl	LiND-Hybrid/gromacs/umbrella_sampling/window_023_2.14nm/umbrella.edr	1297400	2026-07-22T06:07:07.8469959110Z
LiCl	LiND-Hybrid/gromacs/umbrella_sampling/window_023_2.14nm/umbrella.xtc	495436332	2026-07-22T06:07:07.7369958870Z
LiCl	LiND-Hybrid/gromacs/umbrella_sampling/window_023_2.14nm/umbrella_eq.cpt	1639364	2026-07-19T04:28:54.2492313400Z
LiCl	LiND-Hybrid/gromacs/umbrella_sampling/window_023_2.14nm/umbrella_eq.edr	325400	2026-07-19T04:28:54.3632313660Z
LiCl	LiND-Hybrid/gromacs/umbrella_sampling/window_023_2.14nm/umbrella_eq.xtc	124044988	2026-07-19T04:28:54.2572313420Z
LiCl	LiND-Hybrid/gromacs/umbrella_sampling/window_023_2.14nm/umbrella_eq_prev.cpt	1638296	2026-07-19T04:28:54.2512313400Z
LiCl	LiND-Hybrid/gromacs/umbrella_sampling/window_023_2.14nm/umbrella_prev.cpt	1639068	2026-07-22T06:07:07.7289958850Z
LiCl	LiND-Hybrid/gromacs/umbrella_sampling/window_024_2.22nm/umbrella.cpt	1639344	2026-07-21T17:07:09.2338491300Z
LiCl	LiND-Hybrid/gromacs/umbrella_sampling/window_024_2.22nm/umbrella.edr	1297400	2026-07-21T17:07:09.3488489290Z
LiCl	LiND-Hybrid/gromacs/umbrella_sampling/window_024_2.22nm/umbrella.xtc	495437204	2026-07-21T17:07:09.2458491090Z
LiCl	LiND-Hybrid/gromacs/umbrella_sampling/window_024_2.22nm/umbrella_eq.cpt	1639364	2026-07-19T04:24:37.0321756360Z
LiCl	LiND-Hybrid/gromacs/umbrella_sampling/window_024_2.22nm/umbrella_eq.edr	325400	2026-07-19T04:24:37.1421756570Z
LiCl	LiND-Hybrid/gromacs/umbrella_sampling/window_024_2.22nm/umbrella_eq.xtc	124045372	2026-07-19T04:24:37.0401756370Z
LiCl	LiND-Hybrid/gromacs/umbrella_sampling/window_024_2.22nm/umbrella_eq_prev.cpt	1639088	2026-07-19T04:24:37.0341756360Z
LiCl	LiND-Hybrid/gromacs/umbrella_sampling/window_024_2.22nm/umbrella_prev.cpt	1639068	2026-07-21T17:07:09.2358491260Z
LiCl	LiND-Hybrid/gromacs/umbrella_sampling/window_025_2.29nm/umbrella.cpt	1639344	2026-07-23T19:45:59.5337475860Z
LiCl	LiND-Hybrid/gromacs/umbrella_sampling/window_025_2.29nm/umbrella.edr	1297400	2026-07-23T19:45:59.6427470080Z
LiCl	LiND-Hybrid/gromacs/umbrella_sampling/window_025_2.29nm/umbrella.xtc	495436672	2026-07-23T19:45:59.5417475440Z
LiCl	LiND-Hybrid/gromacs/umbrella_sampling/window_025_2.29nm/umbrella_eq.cpt	1639364	2026-07-19T12:30:02.6605789430Z
LiCl	LiND-Hybrid/gromacs/umbrella_sampling/window_025_2.29nm/umbrella_eq.edr	325400	2026-07-19T12:30:02.7705790020Z
LiCl	LiND-Hybrid/gromacs/umbrella_sampling/window_025_2.29nm/umbrella_eq.xtc	124045056	2026-07-19T12:30:02.6675789470Z
LiCl	LiND-Hybrid/gromacs/umbrella_sampling/window_025_2.29nm/umbrella_eq_prev.cpt	1639088	2026-07-19T12:30:02.6615789440Z
LiCl	LiND-Hybrid/gromacs/umbrella_sampling/window_025_2.29nm/umbrella_prev.cpt	1639068	2026-07-23T19:45:59.5357475760Z
LiCl	LiND-Hybrid/gromacs/umbrella_sampling/window_026_2.37nm/umbrella.cpt	1639344	2026-07-23T20:36:20.7102064820Z
LiCl	LiND-Hybrid/gromacs/umbrella_sampling/window_026_2.37nm/umbrella.edr	1297400	2026-07-23T20:36:20.8182064890Z
LiCl	LiND-Hybrid/gromacs/umbrella_sampling/window_026_2.37nm/umbrella.xtc	495437996	2026-07-23T20:36:20.7172064830Z
LiCl	LiND-Hybrid/gromacs/umbrella_sampling/window_026_2.37nm/umbrella_eq.cpt	1639364	2026-07-18T22:58:52.6974889460Z
LiCl	LiND-Hybrid/gromacs/umbrella_sampling/window_026_2.37nm/umbrella_eq.edr	325400	2026-07-18T22:58:52.8064889680Z
LiCl	LiND-Hybrid/gromacs/umbrella_sampling/window_026_2.37nm/umbrella_eq.xtc	124045216	2026-07-18T22:58:52.7054889480Z
LiCl	LiND-Hybrid/gromacs/umbrella_sampling/window_026_2.37nm/umbrella_eq_prev.cpt	1639088	2026-07-18T22:58:52.6994889460Z
LiCl	LiND-Hybrid/gromacs/umbrella_sampling/window_026_2.37nm/umbrella_prev.cpt	1639068	2026-07-23T20:36:20.7112064830Z
LiCl	LiND-Hybrid/gromacs/umbrella_sampling/window_027_2.44nm/umbrella.cpt	1639344	2026-07-23T20:32:38.4251838520Z
LiCl	LiND-Hybrid/gromacs/umbrella_sampling/window_027_2.44nm/umbrella.edr	1297400	2026-07-23T20:32:38.5351838680Z
LiCl	LiND-Hybrid/gromacs/umbrella_sampling/window_027_2.44nm/umbrella.xtc	495437704	2026-07-23T20:32:38.4321838530Z
LiCl	LiND-Hybrid/gromacs/umbrella_sampling/window_027_2.44nm/umbrella_eq.cpt	1639364	2026-07-20T17:46:13.5524296240Z
LiCl	LiND-Hybrid/gromacs/umbrella_sampling/window_027_2.44nm/umbrella_eq.edr	325400	2026-07-20T17:46:13.6614296400Z
LiCl	LiND-Hybrid/gromacs/umbrella_sampling/window_027_2.44nm/umbrella_eq.xtc	124045152	2026-07-20T17:46:13.5604296250Z
LiCl	LiND-Hybrid/gromacs/umbrella_sampling/window_027_2.44nm/umbrella_eq_prev.cpt	1638296	2026-07-20T17:46:13.5544296240Z
LiCl	LiND-Hybrid/gromacs/umbrella_sampling/window_027_2.44nm/umbrella_prev.cpt	1639068	2026-07-23T20:32:38.4271838530Z
LiCl	LiND-Hybrid/gromacs/umbrella_sampling/window_028_2.52nm/umbrella.cpt	1639344	2026-07-23T21:45:59.5721354580Z
LiCl	LiND-Hybrid/gromacs/umbrella_sampling/window_028_2.52nm/umbrella.edr	1297400	2026-07-23T21:45:59.6791354100Z
LiCl	LiND-Hybrid/gromacs/umbrella_sampling/window_028_2.52nm/umbrella.xtc	495435712	2026-07-23T21:45:59.5801354550Z
LiCl	LiND-Hybrid/gromacs/umbrella_sampling/window_028_2.52nm/umbrella_eq.cpt	1639364	2026-07-19T07:17:58.6480030140Z
LiCl	LiND-Hybrid/gromacs/umbrella_sampling/window_028_2.52nm/umbrella_eq.edr	325400	2026-07-19T07:17:58.7580030300Z
LiCl	LiND-Hybrid/gromacs/umbrella_sampling/window_028_2.52nm/umbrella_eq.xtc	124045048	2026-07-19T07:17:58.6560030150Z
LiCl	LiND-Hybrid/gromacs/umbrella_sampling/window_028_2.52nm/umbrella_eq_prev.cpt	1639088	2026-07-19T07:17:58.6500030140Z
LiCl	LiND-Hybrid/gromacs/umbrella_sampling/window_028_2.52nm/umbrella_prev.cpt	1639068	2026-07-23T21:45:59.5741354570Z
LiCl	LiND-Hybrid/gromacs/umbrella_sampling/window_029_2.59nm/umbrella.cpt	1639344	2026-07-21T00:15:12.6394777460Z
LiCl	LiND-Hybrid/gromacs/umbrella_sampling/window_029_2.59nm/umbrella.edr	1297400	2026-07-21T00:15:12.7504778760Z
LiCl	LiND-Hybrid/gromacs/umbrella_sampling/window_029_2.59nm/umbrella.xtc	495436628	2026-07-21T00:15:12.6474777550Z
LiCl	LiND-Hybrid/gromacs/umbrella_sampling/window_029_2.59nm/umbrella_eq.cpt	1639364	2026-07-19T00:00:54.0070747960Z
LiCl	LiND-Hybrid/gromacs/umbrella_sampling/window_029_2.59nm/umbrella_eq.edr	325400	2026-07-19T00:00:54.1180748770Z
LiCl	LiND-Hybrid/gromacs/umbrella_sampling/window_029_2.59nm/umbrella_eq.xtc	124044804	2026-07-19T00:00:54.0160748020Z
LiCl	LiND-Hybrid/gromacs/umbrella_sampling/window_029_2.59nm/umbrella_eq_prev.cpt	1639088	2026-07-19T00:00:54.0090747970Z
LiCl	LiND-Hybrid/gromacs/umbrella_sampling/window_029_2.59nm/umbrella_prev.cpt	1639068	2026-07-21T00:15:12.6414777490Z
NaCl	LiA3-Ref/gromacs/umbrella_sampling/bound_place_min/min.edr	78552	2026-07-18T01:32:56.6450126410Z
NaCl	LiA3-Ref/gromacs/umbrella_sampling/bound_place_min/min.trr	552780	2026-07-18T01:32:56.6490126160Z
NaCl	LiA3-Ref/gromacs/umbrella_sampling/pull/pull.cpt	1107652	2026-07-18T04:10:48.9679295770Z
NaCl	LiA3-Ref/gromacs/umbrella_sampling/pull/pull.edr	649400	2026-07-18T04:10:49.0509295980Z
NaCl	LiA3-Ref/gromacs/umbrella_sampling/pull/pull.xtc	165458864	2026-07-18T04:10:48.9739295780Z
NaCl	LiA3-Ref/gromacs/umbrella_sampling/pull/pull_prev.cpt	1106584	2026-07-18T04:10:48.9709295780Z
NaCl	LiA3-Ref/gromacs/umbrella_sampling/window_000_0.36nm/umbrella.cpt	1107672	2026-07-24T12:06:48.7255404290Z
NaCl	LiA3-Ref/gromacs/umbrella_sampling/window_000_0.36nm/umbrella.edr	1297400	2026-07-24T12:06:48.7735403840Z
NaCl	LiA3-Ref/gromacs/umbrella_sampling/window_000_0.36nm/umbrella.xtc	330752972	2026-07-24T12:06:48.7305404250Z
NaCl	LiA3-Ref/gromacs/umbrella_sampling/window_000_0.36nm/umbrella_eq.cpt	1107692	2026-07-23T12:22:02.3351082110Z
NaCl	LiA3-Ref/gromacs/umbrella_sampling/window_000_0.36nm/umbrella_eq.edr	325400	2026-07-23T12:22:02.4861081720Z
NaCl	LiA3-Ref/gromacs/umbrella_sampling/window_000_0.36nm/umbrella_eq.xtc	82812072	2026-07-23T12:22:02.3481082080Z
NaCl	LiA3-Ref/gromacs/umbrella_sampling/window_000_0.36nm/umbrella_eq_prev.cpt	1107416	2026-07-23T12:22:02.3371082110Z
NaCl	LiA3-Ref/gromacs/umbrella_sampling/window_000_0.36nm/umbrella_prev.cpt	1107396	2026-07-24T12:06:48.7275404280Z
NaCl	LiA3-Ref/gromacs/umbrella_sampling/window_001_0.44nm/umbrella.cpt	1107672	2026-07-20T16:21:36.2276486670Z
NaCl	LiA3-Ref/gromacs/umbrella_sampling/window_001_0.44nm/umbrella.edr	1297400	2026-07-20T16:21:36.3026486820Z
NaCl	LiA3-Ref/gromacs/umbrella_sampling/window_001_0.44nm/umbrella.xtc	330753560	2026-07-20T16:21:36.2336486680Z
NaCl	LiA3-Ref/gromacs/umbrella_sampling/window_001_0.44nm/umbrella_eq.cpt	1107692	2026-07-19T05:56:16.3358757790Z
NaCl	LiA3-Ref/gromacs/umbrella_sampling/window_001_0.44nm/umbrella_eq.edr	325400	2026-07-19T05:56:16.5238749330Z
NaCl	LiA3-Ref/gromacs/umbrella_sampling/window_001_0.44nm/umbrella_eq.xtc	82812336	2026-07-19T05:56:16.3468757290Z
NaCl	LiA3-Ref/gromacs/umbrella_sampling/window_001_0.44nm/umbrella_eq_prev.cpt	1106624	2026-07-19T05:56:16.3378757700Z
NaCl	LiA3-Ref/gromacs/umbrella_sampling/window_001_0.44nm/umbrella_prev.cpt	1107396	2026-07-20T16:21:36.2296486670Z
NaCl	LiA3-Ref/gromacs/umbrella_sampling/window_002_0.51nm/umbrella.cpt	1107672	2026-07-24T08:14:13.4566242740Z
NaCl	LiA3-Ref/gromacs/umbrella_sampling/window_002_0.51nm/umbrella.edr	1297400	2026-07-24T08:14:13.5026242730Z
NaCl	LiA3-Ref/gromacs/umbrella_sampling/window_002_0.51nm/umbrella.xtc	330752556	2026-07-24T08:14:13.4606242740Z
NaCl	LiA3-Ref/gromacs/umbrella_sampling/window_002_0.51nm/umbrella_eq.cpt	1107692	2026-07-22T05:33:45.8955218670Z
NaCl	LiA3-Ref/gromacs/umbrella_sampling/window_002_0.51nm/umbrella_eq.edr	325400	2026-07-22T05:33:45.9705218810Z
NaCl	LiA3-Ref/gromacs/umbrella_sampling/window_002_0.51nm/umbrella_eq.xtc	82812432	2026-07-22T05:33:45.9015218680Z
NaCl	LiA3-Ref/gromacs/umbrella_sampling/window_002_0.51nm/umbrella_eq_prev.cpt	1107416	2026-07-22T05:33:45.8975218670Z
NaCl	LiA3-Ref/gromacs/umbrella_sampling/window_002_0.51nm/umbrella_prev.cpt	1107396	2026-07-24T08:14:13.4586242740Z
NaCl	LiA3-Ref/gromacs/umbrella_sampling/window_003_0.59nm/umbrella.cpt	1107672	2026-07-24T04:42:39.3634677900Z
NaCl	LiA3-Ref/gromacs/umbrella_sampling/window_003_0.59nm/umbrella.edr	1297400	2026-07-24T04:42:39.4264677950Z
NaCl	LiA3-Ref/gromacs/umbrella_sampling/window_003_0.59nm/umbrella.xtc	330752636	2026-07-24T04:42:39.3684677910Z
NaCl	LiA3-Ref/gromacs/umbrella_sampling/window_003_0.59nm/umbrella_eq.cpt	1107692	2026-07-22T21:27:54.3450551270Z
NaCl	LiA3-Ref/gromacs/umbrella_sampling/window_003_0.59nm/umbrella_eq.edr	325400	2026-07-22T21:27:54.4220551420Z
NaCl	LiA3-Ref/gromacs/umbrella_sampling/window_003_0.59nm/umbrella_eq.xtc	82811424	2026-07-22T21:27:54.3510551280Z
NaCl	LiA3-Ref/gromacs/umbrella_sampling/window_003_0.59nm/umbrella_eq_prev.cpt	1107416	2026-07-22T21:27:54.3470551270Z
NaCl	LiA3-Ref/gromacs/umbrella_sampling/window_003_0.59nm/umbrella_prev.cpt	1107396	2026-07-24T04:42:39.3644677910Z
NaCl	LiA3-Ref/gromacs/umbrella_sampling/window_004_0.66nm/umbrella.cpt	1107672	2026-07-24T05:47:28.0271167200Z
NaCl	LiA3-Ref/gromacs/umbrella_sampling/window_004_0.66nm/umbrella.edr	1297400	2026-07-24T05:47:28.0731167020Z
NaCl	LiA3-Ref/gromacs/umbrella_sampling/window_004_0.66nm/umbrella.xtc	330752444	2026-07-24T05:47:28.0311167190Z
NaCl	LiA3-Ref/gromacs/umbrella_sampling/window_004_0.66nm/umbrella_eq.cpt	1107692	2026-07-19T09:33:42.1366412290Z
NaCl	LiA3-Ref/gromacs/umbrella_sampling/window_004_0.66nm/umbrella_eq.edr	325400	2026-07-19T09:33:42.2326411970Z
NaCl	LiA3-Ref/gromacs/umbrella_sampling/window_004_0.66nm/umbrella_eq.xtc	82811892	2026-07-19T09:33:42.1546412230Z
NaCl	LiA3-Ref/gromacs/umbrella_sampling/window_004_0.66nm/umbrella_eq_prev.cpt	1106624	2026-07-19T09:33:42.1396412280Z
NaCl	LiA3-Ref/gromacs/umbrella_sampling/window_004_0.66nm/umbrella_prev.cpt	1107396	2026-07-24T05:47:28.0291167190Z
NaCl	LiA3-Ref/gromacs/umbrella_sampling/window_005_0.74nm/umbrella.cpt	1107672	2026-07-20T08:18:56.2586613800Z
NaCl	LiA3-Ref/gromacs/umbrella_sampling/window_005_0.74nm/umbrella.edr	1297400	2026-07-20T08:18:56.4116616170Z
NaCl	LiA3-Ref/gromacs/umbrella_sampling/window_005_0.74nm/umbrella.xtc	330752796	2026-07-20T08:18:56.2696613970Z
NaCl	LiA3-Ref/gromacs/umbrella_sampling/window_005_0.74nm/umbrella_eq.cpt	1107692	2026-07-18T14:16:24.2794226600Z
NaCl	LiA3-Ref/gromacs/umbrella_sampling/window_005_0.74nm/umbrella_eq.edr	325400	2026-07-18T14:16:24.3544226200Z
NaCl	LiA3-Ref/gromacs/umbrella_sampling/window_005_0.74nm/umbrella_eq.xtc	82812864	2026-07-18T14:16:24.2844226570Z
NaCl	LiA3-Ref/gromacs/umbrella_sampling/window_005_0.74nm/umbrella_eq_prev.cpt	1107416	2026-07-18T14:16:24.2804226590Z
NaCl	LiA3-Ref/gromacs/umbrella_sampling/window_005_0.74nm/umbrella_prev.cpt	1107396	2026-07-20T08:18:56.2616613850Z
NaCl	LiA3-Ref/gromacs/umbrella_sampling/window_006_0.81nm/umbrella.cpt	1107672	2026-07-24T03:13:25.4878860250Z
NaCl	LiA3-Ref/gromacs/umbrella_sampling/window_006_0.81nm/umbrella.edr	1297400	2026-07-24T03:13:25.5598860120Z
NaCl	LiA3-Ref/gromacs/umbrella_sampling/window_006_0.81nm/umbrella.xtc	330752720	2026-07-24T03:13:25.4938860240Z
NaCl	LiA3-Ref/gromacs/umbrella_sampling/window_006_0.81nm/umbrella_eq.cpt	1107692	2026-07-21T05:28:14.3143837800Z
NaCl	LiA3-Ref/gromacs/umbrella_sampling/window_006_0.81nm/umbrella_eq.edr	325400	2026-07-21T05:28:14.3953837930Z
NaCl	LiA3-Ref/gromacs/umbrella_sampling/window_006_0.81nm/umbrella_eq.xtc	82811632	2026-07-21T05:28:14.3213837810Z
NaCl	LiA3-Ref/gromacs/umbrella_sampling/window_006_0.81nm/umbrella_eq_prev.cpt	1107416	2026-07-21T05:28:14.3173837810Z
NaCl	LiA3-Ref/gromacs/umbrella_sampling/window_006_0.81nm/umbrella_prev.cpt	1107396	2026-07-24T03:13:25.4898860250Z
NaCl	LiA3-Ref/gromacs/umbrella_sampling/window_007_0.89nm/umbrella.cpt	1107672	2026-07-24T01:56:19.4668858330Z
NaCl	LiA3-Ref/gromacs/umbrella_sampling/window_007_0.89nm/umbrella.edr	1297400	2026-07-24T01:56:19.5338858830Z
NaCl	LiA3-Ref/gromacs/umbrella_sampling/window_007_0.89nm/umbrella.xtc	330751432	2026-07-24T01:56:19.4728858380Z
NaCl	LiA3-Ref/gromacs/umbrella_sampling/window_007_0.89nm/umbrella_eq.cpt	1107692	2026-07-20T02:40:33.7504778750Z
NaCl	LiA3-Ref/gromacs/umbrella_sampling/window_007_0.89nm/umbrella_eq.edr	325400	2026-07-20T02:40:33.8724778280Z
NaCl	LiA3-Ref/gromacs/umbrella_sampling/window_007_0.89nm/umbrella_eq.xtc	82812132	2026-07-20T02:40:33.7624778710Z
NaCl	LiA3-Ref/gromacs/umbrella_sampling/window_007_0.89nm/umbrella_eq_prev.cpt	1106624	2026-07-20T02:40:33.7544778740Z
NaCl	LiA3-Ref/gromacs/umbrella_sampling/window_007_0.89nm/umbrella_prev.cpt	1107396	2026-07-24T01:56:19.4688858350Z
NaCl	LiA3-Ref/gromacs/umbrella_sampling/window_008_0.96nm/umbrella.cpt	1107672	2026-07-24T06:41:13.8322884020Z
NaCl	LiA3-Ref/gromacs/umbrella_sampling/window_008_0.96nm/umbrella.edr	1297400	2026-07-24T06:41:13.9022883570Z
NaCl	LiA3-Ref/gromacs/umbrella_sampling/window_008_0.96nm/umbrella.xtc	330751836	2026-07-24T06:41:13.8382883980Z
NaCl	LiA3-Ref/gromacs/umbrella_sampling/window_008_0.96nm/umbrella_eq.cpt	1107692	2026-07-18T12:53:58.7788333590Z
NaCl	LiA3-Ref/gromacs/umbrella_sampling/window_008_0.96nm/umbrella_eq.edr	325400	2026-07-18T12:53:58.8598333730Z
NaCl	LiA3-Ref/gromacs/umbrella_sampling/window_008_0.96nm/umbrella_eq.xtc	82811836	2026-07-18T12:53:58.7908333610Z
NaCl	LiA3-Ref/gromacs/umbrella_sampling/window_008_0.96nm/umbrella_eq_prev.cpt	1107416	2026-07-18T12:53:58.7828333590Z
NaCl	LiA3-Ref/gromacs/umbrella_sampling/window_008_0.96nm/umbrella_prev.cpt	1107396	2026-07-24T06:41:13.8352884000Z
NaCl	LiA3-Ref/gromacs/umbrella_sampling/window_009_1.04nm/umbrella.cpt	1107672	2026-07-24T09:49:22.9247265500Z
NaCl	LiA3-Ref/gromacs/umbrella_sampling/window_009_1.04nm/umbrella.edr	1297400	2026-07-24T09:49:22.9707265110Z
NaCl	LiA3-Ref/gromacs/umbrella_sampling/window_009_1.04nm/umbrella.xtc	330751308	2026-07-24T09:49:22.9287265470Z
NaCl	LiA3-Ref/gromacs/umbrella_sampling/window_009_1.04nm/umbrella_eq.cpt	1107692	2026-07-23T11:19:24.3474384430Z
NaCl	LiA3-Ref/gromacs/umbrella_sampling/window_009_1.04nm/umbrella_eq.edr	325400	2026-07-23T11:19:24.4994387870Z
NaCl	LiA3-Ref/gromacs/umbrella_sampling/window_009_1.04nm/umbrella_eq.xtc	82812260	2026-07-23T11:19:24.3564384640Z
NaCl	LiA3-Ref/gromacs/umbrella_sampling/window_009_1.04nm/umbrella_eq_prev.cpt	1107416	2026-07-23T11:19:24.3524384540Z
NaCl	LiA3-Ref/gromacs/umbrella_sampling/window_009_1.04nm/umbrella_prev.cpt	1107396	2026-07-24T09:49:22.9267265480Z
NaCl	LiA3-Ref/gromacs/umbrella_sampling/window_010_1.11nm/umbrella.cpt	1107672	2026-07-24T08:08:39.4706160710Z
NaCl	LiA3-Ref/gromacs/umbrella_sampling/window_010_1.11nm/umbrella.edr	1297400	2026-07-24T08:08:39.5166160740Z
NaCl	LiA3-Ref/gromacs/umbrella_sampling/window_010_1.11nm/umbrella.xtc	330752984	2026-07-24T08:08:39.4746160710Z
NaCl	LiA3-Ref/gromacs/umbrella_sampling/window_010_1.11nm/umbrella_eq.cpt	1107692	2026-07-22T21:27:10.5320466260Z
NaCl	LiA3-Ref/gromacs/umbrella_sampling/window_010_1.11nm/umbrella_eq.edr	325400	2026-07-22T21:27:10.6080466410Z
NaCl	LiA3-Ref/gromacs/umbrella_sampling/window_010_1.11nm/umbrella_eq.xtc	82811732	2026-07-22T21:27:10.5390466280Z
NaCl	LiA3-Ref/gromacs/umbrella_sampling/window_010_1.11nm/umbrella_eq_prev.cpt	1106624	2026-07-22T21:27:10.5340466270Z
NaCl	LiA3-Ref/gromacs/umbrella_sampling/window_010_1.11nm/umbrella_prev.cpt	1107396	2026-07-24T08:08:39.4726160710Z
NaCl	LiA3-Ref/gromacs/umbrella_sampling/window_011_1.19nm/umbrella.cpt	1107672	2026-07-24T12:54:53.6576349020Z
NaCl	LiA3-Ref/gromacs/umbrella_sampling/window_011_1.19nm/umbrella.edr	1297400	2026-07-24T12:54:53.7036348030Z
NaCl	LiA3-Ref/gromacs/umbrella_sampling/window_011_1.19nm/umbrella.xtc	330751932	2026-07-24T12:54:53.6616348930Z
NaCl	LiA3-Ref/gromacs/umbrella_sampling/window_011_1.19nm/umbrella_eq.cpt	1107692	2026-07-23T16:08:34.5386957160Z
NaCl	LiA3-Ref/gromacs/umbrella_sampling/window_011_1.19nm/umbrella_eq.edr	325400	2026-07-23T16:08:34.6136957560Z
NaCl	LiA3-Ref/gromacs/umbrella_sampling/window_011_1.19nm/umbrella_eq.xtc	82812256	2026-07-23T16:08:34.5446957190Z
NaCl	LiA3-Ref/gromacs/umbrella_sampling/window_011_1.19nm/umbrella_eq_prev.cpt	1107416	2026-07-23T16:08:34.5406957170Z
NaCl	LiA3-Ref/gromacs/umbrella_sampling/window_011_1.19nm/umbrella_prev.cpt	1107396	2026-07-24T12:54:53.6596348970Z
NaCl	LiA3-Ref/gromacs/umbrella_sampling/window_012_1.26nm/umbrella.cpt	1107672	2026-07-23T01:37:47.8584504400Z
NaCl	LiA3-Ref/gromacs/umbrella_sampling/window_012_1.26nm/umbrella.edr	1297400	2026-07-23T01:37:47.9344503980Z
NaCl	LiA3-Ref/gromacs/umbrella_sampling/window_012_1.26nm/umbrella.xtc	330751684	2026-07-23T01:37:47.8654504360Z
NaCl	LiA3-Ref/gromacs/umbrella_sampling/window_012_1.26nm/umbrella_eq.cpt	1107692	2026-07-19T13:41:17.9799848010Z
NaCl	LiA3-Ref/gromacs/umbrella_sampling/window_012_1.26nm/umbrella_eq.edr	325400	2026-07-19T13:41:18.0599848120Z
NaCl	LiA3-Ref/gromacs/umbrella_sampling/window_012_1.26nm/umbrella_eq.xtc	82812292	2026-07-19T13:41:17.9889848020Z
NaCl	LiA3-Ref/gromacs/umbrella_sampling/window_012_1.26nm/umbrella_eq_prev.cpt	1107416	2026-07-19T13:41:17.9849848020Z
NaCl	LiA3-Ref/gromacs/umbrella_sampling/window_012_1.26nm/umbrella_prev.cpt	1107396	2026-07-23T01:37:47.8604504390Z
NaCl	LiA3-Ref/gromacs/umbrella_sampling/window_013_1.34nm/umbrella.cpt	1107672	2026-07-21T11:44:00.8173593950Z
NaCl	LiA3-Ref/gromacs/umbrella_sampling/window_013_1.34nm/umbrella.edr	1297400	2026-07-21T11:44:00.9043594340Z
NaCl	LiA3-Ref/gromacs/umbrella_sampling/window_013_1.34nm/umbrella.xtc	330752828	2026-07-21T11:44:00.8283594000Z
NaCl	LiA3-Ref/gromacs/umbrella_sampling/window_013_1.34nm/umbrella_eq.cpt	1107692	2026-07-18T15:04:44.4584173640Z
NaCl	LiA3-Ref/gromacs/umbrella_sampling/window_013_1.34nm/umbrella_eq.edr	325400	2026-07-18T15:04:44.5144173870Z
NaCl	LiA3-Ref/gromacs/umbrella_sampling/window_013_1.34nm/umbrella_eq.xtc	82812536	2026-07-18T15:04:44.4634173660Z
NaCl	LiA3-Ref/gromacs/umbrella_sampling/window_013_1.34nm/umbrella_eq_prev.cpt	1106624	2026-07-18T15:04:44.4594173640Z
NaCl	LiA3-Ref/gromacs/umbrella_sampling/window_013_1.34nm/umbrella_prev.cpt	1107396	2026-07-21T11:44:00.8213593970Z
NaCl	LiA3-Ref/gromacs/umbrella_sampling/window_014_1.41nm/umbrella.cpt	1107672	2026-07-23T14:31:13.8910607150Z
NaCl	LiA3-Ref/gromacs/umbrella_sampling/window_014_1.41nm/umbrella.edr	1297400	2026-07-23T14:31:13.9660607240Z
NaCl	LiA3-Ref/gromacs/umbrella_sampling/window_014_1.41nm/umbrella.xtc	330752176	2026-07-23T14:31:13.8960607150Z
NaCl	LiA3-Ref/gromacs/umbrella_sampling/window_014_1.41nm/umbrella_eq.cpt	1107692	2026-07-18T17:51:47.8548873890Z
NaCl	LiA3-Ref/gromacs/umbrella_sampling/window_014_1.41nm/umbrella_eq.edr	325400	2026-07-18T17:51:47.9308874010Z
NaCl	LiA3-Ref/gromacs/umbrella_sampling/window_014_1.41nm/umbrella_eq.xtc	82811620	2026-07-18T17:51:47.8618873900Z
NaCl	LiA3-Ref/gromacs/umbrella_sampling/window_014_1.41nm/umbrella_eq_prev.cpt	1107416	2026-07-18T17:51:47.8568873890Z
NaCl	LiA3-Ref/gromacs/umbrella_sampling/window_014_1.41nm/umbrella_prev.cpt	1106604	2026-07-23T14:31:13.8920607150Z
NaCl	LiA3-Ref/gromacs/umbrella_sampling/window_015_1.49nm/umbrella.cpt	1107672	2026-07-20T10:28:34.2460676110Z
NaCl	LiA3-Ref/gromacs/umbrella_sampling/window_015_1.49nm/umbrella.edr	1297400	2026-07-20T10:28:34.3390676100Z
NaCl	LiA3-Ref/gromacs/umbrella_sampling/window_015_1.49nm/umbrella.xtc	330752036	2026-07-20T10:28:34.2550676110Z
NaCl	LiA3-Ref/gromacs/umbrella_sampling/window_015_1.49nm/umbrella_eq.cpt	1107692	2026-07-18T12:55:29.7898498410Z
NaCl	LiA3-Ref/gromacs/umbrella_sampling/window_015_1.49nm/umbrella_eq.edr	325400	2026-07-18T12:55:29.8648498550Z
NaCl	LiA3-Ref/gromacs/umbrella_sampling/window_015_1.49nm/umbrella_eq.xtc	82813148	2026-07-18T12:55:29.7958498420Z
NaCl	LiA3-Ref/gromacs/umbrella_sampling/window_015_1.49nm/umbrella_eq_prev.cpt	1107416	2026-07-18T12:55:29.7918498420Z
NaCl	LiA3-Ref/gromacs/umbrella_sampling/window_015_1.49nm/umbrella_prev.cpt	1107396	2026-07-20T10:28:34.2510676110Z
NaCl	LiA3-Ref/gromacs/umbrella_sampling/window_016_1.56nm/umbrella.cpt	1107672	2026-07-21T06:14:32.1463292700Z
NaCl	LiA3-Ref/gromacs/umbrella_sampling/window_016_1.56nm/umbrella.edr	1297400	2026-07-21T06:14:32.2433293150Z
NaCl	LiA3-Ref/gromacs/umbrella_sampling/window_016_1.56nm/umbrella.xtc	330751280	2026-07-21T06:14:32.1543292740Z
NaCl	LiA3-Ref/gromacs/umbrella_sampling/window_016_1.56nm/umbrella_eq.cpt	1107692	2026-07-19T18:05:13.5533047770Z
NaCl	LiA3-Ref/gromacs/umbrella_sampling/window_016_1.56nm/umbrella_eq.edr	325400	2026-07-19T18:05:13.7033048960Z
NaCl	LiA3-Ref/gromacs/umbrella_sampling/window_016_1.56nm/umbrella_eq.xtc	82811928	2026-07-19T18:05:13.5623047850Z
NaCl	LiA3-Ref/gromacs/umbrella_sampling/window_016_1.56nm/umbrella_eq_prev.cpt	1106624	2026-07-19T18:05:13.5553047790Z
NaCl	LiA3-Ref/gromacs/umbrella_sampling/window_016_1.56nm/umbrella_prev.cpt	1107396	2026-07-21T06:14:32.1503292720Z
NaCl	LiA3-Ref/gromacs/umbrella_sampling/window_017_1.64nm/umbrella.cpt	1107672	2026-07-21T00:13:07.0483169860Z
NaCl	LiA3-Ref/gromacs/umbrella_sampling/window_017_1.64nm/umbrella.edr	1297400	2026-07-21T00:13:07.1273170970Z
NaCl	LiA3-Ref/gromacs/umbrella_sampling/window_017_1.64nm/umbrella.xtc	330752168	2026-07-21T00:13:07.0593170020Z
NaCl	LiA3-Ref/gromacs/umbrella_sampling/window_017_1.64nm/umbrella_eq.cpt	1107692	2026-07-18T14:13:41.5515214620Z
NaCl	LiA3-Ref/gromacs/umbrella_sampling/window_017_1.64nm/umbrella_eq.edr	325400	2026-07-18T14:13:41.6965213620Z
NaCl	LiA3-Ref/gromacs/umbrella_sampling/window_017_1.64nm/umbrella_eq.xtc	82812188	2026-07-18T14:13:41.5605214560Z
NaCl	LiA3-Ref/gromacs/umbrella_sampling/window_017_1.64nm/umbrella_eq_prev.cpt	1107416	2026-07-18T14:13:41.5565214590Z
NaCl	LiA3-Ref/gromacs/umbrella_sampling/window_017_1.64nm/umbrella_prev.cpt	1107396	2026-07-21T00:13:07.0523169920Z
NaCl	LiA3-Ref/gromacs/umbrella_sampling/window_018_1.71nm/umbrella.cpt	1107672	2026-07-24T00:03:44.9208485430Z
NaCl	LiA3-Ref/gromacs/umbrella_sampling/window_018_1.71nm/umbrella.edr	1297400	2026-07-24T00:03:44.9928485650Z
NaCl	LiA3-Ref/gromacs/umbrella_sampling/window_018_1.71nm/umbrella.xtc	330751724	2026-07-24T00:03:44.9268485450Z
NaCl	LiA3-Ref/gromacs/umbrella_sampling/window_018_1.71nm/umbrella_eq.cpt	1107692	2026-07-20T21:23:08.4655234790Z
NaCl	LiA3-Ref/gromacs/umbrella_sampling/window_018_1.71nm/umbrella_eq.edr	325400	2026-07-20T21:23:08.5405234040Z
NaCl	LiA3-Ref/gromacs/umbrella_sampling/window_018_1.71nm/umbrella_eq.xtc	82812240	2026-07-20T21:23:08.4715234730Z
NaCl	LiA3-Ref/gromacs/umbrella_sampling/window_018_1.71nm/umbrella_eq_prev.cpt	1107416	2026-07-20T21:23:08.4675234770Z
NaCl	LiA3-Ref/gromacs/umbrella_sampling/window_018_1.71nm/umbrella_prev.cpt	1107396	2026-07-24T00:03:44.9228485440Z
NaCl	LiA3-Ref/gromacs/umbrella_sampling/window_019_1.79nm/umbrella.cpt	1107672	2026-07-24T11:05:26.4054890160Z
NaCl	LiA3-Ref/gromacs/umbrella_sampling/window_019_1.79nm/umbrella.edr	1297400	2026-07-24T11:05:26.4514889800Z
NaCl	LiA3-Ref/gromacs/umbrella_sampling/window_019_1.79nm/umbrella.xtc	330752000	2026-07-24T11:05:26.4094890130Z
NaCl	LiA3-Ref/gromacs/umbrella_sampling/window_019_1.79nm/umbrella_eq.cpt	1107692	2026-07-23T13:49:40.9428215030Z
NaCl	LiA3-Ref/gromacs/umbrella_sampling/window_019_1.79nm/umbrella_eq.edr	325400	2026-07-23T13:49:41.0208215180Z
NaCl	LiA3-Ref/gromacs/umbrella_sampling/window_019_1.79nm/umbrella_eq.xtc	82812324	2026-07-23T13:49:40.9508215050Z
NaCl	LiA3-Ref/gromacs/umbrella_sampling/window_019_1.79nm/umbrella_eq_prev.cpt	1107416	2026-07-23T13:49:40.9478215040Z
NaCl	LiA3-Ref/gromacs/umbrella_sampling/window_019_1.79nm/umbrella_prev.cpt	1107396	2026-07-24T11:05:26.4074890140Z
NaCl	LiA3-Ref/gromacs/umbrella_sampling/window_020_1.86nm/umbrella.cpt	1107672	2026-07-22T10:25:43.9288826670Z
NaCl	LiA3-Ref/gromacs/umbrella_sampling/window_020_1.86nm/umbrella.edr	1297400	2026-07-22T10:25:44.0378827750Z
NaCl	LiA3-Ref/gromacs/umbrella_sampling/window_020_1.86nm/umbrella.xtc	330754248	2026-07-22T10:25:43.9378826760Z
NaCl	LiA3-Ref/gromacs/umbrella_sampling/window_020_1.86nm/umbrella_eq.cpt	1107692	2026-07-19T12:53:03.5911571490Z
NaCl	LiA3-Ref/gromacs/umbrella_sampling/window_020_1.86nm/umbrella_eq.edr	325400	2026-07-19T12:53:03.7261569890Z
NaCl	LiA3-Ref/gromacs/umbrella_sampling/window_020_1.86nm/umbrella_eq.xtc	82812552	2026-07-19T12:53:03.6031571350Z
NaCl	LiA3-Ref/gromacs/umbrella_sampling/window_020_1.86nm/umbrella_eq_prev.cpt	1107416	2026-07-19T12:53:03.5951571440Z
NaCl	LiA3-Ref/gromacs/umbrella_sampling/window_020_1.86nm/umbrella_prev.cpt	1106604	2026-07-22T10:25:43.9338826720Z
NaCl	LiA3-Ref/gromacs/umbrella_sampling/window_021_1.94nm/umbrella.cpt	1107672	2026-07-24T09:41:48.8091583890Z
NaCl	LiA3-Ref/gromacs/umbrella_sampling/window_021_1.94nm/umbrella.edr	1297400	2026-07-24T09:41:48.8551583390Z
NaCl	LiA3-Ref/gromacs/umbrella_sampling/window_021_1.94nm/umbrella.xtc	330751884	2026-07-24T09:41:48.8131583850Z
NaCl	LiA3-Ref/gromacs/umbrella_sampling/window_021_1.94nm/umbrella_eq.cpt	1107692	2026-07-18T13:42:27.5985060940Z
NaCl	LiA3-Ref/gromacs/umbrella_sampling/window_021_1.94nm/umbrella_eq.edr	325400	2026-07-18T13:42:27.6745061140Z
NaCl	LiA3-Ref/gromacs/umbrella_sampling/window_021_1.94nm/umbrella_eq.xtc	82812460	2026-07-18T13:42:27.6045060960Z
NaCl	LiA3-Ref/gromacs/umbrella_sampling/window_021_1.94nm/umbrella_eq_prev.cpt	1107416	2026-07-18T13:42:27.6005060950Z
NaCl	LiA3-Ref/gromacs/umbrella_sampling/window_021_1.94nm/umbrella_prev.cpt	1107396	2026-07-24T09:41:48.8101583880Z
NaCl	LiA3-Ref/gromacs/umbrella_sampling/window_022_2.01nm/umbrella.cpt	1107672	2026-07-24T12:10:33.3523305060Z
NaCl	LiA3-Ref/gromacs/umbrella_sampling/window_022_2.01nm/umbrella.edr	1297400	2026-07-24T12:10:33.3983304640Z
NaCl	LiA3-Ref/gromacs/umbrella_sampling/window_022_2.01nm/umbrella.xtc	330751332	2026-07-24T12:10:33.3563305030Z
NaCl	LiA3-Ref/gromacs/umbrella_sampling/window_022_2.01nm/umbrella_eq.cpt	1107692	2026-07-19T09:34:26.6866267910Z
NaCl	LiA3-Ref/gromacs/umbrella_sampling/window_022_2.01nm/umbrella_eq.edr	325400	2026-07-19T09:34:26.8476267420Z
NaCl	LiA3-Ref/gromacs/umbrella_sampling/window_022_2.01nm/umbrella_eq.xtc	82811364	2026-07-19T09:34:26.6976267880Z
NaCl	LiA3-Ref/gromacs/umbrella_sampling/window_022_2.01nm/umbrella_eq_prev.cpt	1107416	2026-07-19T09:34:26.6936267890Z
NaCl	LiA3-Ref/gromacs/umbrella_sampling/window_022_2.01nm/umbrella_prev.cpt	1107396	2026-07-24T12:10:33.3533305060Z
NaCl	LiA3-Ref/gromacs/umbrella_sampling/window_023_2.09nm/umbrella.cpt	1107672	2026-07-24T16:05:08.1391440310Z
NaCl	LiA3-Ref/gromacs/umbrella_sampling/window_023_2.09nm/umbrella.edr	1297400	2026-07-24T16:05:08.1851439340Z
NaCl	LiA3-Ref/gromacs/umbrella_sampling/window_023_2.09nm/umbrella.xtc	330752544	2026-07-24T16:05:08.1431440230Z
NaCl	LiA3-Ref/gromacs/umbrella_sampling/window_023_2.09nm/umbrella_eq.cpt	1107692	2026-07-23T22:14:10.9444391500Z
NaCl	LiA3-Ref/gromacs/umbrella_sampling/window_023_2.09nm/umbrella_eq.edr	325400	2026-07-23T22:14:11.0174391720Z
NaCl	LiA3-Ref/gromacs/umbrella_sampling/window_023_2.09nm/umbrella_eq.xtc	82812180	2026-07-23T22:14:10.9504391520Z
NaCl	LiA3-Ref/gromacs/umbrella_sampling/window_023_2.09nm/umbrella_eq_prev.cpt	1107416	2026-07-23T22:14:10.9464391510Z
NaCl	LiA3-Ref/gromacs/umbrella_sampling/window_023_2.09nm/umbrella_prev.cpt	1106604	2026-07-24T16:05:08.1401440290Z
NaCl	LiA3-Ref/gromacs/umbrella_sampling/window_024_2.16nm/umbrella.cpt	1107672	2026-07-21T06:20:41.0630908180Z
NaCl	LiA3-Ref/gromacs/umbrella_sampling/window_024_2.16nm/umbrella.edr	1297400	2026-07-21T06:20:41.2560905420Z
NaCl	LiA3-Ref/gromacs/umbrella_sampling/window_024_2.16nm/umbrella.xtc	330753468	2026-07-21T06:20:41.0750908010Z
NaCl	LiA3-Ref/gromacs/umbrella_sampling/window_024_2.16nm/umbrella_eq.cpt	1107692	2026-07-18T22:59:16.0954937500Z
NaCl	LiA3-Ref/gromacs/umbrella_sampling/window_024_2.16nm/umbrella_eq.edr	325400	2026-07-18T22:59:16.1724937660Z
NaCl	LiA3-Ref/gromacs/umbrella_sampling/window_024_2.16nm/umbrella_eq.xtc	82811336	2026-07-18T22:59:16.1024937510Z
NaCl	LiA3-Ref/gromacs/umbrella_sampling/window_024_2.16nm/umbrella_eq_prev.cpt	1107416	2026-07-18T22:59:16.0984937510Z
NaCl	LiA3-Ref/gromacs/umbrella_sampling/window_024_2.16nm/umbrella_prev.cpt	1107396	2026-07-21T06:20:41.0670908130Z
NaCl	LiA3-Ref/gromacs/umbrella_sampling/window_025_2.24nm/umbrella.cpt	1107672	2026-07-24T06:08:13.7424431660Z
NaCl	LiA3-Ref/gromacs/umbrella_sampling/window_025_2.24nm/umbrella.edr	1297400	2026-07-24T06:08:13.8064432030Z
NaCl	LiA3-Ref/gromacs/umbrella_sampling/window_025_2.24nm/umbrella.xtc	330752344	2026-07-24T06:08:13.7494431700Z
NaCl	LiA3-Ref/gromacs/umbrella_sampling/window_025_2.24nm/umbrella_eq.cpt	1107692	2026-07-19T06:57:40.9848960160Z
NaCl	LiA3-Ref/gromacs/umbrella_sampling/window_025_2.24nm/umbrella_eq.edr	325400	2026-07-19T06:57:41.0658960600Z
NaCl	LiA3-Ref/gromacs/umbrella_sampling/window_025_2.24nm/umbrella_eq.xtc	82812112	2026-07-19T06:57:40.9938960210Z
NaCl	LiA3-Ref/gromacs/umbrella_sampling/window_025_2.24nm/umbrella_eq_prev.cpt	1107416	2026-07-19T06:57:40.9868960170Z
NaCl	LiA3-Ref/gromacs/umbrella_sampling/window_025_2.24nm/umbrella_prev.cpt	1107396	2026-07-24T06:08:13.7454431680Z
NaCl	LiA3-Ref/gromacs/umbrella_sampling/window_026_2.31nm/umbrella.cpt	1107672	2026-07-24T09:02:32.9509855840Z
NaCl	LiA3-Ref/gromacs/umbrella_sampling/window_026_2.31nm/umbrella.edr	1297400	2026-07-24T09:02:32.9969855510Z
NaCl	LiA3-Ref/gromacs/umbrella_sampling/window_026_2.31nm/umbrella.xtc	330752552	2026-07-24T09:02:32.9549855810Z
NaCl	LiA3-Ref/gromacs/umbrella_sampling/window_026_2.31nm/umbrella_eq.cpt	1107692	2026-07-23T11:26:50.3181766260Z
NaCl	LiA3-Ref/gromacs/umbrella_sampling/window_026_2.31nm/umbrella_eq.edr	325400	2026-07-23T11:26:50.3921767150Z
NaCl	LiA3-Ref/gromacs/umbrella_sampling/window_026_2.31nm/umbrella_eq.xtc	82811588	2026-07-23T11:26:50.3231766320Z
NaCl	LiA3-Ref/gromacs/umbrella_sampling/window_026_2.31nm/umbrella_eq_prev.cpt	1106624	2026-07-23T11:26:50.3191766270Z
NaCl	LiA3-Ref/gromacs/umbrella_sampling/window_026_2.31nm/umbrella_prev.cpt	1107396	2026-07-24T09:02:32.9519855830Z
NaCl	LiA3-Ref/gromacs/umbrella_sampling/window_027_2.39nm/umbrella.cpt	1107672	2026-07-24T02:24:59.1696874350Z
NaCl	LiA3-Ref/gromacs/umbrella_sampling/window_027_2.39nm/umbrella.edr	1297400	2026-07-24T02:24:59.2156874470Z
NaCl	LiA3-Ref/gromacs/umbrella_sampling/window_027_2.39nm/umbrella.xtc	330754188	2026-07-24T02:24:59.1736874360Z
NaCl	LiA3-Ref/gromacs/umbrella_sampling/window_027_2.39nm/umbrella_eq.cpt	1107692	2026-07-18T17:53:57.0009072270Z
NaCl	LiA3-Ref/gromacs/umbrella_sampling/window_027_2.39nm/umbrella_eq.edr	325400	2026-07-18T17:53:57.1039072430Z
NaCl	LiA3-Ref/gromacs/umbrella_sampling/window_027_2.39nm/umbrella_eq.xtc	82811968	2026-07-18T17:53:57.0139072290Z
NaCl	LiA3-Ref/gromacs/umbrella_sampling/window_027_2.39nm/umbrella_eq_prev.cpt	1107416	2026-07-18T17:53:57.0039072270Z
NaCl	LiA3-Ref/gromacs/umbrella_sampling/window_027_2.39nm/umbrella_prev.cpt	1107396	2026-07-24T02:24:59.1716874350Z
NaCl	LiA3-Ref/gromacs/umbrella_sampling/window_028_2.46nm/umbrella.cpt	1107672	2026-07-24T12:43:13.9159242420Z
NaCl	LiA3-Ref/gromacs/umbrella_sampling/window_028_2.46nm/umbrella.edr	1297400	2026-07-24T12:43:13.9619241940Z
NaCl	LiA3-Ref/gromacs/umbrella_sampling/window_028_2.46nm/umbrella.xtc	330753288	2026-07-24T12:43:13.9199242380Z
NaCl	LiA3-Ref/gromacs/umbrella_sampling/window_028_2.46nm/umbrella_eq.cpt	1107692	2026-07-23T06:45:41.1197496400Z
NaCl	LiA3-Ref/gromacs/umbrella_sampling/window_028_2.46nm/umbrella_eq.edr	325400	2026-07-23T06:45:41.1957496470Z
NaCl	LiA3-Ref/gromacs/umbrella_sampling/window_028_2.46nm/umbrella_eq.xtc	82812128	2026-07-23T06:45:41.1257496400Z
NaCl	LiA3-Ref/gromacs/umbrella_sampling/window_028_2.46nm/umbrella_eq_prev.cpt	1107416	2026-07-23T06:45:41.1217496400Z
NaCl	LiA3-Ref/gromacs/umbrella_sampling/window_028_2.46nm/umbrella_prev.cpt	1107396	2026-07-24T12:43:13.9179242410Z
NaCl	LiA3-Ref/gromacs/umbrella_sampling/window_029_2.54nm/umbrella.cpt	1107672	2026-07-24T13:34:00.7751213280Z
NaCl	LiA3-Ref/gromacs/umbrella_sampling/window_029_2.54nm/umbrella.edr	1297400	2026-07-24T13:34:00.8211212280Z
NaCl	LiA3-Ref/gromacs/umbrella_sampling/window_029_2.54nm/umbrella.xtc	330753912	2026-07-24T13:34:00.7791213190Z
NaCl	LiA3-Ref/gromacs/umbrella_sampling/window_029_2.54nm/umbrella_eq.cpt	1107692	2026-07-23T18:26:00.3805527260Z
NaCl	LiA3-Ref/gromacs/umbrella_sampling/window_029_2.54nm/umbrella_eq.edr	325400	2026-07-23T18:26:00.4575527380Z
NaCl	LiA3-Ref/gromacs/umbrella_sampling/window_029_2.54nm/umbrella_eq.xtc	82811284	2026-07-23T18:26:00.3865527270Z
NaCl	LiA3-Ref/gromacs/umbrella_sampling/window_029_2.54nm/umbrella_eq_prev.cpt	1107416	2026-07-23T18:26:00.3825527270Z
NaCl	LiA3-Ref/gromacs/umbrella_sampling/window_029_2.54nm/umbrella_prev.cpt	1107396	2026-07-24T13:34:00.7771213240Z
NaCl	LiD3-Core/gromacs/umbrella_sampling/bound_place_min/min.edr	67772	2026-07-18T01:32:52.4520388790Z
NaCl	LiD3-Core/gromacs/umbrella_sampling/bound_place_min/min.trr	533676	2026-07-18T01:32:52.4560388540Z
NaCl	LiD3-Core/gromacs/umbrella_sampling/pull/pull.cpt	1069444	2026-07-18T04:02:32.8228289940Z
NaCl	LiD3-Core/gromacs/umbrella_sampling/pull/pull.edr	649400	2026-07-18T04:02:32.9178290070Z
NaCl	LiD3-Core/gromacs/umbrella_sampling/pull/pull.xtc	159755048	2026-07-18T04:02:32.8278289950Z
NaCl	LiD3-Core/gromacs/umbrella_sampling/pull/pull_prev.cpt	1069168	2026-07-18T04:02:32.8248289940Z
NaCl	LiD3-Core/gromacs/umbrella_sampling/window_000_0.41nm/umbrella.cpt	1069464	2026-07-20T14:21:06.7799639090Z
NaCl	LiD3-Core/gromacs/umbrella_sampling/window_000_0.41nm/umbrella.edr	1297400	2026-07-20T14:21:06.8919639120Z
NaCl	LiD3-Core/gromacs/umbrella_sampling/window_000_0.41nm/umbrella.xtc	319349776	2026-07-20T14:21:06.7879639100Z
NaCl	LiD3-Core/gromacs/umbrella_sampling/window_000_0.41nm/umbrella_eq.cpt	1069484	2026-07-18T13:32:29.6583322530Z
NaCl	LiD3-Core/gromacs/umbrella_sampling/window_000_0.41nm/umbrella_eq.edr	325400	2026-07-18T13:32:29.7353322780Z
NaCl	LiD3-Core/gromacs/umbrella_sampling/window_000_0.41nm/umbrella_eq.xtc	79956944	2026-07-18T13:32:29.6643322550Z
NaCl	LiD3-Core/gromacs/umbrella_sampling/window_000_0.41nm/umbrella_eq_prev.cpt	1069208	2026-07-18T13:32:29.6603322530Z
NaCl	LiD3-Core/gromacs/umbrella_sampling/window_000_0.41nm/umbrella_prev.cpt	1068396	2026-07-20T14:21:06.7839639090Z
NaCl	LiD3-Core/gromacs/umbrella_sampling/window_001_0.49nm/umbrella.cpt	1069464	2026-07-24T10:36:11.3153838090Z
NaCl	LiD3-Core/gromacs/umbrella_sampling/window_001_0.49nm/umbrella.edr	1297400	2026-07-24T10:36:11.3603837200Z
NaCl	LiD3-Core/gromacs/umbrella_sampling/window_001_0.49nm/umbrella.xtc	319352824	2026-07-24T10:36:11.3203837990Z
NaCl	LiD3-Core/gromacs/umbrella_sampling/window_001_0.49nm/umbrella_eq.cpt	1069484	2026-07-23T13:03:19.9413207370Z
NaCl	LiD3-Core/gromacs/umbrella_sampling/window_001_0.49nm/umbrella_eq.edr	325400	2026-07-23T13:03:20.0143207470Z
NaCl	LiD3-Core/gromacs/umbrella_sampling/window_001_0.49nm/umbrella_eq.xtc	79957584	2026-07-23T13:03:19.9473207380Z
NaCl	LiD3-Core/gromacs/umbrella_sampling/window_001_0.49nm/umbrella_eq_prev.cpt	1069208	2026-07-23T13:03:19.9433207370Z
NaCl	LiD3-Core/gromacs/umbrella_sampling/window_001_0.49nm/umbrella_prev.cpt	1068396	2026-07-24T10:36:11.3173838050Z
NaCl	LiD3-Core/gromacs/umbrella_sampling/window_002_0.56nm/umbrella.cpt	1069464	2026-07-21T08:58:21.5856751210Z
NaCl	LiD3-Core/gromacs/umbrella_sampling/window_002_0.56nm/umbrella.edr	1297400	2026-07-21T08:58:21.6606750770Z
NaCl	LiD3-Core/gromacs/umbrella_sampling/window_002_0.56nm/umbrella.xtc	319349240	2026-07-21T08:58:21.5936751170Z
NaCl	LiD3-Core/gromacs/umbrella_sampling/window_002_0.56nm/umbrella_eq.cpt	1069484	2026-07-19T19:45:07.4513764090Z
NaCl	LiD3-Core/gromacs/umbrella_sampling/window_002_0.56nm/umbrella_eq.edr	325400	2026-07-19T19:45:07.5663764550Z
NaCl	LiD3-Core/gromacs/umbrella_sampling/window_002_0.56nm/umbrella_eq.xtc	79956836	2026-07-19T19:45:07.4593764130Z
NaCl	LiD3-Core/gromacs/umbrella_sampling/window_002_0.56nm/umbrella_eq_prev.cpt	1068416	2026-07-19T19:45:07.4553764110Z
NaCl	LiD3-Core/gromacs/umbrella_sampling/window_002_0.56nm/umbrella_prev.cpt	1068396	2026-07-21T08:58:21.5866751210Z
NaCl	LiD3-Core/gromacs/umbrella_sampling/window_003_0.64nm/umbrella.cpt	1069464	2026-07-24T04:54:13.1804826610Z
NaCl	LiD3-Core/gromacs/umbrella_sampling/window_003_0.64nm/umbrella.edr	1297400	2026-07-24T04:54:13.2244826580Z
NaCl	LiD3-Core/gromacs/umbrella_sampling/window_003_0.64nm/umbrella.xtc	319350256	2026-07-24T04:54:13.1834826610Z
NaCl	LiD3-Core/gromacs/umbrella_sampling/window_003_0.64nm/umbrella_eq.cpt	1069484	2026-07-20T16:25:08.3676885840Z
NaCl	LiD3-Core/gromacs/umbrella_sampling/window_003_0.64nm/umbrella_eq.edr	325400	2026-07-20T16:25:08.4396885980Z
NaCl	LiD3-Core/gromacs/umbrella_sampling/window_003_0.64nm/umbrella_eq.xtc	79957712	2026-07-20T16:25:08.3726885850Z
NaCl	LiD3-Core/gromacs/umbrella_sampling/window_003_0.64nm/umbrella_eq_prev.cpt	1069208	2026-07-20T16:25:08.3696885850Z
NaCl	LiD3-Core/gromacs/umbrella_sampling/window_003_0.64nm/umbrella_prev.cpt	1068396	2026-07-24T04:54:13.1814826610Z
NaCl	LiD3-Core/gromacs/umbrella_sampling/window_004_0.71nm/umbrella.cpt	1069464	2026-07-20T01:25:53.1720718400Z
NaCl	LiD3-Core/gromacs/umbrella_sampling/window_004_0.71nm/umbrella.edr	1297400	2026-07-20T01:25:53.2440717920Z
NaCl	LiD3-Core/gromacs/umbrella_sampling/window_004_0.71nm/umbrella.xtc	319351188	2026-07-20T01:25:53.1770718370Z
NaCl	LiD3-Core/gromacs/umbrella_sampling/window_004_0.71nm/umbrella_eq.cpt	1069484	2026-07-18T17:13:31.1444754330Z
NaCl	LiD3-Core/gromacs/umbrella_sampling/window_004_0.71nm/umbrella_eq.edr	325400	2026-07-18T17:13:31.2174754320Z
NaCl	LiD3-Core/gromacs/umbrella_sampling/window_004_0.71nm/umbrella_eq.xtc	79956956	2026-07-18T17:13:31.1504754330Z
NaCl	LiD3-Core/gromacs/umbrella_sampling/window_004_0.71nm/umbrella_eq_prev.cpt	1069208	2026-07-18T17:13:31.1464754330Z
NaCl	LiD3-Core/gromacs/umbrella_sampling/window_004_0.71nm/umbrella_prev.cpt	1069188	2026-07-20T01:25:53.1740718390Z
NaCl	LiD3-Core/gromacs/umbrella_sampling/window_005_0.79nm/umbrella.cpt	1069464	2026-07-22T07:32:21.2985867390Z
NaCl	LiD3-Core/gromacs/umbrella_sampling/window_005_0.79nm/umbrella.edr	1297400	2026-07-22T07:32:21.3815868390Z
NaCl	LiD3-Core/gromacs/umbrella_sampling/window_005_0.79nm/umbrella.xtc	319349328	2026-07-22T07:32:21.3065867490Z
NaCl	LiD3-Core/gromacs/umbrella_sampling/window_005_0.79nm/umbrella_eq.cpt	1069484	2026-07-20T15:10:50.3959204440Z
NaCl	LiD3-Core/gromacs/umbrella_sampling/window_005_0.79nm/umbrella_eq.edr	325400	2026-07-20T15:10:50.5479204670Z
NaCl	LiD3-Core/gromacs/umbrella_sampling/window_005_0.79nm/umbrella_eq.xtc	79957156	2026-07-20T15:10:50.4069204460Z
NaCl	LiD3-Core/gromacs/umbrella_sampling/window_005_0.79nm/umbrella_eq_prev.cpt	1069208	2026-07-20T15:10:50.3989204440Z
NaCl	LiD3-Core/gromacs/umbrella_sampling/window_005_0.79nm/umbrella_prev.cpt	1069188	2026-07-22T07:32:21.3025867440Z
NaCl	LiD3-Core/gromacs/umbrella_sampling/window_006_0.86nm/umbrella.cpt	1069464	2026-07-24T09:45:40.1679245900Z
NaCl	LiD3-Core/gromacs/umbrella_sampling/window_006_0.86nm/umbrella.edr	1297400	2026-07-24T09:45:40.2119245490Z
NaCl	LiD3-Core/gromacs/umbrella_sampling/window_006_0.86nm/umbrella.xtc	319355248	2026-07-24T09:45:40.1709245870Z
NaCl	LiD3-Core/gromacs/umbrella_sampling/window_006_0.86nm/umbrella_eq.cpt	1069484	2026-07-23T11:55:41.3878844140Z
NaCl	LiD3-Core/gromacs/umbrella_sampling/window_006_0.86nm/umbrella_eq.edr	325400	2026-07-23T11:55:41.4608844110Z
NaCl	LiD3-Core/gromacs/umbrella_sampling/window_006_0.86nm/umbrella_eq.xtc	79957648	2026-07-23T11:55:41.3938844140Z
NaCl	LiD3-Core/gromacs/umbrella_sampling/window_006_0.86nm/umbrella_eq_prev.cpt	1068416	2026-07-23T11:55:41.3898844140Z
NaCl	LiD3-Core/gromacs/umbrella_sampling/window_006_0.86nm/umbrella_prev.cpt	1069188	2026-07-24T09:45:40.1689245890Z
NaCl	LiD3-Core/gromacs/umbrella_sampling/window_007_0.94nm/umbrella.cpt	1069464	2026-07-23T02:34:53.8450299190Z
NaCl	LiD3-Core/gromacs/umbrella_sampling/window_007_0.94nm/umbrella.edr	1297400	2026-07-23T02:34:53.9220299540Z
NaCl	LiD3-Core/gromacs/umbrella_sampling/window_007_0.94nm/umbrella.xtc	319350468	2026-07-23T02:34:53.8550299240Z
NaCl	LiD3-Core/gromacs/umbrella_sampling/window_007_0.94nm/umbrella_eq.cpt	1069484	2026-07-18T13:30:30.8932905490Z
NaCl	LiD3-Core/gromacs/umbrella_sampling/window_007_0.94nm/umbrella_eq.edr	325400	2026-07-18T13:30:30.9672905770Z
NaCl	LiD3-Core/gromacs/umbrella_sampling/window_007_0.94nm/umbrella_eq.xtc	79957168	2026-07-18T13:30:30.8992905520Z
NaCl	LiD3-Core/gromacs/umbrella_sampling/window_007_0.94nm/umbrella_eq_prev.cpt	1069208	2026-07-18T13:30:30.8952905500Z
NaCl	LiD3-Core/gromacs/umbrella_sampling/window_007_0.94nm/umbrella_prev.cpt	1069188	2026-07-23T02:34:53.8470299200Z
NaCl	LiD3-Core/gromacs/umbrella_sampling/window_008_1.01nm/umbrella.cpt	1069464	2026-07-24T11:55:40.5891876010Z
NaCl	LiD3-Core/gromacs/umbrella_sampling/window_008_1.01nm/umbrella.edr	1297400	2026-07-24T11:55:40.6331875560Z
NaCl	LiD3-Core/gromacs/umbrella_sampling/window_008_1.01nm/umbrella.xtc	319350660	2026-07-24T11:55:40.5921875980Z
NaCl	LiD3-Core/gromacs/umbrella_sampling/window_008_1.01nm/umbrella_eq.cpt	1069484	2026-07-23T14:50:04.9076716790Z
NaCl	LiD3-Core/gromacs/umbrella_sampling/window_008_1.01nm/umbrella_eq.edr	325400	2026-07-23T14:50:04.9796717630Z
NaCl	LiD3-Core/gromacs/umbrella_sampling/window_008_1.01nm/umbrella_eq.xtc	79957840	2026-07-23T14:50:04.9126716850Z
NaCl	LiD3-Core/gromacs/umbrella_sampling/window_008_1.01nm/umbrella_eq_prev.cpt	1068416	2026-07-23T14:50:04.9086716800Z
NaCl	LiD3-Core/gromacs/umbrella_sampling/window_008_1.01nm/umbrella_prev.cpt	1068396	2026-07-24T11:55:40.5901876000Z
NaCl	LiD3-Core/gromacs/umbrella_sampling/window_009_1.09nm/umbrella.cpt	1069464	2026-07-22T19:53:06.6262567580Z
NaCl	LiD3-Core/gromacs/umbrella_sampling/window_009_1.09nm/umbrella.edr	1297400	2026-07-22T19:53:06.6982564480Z
NaCl	LiD3-Core/gromacs/umbrella_sampling/window_009_1.09nm/umbrella.xtc	319353732	2026-07-22T19:53:06.6322567330Z
NaCl	LiD3-Core/gromacs/umbrella_sampling/window_009_1.09nm/umbrella_eq.cpt	1069484	2026-07-18T14:53:56.1470874670Z
NaCl	LiD3-Core/gromacs/umbrella_sampling/window_009_1.09nm/umbrella_eq.edr	325400	2026-07-18T14:53:56.2190875150Z
NaCl	LiD3-Core/gromacs/umbrella_sampling/window_009_1.09nm/umbrella_eq.xtc	79957184	2026-07-18T14:53:56.1520874700Z
NaCl	LiD3-Core/gromacs/umbrella_sampling/window_009_1.09nm/umbrella_eq_prev.cpt	1069208	2026-07-18T14:53:56.1480874680Z
NaCl	LiD3-Core/gromacs/umbrella_sampling/window_009_1.09nm/umbrella_prev.cpt	1069188	2026-07-22T19:53:06.6282567500Z
NaCl	LiD3-Core/gromacs/umbrella_sampling/window_010_1.16nm/umbrella.cpt	1069464	2026-07-24T09:01:39.3870255120Z
NaCl	LiD3-Core/gromacs/umbrella_sampling/window_010_1.16nm/umbrella.edr	1297400	2026-07-24T09:01:39.4330254760Z
NaCl	LiD3-Core/gromacs/umbrella_sampling/window_010_1.16nm/umbrella.xtc	319348916	2026-07-24T09:01:39.3920255080Z
NaCl	LiD3-Core/gromacs/umbrella_sampling/window_010_1.16nm/umbrella_eq.cpt	1069484	2026-07-21T20:42:46.3655683150Z
NaCl	LiD3-Core/gromacs/umbrella_sampling/window_010_1.16nm/umbrella_eq.edr	325400	2026-07-21T20:42:46.4405683430Z
NaCl	LiD3-Core/gromacs/umbrella_sampling/window_010_1.16nm/umbrella_eq.xtc	79956668	2026-07-21T20:42:46.3735683180Z
NaCl	LiD3-Core/gromacs/umbrella_sampling/window_010_1.16nm/umbrella_eq_prev.cpt	1069208	2026-07-21T20:42:46.3675683160Z
NaCl	LiD3-Core/gromacs/umbrella_sampling/window_010_1.16nm/umbrella_prev.cpt	1069188	2026-07-24T09:01:39.3890255100Z
NaCl	LiD3-Core/gromacs/umbrella_sampling/window_011_1.24nm/umbrella.cpt	1069464	2026-07-20T01:26:56.3950325180Z
NaCl	LiD3-Core/gromacs/umbrella_sampling/window_011_1.24nm/umbrella.edr	1297400	2026-07-20T01:26:56.5060324540Z
NaCl	LiD3-Core/gromacs/umbrella_sampling/window_011_1.24nm/umbrella.xtc	319350420	2026-07-20T01:26:56.4020325140Z
NaCl	LiD3-Core/gromacs/umbrella_sampling/window_011_1.24nm/umbrella_eq.cpt	1069484	2026-07-18T16:41:21.3439717180Z
NaCl	LiD3-Core/gromacs/umbrella_sampling/window_011_1.24nm/umbrella_eq.edr	325400	2026-07-18T16:41:21.4199717410Z
NaCl	LiD3-Core/gromacs/umbrella_sampling/window_011_1.24nm/umbrella_eq.xtc	79957220	2026-07-18T16:41:21.3529717210Z
NaCl	LiD3-Core/gromacs/umbrella_sampling/window_011_1.24nm/umbrella_eq_prev.cpt	1068416	2026-07-18T16:41:21.3459717190Z
NaCl	LiD3-Core/gromacs/umbrella_sampling/window_011_1.24nm/umbrella_prev.cpt	1069188	2026-07-20T01:26:56.3980325160Z
NaCl	LiD3-Core/gromacs/umbrella_sampling/window_012_1.31nm/umbrella.cpt	1069464	2026-07-24T09:01:36.0160281220Z
NaCl	LiD3-Core/gromacs/umbrella_sampling/window_012_1.31nm/umbrella.edr	1297400	2026-07-24T09:01:36.0630280850Z
NaCl	LiD3-Core/gromacs/umbrella_sampling/window_012_1.31nm/umbrella.xtc	319349752	2026-07-24T09:01:36.0220281170Z
NaCl	LiD3-Core/gromacs/umbrella_sampling/window_012_1.31nm/umbrella_eq.cpt	1069484	2026-07-19T12:48:40.7015681130Z
NaCl	LiD3-Core/gromacs/umbrella_sampling/window_012_1.31nm/umbrella_eq.edr	325400	2026-07-19T12:48:40.7795679560Z
NaCl	LiD3-Core/gromacs/umbrella_sampling/window_012_1.31nm/umbrella_eq.xtc	79957216	2026-07-19T12:48:40.7085680990Z
NaCl	LiD3-Core/gromacs/umbrella_sampling/window_012_1.31nm/umbrella_eq_prev.cpt	1069208	2026-07-19T12:48:40.7025681120Z
NaCl	LiD3-Core/gromacs/umbrella_sampling/window_012_1.31nm/umbrella_prev.cpt	1069188	2026-07-24T09:01:36.0190281190Z
NaCl	LiD3-Core/gromacs/umbrella_sampling/window_013_1.39nm/umbrella.cpt	1069464	2026-07-24T04:01:01.3165016230Z
NaCl	LiD3-Core/gromacs/umbrella_sampling/window_013_1.39nm/umbrella.edr	1297400	2026-07-24T04:01:01.3865016450Z
NaCl	LiD3-Core/gromacs/umbrella_sampling/window_013_1.39nm/umbrella.xtc	319356092	2026-07-24T04:01:01.3225016250Z
NaCl	LiD3-Core/gromacs/umbrella_sampling/window_013_1.39nm/umbrella_eq.cpt	1069484	2026-07-19T09:03:36.9198810380Z
NaCl	LiD3-Core/gromacs/umbrella_sampling/window_013_1.39nm/umbrella_eq.edr	325400	2026-07-19T09:03:37.2868812690Z
NaCl	LiD3-Core/gromacs/umbrella_sampling/window_013_1.39nm/umbrella_eq.xtc	79956636	2026-07-19T09:03:36.9468810550Z
NaCl	LiD3-Core/gromacs/umbrella_sampling/window_013_1.39nm/umbrella_eq_prev.cpt	1069208	2026-07-19T09:03:36.9248810410Z
NaCl	LiD3-Core/gromacs/umbrella_sampling/window_013_1.39nm/umbrella_prev.cpt	1068396	2026-07-24T04:01:01.3195016240Z
NaCl	LiD3-Core/gromacs/umbrella_sampling/window_014_1.46nm/umbrella.cpt	1069464	2026-07-20T14:25:21.5561781930Z
NaCl	LiD3-Core/gromacs/umbrella_sampling/window_014_1.46nm/umbrella.edr	1297400	2026-07-20T14:25:21.6401782620Z
NaCl	LiD3-Core/gromacs/umbrella_sampling/window_014_1.46nm/umbrella.xtc	319353960	2026-07-20T14:25:21.5681782030Z
NaCl	LiD3-Core/gromacs/umbrella_sampling/window_014_1.46nm/umbrella_eq.cpt	1069484	2026-07-19T00:38:04.5127134570Z
NaCl	LiD3-Core/gromacs/umbrella_sampling/window_014_1.46nm/umbrella_eq.edr	325400	2026-07-19T00:38:04.6857134050Z
NaCl	LiD3-Core/gromacs/umbrella_sampling/window_014_1.46nm/umbrella_eq.xtc	79956748	2026-07-19T00:38:04.5227134540Z
NaCl	LiD3-Core/gromacs/umbrella_sampling/window_014_1.46nm/umbrella_eq_prev.cpt	1069208	2026-07-19T00:38:04.5157134560Z
NaCl	LiD3-Core/gromacs/umbrella_sampling/window_014_1.46nm/umbrella_prev.cpt	1069188	2026-07-20T14:25:21.5581781950Z
NaCl	LiD3-Core/gromacs/umbrella_sampling/window_015_1.54nm/umbrella.cpt	1069464	2026-07-24T02:15:37.0295798770Z
NaCl	LiD3-Core/gromacs/umbrella_sampling/window_015_1.54nm/umbrella.edr	1297400	2026-07-24T02:15:37.0965798820Z
NaCl	LiD3-Core/gromacs/umbrella_sampling/window_015_1.54nm/umbrella.xtc	319350132	2026-07-24T02:15:37.0345798770Z
NaCl	LiD3-Core/gromacs/umbrella_sampling/window_015_1.54nm/umbrella_eq.cpt	1069484	2026-07-18T16:34:20.1408521170Z
NaCl	LiD3-Core/gromacs/umbrella_sampling/window_015_1.54nm/umbrella_eq.edr	325400	2026-07-18T16:34:20.2138521370Z
NaCl	LiD3-Core/gromacs/umbrella_sampling/window_015_1.54nm/umbrella_eq.xtc	79957244	2026-07-18T16:34:20.1458521180Z
NaCl	LiD3-Core/gromacs/umbrella_sampling/window_015_1.54nm/umbrella_eq_prev.cpt	1068416	2026-07-18T16:34:20.1418521170Z
NaCl	LiD3-Core/gromacs/umbrella_sampling/window_015_1.54nm/umbrella_prev.cpt	1069188	2026-07-24T02:15:37.0305798770Z
NaCl	LiD3-Core/gromacs/umbrella_sampling/window_016_1.61nm/umbrella.cpt	1069464	2026-07-24T01:36:35.8995399430Z
NaCl	LiD3-Core/gromacs/umbrella_sampling/window_016_1.61nm/umbrella.edr	1297400	2026-07-24T01:36:35.9685400780Z
NaCl	LiD3-Core/gromacs/umbrella_sampling/window_016_1.61nm/umbrella.xtc	319349920	2026-07-24T01:36:35.9045399530Z
NaCl	LiD3-Core/gromacs/umbrella_sampling/window_016_1.61nm/umbrella_eq.cpt	1069484	2026-07-18T13:59:39.9817531630Z
NaCl	LiD3-Core/gromacs/umbrella_sampling/window_016_1.61nm/umbrella_eq.edr	325400	2026-07-18T13:59:40.0777531850Z
NaCl	LiD3-Core/gromacs/umbrella_sampling/window_016_1.61nm/umbrella_eq.xtc	79957260	2026-07-18T13:59:39.9897531650Z
NaCl	LiD3-Core/gromacs/umbrella_sampling/window_016_1.61nm/umbrella_eq_prev.cpt	1069208	2026-07-18T13:59:39.9857531640Z
NaCl	LiD3-Core/gromacs/umbrella_sampling/window_016_1.61nm/umbrella_prev.cpt	1069188	2026-07-24T01:36:35.9015399470Z
NaCl	LiD3-Core/gromacs/umbrella_sampling/window_017_1.69nm/umbrella.cpt	1069464	2026-07-23T23:51:32.3734937950Z
NaCl	LiD3-Core/gromacs/umbrella_sampling/window_017_1.69nm/umbrella.edr	1297400	2026-07-23T23:51:32.4434938480Z
NaCl	LiD3-Core/gromacs/umbrella_sampling/window_017_1.69nm/umbrella.xtc	319352056	2026-07-23T23:51:32.3794938000Z
NaCl	LiD3-Core/gromacs/umbrella_sampling/window_017_1.69nm/umbrella_eq.cpt	1069484	2026-07-18T16:34:14.4948505880Z
NaCl	LiD3-Core/gromacs/umbrella_sampling/window_017_1.69nm/umbrella_eq.edr	325400	2026-07-18T16:34:14.6148506210Z
NaCl	LiD3-Core/gromacs/umbrella_sampling/window_017_1.69nm/umbrella_eq.xtc	79957264	2026-07-18T16:34:14.5048505910Z
NaCl	LiD3-Core/gromacs/umbrella_sampling/window_017_1.69nm/umbrella_eq_prev.cpt	1068416	2026-07-18T16:34:14.4978505890Z
NaCl	LiD3-Core/gromacs/umbrella_sampling/window_017_1.69nm/umbrella_prev.cpt	1068396	2026-07-23T23:51:32.3754937970Z
NaCl	LiD3-Core/gromacs/umbrella_sampling/window_018_1.76nm/umbrella.cpt	1069464	2026-07-20T07:58:54.0074933020Z
NaCl	LiD3-Core/gromacs/umbrella_sampling/window_018_1.76nm/umbrella.edr	1297400	2026-07-20T07:58:54.0804932770Z
NaCl	LiD3-Core/gromacs/umbrella_sampling/window_018_1.76nm/umbrella.xtc	319349900	2026-07-20T07:58:54.0134933000Z
NaCl	LiD3-Core/gromacs/umbrella_sampling/window_018_1.76nm/umbrella_eq.cpt	1069484	2026-07-18T13:26:07.2991824090Z
NaCl	LiD3-Core/gromacs/umbrella_sampling/window_018_1.76nm/umbrella_eq.edr	325400	2026-07-18T13:26:07.3711824420Z
NaCl	LiD3-Core/gromacs/umbrella_sampling/window_018_1.76nm/umbrella_eq.xtc	79957224	2026-07-18T13:26:07.3041824110Z
NaCl	LiD3-Core/gromacs/umbrella_sampling/window_018_1.76nm/umbrella_eq_prev.cpt	1069208	2026-07-18T13:26:07.3011824100Z
NaCl	LiD3-Core/gromacs/umbrella_sampling/window_018_1.76nm/umbrella_prev.cpt	1069188	2026-07-20T07:58:54.0094933020Z
NaCl	LiD3-Core/gromacs/umbrella_sampling/window_019_1.84nm/umbrella.cpt	1069464	2026-07-24T02:03:50.2597774270Z
NaCl	LiD3-Core/gromacs/umbrella_sampling/window_019_1.84nm/umbrella.edr	1297400	2026-07-24T02:03:50.3297773690Z
NaCl	LiD3-Core/gromacs/umbrella_sampling/window_019_1.84nm/umbrella.xtc	319350088	2026-07-24T02:03:50.2657774220Z
NaCl	LiD3-Core/gromacs/umbrella_sampling/window_019_1.84nm/umbrella_eq.cpt	1069484	2026-07-21T10:55:10.6794073990Z
NaCl	LiD3-Core/gromacs/umbrella_sampling/window_019_1.84nm/umbrella_eq.edr	325400	2026-07-21T10:55:10.8254067390Z
NaCl	LiD3-Core/gromacs/umbrella_sampling/window_019_1.84nm/umbrella_eq.xtc	79957920	2026-07-21T10:55:10.6894073540Z
NaCl	LiD3-Core/gromacs/umbrella_sampling/window_019_1.84nm/umbrella_eq_prev.cpt	1069208	2026-07-21T10:55:10.6824073860Z
NaCl	LiD3-Core/gromacs/umbrella_sampling/window_019_1.84nm/umbrella_prev.cpt	1069188	2026-07-24T02:03:50.2617774260Z
NaCl	LiD3-Core/gromacs/umbrella_sampling/window_020_1.91nm/umbrella.cpt	1069464	2026-07-23T14:04:43.3159605940Z
NaCl	LiD3-Core/gromacs/umbrella_sampling/window_020_1.91nm/umbrella.edr	1297400	2026-07-23T14:04:43.3879605870Z
NaCl	LiD3-Core/gromacs/umbrella_sampling/window_020_1.91nm/umbrella.xtc	319347864	2026-07-23T14:04:43.3209605930Z
NaCl	LiD3-Core/gromacs/umbrella_sampling/window_020_1.91nm/umbrella_eq.cpt	1069484	2026-07-18T13:30:34.3992918330Z
NaCl	LiD3-Core/gromacs/umbrella_sampling/window_020_1.91nm/umbrella_eq.edr	325400	2026-07-18T13:30:34.4712918590Z
NaCl	LiD3-Core/gromacs/umbrella_sampling/window_020_1.91nm/umbrella_eq.xtc	79957104	2026-07-18T13:30:34.4042918340Z
NaCl	LiD3-Core/gromacs/umbrella_sampling/window_020_1.91nm/umbrella_eq_prev.cpt	1068416	2026-07-18T13:30:34.4002918330Z
NaCl	LiD3-Core/gromacs/umbrella_sampling/window_020_1.91nm/umbrella_prev.cpt	1069188	2026-07-23T14:04:43.3169605940Z
NaCl	LiD3-Core/gromacs/umbrella_sampling/window_021_1.99nm/umbrella.cpt	1069464	2026-07-24T08:54:30.5404871520Z
NaCl	LiD3-Core/gromacs/umbrella_sampling/window_021_1.99nm/umbrella.edr	1297400	2026-07-24T08:54:30.5844870870Z
NaCl	LiD3-Core/gromacs/umbrella_sampling/window_021_1.99nm/umbrella.xtc	319351932	2026-07-24T08:54:30.5434871470Z
NaCl	LiD3-Core/gromacs/umbrella_sampling/window_021_1.99nm/umbrella_eq.cpt	1069484	2026-07-18T17:13:01.0224760280Z
NaCl	LiD3-Core/gromacs/umbrella_sampling/window_021_1.99nm/umbrella_eq.edr	325400	2026-07-18T17:13:01.1684760250Z
NaCl	LiD3-Core/gromacs/umbrella_sampling/window_021_1.99nm/umbrella_eq.xtc	79957492	2026-07-18T17:13:01.0364760280Z
NaCl	LiD3-Core/gromacs/umbrella_sampling/window_021_1.99nm/umbrella_eq_prev.cpt	1068416	2026-07-18T17:13:01.0264760280Z
NaCl	LiD3-Core/gromacs/umbrella_sampling/window_021_1.99nm/umbrella_prev.cpt	1069188	2026-07-24T08:54:30.5414871500Z
NaCl	LiD3-Core/gromacs/umbrella_sampling/window_022_2.06nm/umbrella.cpt	1069464	2026-07-22T15:09:19.5777006550Z
NaCl	LiD3-Core/gromacs/umbrella_sampling/window_022_2.06nm/umbrella.edr	1297400	2026-07-22T15:09:19.6547007140Z
NaCl	LiD3-Core/gromacs/umbrella_sampling/window_022_2.06nm/umbrella.xtc	319351296	2026-07-22T15:09:19.5867006610Z
NaCl	LiD3-Core/gromacs/umbrella_sampling/window_022_2.06nm/umbrella_eq.cpt	1069484	2026-07-18T22:43:32.3613994770Z
NaCl	LiD3-Core/gromacs/umbrella_sampling/window_022_2.06nm/umbrella_eq.edr	325400	2026-07-18T22:43:32.4333994710Z
NaCl	LiD3-Core/gromacs/umbrella_sampling/window_022_2.06nm/umbrella_eq.xtc	79957328	2026-07-18T22:43:32.3663994770Z
NaCl	LiD3-Core/gromacs/umbrella_sampling/window_022_2.06nm/umbrella_eq_prev.cpt	1069208	2026-07-18T22:43:32.3623994770Z
NaCl	LiD3-Core/gromacs/umbrella_sampling/window_022_2.06nm/umbrella_prev.cpt	1069188	2026-07-22T15:09:19.5817006580Z
NaCl	LiD3-Core/gromacs/umbrella_sampling/window_023_2.14nm/umbrella.cpt	1069464	2026-07-24T02:14:30.0045764460Z
NaCl	LiD3-Core/gromacs/umbrella_sampling/window_023_2.14nm/umbrella.edr	1297400	2026-07-24T02:14:30.0495764470Z
NaCl	LiD3-Core/gromacs/umbrella_sampling/window_023_2.14nm/umbrella.xtc	319350316	2026-07-24T02:14:30.0085764460Z
NaCl	LiD3-Core/gromacs/umbrella_sampling/window_023_2.14nm/umbrella_eq.cpt	1069484	2026-07-18T13:30:44.3192954450Z
NaCl	LiD3-Core/gromacs/umbrella_sampling/window_023_2.14nm/umbrella_eq.edr	325400	2026-07-18T13:30:44.3912954710Z
NaCl	LiD3-Core/gromacs/umbrella_sampling/window_023_2.14nm/umbrella_eq.xtc	79957300	2026-07-18T13:30:44.3242954470Z
NaCl	LiD3-Core/gromacs/umbrella_sampling/window_023_2.14nm/umbrella_eq_prev.cpt	1069208	2026-07-18T13:30:44.3202954450Z
NaCl	LiD3-Core/gromacs/umbrella_sampling/window_023_2.14nm/umbrella_prev.cpt	1069188	2026-07-24T02:14:30.0065764460Z
NaCl	LiD3-Core/gromacs/umbrella_sampling/window_024_2.21nm/umbrella.cpt	1069464	2026-07-23T11:02:16.5810970800Z
NaCl	LiD3-Core/gromacs/umbrella_sampling/window_024_2.21nm/umbrella.edr	1297400	2026-07-23T11:02:16.6540970780Z
NaCl	LiD3-Core/gromacs/umbrella_sampling/window_024_2.21nm/umbrella.xtc	319351628	2026-07-23T11:02:16.5870970800Z
NaCl	LiD3-Core/gromacs/umbrella_sampling/window_024_2.21nm/umbrella_eq.cpt	1069484	2026-07-21T00:14:33.3954306280Z
NaCl	LiD3-Core/gromacs/umbrella_sampling/window_024_2.21nm/umbrella_eq.edr	325400	2026-07-21T00:14:33.4674307170Z
NaCl	LiD3-Core/gromacs/umbrella_sampling/window_024_2.21nm/umbrella_eq.xtc	79957176	2026-07-21T00:14:33.4004306350Z
NaCl	LiD3-Core/gromacs/umbrella_sampling/window_024_2.21nm/umbrella_eq_prev.cpt	1069208	2026-07-21T00:14:33.3964306300Z
NaCl	LiD3-Core/gromacs/umbrella_sampling/window_024_2.21nm/umbrella_prev.cpt	1069188	2026-07-23T11:02:16.5830970800Z
NaCl	LiD3-Core/gromacs/umbrella_sampling/window_025_2.29nm/umbrella.cpt	1069464	2026-07-24T02:33:46.3618521140Z
NaCl	LiD3-Core/gromacs/umbrella_sampling/window_025_2.29nm/umbrella.edr	1297400	2026-07-24T02:33:46.4068521300Z
NaCl	LiD3-Core/gromacs/umbrella_sampling/window_025_2.29nm/umbrella.xtc	319352276	2026-07-24T02:33:46.3668521160Z
NaCl	LiD3-Core/gromacs/umbrella_sampling/window_025_2.29nm/umbrella_eq.cpt	1069484	2026-07-19T01:08:39.4810185360Z
NaCl	LiD3-Core/gromacs/umbrella_sampling/window_025_2.29nm/umbrella_eq.edr	325400	2026-07-19T01:08:39.6240187340Z
NaCl	LiD3-Core/gromacs/umbrella_sampling/window_025_2.29nm/umbrella_eq.xtc	79957592	2026-07-19T01:08:39.4900185490Z
NaCl	LiD3-Core/gromacs/umbrella_sampling/window_025_2.29nm/umbrella_eq_prev.cpt	1068416	2026-07-19T01:08:39.4830185390Z
NaCl	LiD3-Core/gromacs/umbrella_sampling/window_025_2.29nm/umbrella_prev.cpt	1068396	2026-07-24T02:33:46.3638521150Z
NaCl	LiD3-Core/gromacs/umbrella_sampling/window_026_2.36nm/umbrella.cpt	1069464	2026-07-22T07:15:07.7608634160Z
NaCl	LiD3-Core/gromacs/umbrella_sampling/window_026_2.36nm/umbrella.edr	1297400	2026-07-22T07:15:07.8598634170Z
NaCl	LiD3-Core/gromacs/umbrella_sampling/window_026_2.36nm/umbrella.xtc	319350776	2026-07-22T07:15:07.7688634160Z
NaCl	LiD3-Core/gromacs/umbrella_sampling/window_026_2.36nm/umbrella_eq.cpt	1069484	2026-07-19T01:01:50.5893467370Z
NaCl	LiD3-Core/gromacs/umbrella_sampling/window_026_2.36nm/umbrella_eq.edr	325400	2026-07-19T01:01:50.6613468800Z
NaCl	LiD3-Core/gromacs/umbrella_sampling/window_026_2.36nm/umbrella_eq.xtc	79957600	2026-07-19T01:01:50.5943467470Z
NaCl	LiD3-Core/gromacs/umbrella_sampling/window_026_2.36nm/umbrella_eq_prev.cpt	1069208	2026-07-19T01:01:50.5903467390Z
NaCl	LiD3-Core/gromacs/umbrella_sampling/window_026_2.36nm/umbrella_prev.cpt	1069188	2026-07-22T07:15:07.7648634160Z
NaCl	LiD3-Core/gromacs/umbrella_sampling/window_027_2.44nm/umbrella.cpt	1069464	2026-07-24T00:19:37.3830718130Z
NaCl	LiD3-Core/gromacs/umbrella_sampling/window_027_2.44nm/umbrella.edr	1297400	2026-07-24T00:19:37.4550718270Z
NaCl	LiD3-Core/gromacs/umbrella_sampling/window_027_2.44nm/umbrella.xtc	319349164	2026-07-24T00:19:37.3880718140Z
NaCl	LiD3-Core/gromacs/umbrella_sampling/window_027_2.44nm/umbrella_eq.cpt	1069484	2026-07-18T14:00:31.5786832500Z
NaCl	LiD3-Core/gromacs/umbrella_sampling/window_027_2.44nm/umbrella_eq.edr	325400	2026-07-18T14:00:31.6566830340Z
NaCl	LiD3-Core/gromacs/umbrella_sampling/window_027_2.44nm/umbrella_eq.xtc	79956756	2026-07-18T14:00:31.5886832230Z
NaCl	LiD3-Core/gromacs/umbrella_sampling/window_027_2.44nm/umbrella_eq_prev.cpt	1069208	2026-07-18T14:00:31.5816832420Z
NaCl	LiD3-Core/gromacs/umbrella_sampling/window_027_2.44nm/umbrella_prev.cpt	1069188	2026-07-24T00:19:37.3850718140Z
NaCl	LiD3-Core/gromacs/umbrella_sampling/window_028_2.51nm/umbrella.cpt	1069464	2026-07-21T20:30:37.8821766330Z
NaCl	LiD3-Core/gromacs/umbrella_sampling/window_028_2.51nm/umbrella.edr	1297400	2026-07-21T20:30:37.9561766420Z
NaCl	LiD3-Core/gromacs/umbrella_sampling/window_028_2.51nm/umbrella.xtc	319350868	2026-07-21T20:30:37.8891766330Z
NaCl	LiD3-Core/gromacs/umbrella_sampling/window_028_2.51nm/umbrella_eq.cpt	1069484	2026-07-18T12:36:40.8477665650Z
NaCl	LiD3-Core/gromacs/umbrella_sampling/window_028_2.51nm/umbrella_eq.edr	325400	2026-07-18T12:36:40.9237665570Z
NaCl	LiD3-Core/gromacs/umbrella_sampling/window_028_2.51nm/umbrella_eq.xtc	79956924	2026-07-18T12:36:40.8527665640Z
NaCl	LiD3-Core/gromacs/umbrella_sampling/window_028_2.51nm/umbrella_eq_prev.cpt	1069208	2026-07-18T12:36:40.8487665650Z
NaCl	LiD3-Core/gromacs/umbrella_sampling/window_028_2.51nm/umbrella_prev.cpt	1069188	2026-07-21T20:30:37.8841766330Z
NaCl	LiD3-Core/gromacs/umbrella_sampling/window_029_2.59nm/umbrella.cpt	1069464	2026-07-21T16:13:28.0788018430Z
NaCl	LiD3-Core/gromacs/umbrella_sampling/window_029_2.59nm/umbrella.edr	1297400	2026-07-21T16:13:28.1538017690Z
NaCl	LiD3-Core/gromacs/umbrella_sampling/window_029_2.59nm/umbrella.xtc	319354576	2026-07-21T16:13:28.0868018360Z
NaCl	LiD3-Core/gromacs/umbrella_sampling/window_029_2.59nm/umbrella_eq.cpt	1069484	2026-07-18T16:34:45.7238590760Z
NaCl	LiD3-Core/gromacs/umbrella_sampling/window_029_2.59nm/umbrella_eq.edr	325400	2026-07-18T16:34:45.7968590960Z
NaCl	LiD3-Core/gromacs/umbrella_sampling/window_029_2.59nm/umbrella_eq.xtc	79957572	2026-07-18T16:34:45.7298590780Z
NaCl	LiD3-Core/gromacs/umbrella_sampling/window_029_2.59nm/umbrella_eq_prev.cpt	1069208	2026-07-18T16:34:45.7258590760Z
NaCl	LiD3-Core/gromacs/umbrella_sampling/window_029_2.59nm/umbrella_prev.cpt	1069188	2026-07-21T16:13:28.0798018420Z
NaCl	LiD3-Flex/gromacs/run_eq/step4.1_equilibration.edr	71728	2026-07-13T14:32:43.0000000000Z
NaCl	LiD3-Flex/gromacs/umbrella_sampling/bound_place_min/min.edr	78552	2026-07-18T01:33:04.0829670020Z
NaCl	LiD3-Flex/gromacs/umbrella_sampling/bound_place_min/min.trr	818628	2026-07-18T01:33:04.0889669660Z
NaCl	LiD3-Flex/gromacs/umbrella_sampling/pull/pull.cpt	1639348	2026-07-18T09:31:14.6256076150Z
NaCl	LiD3-Flex/gromacs/umbrella_sampling/pull/pull.edr	649400	2026-07-18T09:31:14.8276075140Z
NaCl	LiD3-Flex/gromacs/umbrella_sampling/pull/pull.xtc	247851544	2026-07-18T09:31:14.6436076060Z
NaCl	LiD3-Flex/gromacs/umbrella_sampling/pull/pull_prev.cpt	1639072	2026-07-18T09:31:14.6336076110Z
NaCl	LiD3-Flex/gromacs/umbrella_sampling/window_000_0.35nm/umbrella.cpt	1639368	2026-07-22T16:03:41.8003909990Z
NaCl	LiD3-Flex/gromacs/umbrella_sampling/window_000_0.35nm/umbrella.edr	1297400	2026-07-22T16:03:41.9183910350Z
NaCl	LiD3-Flex/gromacs/umbrella_sampling/window_000_0.35nm/umbrella.xtc	495453604	2026-07-22T16:03:41.8083910010Z
NaCl	LiD3-Flex/gromacs/umbrella_sampling/window_000_0.35nm/umbrella_eq.cpt	1639388	2026-07-20T14:07:04.5779440940Z
NaCl	LiD3-Flex/gromacs/umbrella_sampling/window_000_0.35nm/umbrella_eq.edr	325400	2026-07-20T14:07:04.6909440970Z
NaCl	LiD3-Flex/gromacs/umbrella_sampling/window_000_0.35nm/umbrella_eq.xtc	124048820	2026-07-20T14:07:04.5859440940Z
NaCl	LiD3-Flex/gromacs/umbrella_sampling/window_000_0.35nm/umbrella_eq_prev.cpt	1638320	2026-07-20T14:07:04.5799440940Z
NaCl	LiD3-Flex/gromacs/umbrella_sampling/window_000_0.35nm/umbrella_prev.cpt	1639092	2026-07-22T16:03:41.8023909990Z
NaCl	LiD3-Flex/gromacs/umbrella_sampling/window_001_0.43nm/umbrella.cpt	1639368	2026-07-22T22:34:30.4222428870Z
NaCl	LiD3-Flex/gromacs/umbrella_sampling/window_001_0.43nm/umbrella.edr	1297400	2026-07-22T22:34:30.5392428240Z
NaCl	LiD3-Flex/gromacs/umbrella_sampling/window_001_0.43nm/umbrella.xtc	495451908	2026-07-22T22:34:30.4362428790Z
NaCl	LiD3-Flex/gromacs/umbrella_sampling/window_001_0.43nm/umbrella_eq.cpt	1639388	2026-07-19T01:13:23.4703780420Z
NaCl	LiD3-Flex/gromacs/umbrella_sampling/window_001_0.43nm/umbrella_eq.edr	325400	2026-07-19T01:13:23.5803781710Z
NaCl	LiD3-Flex/gromacs/umbrella_sampling/window_001_0.43nm/umbrella_eq.xtc	124049744	2026-07-19T01:13:23.4773780500Z
NaCl	LiD3-Flex/gromacs/umbrella_sampling/window_001_0.43nm/umbrella_eq_prev.cpt	1638320	2026-07-19T01:13:23.4723780440Z
NaCl	LiD3-Flex/gromacs/umbrella_sampling/window_001_0.43nm/umbrella_prev.cpt	1639092	2026-07-22T22:34:30.4272428840Z
NaCl	LiD3-Flex/gromacs/umbrella_sampling/window_002_0.50nm/umbrella.cpt	1639368	2026-07-21T12:11:47.6591373120Z
NaCl	LiD3-Flex/gromacs/umbrella_sampling/window_002_0.50nm/umbrella.edr	1297400	2026-07-21T12:11:47.7891372720Z
NaCl	LiD3-Flex/gromacs/umbrella_sampling/window_002_0.50nm/umbrella.xtc	495453208	2026-07-21T12:11:47.6751373070Z
NaCl	LiD3-Flex/gromacs/umbrella_sampling/window_002_0.50nm/umbrella_eq.cpt	1639388	2026-07-19T05:18:32.9438243760Z
NaCl	LiD3-Flex/gromacs/umbrella_sampling/window_002_0.50nm/umbrella_eq.edr	325400	2026-07-19T05:18:33.1698243360Z
NaCl	LiD3-Flex/gromacs/umbrella_sampling/window_002_0.50nm/umbrella_eq.xtc	124049308	2026-07-19T05:18:32.9588243740Z
NaCl	LiD3-Flex/gromacs/umbrella_sampling/window_002_0.50nm/umbrella_eq_prev.cpt	1639112	2026-07-19T05:18:32.9498243750Z
NaCl	LiD3-Flex/gromacs/umbrella_sampling/window_002_0.50nm/umbrella_prev.cpt	1638300	2026-07-21T12:11:47.6631373110Z
NaCl	LiD3-Flex/gromacs/umbrella_sampling/window_003_0.58nm/umbrella.cpt	1639368	2026-07-21T02:50:55.0455874560Z
NaCl	LiD3-Flex/gromacs/umbrella_sampling/window_003_0.58nm/umbrella.edr	1297400	2026-07-21T02:50:55.1705874840Z
NaCl	LiD3-Flex/gromacs/umbrella_sampling/window_003_0.58nm/umbrella.xtc	495453892	2026-07-21T02:50:55.0585874590Z
NaCl	LiD3-Flex/gromacs/umbrella_sampling/window_003_0.58nm/umbrella_eq.cpt	1639388	2026-07-18T23:25:27.2670063780Z
NaCl	LiD3-Flex/gromacs/umbrella_sampling/window_003_0.58nm/umbrella_eq.edr	325400	2026-07-18T23:25:27.3780063270Z
NaCl	LiD3-Flex/gromacs/umbrella_sampling/window_003_0.58nm/umbrella_eq.xtc	124049284	2026-07-18T23:25:27.2750063750Z
NaCl	LiD3-Flex/gromacs/umbrella_sampling/window_003_0.58nm/umbrella_eq_prev.cpt	1638320	2026-07-18T23:25:27.2690063770Z
NaCl	LiD3-Flex/gromacs/umbrella_sampling/window_003_0.58nm/umbrella_prev.cpt	1639092	2026-07-21T02:50:55.0505874570Z
NaCl	LiD3-Flex/gromacs/umbrella_sampling/window_004_0.65nm/umbrella.cpt	1639368	2026-07-23T09:36:23.7254091950Z
NaCl	LiD3-Flex/gromacs/umbrella_sampling/window_004_0.65nm/umbrella.edr	1297400	2026-07-23T09:36:23.8384091770Z
NaCl	LiD3-Flex/gromacs/umbrella_sampling/window_004_0.65nm/umbrella.xtc	495454740	2026-07-23T09:36:23.7344091940Z
NaCl	LiD3-Flex/gromacs/umbrella_sampling/window_004_0.65nm/umbrella_eq.cpt	1639388	2026-07-19T05:47:56.2536187910Z
NaCl	LiD3-Flex/gromacs/umbrella_sampling/window_004_0.65nm/umbrella_eq.edr	325400	2026-07-19T05:47:56.5386190170Z
NaCl	LiD3-Flex/gromacs/umbrella_sampling/window_004_0.65nm/umbrella_eq.xtc	124049676	2026-07-19T05:47:56.2686188030Z
NaCl	LiD3-Flex/gromacs/umbrella_sampling/window_004_0.65nm/umbrella_eq_prev.cpt	1639112	2026-07-19T05:47:56.2596187950Z
NaCl	LiD3-Flex/gromacs/umbrella_sampling/window_004_0.65nm/umbrella_prev.cpt	1639092	2026-07-23T09:36:23.7274091950Z
NaCl	LiD3-Flex/gromacs/umbrella_sampling/window_005_0.73nm/umbrella.cpt	1639368	2026-07-21T01:31:35.3092087910Z
NaCl	LiD3-Flex/gromacs/umbrella_sampling/window_005_0.73nm/umbrella.edr	1297400	2026-07-21T01:31:35.4182088660Z
NaCl	LiD3-Flex/gromacs/umbrella_sampling/window_005_0.73nm/umbrella.xtc	495455200	2026-07-21T01:31:35.3162087960Z
NaCl	LiD3-Flex/gromacs/umbrella_sampling/window_005_0.73nm/umbrella_eq.cpt	1639388	2026-07-18T23:21:03.0661546720Z
NaCl	LiD3-Flex/gromacs/umbrella_sampling/window_005_0.73nm/umbrella_eq.edr	325400	2026-07-18T23:21:03.2081545750Z
NaCl	LiD3-Flex/gromacs/umbrella_sampling/window_005_0.73nm/umbrella_eq.xtc	124050156	2026-07-18T23:21:03.0791546630Z
NaCl	LiD3-Flex/gromacs/umbrella_sampling/window_005_0.73nm/umbrella_eq_prev.cpt	1639112	2026-07-18T23:21:03.0711546690Z
NaCl	LiD3-Flex/gromacs/umbrella_sampling/window_005_0.73nm/umbrella_prev.cpt	1639092	2026-07-21T01:31:35.3112087930Z
NaCl	LiD3-Flex/gromacs/umbrella_sampling/window_006_0.80nm/umbrella.cpt	1639368	2026-07-23T13:32:32.7616229830Z
NaCl	LiD3-Flex/gromacs/umbrella_sampling/window_006_0.80nm/umbrella.edr	1297400	2026-07-23T13:32:32.8726230050Z
NaCl	LiD3-Flex/gromacs/umbrella_sampling/window_006_0.80nm/umbrella.xtc	495455916	2026-07-23T13:32:32.7696229840Z
NaCl	LiD3-Flex/gromacs/umbrella_sampling/window_006_0.80nm/umbrella_eq.cpt	1639388	2026-07-19T05:10:46.5689324670Z
NaCl	LiD3-Flex/gromacs/umbrella_sampling/window_006_0.80nm/umbrella_eq.edr	325400	2026-07-19T05:10:46.6829324330Z
NaCl	LiD3-Flex/gromacs/umbrella_sampling/window_006_0.80nm/umbrella_eq.xtc	124049276	2026-07-19T05:10:46.5809324640Z
NaCl	LiD3-Flex/gromacs/umbrella_sampling/window_006_0.80nm/umbrella_eq_prev.cpt	1639112	2026-07-19T05:10:46.5749324660Z
NaCl	LiD3-Flex/gromacs/umbrella_sampling/window_006_0.80nm/umbrella_prev.cpt	1639092	2026-07-23T13:32:32.7636229830Z
NaCl	LiD3-Flex/gromacs/umbrella_sampling/window_007_0.88nm/umbrella.cpt	1639368	2026-07-22T19:22:25.6883599680Z
NaCl	LiD3-Flex/gromacs/umbrella_sampling/window_007_0.88nm/umbrella.edr	1297400	2026-07-22T19:22:25.8083599970Z
NaCl	LiD3-Flex/gromacs/umbrella_sampling/window_007_0.88nm/umbrella.xtc	495455096	2026-07-22T19:22:25.7003599710Z
NaCl	LiD3-Flex/gromacs/umbrella_sampling/window_007_0.88nm/umbrella_eq.cpt	1639388	2026-07-19T01:33:56.5067821410Z
NaCl	LiD3-Flex/gromacs/umbrella_sampling/window_007_0.88nm/umbrella_eq.edr	325400	2026-07-19T01:33:56.7767819610Z
NaCl	LiD3-Flex/gromacs/umbrella_sampling/window_007_0.88nm/umbrella_eq.xtc	124049800	2026-07-19T01:33:56.5207821310Z
NaCl	LiD3-Flex/gromacs/umbrella_sampling/window_007_0.88nm/umbrella_eq_prev.cpt	1639112	2026-07-19T01:33:56.5117821370Z
NaCl	LiD3-Flex/gromacs/umbrella_sampling/window_007_0.88nm/umbrella_prev.cpt	1639092	2026-07-22T19:22:25.6943599690Z
NaCl	LiD3-Flex/gromacs/umbrella_sampling/window_008_0.95nm/umbrella.cpt	1639368	2026-07-22T13:27:37.7992967790Z
NaCl	LiD3-Flex/gromacs/umbrella_sampling/window_008_0.95nm/umbrella.edr	1297400	2026-07-22T13:27:37.9102967880Z
NaCl	LiD3-Flex/gromacs/umbrella_sampling/window_008_0.95nm/umbrella.xtc	495453732	2026-07-22T13:27:37.8072967800Z
NaCl	LiD3-Flex/gromacs/umbrella_sampling/window_008_0.95nm/umbrella_eq.cpt	1639388	2026-07-19T10:12:43.2655908740Z
NaCl	LiD3-Flex/gromacs/umbrella_sampling/window_008_0.95nm/umbrella_eq.edr	325400	2026-07-19T10:12:43.5715907460Z
NaCl	LiD3-Flex/gromacs/umbrella_sampling/window_008_0.95nm/umbrella_eq.xtc	124049592	2026-07-19T10:12:43.2785908690Z
NaCl	LiD3-Flex/gromacs/umbrella_sampling/window_008_0.95nm/umbrella_eq_prev.cpt	1638320	2026-07-19T10:12:43.2725908710Z
NaCl	LiD3-Flex/gromacs/umbrella_sampling/window_008_0.95nm/umbrella_prev.cpt	1638300	2026-07-22T13:27:37.8012967790Z
NaCl	LiD3-Flex/gromacs/umbrella_sampling/window_009_1.03nm/umbrella.cpt	1639368	2026-07-23T15:41:11.7926111360Z
NaCl	LiD3-Flex/gromacs/umbrella_sampling/window_009_1.03nm/umbrella.edr	1297400	2026-07-23T15:41:11.9036110980Z
NaCl	LiD3-Flex/gromacs/umbrella_sampling/window_009_1.03nm/umbrella.xtc	495457440	2026-07-23T15:41:11.8006111330Z
NaCl	LiD3-Flex/gromacs/umbrella_sampling/window_009_1.03nm/umbrella_eq.cpt	1639388	2026-07-19T04:38:57.2073833530Z
NaCl	LiD3-Flex/gromacs/umbrella_sampling/window_009_1.03nm/umbrella_eq.edr	325400	2026-07-19T04:38:57.3343833870Z
NaCl	LiD3-Flex/gromacs/umbrella_sampling/window_009_1.03nm/umbrella_eq.xtc	124050176	2026-07-19T04:38:57.2223833570Z
NaCl	LiD3-Flex/gromacs/umbrella_sampling/window_009_1.03nm/umbrella_eq_prev.cpt	1639112	2026-07-19T04:38:57.2123833540Z
NaCl	LiD3-Flex/gromacs/umbrella_sampling/window_009_1.03nm/umbrella_prev.cpt	1639092	2026-07-23T15:41:11.7946111350Z
NaCl	LiD3-Flex/gromacs/umbrella_sampling/window_010_1.10nm/umbrella.cpt	1639368	2026-07-22T20:29:48.9257562130Z
NaCl	LiD3-Flex/gromacs/umbrella_sampling/window_010_1.10nm/umbrella.edr	1297400	2026-07-22T20:29:49.0377566060Z
NaCl	LiD3-Flex/gromacs/umbrella_sampling/window_010_1.10nm/umbrella.xtc	495454984	2026-07-22T20:29:48.9347562440Z
NaCl	LiD3-Flex/gromacs/umbrella_sampling/window_010_1.10nm/umbrella_eq.cpt	1639388	2026-07-19T16:07:21.7511324980Z
NaCl	LiD3-Flex/gromacs/umbrella_sampling/window_010_1.10nm/umbrella_eq.edr	325400	2026-07-19T16:07:21.8661324170Z
NaCl	LiD3-Flex/gromacs/umbrella_sampling/window_010_1.10nm/umbrella_eq.xtc	124049508	2026-07-19T16:07:21.7591324920Z
NaCl	LiD3-Flex/gromacs/umbrella_sampling/window_010_1.10nm/umbrella_eq_prev.cpt	1639112	2026-07-19T16:07:21.7531324960Z
NaCl	LiD3-Flex/gromacs/umbrella_sampling/window_010_1.10nm/umbrella_prev.cpt	1639092	2026-07-22T20:29:48.9287562230Z
NaCl	LiD3-Flex/gromacs/umbrella_sampling/window_011_1.18nm/umbrella.cpt	1639368	2026-07-21T11:27:27.2293340200Z
NaCl	LiD3-Flex/gromacs/umbrella_sampling/window_011_1.18nm/umbrella.edr	1297400	2026-07-21T11:27:27.3563342910Z
NaCl	LiD3-Flex/gromacs/umbrella_sampling/window_011_1.18nm/umbrella.xtc	495455384	2026-07-21T11:27:27.2463340570Z
NaCl	LiD3-Flex/gromacs/umbrella_sampling/window_011_1.18nm/umbrella_eq.cpt	1639388	2026-07-18T23:05:19.1215745940Z
NaCl	LiD3-Flex/gromacs/umbrella_sampling/window_011_1.18nm/umbrella_eq.edr	325400	2026-07-18T23:05:19.2305746200Z
NaCl	LiD3-Flex/gromacs/umbrella_sampling/window_011_1.18nm/umbrella_eq.xtc	124049268	2026-07-18T23:05:19.1285745960Z
NaCl	LiD3-Flex/gromacs/umbrella_sampling/window_011_1.18nm/umbrella_eq_prev.cpt	1639112	2026-07-18T23:05:19.1235745950Z
NaCl	LiD3-Flex/gromacs/umbrella_sampling/window_011_1.18nm/umbrella_prev.cpt	1638300	2026-07-21T11:27:27.2343340310Z
NaCl	LiD3-Flex/gromacs/umbrella_sampling/window_012_1.25nm/umbrella.cpt	1639368	2026-07-21T08:03:15.1690464160Z
NaCl	LiD3-Flex/gromacs/umbrella_sampling/window_012_1.25nm/umbrella.edr	1297400	2026-07-21T08:03:15.2810463900Z
NaCl	LiD3-Flex/gromacs/umbrella_sampling/window_012_1.25nm/umbrella.xtc	495453620	2026-07-21T08:03:15.1780464130Z
NaCl	LiD3-Flex/gromacs/umbrella_sampling/window_012_1.25nm/umbrella_eq.cpt	1639388	2026-07-19T01:19:40.4307880270Z
NaCl	LiD3-Flex/gromacs/umbrella_sampling/window_012_1.25nm/umbrella_eq.edr	325400	2026-07-19T01:19:40.5407881390Z
NaCl	LiD3-Flex/gromacs/umbrella_sampling/window_012_1.25nm/umbrella_eq.xtc	124048976	2026-07-19T01:19:40.4377880340Z
NaCl	LiD3-Flex/gromacs/umbrella_sampling/window_012_1.25nm/umbrella_eq_prev.cpt	1639112	2026-07-19T01:19:40.4317880280Z
NaCl	LiD3-Flex/gromacs/umbrella_sampling/window_012_1.25nm/umbrella_prev.cpt	1638300	2026-07-21T08:03:15.1710464150Z
NaCl	LiD3-Flex/gromacs/umbrella_sampling/window_013_1.33nm/umbrella.cpt	1639368	2026-07-22T19:23:57.6983834420Z
NaCl	LiD3-Flex/gromacs/umbrella_sampling/window_013_1.33nm/umbrella.edr	1297400	2026-07-22T19:23:57.8303834770Z
NaCl	LiD3-Flex/gromacs/umbrella_sampling/window_013_1.33nm/umbrella.xtc	495455084	2026-07-22T19:23:57.7113834450Z
NaCl	LiD3-Flex/gromacs/umbrella_sampling/window_013_1.33nm/umbrella_eq.cpt	1639388	2026-07-19T04:26:47.3292028060Z
NaCl	LiD3-Flex/gromacs/umbrella_sampling/window_013_1.33nm/umbrella_eq.edr	325400	2026-07-19T04:26:47.4482028310Z
NaCl	LiD3-Flex/gromacs/umbrella_sampling/window_013_1.33nm/umbrella_eq.xtc	124048768	2026-07-19T04:26:47.3452028090Z
NaCl	LiD3-Flex/gromacs/umbrella_sampling/window_013_1.33nm/umbrella_eq_prev.cpt	1639112	2026-07-19T04:26:47.3322028060Z
NaCl	LiD3-Flex/gromacs/umbrella_sampling/window_013_1.33nm/umbrella_prev.cpt	1639092	2026-07-22T19:23:57.7003834420Z
NaCl	LiD3-Flex/gromacs/umbrella_sampling/window_014_1.40nm/umbrella.cpt	1639368	2026-07-23T10:03:38.0875196790Z
NaCl	LiD3-Flex/gromacs/umbrella_sampling/window_014_1.40nm/umbrella.edr	1297400	2026-07-23T10:03:38.1995196960Z
NaCl	LiD3-Flex/gromacs/umbrella_sampling/window_014_1.40nm/umbrella.xtc	495458348	2026-07-23T10:03:38.0955196800Z
NaCl	LiD3-Flex/gromacs/umbrella_sampling/window_014_1.40nm/umbrella_eq.cpt	1639388	2026-07-19T05:25:16.4345740390Z
NaCl	LiD3-Flex/gromacs/umbrella_sampling/window_014_1.40nm/umbrella_eq.edr	325400	2026-07-19T05:25:16.5455743890Z
NaCl	LiD3-Flex/gromacs/umbrella_sampling/window_014_1.40nm/umbrella_eq.xtc	124050500	2026-07-19T05:25:16.4425740650Z
NaCl	LiD3-Flex/gromacs/umbrella_sampling/window_014_1.40nm/umbrella_eq_prev.cpt	1639112	2026-07-19T05:25:16.4365740460Z
NaCl	LiD3-Flex/gromacs/umbrella_sampling/window_014_1.40nm/umbrella_prev.cpt	1639092	2026-07-23T10:03:38.0895196790Z
NaCl	LiD3-Flex/gromacs/umbrella_sampling/window_015_1.48nm/umbrella.cpt	1639368	2026-07-22T14:02:09.6230838760Z
NaCl	LiD3-Flex/gromacs/umbrella_sampling/window_015_1.48nm/umbrella.edr	1297400	2026-07-22T14:02:09.7540839110Z
NaCl	LiD3-Flex/gromacs/umbrella_sampling/window_015_1.48nm/umbrella.xtc	495458108	2026-07-22T14:02:09.6390838810Z
NaCl	LiD3-Flex/gromacs/umbrella_sampling/window_015_1.48nm/umbrella_eq.cpt	1639388	2026-07-18T23:28:25.8939335950Z
NaCl	LiD3-Flex/gromacs/umbrella_sampling/window_015_1.48nm/umbrella_eq.edr	325400	2026-07-18T23:28:26.1509335020Z
NaCl	LiD3-Flex/gromacs/umbrella_sampling/window_015_1.48nm/umbrella_eq.xtc	124050920	2026-07-18T23:28:25.9079335900Z
NaCl	LiD3-Flex/gromacs/umbrella_sampling/window_015_1.48nm/umbrella_eq_prev.cpt	1639112	2026-07-18T23:28:25.8989335930Z
NaCl	LiD3-Flex/gromacs/umbrella_sampling/window_015_1.48nm/umbrella_prev.cpt	1638300	2026-07-22T14:02:09.6270838780Z
NaCl	LiD3-Flex/gromacs/umbrella_sampling/window_016_1.55nm/umbrella.cpt	1639368	2026-07-21T04:29:42.8755425130Z
NaCl	LiD3-Flex/gromacs/umbrella_sampling/window_016_1.55nm/umbrella.edr	1297400	2026-07-21T04:29:42.9865425530Z
NaCl	LiD3-Flex/gromacs/umbrella_sampling/window_016_1.55nm/umbrella.xtc	495453964	2026-07-21T04:29:42.8845425160Z
NaCl	LiD3-Flex/gromacs/umbrella_sampling/window_016_1.55nm/umbrella_eq.cpt	1639388	2026-07-18T23:33:20.0788436730Z
NaCl	LiD3-Flex/gromacs/umbrella_sampling/window_016_1.55nm/umbrella_eq.edr	325400	2026-07-18T23:33:20.2498436290Z
NaCl	LiD3-Flex/gromacs/umbrella_sampling/window_016_1.55nm/umbrella_eq.xtc	124050200	2026-07-18T23:33:20.0928436690Z
NaCl	LiD3-Flex/gromacs/umbrella_sampling/window_016_1.55nm/umbrella_eq_prev.cpt	1639112	2026-07-18T23:33:20.0818436720Z
NaCl	LiD3-Flex/gromacs/umbrella_sampling/window_016_1.55nm/umbrella_prev.cpt	1638300	2026-07-21T04:29:42.8775425130Z
NaCl	LiD3-Flex/gromacs/umbrella_sampling/window_017_1.63nm/umbrella.cpt	1639368	2026-07-24T04:17:44.0026927460Z
NaCl	LiD3-Flex/gromacs/umbrella_sampling/window_017_1.63nm/umbrella.edr	1297400	2026-07-24T04:17:44.0706927000Z
NaCl	LiD3-Flex/gromacs/umbrella_sampling/window_017_1.63nm/umbrella.xtc	495455972	2026-07-24T04:17:44.0076927430Z
NaCl	LiD3-Flex/gromacs/umbrella_sampling/window_017_1.63nm/umbrella_eq.cpt	1639388	2026-07-22T04:39:37.2570184310Z
NaCl	LiD3-Flex/gromacs/umbrella_sampling/window_017_1.63nm/umbrella_eq.edr	325400	2026-07-22T04:39:37.3680184500Z
NaCl	LiD3-Flex/gromacs/umbrella_sampling/window_017_1.63nm/umbrella_eq.xtc	124049528	2026-07-22T04:39:37.2650184330Z
NaCl	LiD3-Flex/gromacs/umbrella_sampling/window_017_1.63nm/umbrella_eq_prev.cpt	1639112	2026-07-22T04:39:37.2600184320Z
NaCl	LiD3-Flex/gromacs/umbrella_sampling/window_017_1.63nm/umbrella_prev.cpt	1638300	2026-07-24T04:17:44.0036927450Z
NaCl	LiD3-Flex/gromacs/umbrella_sampling/window_018_1.70nm/umbrella.cpt	1639368	2026-07-23T03:59:42.9999669350Z
NaCl	LiD3-Flex/gromacs/umbrella_sampling/window_018_1.70nm/umbrella.edr	1297400	2026-07-23T03:59:43.1159669930Z
NaCl	LiD3-Flex/gromacs/umbrella_sampling/window_018_1.70nm/umbrella.xtc	495455068	2026-07-23T03:59:43.0129669420Z
NaCl	LiD3-Flex/gromacs/umbrella_sampling/window_018_1.70nm/umbrella_eq.cpt	1639388	2026-07-19T04:29:20.1612373720Z
NaCl	LiD3-Flex/gromacs/umbrella_sampling/window_018_1.70nm/umbrella_eq.edr	325400	2026-07-19T04:29:20.2752373990Z
NaCl	LiD3-Flex/gromacs/umbrella_sampling/window_018_1.70nm/umbrella_eq.xtc	124049356	2026-07-19T04:29:20.1732373750Z
NaCl	LiD3-Flex/gromacs/umbrella_sampling/window_018_1.70nm/umbrella_eq_prev.cpt	1639112	2026-07-19T04:29:20.1672373740Z
NaCl	LiD3-Flex/gromacs/umbrella_sampling/window_018_1.70nm/umbrella_prev.cpt	1638300	2026-07-23T03:59:43.0039669370Z
NaCl	LiD3-Flex/gromacs/umbrella_sampling/window_019_1.78nm/umbrella.cpt	1639368	2026-07-23T09:14:32.2803053220Z
NaCl	LiD3-Flex/gromacs/umbrella_sampling/window_019_1.78nm/umbrella.edr	1297400	2026-07-23T09:14:32.3913053430Z
NaCl	LiD3-Flex/gromacs/umbrella_sampling/window_019_1.78nm/umbrella.xtc	495454524	2026-07-23T09:14:32.2883053240Z
NaCl	LiD3-Flex/gromacs/umbrella_sampling/window_019_1.78nm/umbrella_eq.cpt	1639388	2026-07-19T13:09:43.0536643930Z
NaCl	LiD3-Flex/gromacs/umbrella_sampling/window_019_1.78nm/umbrella_eq.edr	325400	2026-07-19T13:09:43.2066643730Z
NaCl	LiD3-Flex/gromacs/umbrella_sampling/window_019_1.78nm/umbrella_eq.xtc	124049132	2026-07-19T13:09:43.0666643910Z
NaCl	LiD3-Flex/gromacs/umbrella_sampling/window_019_1.78nm/umbrella_eq_prev.cpt	1639112	2026-07-19T13:09:43.0546643920Z
NaCl	LiD3-Flex/gromacs/umbrella_sampling/window_019_1.78nm/umbrella_prev.cpt	1639092	2026-07-23T09:14:32.2823053230Z
NaCl	LiD3-Flex/gromacs/umbrella_sampling/window_020_1.85nm/umbrella.cpt	1639368	2026-07-22T02:59:16.5873209940Z
NaCl	LiD3-Flex/gromacs/umbrella_sampling/window_020_1.85nm/umbrella.edr	1297400	2026-07-22T02:59:16.8653217320Z
NaCl	LiD3-Flex/gromacs/umbrella_sampling/window_020_1.85nm/umbrella.xtc	495455436	2026-07-22T02:59:16.6013210310Z
NaCl	LiD3-Flex/gromacs/umbrella_sampling/window_020_1.85nm/umbrella_eq.cpt	1639388	2026-07-19T07:30:08.8001656170Z
NaCl	LiD3-Flex/gromacs/umbrella_sampling/window_020_1.85nm/umbrella_eq.edr	325400	2026-07-19T07:30:08.9311656530Z
NaCl	LiD3-Flex/gromacs/umbrella_sampling/window_020_1.85nm/umbrella_eq.xtc	124049144	2026-07-19T07:30:08.8161656220Z
NaCl	LiD3-Flex/gromacs/umbrella_sampling/window_020_1.85nm/umbrella_eq_prev.cpt	1639112	2026-07-19T07:30:08.8041656180Z
NaCl	LiD3-Flex/gromacs/umbrella_sampling/window_020_1.85nm/umbrella_prev.cpt	1639092	2026-07-22T02:59:16.5923210070Z
NaCl	LiD3-Flex/gromacs/umbrella_sampling/window_021_1.93nm/umbrella.cpt	1639368	2026-07-21T16:26:28.6373435440Z
NaCl	LiD3-Flex/gromacs/umbrella_sampling/window_021_1.93nm/umbrella.edr	1297400	2026-07-21T16:26:28.7503435050Z
NaCl	LiD3-Flex/gromacs/umbrella_sampling/window_021_1.93nm/umbrella.xtc	495454440	2026-07-21T16:26:28.6473435410Z
NaCl	LiD3-Flex/gromacs/umbrella_sampling/window_021_1.93nm/umbrella_eq.cpt	1639388	2026-07-18T23:28:28.4409326750Z
NaCl	LiD3-Flex/gromacs/umbrella_sampling/window_021_1.93nm/umbrella_eq.edr	325400	2026-07-18T23:28:28.6599325960Z
NaCl	LiD3-Flex/gromacs/umbrella_sampling/window_021_1.93nm/umbrella_eq.xtc	124049352	2026-07-18T23:28:28.4559326700Z
NaCl	LiD3-Flex/gromacs/umbrella_sampling/window_021_1.93nm/umbrella_eq_prev.cpt	1639112	2026-07-18T23:28:28.4469326730Z
NaCl	LiD3-Flex/gromacs/umbrella_sampling/window_021_1.93nm/umbrella_prev.cpt	1639092	2026-07-21T16:26:28.6393435430Z
NaCl	LiD3-Flex/gromacs/umbrella_sampling/window_022_2.00nm/umbrella.cpt	1639368	2026-07-22T19:48:49.3179217880Z
NaCl	LiD3-Flex/gromacs/umbrella_sampling/window_022_2.00nm/umbrella.edr	1297400	2026-07-22T19:48:49.4289218320Z
NaCl	LiD3-Flex/gromacs/umbrella_sampling/window_022_2.00nm/umbrella.xtc	495457124	2026-07-22T19:48:49.3259217910Z
NaCl	LiD3-Flex/gromacs/umbrella_sampling/window_022_2.00nm/umbrella_eq.cpt	1639388	2026-07-19T14:47:03.7265255970Z
NaCl	LiD3-Flex/gromacs/umbrella_sampling/window_022_2.00nm/umbrella_eq.edr	325400	2026-07-19T14:47:03.8775257970Z
NaCl	LiD3-Flex/gromacs/umbrella_sampling/window_022_2.00nm/umbrella_eq.xtc	124049872	2026-07-19T14:47:03.7395256140Z
NaCl	LiD3-Flex/gromacs/umbrella_sampling/window_022_2.00nm/umbrella_eq_prev.cpt	1639112	2026-07-19T14:47:03.7315256040Z
NaCl	LiD3-Flex/gromacs/umbrella_sampling/window_022_2.00nm/umbrella_prev.cpt	1639092	2026-07-22T19:48:49.3199217880Z
NaCl	LiD3-Flex/gromacs/umbrella_sampling/window_023_2.08nm/umbrella.cpt	1639368	2026-07-22T04:13:10.7587616950Z
NaCl	LiD3-Flex/gromacs/umbrella_sampling/window_023_2.08nm/umbrella.edr	1297400	2026-07-22T04:13:11.0177617300Z
NaCl	LiD3-Flex/gromacs/umbrella_sampling/window_023_2.08nm/umbrella.xtc	495453632	2026-07-22T04:13:10.7747616970Z
NaCl	LiD3-Flex/gromacs/umbrella_sampling/window_023_2.08nm/umbrella_eq.cpt	1639388	2026-07-19T06:29:15.5996623070Z
NaCl	LiD3-Flex/gromacs/umbrella_sampling/window_023_2.08nm/umbrella_eq.edr	325400	2026-07-19T06:29:15.7216622980Z
NaCl	LiD3-Flex/gromacs/umbrella_sampling/window_023_2.08nm/umbrella_eq.xtc	124049776	2026-07-19T06:29:15.6116623060Z
NaCl	LiD3-Flex/gromacs/umbrella_sampling/window_023_2.08nm/umbrella_eq_prev.cpt	1639112	2026-07-19T06:29:15.6056623060Z
NaCl	LiD3-Flex/gromacs/umbrella_sampling/window_023_2.08nm/umbrella_prev.cpt	1639092	2026-07-22T04:13:10.7627616960Z
NaCl	LiD3-Flex/gromacs/umbrella_sampling/window_024_2.15nm/umbrella.cpt	1639368	2026-07-23T07:51:32.5349479760Z
NaCl	LiD3-Flex/gromacs/umbrella_sampling/window_024_2.15nm/umbrella.edr	1297400	2026-07-23T07:51:32.6639481640Z
NaCl	LiD3-Flex/gromacs/umbrella_sampling/window_024_2.15nm/umbrella.xtc	495455732	2026-07-23T07:51:32.5509480000Z
NaCl	LiD3-Flex/gromacs/umbrella_sampling/window_024_2.15nm/umbrella_eq.cpt	1639388	2026-07-19T04:41:30.3674244200Z
NaCl	LiD3-Flex/gromacs/umbrella_sampling/window_024_2.15nm/umbrella_eq.edr	325400	2026-07-19T04:41:30.4784244500Z
NaCl	LiD3-Flex/gromacs/umbrella_sampling/window_024_2.15nm/umbrella_eq.xtc	124049396	2026-07-19T04:41:30.3754244220Z
NaCl	LiD3-Flex/gromacs/umbrella_sampling/window_024_2.15nm/umbrella_eq_prev.cpt	1639112	2026-07-19T04:41:30.3694244210Z
NaCl	LiD3-Flex/gromacs/umbrella_sampling/window_024_2.15nm/umbrella_prev.cpt	1638300	2026-07-23T07:51:32.5389479820Z
NaCl	LiD3-Flex/gromacs/umbrella_sampling/window_025_2.23nm/umbrella.cpt	1639368	2026-07-21T21:33:07.5930372820Z
NaCl	LiD3-Flex/gromacs/umbrella_sampling/window_025_2.23nm/umbrella.edr	1297400	2026-07-21T21:33:07.7090372340Z
NaCl	LiD3-Flex/gromacs/umbrella_sampling/window_025_2.23nm/umbrella.xtc	495458736	2026-07-21T21:33:07.6010372790Z
NaCl	LiD3-Flex/gromacs/umbrella_sampling/window_025_2.23nm/umbrella_eq.cpt	1639388	2026-07-19T10:53:04.7977109430Z
NaCl	LiD3-Flex/gromacs/umbrella_sampling/window_025_2.23nm/umbrella_eq.edr	325400	2026-07-19T10:53:05.0087110570Z
NaCl	LiD3-Flex/gromacs/umbrella_sampling/window_025_2.23nm/umbrella_eq.xtc	124050152	2026-07-19T10:53:04.8127109510Z
NaCl	LiD3-Flex/gromacs/umbrella_sampling/window_025_2.23nm/umbrella_eq_prev.cpt	1638320	2026-07-19T10:53:04.8027109450Z
NaCl	LiD3-Flex/gromacs/umbrella_sampling/window_025_2.23nm/umbrella_prev.cpt	1639092	2026-07-21T21:33:07.5950372810Z
NaCl	LiD3-Flex/gromacs/umbrella_sampling/window_026_2.30nm/umbrella.cpt	1639368	2026-07-23T17:09:43.7538965280Z
NaCl	LiD3-Flex/gromacs/umbrella_sampling/window_026_2.30nm/umbrella.edr	1297400	2026-07-23T17:09:43.8648967100Z
NaCl	LiD3-Flex/gromacs/umbrella_sampling/window_026_2.30nm/umbrella.xtc	495458968	2026-07-23T17:09:43.7618965410Z
NaCl	LiD3-Flex/gromacs/umbrella_sampling/window_026_2.30nm/umbrella_eq.cpt	1639388	2026-07-21T16:56:03.7337384760Z
NaCl	LiD3-Flex/gromacs/umbrella_sampling/window_026_2.30nm/umbrella_eq.edr	325400	2026-07-21T16:56:03.8827385370Z
NaCl	LiD3-Flex/gromacs/umbrella_sampling/window_026_2.30nm/umbrella_eq.xtc	124050496	2026-07-21T16:56:03.7477384820Z
NaCl	LiD3-Flex/gromacs/umbrella_sampling/window_026_2.30nm/umbrella_eq_prev.cpt	1639112	2026-07-21T16:56:03.7387384780Z
NaCl	LiD3-Flex/gromacs/umbrella_sampling/window_026_2.30nm/umbrella_prev.cpt	1639092	2026-07-23T17:09:43.7558965320Z
NaCl	LiD3-Flex/gromacs/umbrella_sampling/window_027_2.38nm/umbrella.cpt	1639368	2026-07-21T12:45:46.5042919780Z
NaCl	LiD3-Flex/gromacs/umbrella_sampling/window_027_2.38nm/umbrella.edr	1297400	2026-07-21T12:45:46.6252920050Z
NaCl	LiD3-Flex/gromacs/umbrella_sampling/window_027_2.38nm/umbrella.xtc	495461892	2026-07-21T12:45:46.5122919800Z
NaCl	LiD3-Flex/gromacs/umbrella_sampling/window_027_2.38nm/umbrella_eq.cpt	1639388	2026-07-18T23:22:11.5121103730Z
NaCl	LiD3-Flex/gromacs/umbrella_sampling/window_027_2.38nm/umbrella_eq.edr	325400	2026-07-18T23:22:11.6641102800Z
NaCl	LiD3-Flex/gromacs/umbrella_sampling/window_027_2.38nm/umbrella_eq.xtc	124049020	2026-07-18T23:22:11.5251103650Z
NaCl	LiD3-Flex/gromacs/umbrella_sampling/window_027_2.38nm/umbrella_eq_prev.cpt	1639112	2026-07-18T23:22:11.5171103700Z
NaCl	LiD3-Flex/gromacs/umbrella_sampling/window_027_2.38nm/umbrella_prev.cpt	1639092	2026-07-21T12:45:46.5062919790Z
NaCl	LiD3-Flex/gromacs/umbrella_sampling/window_028_2.45nm/umbrella.cpt	1639368	2026-07-23T20:45:17.8552138680Z
NaCl	LiD3-Flex/gromacs/umbrella_sampling/window_028_2.45nm/umbrella.edr	1297400	2026-07-23T20:45:17.9642138650Z
NaCl	LiD3-Flex/gromacs/umbrella_sampling/window_028_2.45nm/umbrella.xtc	495456188	2026-07-23T20:45:17.8632138670Z
NaCl	LiD3-Flex/gromacs/umbrella_sampling/window_028_2.45nm/umbrella_eq.cpt	1639388	2026-07-19T13:00:47.6568035800Z
NaCl	LiD3-Flex/gromacs/umbrella_sampling/window_028_2.45nm/umbrella_eq.edr	325400	2026-07-19T13:00:47.7778035250Z
NaCl	LiD3-Flex/gromacs/umbrella_sampling/window_028_2.45nm/umbrella_eq.xtc	124049388	2026-07-19T13:00:47.6748035710Z
NaCl	LiD3-Flex/gromacs/umbrella_sampling/window_028_2.45nm/umbrella_eq_prev.cpt	1639112	2026-07-19T13:00:47.6628035770Z
NaCl	LiD3-Flex/gromacs/umbrella_sampling/window_028_2.45nm/umbrella_prev.cpt	1639092	2026-07-23T20:45:17.8572138670Z
NaCl	LiD3-Flex/gromacs/umbrella_sampling/window_029_2.53nm/umbrella.cpt	1639368	2026-07-23T10:24:57.0150774490Z
NaCl	LiD3-Flex/gromacs/umbrella_sampling/window_029_2.53nm/umbrella.edr	1297400	2026-07-23T10:24:57.2090773710Z
NaCl	LiD3-Flex/gromacs/umbrella_sampling/window_029_2.53nm/umbrella.xtc	495455740	2026-07-23T10:24:57.0300774430Z
NaCl	LiD3-Flex/gromacs/umbrella_sampling/window_029_2.53nm/umbrella_eq.cpt	1639388	2026-07-19T11:31:51.3532195860Z
NaCl	LiD3-Flex/gromacs/umbrella_sampling/window_029_2.53nm/umbrella_eq.edr	325400	2026-07-19T11:31:51.4742196150Z
NaCl	LiD3-Flex/gromacs/umbrella_sampling/window_029_2.53nm/umbrella_eq.xtc	124049156	2026-07-19T11:31:51.3682195900Z
NaCl	LiD3-Flex/gromacs/umbrella_sampling/window_029_2.53nm/umbrella_eq_prev.cpt	1639112	2026-07-19T11:31:51.3622195880Z
NaCl	LiD3-Flex/gromacs/umbrella_sampling/window_029_2.53nm/umbrella_prev.cpt	1639092	2026-07-23T10:24:57.0180774470Z
NaCl	LiDA-1/gromacs/run_eq/step4.1_equilibration.edr	71728	2026-07-13T14:32:43.0000000000Z
NaCl	LiDA-1/gromacs/run_min/min_attempt0.edr	44500	2026-07-13T14:32:43.0000000000Z
NaCl	LiDA-1/gromacs/run_min/step4.0_minimization.edr	44500	2026-07-13T14:32:43.0000000000Z
NaCl	LiDA-1/gromacs/run_prod_20ns/step5_production_20ns.edr	1273368	2026-07-13T14:32:44.0000000000Z
NaCl	LiDA-1/gromacs/umbrella_sampling/bound_place_min/min.edr	72868	2026-07-18T01:32:43.7330946350Z
NaCl	LiDA-1/gromacs/umbrella_sampling/bound_place_min/min.trr	239244	2026-07-18T01:32:43.7350946210Z
NaCl	LiDA-1/gromacs/umbrella_sampling/bound_place_min_pbcfix/min.edr	6228	2026-07-18T01:39:02.0218628980Z
NaCl	LiDA-1/gromacs/umbrella_sampling/bound_place_min_pbcfix/min.trr	239244	2026-07-18T01:39:02.0248628950Z
NaCl	LiDA-1/gromacs/umbrella_sampling/pull/pull.cpt	480580	2026-07-18T02:42:32.2977556510Z
NaCl	LiDA-1/gromacs/umbrella_sampling/pull/pull.edr	649400	2026-07-18T02:42:32.3277556390Z
NaCl	LiDA-1/gromacs/umbrella_sampling/pull/pull.xtc	70850500	2026-07-18T02:42:32.3007556500Z
NaCl	LiDA-1/gromacs/umbrella_sampling/pull/pull_prev.cpt	479512	2026-07-18T02:42:32.2997556510Z
NaCl	LiDA-1/gromacs/umbrella_sampling/pull_failed_diagnostic_20260718_013902/pull.edr	1400	2026-07-18T01:36:21.5401271120Z
NaCl	LiDA-1/gromacs/umbrella_sampling/pull_failed_diagnostic_20260718_013902/pull.xtc	70776	2026-07-18T01:36:21.5021272130Z
NaCl	LiDA-1/gromacs/umbrella_sampling/window_000_0.40nm/umbrella.cpt	480600	2026-07-19T02:44:52.4595826160Z
NaCl	LiDA-1/gromacs/umbrella_sampling/window_000_0.40nm/umbrella.edr	1297400	2026-07-19T02:44:52.4955826540Z
NaCl	LiDA-1/gromacs/umbrella_sampling/window_000_0.40nm/umbrella.xtc	141626620	2026-07-19T02:44:52.4655826230Z
NaCl	LiDA-1/gromacs/umbrella_sampling/window_000_0.40nm/umbrella_eq.cpt	480620	2026-07-18T06:19:11.9436168210Z
NaCl	LiDA-1/gromacs/umbrella_sampling/window_000_0.40nm/umbrella_eq.edr	325400	2026-07-18T06:19:11.9796168670Z
NaCl	LiDA-1/gromacs/umbrella_sampling/window_000_0.40nm/umbrella_eq.xtc	35459748	2026-07-18T06:19:11.9496168290Z
NaCl	LiDA-1/gromacs/umbrella_sampling/window_000_0.40nm/umbrella_eq_prev.cpt	480344	2026-07-18T06:19:11.9476168270Z
NaCl	LiDA-1/gromacs/umbrella_sampling/window_000_0.40nm/umbrella_prev.cpt	480324	2026-07-19T02:44:52.4615826190Z
NaCl	LiDA-1/gromacs/umbrella_sampling/window_001_0.48nm/umbrella.cpt	480600	2026-07-19T12:58:58.0308590990Z
NaCl	LiDA-1/gromacs/umbrella_sampling/window_001_0.48nm/umbrella.edr	1297400	2026-07-19T12:58:58.0648590800Z
NaCl	LiDA-1/gromacs/umbrella_sampling/window_001_0.48nm/umbrella.xtc	141622540	2026-07-19T12:58:58.0348590970Z
NaCl	LiDA-1/gromacs/umbrella_sampling/window_001_0.48nm/umbrella_eq.cpt	480620	2026-07-18T12:06:00.1272318140Z
NaCl	LiDA-1/gromacs/umbrella_sampling/window_001_0.48nm/umbrella_eq.edr	325400	2026-07-18T12:06:00.1632318470Z
NaCl	LiDA-1/gromacs/umbrella_sampling/window_001_0.48nm/umbrella_eq.xtc	35456504	2026-07-18T12:06:00.1312318170Z
NaCl	LiDA-1/gromacs/umbrella_sampling/window_001_0.48nm/umbrella_eq_prev.cpt	480344	2026-07-18T12:06:00.1292318160Z
NaCl	LiDA-1/gromacs/umbrella_sampling/window_001_0.48nm/umbrella_prev.cpt	480324	2026-07-19T12:58:58.0318590990Z
NaCl	LiDA-1/gromacs/umbrella_sampling/window_002_0.55nm/umbrella.cpt	480600	2026-07-19T18:53:44.8634308720Z
NaCl	LiDA-1/gromacs/umbrella_sampling/window_002_0.55nm/umbrella.edr	1297400	2026-07-19T18:53:44.8984308660Z
NaCl	LiDA-1/gromacs/umbrella_sampling/window_002_0.55nm/umbrella.xtc	141621668	2026-07-19T18:53:44.8684308710Z
NaCl	LiDA-1/gromacs/umbrella_sampling/window_002_0.55nm/umbrella_eq.cpt	480620	2026-07-18T06:18:22.4545531780Z
NaCl	LiDA-1/gromacs/umbrella_sampling/window_002_0.55nm/umbrella_eq.edr	325400	2026-07-18T06:18:22.4885532230Z
NaCl	LiDA-1/gromacs/umbrella_sampling/window_002_0.55nm/umbrella_eq.xtc	35458016	2026-07-18T06:18:22.4585531830Z
NaCl	LiDA-1/gromacs/umbrella_sampling/window_002_0.55nm/umbrella_eq_prev.cpt	479552	2026-07-18T06:18:22.4565531810Z
NaCl	LiDA-1/gromacs/umbrella_sampling/window_002_0.55nm/umbrella_prev.cpt	479532	2026-07-19T18:53:44.8674308710Z
NaCl	LiDA-1/gromacs/umbrella_sampling/window_003_0.63nm/umbrella.cpt	480600	2026-07-19T20:37:34.6018267900Z
NaCl	LiDA-1/gromacs/umbrella_sampling/window_003_0.63nm/umbrella.edr	1297400	2026-07-19T20:37:34.6368267950Z
NaCl	LiDA-1/gromacs/umbrella_sampling/window_003_0.63nm/umbrella.xtc	141625396	2026-07-19T20:37:34.6068267910Z
NaCl	LiDA-1/gromacs/umbrella_sampling/window_003_0.63nm/umbrella_eq.cpt	480620	2026-07-18T16:44:00.3990188470Z
NaCl	LiDA-1/gromacs/umbrella_sampling/window_003_0.63nm/umbrella_eq.edr	325400	2026-07-18T16:44:00.4330188570Z
NaCl	LiDA-1/gromacs/umbrella_sampling/window_003_0.63nm/umbrella_eq.xtc	35458128	2026-07-18T16:44:00.4020188480Z
NaCl	LiDA-1/gromacs/umbrella_sampling/window_003_0.63nm/umbrella_eq_prev.cpt	479552	2026-07-18T16:44:00.4010188480Z
NaCl	LiDA-1/gromacs/umbrella_sampling/window_003_0.63nm/umbrella_prev.cpt	480324	2026-07-19T20:37:34.6048267910Z
NaCl	LiDA-1/gromacs/umbrella_sampling/window_004_0.70nm/umbrella.cpt	480600	2026-07-21T08:09:40.4850045640Z
NaCl	LiDA-1/gromacs/umbrella_sampling/window_004_0.70nm/umbrella.edr	1297400	2026-07-21T08:09:40.5180045640Z
NaCl	LiDA-1/gromacs/umbrella_sampling/window_004_0.70nm/umbrella.xtc	141628524	2026-07-21T08:09:40.4880045640Z
NaCl	LiDA-1/gromacs/umbrella_sampling/window_004_0.70nm/umbrella_eq.cpt	480620	2026-07-18T08:13:04.0370158660Z
NaCl	LiDA-1/gromacs/umbrella_sampling/window_004_0.70nm/umbrella_eq.edr	325400	2026-07-18T08:13:04.0710158710Z
NaCl	LiDA-1/gromacs/umbrella_sampling/window_004_0.70nm/umbrella_eq.xtc	35458164	2026-07-18T08:13:04.0400158660Z
NaCl	LiDA-1/gromacs/umbrella_sampling/window_004_0.70nm/umbrella_eq_prev.cpt	480344	2026-07-18T08:13:04.0380158660Z
NaCl	LiDA-1/gromacs/umbrella_sampling/window_004_0.70nm/umbrella_prev.cpt	479532	2026-07-21T08:09:40.4860045640Z
NaCl	LiDA-1/gromacs/umbrella_sampling/window_005_0.78nm/umbrella.cpt	480600	2026-07-21T23:01:36.6745970880Z
NaCl	LiDA-1/gromacs/umbrella_sampling/window_005_0.78nm/umbrella.edr	1297400	2026-07-21T23:01:36.7085970910Z
NaCl	LiDA-1/gromacs/umbrella_sampling/window_005_0.78nm/umbrella.xtc	141621148	2026-07-21T23:01:36.6775970880Z
NaCl	LiDA-1/gromacs/umbrella_sampling/window_005_0.78nm/umbrella_eq.cpt	480620	2026-07-21T06:08:28.2181510730Z
NaCl	LiDA-1/gromacs/umbrella_sampling/window_005_0.78nm/umbrella_eq.edr	325400	2026-07-21T06:08:28.2531510910Z
NaCl	LiDA-1/gromacs/umbrella_sampling/window_005_0.78nm/umbrella_eq.xtc	35461612	2026-07-21T06:08:28.2231510750Z
NaCl	LiDA-1/gromacs/umbrella_sampling/window_005_0.78nm/umbrella_eq_prev.cpt	479552	2026-07-21T06:08:28.2211510740Z
NaCl	LiDA-1/gromacs/umbrella_sampling/window_005_0.78nm/umbrella_prev.cpt	480324	2026-07-21T23:01:36.6755970880Z
NaCl	LiDA-1/gromacs/umbrella_sampling/window_006_0.85nm/umbrella.cpt	480600	2026-07-18T22:43:18.9634008090Z
NaCl	LiDA-1/gromacs/umbrella_sampling/window_006_0.85nm/umbrella.edr	1297400	2026-07-18T22:43:18.9964008050Z
NaCl	LiDA-1/gromacs/umbrella_sampling/window_006_0.85nm/umbrella.xtc	141633252	2026-07-18T22:43:18.9664008080Z
NaCl	LiDA-1/gromacs/umbrella_sampling/window_006_0.85nm/umbrella_eq.cpt	480620	2026-07-18T06:18:07.1255326890Z
NaCl	LiDA-1/gromacs/umbrella_sampling/window_006_0.85nm/umbrella_eq.edr	325400	2026-07-18T06:18:07.1585327340Z
NaCl	LiDA-1/gromacs/umbrella_sampling/window_006_0.85nm/umbrella_eq.xtc	35458576	2026-07-18T06:18:07.1285326930Z
NaCl	LiDA-1/gromacs/umbrella_sampling/window_006_0.85nm/umbrella_eq_prev.cpt	480344	2026-07-18T06:18:07.1265326910Z
NaCl	LiDA-1/gromacs/umbrella_sampling/window_006_0.85nm/umbrella_prev.cpt	480324	2026-07-18T22:43:18.9644008080Z
NaCl	LiDA-1/gromacs/umbrella_sampling/window_007_0.93nm/umbrella.cpt	480600	2026-07-20T11:36:44.3165712920Z
NaCl	LiDA-1/gromacs/umbrella_sampling/window_007_0.93nm/umbrella.edr	1297400	2026-07-20T11:36:44.3495713220Z
NaCl	LiDA-1/gromacs/umbrella_sampling/window_007_0.93nm/umbrella.xtc	141623196	2026-07-20T11:36:44.3195712950Z
NaCl	LiDA-1/gromacs/umbrella_sampling/window_007_0.93nm/umbrella_eq.cpt	480620	2026-07-18T06:18:05.5305305350Z
NaCl	LiDA-1/gromacs/umbrella_sampling/window_007_0.93nm/umbrella_eq.edr	325400	2026-07-18T06:18:05.5665305840Z
NaCl	LiDA-1/gromacs/umbrella_sampling/window_007_0.93nm/umbrella_eq.xtc	35459352	2026-07-18T06:18:05.5365305430Z
NaCl	LiDA-1/gromacs/umbrella_sampling/window_007_0.93nm/umbrella_eq_prev.cpt	480344	2026-07-18T06:18:05.5345305410Z
NaCl	LiDA-1/gromacs/umbrella_sampling/window_007_0.93nm/umbrella_prev.cpt	479532	2026-07-20T11:36:44.3175712930Z
NaCl	LiDA-1/gromacs/umbrella_sampling/window_008_1.00nm/umbrella.cpt	480600	2026-07-19T02:35:49.9017340310Z
NaCl	LiDA-1/gromacs/umbrella_sampling/window_008_1.00nm/umbrella.edr	1297400	2026-07-19T02:35:49.9357341090Z
NaCl	LiDA-1/gromacs/umbrella_sampling/window_008_1.00nm/umbrella.xtc	141626780	2026-07-19T02:35:49.9057340400Z
NaCl	LiDA-1/gromacs/umbrella_sampling/window_008_1.00nm/umbrella_eq.cpt	480620	2026-07-18T06:19:14.5106200230Z
NaCl	LiDA-1/gromacs/umbrella_sampling/window_008_1.00nm/umbrella_eq.edr	325400	2026-07-18T06:19:14.5436200640Z
NaCl	LiDA-1/gromacs/umbrella_sampling/window_008_1.00nm/umbrella_eq.xtc	35461360	2026-07-18T06:19:14.5136200270Z
NaCl	LiDA-1/gromacs/umbrella_sampling/window_008_1.00nm/umbrella_eq_prev.cpt	480344	2026-07-18T06:19:14.5116200240Z
NaCl	LiDA-1/gromacs/umbrella_sampling/window_008_1.00nm/umbrella_prev.cpt	480324	2026-07-19T02:35:49.9037340360Z
NaCl	LiDA-1/gromacs/umbrella_sampling/window_009_1.08nm/umbrella.cpt	480600	2026-07-18T22:06:37.5453044000Z
NaCl	LiDA-1/gromacs/umbrella_sampling/window_009_1.08nm/umbrella.edr	1297400	2026-07-18T22:06:37.5803043910Z
NaCl	LiDA-1/gromacs/umbrella_sampling/window_009_1.08nm/umbrella.xtc	141622940	2026-07-18T22:06:37.5493043990Z
NaCl	LiDA-1/gromacs/umbrella_sampling/window_009_1.08nm/umbrella_eq.cpt	480620	2026-07-18T06:19:07.9356118040Z
NaCl	LiDA-1/gromacs/umbrella_sampling/window_009_1.08nm/umbrella_eq.edr	325400	2026-07-18T06:19:07.9786118580Z
NaCl	LiDA-1/gromacs/umbrella_sampling/window_009_1.08nm/umbrella_eq.xtc	35460644	2026-07-18T06:19:07.9456118170Z
NaCl	LiDA-1/gromacs/umbrella_sampling/window_009_1.08nm/umbrella_eq_prev.cpt	480344	2026-07-18T06:19:07.9416118120Z
NaCl	LiDA-1/gromacs/umbrella_sampling/window_009_1.08nm/umbrella_prev.cpt	479532	2026-07-18T22:06:37.5473043990Z
NaCl	LiDA-1/gromacs/umbrella_sampling/window_010_1.15nm/umbrella.cpt	480600	2026-07-19T06:07:41.9881847860Z
NaCl	LiDA-1/gromacs/umbrella_sampling/window_010_1.15nm/umbrella.edr	1297400	2026-07-19T06:07:42.0211847480Z
NaCl	LiDA-1/gromacs/umbrella_sampling/window_010_1.15nm/umbrella.xtc	141622508	2026-07-19T06:07:41.9911847830Z
NaCl	LiDA-1/gromacs/umbrella_sampling/window_010_1.15nm/umbrella_eq.cpt	480620	2026-07-18T16:44:09.9130216890Z
NaCl	LiDA-1/gromacs/umbrella_sampling/window_010_1.15nm/umbrella_eq.edr	325400	2026-07-18T16:44:09.9470216990Z
NaCl	LiDA-1/gromacs/umbrella_sampling/window_010_1.15nm/umbrella_eq.xtc	35459772	2026-07-18T16:44:09.9160216900Z
NaCl	LiDA-1/gromacs/umbrella_sampling/window_010_1.15nm/umbrella_eq_prev.cpt	480344	2026-07-18T16:44:09.9140216890Z
NaCl	LiDA-1/gromacs/umbrella_sampling/window_010_1.15nm/umbrella_prev.cpt	480324	2026-07-19T06:07:41.9901847840Z
NaCl	LiDA-1/gromacs/umbrella_sampling/window_011_1.23nm/umbrella.cpt	480600	2026-07-21T17:43:38.1215197360Z
NaCl	LiDA-1/gromacs/umbrella_sampling/window_011_1.23nm/umbrella.edr	1297400	2026-07-21T17:43:38.1585198180Z
NaCl	LiDA-1/gromacs/umbrella_sampling/window_011_1.23nm/umbrella.xtc	141628076	2026-07-21T17:43:38.1265197470Z
NaCl	LiDA-1/gromacs/umbrella_sampling/window_011_1.23nm/umbrella_eq.cpt	480620	2026-07-18T07:12:59.3244992620Z
NaCl	LiDA-1/gromacs/umbrella_sampling/window_011_1.23nm/umbrella_eq.edr	325400	2026-07-18T07:12:59.3584994010Z
NaCl	LiDA-1/gromacs/umbrella_sampling/window_011_1.23nm/umbrella_eq.xtc	35458628	2026-07-18T07:12:59.3284992780Z
NaCl	LiDA-1/gromacs/umbrella_sampling/window_011_1.23nm/umbrella_eq_prev.cpt	480344	2026-07-18T07:12:59.3264992700Z
NaCl	LiDA-1/gromacs/umbrella_sampling/window_011_1.23nm/umbrella_prev.cpt	480324	2026-07-21T17:43:38.1245197420Z
NaCl	LiDA-1/gromacs/umbrella_sampling/window_012_1.30nm/umbrella.cpt	480600	2026-07-21T16:30:00.2382776910Z
NaCl	LiDA-1/gromacs/umbrella_sampling/window_012_1.30nm/umbrella.edr	1297400	2026-07-21T16:30:00.2752776810Z
NaCl	LiDA-1/gromacs/umbrella_sampling/window_012_1.30nm/umbrella.xtc	141621588	2026-07-21T16:30:00.2422776900Z
NaCl	LiDA-1/gromacs/umbrella_sampling/window_012_1.30nm/umbrella_eq.cpt	480620	2026-07-18T06:18:56.6775975840Z
NaCl	LiDA-1/gromacs/umbrella_sampling/window_012_1.30nm/umbrella_eq.edr	325400	2026-07-18T06:18:56.7105976260Z
NaCl	LiDA-1/gromacs/umbrella_sampling/window_012_1.30nm/umbrella_eq.xtc	35458528	2026-07-18T06:18:56.6805975880Z
NaCl	LiDA-1/gromacs/umbrella_sampling/window_012_1.30nm/umbrella_eq_prev.cpt	480344	2026-07-18T06:18:56.6795975860Z
NaCl	LiDA-1/gromacs/umbrella_sampling/window_012_1.30nm/umbrella_prev.cpt	480324	2026-07-21T16:30:00.2402776900Z
NaCl	LiDA-1/gromacs/umbrella_sampling/window_013_1.38nm/umbrella.cpt	480600	2026-07-20T00:09:11.7498385870Z
NaCl	LiDA-1/gromacs/umbrella_sampling/window_013_1.38nm/umbrella.edr	1297400	2026-07-20T00:09:11.7828387460Z
NaCl	LiDA-1/gromacs/umbrella_sampling/window_013_1.38nm/umbrella.xtc	141624736	2026-07-20T00:09:11.7528386010Z
NaCl	LiDA-1/gromacs/umbrella_sampling/window_013_1.38nm/umbrella_eq.cpt	480620	2026-07-18T12:48:42.3407871070Z
NaCl	LiDA-1/gromacs/umbrella_sampling/window_013_1.38nm/umbrella_eq.edr	325400	2026-07-18T12:48:42.3737871110Z
NaCl	LiDA-1/gromacs/umbrella_sampling/window_013_1.38nm/umbrella_eq.xtc	35462116	2026-07-18T12:48:42.3437871080Z
NaCl	LiDA-1/gromacs/umbrella_sampling/window_013_1.38nm/umbrella_eq_prev.cpt	479552	2026-07-18T12:48:42.3417871070Z
NaCl	LiDA-1/gromacs/umbrella_sampling/window_013_1.38nm/umbrella_prev.cpt	480324	2026-07-20T00:09:11.7508385910Z
NaCl	LiDA-1/gromacs/umbrella_sampling/window_014_1.45nm/umbrella.cpt	480600	2026-07-21T13:39:35.2496316820Z
NaCl	LiDA-1/gromacs/umbrella_sampling/window_014_1.45nm/umbrella.edr	1297400	2026-07-21T13:39:35.2856316780Z
NaCl	LiDA-1/gromacs/umbrella_sampling/window_014_1.45nm/umbrella.xtc	141624792	2026-07-21T13:39:35.2546316810Z
NaCl	LiDA-1/gromacs/umbrella_sampling/window_014_1.45nm/umbrella_eq.cpt	480620	2026-07-18T07:14:30.7888432130Z
NaCl	LiDA-1/gromacs/umbrella_sampling/window_014_1.45nm/umbrella_eq.edr	325400	2026-07-18T07:14:30.8218433260Z
NaCl	LiDA-1/gromacs/umbrella_sampling/window_014_1.45nm/umbrella_eq.xtc	35458752	2026-07-18T07:14:30.7918432230Z
NaCl	LiDA-1/gromacs/umbrella_sampling/window_014_1.45nm/umbrella_eq_prev.cpt	480344	2026-07-18T07:14:30.7898432160Z
NaCl	LiDA-1/gromacs/umbrella_sampling/window_014_1.45nm/umbrella_prev.cpt	479532	2026-07-21T13:39:35.2516316820Z
NaCl	LiDA-1/gromacs/umbrella_sampling/window_015_1.53nm/umbrella.cpt	480600	2026-07-18T22:00:14.7475337720Z
NaCl	LiDA-1/gromacs/umbrella_sampling/window_015_1.53nm/umbrella.edr	1297400	2026-07-18T22:00:14.7855337320Z
NaCl	LiDA-1/gromacs/umbrella_sampling/window_015_1.53nm/umbrella.xtc	141621604	2026-07-18T22:00:14.7525337670Z
NaCl	LiDA-1/gromacs/umbrella_sampling/window_015_1.53nm/umbrella_eq.cpt	480620	2026-07-18T07:13:27.0386097540Z
NaCl	LiDA-1/gromacs/umbrella_sampling/window_015_1.53nm/umbrella_eq.edr	325400	2026-07-18T07:13:27.0716098830Z
NaCl	LiDA-1/gromacs/umbrella_sampling/window_015_1.53nm/umbrella_eq.xtc	35458436	2026-07-18T07:13:27.0426097700Z
NaCl	LiDA-1/gromacs/umbrella_sampling/window_015_1.53nm/umbrella_eq_prev.cpt	480344	2026-07-18T07:13:27.0406097620Z
NaCl	LiDA-1/gromacs/umbrella_sampling/window_015_1.53nm/umbrella_prev.cpt	479532	2026-07-18T22:00:14.7505337690Z
NaCl	LiDA-1/gromacs/umbrella_sampling/window_016_1.60nm/umbrella.cpt	480600	2026-07-22T04:38:30.2090076190Z
NaCl	LiDA-1/gromacs/umbrella_sampling/window_016_1.60nm/umbrella.edr	1297400	2026-07-22T04:38:30.2430076250Z
NaCl	LiDA-1/gromacs/umbrella_sampling/window_016_1.60nm/umbrella.xtc	141623056	2026-07-22T04:38:30.2130076200Z
NaCl	LiDA-1/gromacs/umbrella_sampling/window_016_1.60nm/umbrella_eq.cpt	480620	2026-07-18T06:17:56.7005185350Z
NaCl	LiDA-1/gromacs/umbrella_sampling/window_016_1.60nm/umbrella_eq.edr	325400	2026-07-18T06:17:56.7355185830Z
NaCl	LiDA-1/gromacs/umbrella_sampling/window_016_1.60nm/umbrella_eq.xtc	35459848	2026-07-18T06:17:56.7045185410Z
NaCl	LiDA-1/gromacs/umbrella_sampling/window_016_1.60nm/umbrella_eq_prev.cpt	479552	2026-07-18T06:17:56.7015185370Z
NaCl	LiDA-1/gromacs/umbrella_sampling/window_016_1.60nm/umbrella_prev.cpt	479532	2026-07-22T04:38:30.2110076200Z
NaCl	LiDA-1/gromacs/umbrella_sampling/window_017_1.68nm/umbrella.cpt	480600	2026-07-19T20:25:15.8567385470Z
NaCl	LiDA-1/gromacs/umbrella_sampling/window_017_1.68nm/umbrella.edr	1297400	2026-07-19T20:25:15.8897385510Z
NaCl	LiDA-1/gromacs/umbrella_sampling/window_017_1.68nm/umbrella.xtc	141621544	2026-07-19T20:25:15.8597385480Z
NaCl	LiDA-1/gromacs/umbrella_sampling/window_017_1.68nm/umbrella_eq.cpt	480620	2026-07-18T06:20:16.6396947190Z
NaCl	LiDA-1/gromacs/umbrella_sampling/window_017_1.68nm/umbrella_eq.edr	325400	2026-07-18T06:20:16.6756947610Z
NaCl	LiDA-1/gromacs/umbrella_sampling/window_017_1.68nm/umbrella_eq.xtc	35459484	2026-07-18T06:20:16.6446947250Z
NaCl	LiDA-1/gromacs/umbrella_sampling/window_017_1.68nm/umbrella_eq_prev.cpt	480344	2026-07-18T06:20:16.6426947230Z
NaCl	LiDA-1/gromacs/umbrella_sampling/window_017_1.68nm/umbrella_prev.cpt	479532	2026-07-19T20:25:15.8577385470Z
NaCl	LiDA-1/gromacs/umbrella_sampling/window_018_1.75nm/umbrella.cpt	480600	2026-07-21T07:37:30.7845719710Z
NaCl	LiDA-1/gromacs/umbrella_sampling/window_018_1.75nm/umbrella.edr	1297400	2026-07-21T07:37:30.8205719940Z
NaCl	LiDA-1/gromacs/umbrella_sampling/window_018_1.75nm/umbrella.xtc	141633836	2026-07-21T07:37:30.7895719740Z
NaCl	LiDA-1/gromacs/umbrella_sampling/window_018_1.75nm/umbrella_eq.cpt	480620	2026-07-20T07:31:27.2503216580Z
NaCl	LiDA-1/gromacs/umbrella_sampling/window_018_1.75nm/umbrella_eq.edr	325400	2026-07-20T07:31:27.2833216660Z
NaCl	LiDA-1/gromacs/umbrella_sampling/window_018_1.75nm/umbrella_eq.xtc	35459496	2026-07-20T07:31:27.2533216580Z
NaCl	LiDA-1/gromacs/umbrella_sampling/window_018_1.75nm/umbrella_eq_prev.cpt	479552	2026-07-20T07:31:27.2513216580Z
NaCl	LiDA-1/gromacs/umbrella_sampling/window_018_1.75nm/umbrella_prev.cpt	479532	2026-07-21T07:37:30.7855719710Z
NaCl	LiDA-1/gromacs/umbrella_sampling/window_019_1.83nm/umbrella.cpt	480600	2026-07-19T10:59:01.7628799750Z
NaCl	LiDA-1/gromacs/umbrella_sampling/window_019_1.83nm/umbrella.edr	1297400	2026-07-19T10:59:01.7968799890Z
NaCl	LiDA-1/gromacs/umbrella_sampling/window_019_1.83nm/umbrella.xtc	141624324	2026-07-19T10:59:01.7668799770Z
NaCl	LiDA-1/gromacs/umbrella_sampling/window_019_1.83nm/umbrella_eq.cpt	480620	2026-07-18T07:23:02.1279897790Z
NaCl	LiDA-1/gromacs/umbrella_sampling/window_019_1.83nm/umbrella_eq.edr	325400	2026-07-18T07:23:02.1609898240Z
NaCl	LiDA-1/gromacs/umbrella_sampling/window_019_1.83nm/umbrella_eq.xtc	35460892	2026-07-18T07:23:02.1309897830Z
NaCl	LiDA-1/gromacs/umbrella_sampling/window_019_1.83nm/umbrella_eq_prev.cpt	480344	2026-07-18T07:23:02.1299897820Z
NaCl	LiDA-1/gromacs/umbrella_sampling/window_019_1.83nm/umbrella_prev.cpt	480324	2026-07-19T10:59:01.7648799760Z
NaCl	LiDA-1/gromacs/umbrella_sampling/window_020_1.90nm/umbrella.cpt	480600	2026-07-22T04:42:49.2880526130Z
NaCl	LiDA-1/gromacs/umbrella_sampling/window_020_1.90nm/umbrella.edr	1297400	2026-07-22T04:42:49.3230526200Z
NaCl	LiDA-1/gromacs/umbrella_sampling/window_020_1.90nm/umbrella.xtc	141621064	2026-07-22T04:42:49.2910526140Z
NaCl	LiDA-1/gromacs/umbrella_sampling/window_020_1.90nm/umbrella_eq.cpt	480620	2026-07-21T14:52:51.2909806780Z
NaCl	LiDA-1/gromacs/umbrella_sampling/window_020_1.90nm/umbrella_eq.edr	325400	2026-07-21T14:52:51.3239808060Z
NaCl	LiDA-1/gromacs/umbrella_sampling/window_020_1.90nm/umbrella_eq.xtc	35459220	2026-07-21T14:52:51.2939806900Z
NaCl	LiDA-1/gromacs/umbrella_sampling/window_020_1.90nm/umbrella_eq_prev.cpt	480344	2026-07-21T14:52:51.2919806820Z
NaCl	LiDA-1/gromacs/umbrella_sampling/window_020_1.90nm/umbrella_prev.cpt	480324	2026-07-22T04:42:49.2890526130Z
NaCl	LiDA-1/gromacs/umbrella_sampling/window_021_1.98nm/umbrella.cpt	480600	2026-07-19T22:42:26.0794503700Z
NaCl	LiDA-1/gromacs/umbrella_sampling/window_021_1.98nm/umbrella.edr	1297400	2026-07-19T22:42:26.1144503900Z
NaCl	LiDA-1/gromacs/umbrella_sampling/window_021_1.98nm/umbrella.xtc	141619940	2026-07-19T22:42:26.0834503720Z
NaCl	LiDA-1/gromacs/umbrella_sampling/window_021_1.98nm/umbrella_eq.cpt	480620	2026-07-18T07:14:01.6577399690Z
NaCl	LiDA-1/gromacs/umbrella_sampling/window_021_1.98nm/umbrella_eq.edr	325400	2026-07-18T07:14:01.6907400890Z
NaCl	LiDA-1/gromacs/umbrella_sampling/window_021_1.98nm/umbrella_eq.xtc	35460284	2026-07-18T07:14:01.6607399800Z
NaCl	LiDA-1/gromacs/umbrella_sampling/window_021_1.98nm/umbrella_eq_prev.cpt	479552	2026-07-18T07:14:01.6587399730Z
NaCl	LiDA-1/gromacs/umbrella_sampling/window_021_1.98nm/umbrella_prev.cpt	479532	2026-07-19T22:42:26.0824503720Z
NaCl	LiDA-1/gromacs/umbrella_sampling/window_022_2.05nm/umbrella.cpt	480600	2026-07-19T02:42:20.9654084320Z
NaCl	LiDA-1/gromacs/umbrella_sampling/window_022_2.05nm/umbrella.edr	1297400	2026-07-19T02:42:20.9994084750Z
NaCl	LiDA-1/gromacs/umbrella_sampling/window_022_2.05nm/umbrella.xtc	141626720	2026-07-19T02:42:20.9684084360Z
NaCl	LiDA-1/gromacs/umbrella_sampling/window_022_2.05nm/umbrella_eq.cpt	480620	2026-07-18T06:18:55.6135962300Z
NaCl	LiDA-1/gromacs/umbrella_sampling/window_022_2.05nm/umbrella_eq.edr	325400	2026-07-18T06:18:55.6485962750Z
NaCl	LiDA-1/gromacs/umbrella_sampling/window_022_2.05nm/umbrella_eq.xtc	35459432	2026-07-18T06:18:55.6185962370Z
NaCl	LiDA-1/gromacs/umbrella_sampling/window_022_2.05nm/umbrella_eq_prev.cpt	480344	2026-07-18T06:18:55.6165962340Z
NaCl	LiDA-1/gromacs/umbrella_sampling/window_022_2.05nm/umbrella_prev.cpt	480324	2026-07-19T02:42:20.9674084340Z
NaCl	LiDA-1/gromacs/umbrella_sampling/window_023_2.13nm/umbrella.cpt	480600	2026-07-19T07:06:12.8090396580Z
NaCl	LiDA-1/gromacs/umbrella_sampling/window_023_2.13nm/umbrella.edr	1297400	2026-07-19T07:06:12.8430396460Z
NaCl	LiDA-1/gromacs/umbrella_sampling/window_023_2.13nm/umbrella.xtc	141630492	2026-07-19T07:06:12.8130396570Z
NaCl	LiDA-1/gromacs/umbrella_sampling/window_023_2.13nm/umbrella_eq.cpt	480620	2026-07-18T06:18:20.4575505300Z
NaCl	LiDA-1/gromacs/umbrella_sampling/window_023_2.13nm/umbrella_eq.edr	325400	2026-07-18T06:18:20.4905505740Z
NaCl	LiDA-1/gromacs/umbrella_sampling/window_023_2.13nm/umbrella_eq.xtc	35461372	2026-07-18T06:18:20.4605505340Z
NaCl	LiDA-1/gromacs/umbrella_sampling/window_023_2.13nm/umbrella_eq_prev.cpt	480344	2026-07-18T06:18:20.4585505320Z
NaCl	LiDA-1/gromacs/umbrella_sampling/window_023_2.13nm/umbrella_prev.cpt	480324	2026-07-19T07:06:12.8110396580Z
NaCl	LiDA-1/gromacs/umbrella_sampling/window_024_2.20nm/umbrella.cpt	480600	2026-07-18T22:11:08.8122868590Z
NaCl	LiDA-1/gromacs/umbrella_sampling/window_024_2.20nm/umbrella.edr	1297400	2026-07-18T22:11:08.8532868610Z
NaCl	LiDA-1/gromacs/umbrella_sampling/window_024_2.20nm/umbrella.xtc	141628332	2026-07-18T22:11:08.8202868590Z
NaCl	LiDA-1/gromacs/umbrella_sampling/window_024_2.20nm/umbrella_eq.cpt	480620	2026-07-18T07:13:49.5996955660Z
NaCl	LiDA-1/gromacs/umbrella_sampling/window_024_2.20nm/umbrella_eq.edr	325400	2026-07-18T07:13:49.6336956930Z
NaCl	LiDA-1/gromacs/umbrella_sampling/window_024_2.20nm/umbrella_eq.xtc	35462008	2026-07-18T07:13:49.6026955780Z
NaCl	LiDA-1/gromacs/umbrella_sampling/window_024_2.20nm/umbrella_eq_prev.cpt	479552	2026-07-18T07:13:49.6016955740Z
NaCl	LiDA-1/gromacs/umbrella_sampling/window_024_2.20nm/umbrella_prev.cpt	480324	2026-07-18T22:11:08.8182868590Z
NaCl	LiDA-1/gromacs/umbrella_sampling/window_025_2.28nm/umbrella.cpt	480600	2026-07-19T14:16:47.0044660800Z
NaCl	LiDA-1/gromacs/umbrella_sampling/window_025_2.28nm/umbrella.edr	1297400	2026-07-19T14:16:47.0384660660Z
NaCl	LiDA-1/gromacs/umbrella_sampling/window_025_2.28nm/umbrella.xtc	141615960	2026-07-19T14:16:47.0084660780Z
NaCl	LiDA-1/gromacs/umbrella_sampling/window_025_2.28nm/umbrella_eq.cpt	480620	2026-07-18T08:12:47.2240132170Z
NaCl	LiDA-1/gromacs/umbrella_sampling/window_025_2.28nm/umbrella_eq.edr	325400	2026-07-18T08:12:47.2570132220Z
NaCl	LiDA-1/gromacs/umbrella_sampling/window_025_2.28nm/umbrella_eq.xtc	35461304	2026-07-18T08:12:47.2280132180Z
NaCl	LiDA-1/gromacs/umbrella_sampling/window_025_2.28nm/umbrella_eq_prev.cpt	480344	2026-07-18T08:12:47.2260132170Z
NaCl	LiDA-1/gromacs/umbrella_sampling/window_025_2.28nm/umbrella_prev.cpt	480324	2026-07-19T14:16:47.0064660790Z
NaCl	LiDA-1/gromacs/umbrella_sampling/window_026_2.35nm/umbrella.cpt	480600	2026-07-18T22:00:59.1964892370Z
NaCl	LiDA-1/gromacs/umbrella_sampling/window_026_2.35nm/umbrella.edr	1297400	2026-07-18T22:00:59.2314892040Z
NaCl	LiDA-1/gromacs/umbrella_sampling/window_026_2.35nm/umbrella.xtc	141629796	2026-07-18T22:00:59.2014892320Z
NaCl	LiDA-1/gromacs/umbrella_sampling/window_026_2.35nm/umbrella_eq.cpt	480620	2026-07-18T07:14:24.0438198040Z
NaCl	LiDA-1/gromacs/umbrella_sampling/window_026_2.35nm/umbrella_eq.edr	325400	2026-07-18T07:14:24.0768199190Z
NaCl	LiDA-1/gromacs/umbrella_sampling/window_026_2.35nm/umbrella_eq.xtc	35460108	2026-07-18T07:14:24.0478198180Z
NaCl	LiDA-1/gromacs/umbrella_sampling/window_026_2.35nm/umbrella_eq_prev.cpt	480344	2026-07-18T07:14:24.0458198110Z
NaCl	LiDA-1/gromacs/umbrella_sampling/window_026_2.35nm/umbrella_prev.cpt	480324	2026-07-18T22:00:59.1994892340Z
NaCl	LiDA-1/gromacs/umbrella_sampling/window_027_2.43nm/umbrella.cpt	480600	2026-07-19T14:24:01.1293112140Z
NaCl	LiDA-1/gromacs/umbrella_sampling/window_027_2.43nm/umbrella.edr	1297400	2026-07-19T14:24:01.1643112030Z
NaCl	LiDA-1/gromacs/umbrella_sampling/window_027_2.43nm/umbrella.xtc	141619420	2026-07-19T14:24:01.1323112130Z
NaCl	LiDA-1/gromacs/umbrella_sampling/window_027_2.43nm/umbrella_eq.cpt	480620	2026-07-18T16:10:03.3555196650Z
NaCl	LiDA-1/gromacs/umbrella_sampling/window_027_2.43nm/umbrella_eq.edr	325400	2026-07-18T16:10:03.3935196790Z
NaCl	LiDA-1/gromacs/umbrella_sampling/window_027_2.43nm/umbrella_eq.xtc	35457508	2026-07-18T16:10:03.3615196670Z
NaCl	LiDA-1/gromacs/umbrella_sampling/window_027_2.43nm/umbrella_eq_prev.cpt	480344	2026-07-18T16:10:03.3595196670Z
NaCl	LiDA-1/gromacs/umbrella_sampling/window_027_2.43nm/umbrella_prev.cpt	480324	2026-07-19T14:24:01.1303112140Z
NaCl	LiDA-1/gromacs/umbrella_sampling/window_028_2.50nm/umbrella.cpt	480600	2026-07-21T21:06:24.5237175290Z
NaCl	LiDA-1/gromacs/umbrella_sampling/window_028_2.50nm/umbrella.edr	1297400	2026-07-21T21:06:24.5587174340Z
NaCl	LiDA-1/gromacs/umbrella_sampling/window_028_2.50nm/umbrella.xtc	141618492	2026-07-21T21:06:24.5287175160Z
NaCl	LiDA-1/gromacs/umbrella_sampling/window_028_2.50nm/umbrella_eq.cpt	480620	2026-07-18T06:19:18.5526250450Z
NaCl	LiDA-1/gromacs/umbrella_sampling/window_028_2.50nm/umbrella_eq.edr	325400	2026-07-18T06:19:18.5886250890Z
NaCl	LiDA-1/gromacs/umbrella_sampling/window_028_2.50nm/umbrella_eq.xtc	35459164	2026-07-18T06:19:18.5586250520Z
NaCl	LiDA-1/gromacs/umbrella_sampling/window_028_2.50nm/umbrella_eq_prev.cpt	480344	2026-07-18T06:19:18.5566250490Z
NaCl	LiDA-1/gromacs/umbrella_sampling/window_028_2.50nm/umbrella_prev.cpt	480324	2026-07-21T21:06:24.5267175210Z
NaCl	LiDA-1/gromacs/umbrella_sampling/window_029_2.58nm/umbrella.cpt	480600	2026-07-21T19:54:22.4211827650Z
NaCl	LiDA-1/gromacs/umbrella_sampling/window_029_2.58nm/umbrella.edr	1297400	2026-07-21T19:54:22.4551827720Z
NaCl	LiDA-1/gromacs/umbrella_sampling/window_029_2.58nm/umbrella.xtc	141624952	2026-07-21T19:54:22.4241827650Z
NaCl	LiDA-1/gromacs/umbrella_sampling/window_029_2.58nm/umbrella_eq.cpt	480620	2026-07-18T07:13:42.1266675420Z
NaCl	LiDA-1/gromacs/umbrella_sampling/window_029_2.58nm/umbrella_eq.edr	325400	2026-07-18T07:13:42.1616676740Z
NaCl	LiDA-1/gromacs/umbrella_sampling/window_029_2.58nm/umbrella_eq.xtc	35460172	2026-07-18T07:13:42.1316675610Z
NaCl	LiDA-1/gromacs/umbrella_sampling/window_029_2.58nm/umbrella_eq_prev.cpt	479552	2026-07-18T07:13:42.1296675540Z
NaCl	LiDA-1/gromacs/umbrella_sampling/window_029_2.58nm/umbrella_prev.cpt	479532	2026-07-21T19:54:22.4221827650Z
NaCl	LiDS-1/gromacs/umbrella_sampling/bound_place_min/min.edr	48172	2026-07-18T01:32:44.7070883250Z
NaCl	LiDS-1/gromacs/umbrella_sampling/bound_place_min/min.trr	350664	2026-07-18T01:32:44.7090883120Z
NaCl	LiDS-1/gromacs/umbrella_sampling/pull/pull.cpt	703420	2026-07-18T03:09:06.6376889450Z
NaCl	LiDS-1/gromacs/umbrella_sampling/pull/pull.edr	649400	2026-07-18T03:09:06.6866889500Z
NaCl	LiDS-1/gromacs/umbrella_sampling/pull/pull.xtc	105004176	2026-07-18T03:09:06.6426889450Z
NaCl	LiDS-1/gromacs/umbrella_sampling/pull/pull_prev.cpt	703144	2026-07-18T03:09:06.6396889450Z
NaCl	LiDS-1/gromacs/umbrella_sampling/window_000_0.47nm/umbrella.cpt	703440	2026-07-23T19:40:59.0181422310Z
NaCl	LiDS-1/gromacs/umbrella_sampling/window_000_0.47nm/umbrella.edr	1297400	2026-07-23T19:40:59.0661422630Z
NaCl	LiDS-1/gromacs/umbrella_sampling/window_000_0.47nm/umbrella.xtc	209903052	2026-07-23T19:40:59.0221422340Z
NaCl	LiDS-1/gromacs/umbrella_sampling/window_000_0.47nm/umbrella_eq.cpt	703460	2026-07-22T19:56:32.4225062400Z
NaCl	LiDS-1/gromacs/umbrella_sampling/window_000_0.47nm/umbrella_eq.edr	325400	2026-07-22T19:56:32.5185059460Z
NaCl	LiDS-1/gromacs/umbrella_sampling/window_000_0.47nm/umbrella_eq.xtc	52554224	2026-07-22T19:56:32.4295062190Z
NaCl	LiDS-1/gromacs/umbrella_sampling/window_000_0.47nm/umbrella_eq_prev.cpt	703184	2026-07-22T19:56:32.4275062250Z
NaCl	LiDS-1/gromacs/umbrella_sampling/window_000_0.47nm/umbrella_prev.cpt	702372	2026-07-23T19:40:59.0191422320Z
NaCl	LiDS-1/gromacs/umbrella_sampling/window_001_0.55nm/umbrella.cpt	703440	2026-07-22T07:51:37.2054090100Z
NaCl	LiDS-1/gromacs/umbrella_sampling/window_001_0.55nm/umbrella.edr	1297400	2026-07-22T07:51:37.2744090430Z
NaCl	LiDS-1/gromacs/umbrella_sampling/window_001_0.55nm/umbrella.xtc	209899992	2026-07-22T07:51:37.2134090140Z
NaCl	LiDS-1/gromacs/umbrella_sampling/window_001_0.55nm/umbrella_eq.cpt	703460	2026-07-18T17:55:17.5999194230Z
NaCl	LiDS-1/gromacs/umbrella_sampling/window_001_0.55nm/umbrella_eq.edr	325400	2026-07-18T17:55:17.6679194340Z
NaCl	LiDS-1/gromacs/umbrella_sampling/window_001_0.55nm/umbrella_eq.xtc	52554012	2026-07-18T17:55:17.6049194240Z
NaCl	LiDS-1/gromacs/umbrella_sampling/window_001_0.55nm/umbrella_eq_prev.cpt	702392	2026-07-18T17:55:17.6019194240Z
NaCl	LiDS-1/gromacs/umbrella_sampling/window_001_0.55nm/umbrella_prev.cpt	703164	2026-07-22T07:51:37.2104090120Z
NaCl	LiDS-1/gromacs/umbrella_sampling/window_002_0.62nm/umbrella.cpt	703440	2026-07-20T02:39:34.3175019770Z
NaCl	LiDS-1/gromacs/umbrella_sampling/window_002_0.62nm/umbrella.edr	1297400	2026-07-20T02:39:34.3665019570Z
NaCl	LiDS-1/gromacs/umbrella_sampling/window_002_0.62nm/umbrella.xtc	209903632	2026-07-20T02:39:34.3225019750Z
NaCl	LiDS-1/gromacs/umbrella_sampling/window_002_0.62nm/umbrella_eq.cpt	703460	2026-07-18T08:47:26.1627351200Z
NaCl	LiDS-1/gromacs/umbrella_sampling/window_002_0.62nm/umbrella_eq.edr	325400	2026-07-18T08:47:26.2107351110Z
NaCl	LiDS-1/gromacs/umbrella_sampling/window_002_0.62nm/umbrella_eq.xtc	52554348	2026-07-18T08:47:26.1667351200Z
NaCl	LiDS-1/gromacs/umbrella_sampling/window_002_0.62nm/umbrella_eq_prev.cpt	702392	2026-07-18T08:47:26.1637351200Z
NaCl	LiDS-1/gromacs/umbrella_sampling/window_002_0.62nm/umbrella_prev.cpt	702372	2026-07-20T02:39:34.3195019770Z
NaCl	LiDS-1/gromacs/umbrella_sampling/window_003_0.70nm/umbrella.cpt	703440	2026-07-20T04:58:07.0680050280Z
NaCl	LiDS-1/gromacs/umbrella_sampling/window_003_0.70nm/umbrella.edr	1297400	2026-07-20T04:58:07.1380050730Z
NaCl	LiDS-1/gromacs/umbrella_sampling/window_003_0.70nm/umbrella.xtc	209903636	2026-07-20T04:58:07.0780050340Z
NaCl	LiDS-1/gromacs/umbrella_sampling/window_003_0.70nm/umbrella_eq.cpt	703460	2026-07-18T08:48:15.7827253020Z
NaCl	LiDS-1/gromacs/umbrella_sampling/window_003_0.70nm/umbrella_eq.edr	325400	2026-07-18T08:48:15.8327252920Z
NaCl	LiDS-1/gromacs/umbrella_sampling/window_003_0.70nm/umbrella_eq.xtc	52554620	2026-07-18T08:48:15.7887253010Z
NaCl	LiDS-1/gromacs/umbrella_sampling/window_003_0.70nm/umbrella_eq_prev.cpt	703184	2026-07-18T08:48:15.7857253020Z
NaCl	LiDS-1/gromacs/umbrella_sampling/window_003_0.70nm/umbrella_prev.cpt	703164	2026-07-20T04:58:07.0730050310Z
NaCl	LiDS-1/gromacs/umbrella_sampling/window_004_0.77nm/umbrella.cpt	703440	2026-07-24T05:04:25.6424781280Z
NaCl	LiDS-1/gromacs/umbrella_sampling/window_004_0.77nm/umbrella.edr	1297400	2026-07-24T05:04:25.6834781290Z
NaCl	LiDS-1/gromacs/umbrella_sampling/window_004_0.77nm/umbrella.xtc	209903948	2026-07-24T05:04:25.6464781280Z
NaCl	LiDS-1/gromacs/umbrella_sampling/window_004_0.77nm/umbrella_eq.cpt	703460	2026-07-19T05:43:46.1824074900Z
NaCl	LiDS-1/gromacs/umbrella_sampling/window_004_0.77nm/umbrella_eq.edr	325400	2026-07-19T05:43:46.2304075340Z
NaCl	LiDS-1/gromacs/umbrella_sampling/window_004_0.77nm/umbrella_eq.xtc	52555136	2026-07-19T05:43:46.1864074940Z
NaCl	LiDS-1/gromacs/umbrella_sampling/window_004_0.77nm/umbrella_eq_prev.cpt	703184	2026-07-19T05:43:46.1834074920Z
NaCl	LiDS-1/gromacs/umbrella_sampling/window_004_0.77nm/umbrella_prev.cpt	703164	2026-07-24T05:04:25.6434781280Z
NaCl	LiDS-1/gromacs/umbrella_sampling/window_005_0.85nm/umbrella.cpt	703440	2026-07-23T11:40:42.7778565520Z
NaCl	LiDS-1/gromacs/umbrella_sampling/window_005_0.85nm/umbrella.edr	1297400	2026-07-23T11:40:42.8278565820Z
NaCl	LiDS-1/gromacs/umbrella_sampling/window_005_0.85nm/umbrella.xtc	209905544	2026-07-23T11:40:42.7828565550Z
NaCl	LiDS-1/gromacs/umbrella_sampling/window_005_0.85nm/umbrella_eq.cpt	703460	2026-07-18T09:48:36.2396276590Z
NaCl	LiDS-1/gromacs/umbrella_sampling/window_005_0.85nm/umbrella_eq.edr	325400	2026-07-18T09:48:36.3036276770Z
NaCl	LiDS-1/gromacs/umbrella_sampling/window_005_0.85nm/umbrella_eq.xtc	52554940	2026-07-18T09:48:36.2476276610Z
NaCl	LiDS-1/gromacs/umbrella_sampling/window_005_0.85nm/umbrella_eq_prev.cpt	703184	2026-07-18T09:48:36.2416276590Z
NaCl	LiDS-1/gromacs/umbrella_sampling/window_005_0.85nm/umbrella_prev.cpt	703164	2026-07-23T11:40:42.7798565530Z
NaCl	LiDS-1/gromacs/umbrella_sampling/window_006_0.92nm/umbrella.cpt	703440	2026-07-24T06:49:49.1930588590Z
NaCl	LiDS-1/gromacs/umbrella_sampling/window_006_0.92nm/umbrella.edr	1297400	2026-07-24T06:49:49.2230588500Z
NaCl	LiDS-1/gromacs/umbrella_sampling/window_006_0.92nm/umbrella.xtc	209902296	2026-07-24T06:49:49.1960588580Z
NaCl	LiDS-1/gromacs/umbrella_sampling/window_006_0.92nm/umbrella_eq.cpt	703460	2026-07-23T17:46:54.0046662870Z
NaCl	LiDS-1/gromacs/umbrella_sampling/window_006_0.92nm/umbrella_eq.edr	325400	2026-07-23T17:46:54.0536663150Z
NaCl	LiDS-1/gromacs/umbrella_sampling/window_006_0.92nm/umbrella_eq.xtc	52554764	2026-07-23T17:46:54.0096662900Z
NaCl	LiDS-1/gromacs/umbrella_sampling/window_006_0.92nm/umbrella_eq_prev.cpt	703184	2026-07-23T17:46:54.0066662880Z
NaCl	LiDS-1/gromacs/umbrella_sampling/window_006_0.92nm/umbrella_prev.cpt	703164	2026-07-24T06:49:49.1950588580Z
NaCl	LiDS-1/gromacs/umbrella_sampling/window_007_1.00nm/umbrella.cpt	703440	2026-07-21T17:38:09.3220073920Z
NaCl	LiDS-1/gromacs/umbrella_sampling/window_007_1.00nm/umbrella.edr	1297400	2026-07-21T17:38:09.3700073910Z
NaCl	LiDS-1/gromacs/umbrella_sampling/window_007_1.00nm/umbrella.xtc	209905632	2026-07-21T17:38:09.3260073920Z
NaCl	LiDS-1/gromacs/umbrella_sampling/window_007_1.00nm/umbrella_eq.cpt	703460	2026-07-19T05:46:26.6225461920Z
NaCl	LiDS-1/gromacs/umbrella_sampling/window_007_1.00nm/umbrella_eq.edr	325400	2026-07-19T05:46:26.6985462550Z
NaCl	LiDS-1/gromacs/umbrella_sampling/window_007_1.00nm/umbrella_eq.xtc	52554496	2026-07-19T05:46:26.6295461980Z
NaCl	LiDS-1/gromacs/umbrella_sampling/window_007_1.00nm/umbrella_eq_prev.cpt	703184	2026-07-19T05:46:26.6245461930Z
NaCl	LiDS-1/gromacs/umbrella_sampling/window_007_1.00nm/umbrella_prev.cpt	703164	2026-07-21T17:38:09.3230073920Z
NaCl	LiDS-1/gromacs/umbrella_sampling/window_008_1.07nm/umbrella.cpt	703440	2026-07-21T17:41:52.7572643380Z
NaCl	LiDS-1/gromacs/umbrella_sampling/window_008_1.07nm/umbrella.edr	1297400	2026-07-21T17:41:52.8072644710Z
NaCl	LiDS-1/gromacs/umbrella_sampling/window_008_1.07nm/umbrella.xtc	209902768	2026-07-21T17:41:52.7632643540Z
NaCl	LiDS-1/gromacs/umbrella_sampling/window_008_1.07nm/umbrella_eq.cpt	703460	2026-07-18T08:47:17.9827367740Z
NaCl	LiDS-1/gromacs/umbrella_sampling/window_008_1.07nm/umbrella_eq.edr	325400	2026-07-18T08:47:18.1057367490Z
NaCl	LiDS-1/gromacs/umbrella_sampling/window_008_1.07nm/umbrella_eq.xtc	52555676	2026-07-18T08:47:17.9887367730Z
NaCl	LiDS-1/gromacs/umbrella_sampling/window_008_1.07nm/umbrella_eq_prev.cpt	703184	2026-07-18T08:47:17.9857367740Z
NaCl	LiDS-1/gromacs/umbrella_sampling/window_008_1.07nm/umbrella_prev.cpt	703164	2026-07-21T17:41:52.7602643460Z
NaCl	LiDS-1/gromacs/umbrella_sampling/window_009_1.15nm/umbrella.cpt	703440	2026-07-19T21:15:16.9799010700Z
NaCl	LiDS-1/gromacs/umbrella_sampling/window_009_1.15nm/umbrella.edr	1297400	2026-07-19T21:15:17.0279010950Z
NaCl	LiDS-1/gromacs/umbrella_sampling/window_009_1.15nm/umbrella.xtc	209904284	2026-07-19T21:15:16.9839010730Z
NaCl	LiDS-1/gromacs/umbrella_sampling/window_009_1.15nm/umbrella_eq.cpt	703460	2026-07-18T08:47:34.2157335020Z
NaCl	LiDS-1/gromacs/umbrella_sampling/window_009_1.15nm/umbrella_eq.edr	325400	2026-07-18T08:47:34.2647334930Z
NaCl	LiDS-1/gromacs/umbrella_sampling/window_009_1.15nm/umbrella_eq.xtc	52554936	2026-07-18T08:47:34.2197335020Z
NaCl	LiDS-1/gromacs/umbrella_sampling/window_009_1.15nm/umbrella_eq_prev.cpt	702392	2026-07-18T08:47:34.2177335020Z
NaCl	LiDS-1/gromacs/umbrella_sampling/window_009_1.15nm/umbrella_prev.cpt	703164	2026-07-19T21:15:16.9819010720Z
NaCl	LiDS-1/gromacs/umbrella_sampling/window_010_1.22nm/umbrella.cpt	703440	2026-07-19T09:03:40.4088832350Z
NaCl	LiDS-1/gromacs/umbrella_sampling/window_010_1.22nm/umbrella.edr	1297400	2026-07-19T09:03:40.4608832680Z
NaCl	LiDS-1/gromacs/umbrella_sampling/window_010_1.22nm/umbrella.xtc	209902600	2026-07-19T09:03:40.4168832400Z
NaCl	LiDS-1/gromacs/umbrella_sampling/window_010_1.22nm/umbrella_eq.cpt	703460	2026-07-18T08:49:25.5087120740Z
NaCl	LiDS-1/gromacs/umbrella_sampling/window_010_1.22nm/umbrella_eq.edr	325400	2026-07-18T08:49:25.5567120650Z
NaCl	LiDS-1/gromacs/umbrella_sampling/window_010_1.22nm/umbrella_eq.xtc	52554432	2026-07-18T08:49:25.5127120740Z
NaCl	LiDS-1/gromacs/umbrella_sampling/window_010_1.22nm/umbrella_eq_prev.cpt	703184	2026-07-18T08:49:25.5107120740Z
NaCl	LiDS-1/gromacs/umbrella_sampling/window_010_1.22nm/umbrella_prev.cpt	703164	2026-07-19T09:03:40.4138832380Z
NaCl	LiDS-1/gromacs/umbrella_sampling/window_011_1.30nm/umbrella.cpt	703440	2026-07-21T03:39:29.8033364210Z
NaCl	LiDS-1/gromacs/umbrella_sampling/window_011_1.30nm/umbrella.edr	1297400	2026-07-21T03:39:29.8533364000Z
NaCl	LiDS-1/gromacs/umbrella_sampling/window_011_1.30nm/umbrella.xtc	209902804	2026-07-21T03:39:29.8103364180Z
NaCl	LiDS-1/gromacs/umbrella_sampling/window_011_1.30nm/umbrella_eq.cpt	703460	2026-07-18T08:50:19.9637021570Z
NaCl	LiDS-1/gromacs/umbrella_sampling/window_011_1.30nm/umbrella_eq.edr	325400	2026-07-18T08:50:20.0107021480Z
NaCl	LiDS-1/gromacs/umbrella_sampling/window_011_1.30nm/umbrella_eq.xtc	52554272	2026-07-18T08:50:19.9677021560Z
NaCl	LiDS-1/gromacs/umbrella_sampling/window_011_1.30nm/umbrella_eq_prev.cpt	703184	2026-07-18T08:50:19.9647021560Z
NaCl	LiDS-1/gromacs/umbrella_sampling/window_011_1.30nm/umbrella_prev.cpt	703164	2026-07-21T03:39:29.8073364200Z
NaCl	LiDS-1/gromacs/umbrella_sampling/window_012_1.37nm/umbrella.cpt	703440	2026-07-19T21:16:13.2539291310Z
NaCl	LiDS-1/gromacs/umbrella_sampling/window_012_1.37nm/umbrella.edr	1297400	2026-07-19T21:16:13.3099291580Z
NaCl	LiDS-1/gromacs/umbrella_sampling/window_012_1.37nm/umbrella.xtc	209903080	2026-07-19T21:16:13.2619291340Z
NaCl	LiDS-1/gromacs/umbrella_sampling/window_012_1.37nm/umbrella_eq.cpt	703460	2026-07-18T08:50:16.4827027800Z
NaCl	LiDS-1/gromacs/umbrella_sampling/window_012_1.37nm/umbrella_eq.edr	325400	2026-07-18T08:50:16.5417027700Z
NaCl	LiDS-1/gromacs/umbrella_sampling/window_012_1.37nm/umbrella_eq.xtc	52554460	2026-07-18T08:50:16.4887027790Z
NaCl	LiDS-1/gromacs/umbrella_sampling/window_012_1.37nm/umbrella_eq_prev.cpt	703184	2026-07-18T08:50:16.4857027800Z
NaCl	LiDS-1/gromacs/umbrella_sampling/window_012_1.37nm/umbrella_prev.cpt	703164	2026-07-19T21:16:13.2599291330Z
NaCl	LiDS-1/gromacs/umbrella_sampling/window_013_1.45nm/umbrella.cpt	703440	2026-07-24T07:06:08.6778647700Z
NaCl	LiDS-1/gromacs/umbrella_sampling/window_013_1.45nm/umbrella.edr	1297400	2026-07-24T07:06:08.7078647650Z
NaCl	LiDS-1/gromacs/umbrella_sampling/window_013_1.45nm/umbrella.xtc	209902480	2026-07-24T07:06:08.6808647690Z
NaCl	LiDS-1/gromacs/umbrella_sampling/window_013_1.45nm/umbrella_eq.cpt	703460	2026-07-18T09:00:27.6540993550Z
NaCl	LiDS-1/gromacs/umbrella_sampling/window_013_1.45nm/umbrella_eq.edr	325400	2026-07-18T09:00:27.7160994890Z
NaCl	LiDS-1/gromacs/umbrella_sampling/window_013_1.45nm/umbrella_eq.xtc	52554460	2026-07-18T09:00:27.6630993740Z
NaCl	LiDS-1/gromacs/umbrella_sampling/window_013_1.45nm/umbrella_eq_prev.cpt	703184	2026-07-18T09:00:27.6560993590Z
NaCl	LiDS-1/gromacs/umbrella_sampling/window_013_1.45nm/umbrella_prev.cpt	703164	2026-07-24T07:06:08.6798647690Z
NaCl	LiDS-1/gromacs/umbrella_sampling/window_014_1.52nm/umbrella.cpt	703440	2026-07-23T01:22:39.7445841370Z
NaCl	LiDS-1/gromacs/umbrella_sampling/window_014_1.52nm/umbrella.edr	1297400	2026-07-23T01:22:39.7965841520Z
NaCl	LiDS-1/gromacs/umbrella_sampling/window_014_1.52nm/umbrella.xtc	209903484	2026-07-23T01:22:39.7495841390Z
NaCl	LiDS-1/gromacs/umbrella_sampling/window_014_1.52nm/umbrella_eq.cpt	703460	2026-07-18T08:48:11.7677260830Z
NaCl	LiDS-1/gromacs/umbrella_sampling/window_014_1.52nm/umbrella_eq.edr	325400	2026-07-18T08:48:11.8187260730Z
NaCl	LiDS-1/gromacs/umbrella_sampling/window_014_1.52nm/umbrella_eq.xtc	52554504	2026-07-18T08:48:11.7747260820Z
NaCl	LiDS-1/gromacs/umbrella_sampling/window_014_1.52nm/umbrella_eq_prev.cpt	703184	2026-07-18T08:48:11.7717260830Z
NaCl	LiDS-1/gromacs/umbrella_sampling/window_014_1.52nm/umbrella_prev.cpt	703164	2026-07-23T01:22:39.7465841380Z
NaCl	LiDS-1/gromacs/umbrella_sampling/window_015_1.60nm/umbrella.cpt	703440	2026-07-20T06:29:30.6672442440Z
NaCl	LiDS-1/gromacs/umbrella_sampling/window_015_1.60nm/umbrella.edr	1297400	2026-07-20T06:29:30.7382441100Z
NaCl	LiDS-1/gromacs/umbrella_sampling/window_015_1.60nm/umbrella.xtc	209903344	2026-07-20T06:29:30.6732442330Z
NaCl	LiDS-1/gromacs/umbrella_sampling/window_015_1.60nm/umbrella_eq.cpt	703460	2026-07-18T08:58:07.6497649230Z
NaCl	LiDS-1/gromacs/umbrella_sampling/window_015_1.60nm/umbrella_eq.edr	325400	2026-07-18T08:58:07.6987650520Z
NaCl	LiDS-1/gromacs/umbrella_sampling/window_015_1.60nm/umbrella_eq.xtc	52554628	2026-07-18T08:58:07.6557649390Z
NaCl	LiDS-1/gromacs/umbrella_sampling/window_015_1.60nm/umbrella_eq_prev.cpt	703184	2026-07-18T08:58:07.6527649310Z
NaCl	LiDS-1/gromacs/umbrella_sampling/window_015_1.60nm/umbrella_prev.cpt	703164	2026-07-20T06:29:30.6702442390Z
NaCl	LiDS-1/gromacs/umbrella_sampling/window_016_1.67nm/umbrella.cpt	703440	2026-07-23T10:44:49.5590235140Z
NaCl	LiDS-1/gromacs/umbrella_sampling/window_016_1.67nm/umbrella.edr	1297400	2026-07-23T10:44:49.6080235270Z
NaCl	LiDS-1/gromacs/umbrella_sampling/window_016_1.67nm/umbrella.xtc	209903008	2026-07-23T10:44:49.5630235150Z
NaCl	LiDS-1/gromacs/umbrella_sampling/window_016_1.67nm/umbrella_eq.cpt	703460	2026-07-18T08:51:35.1236889900Z
NaCl	LiDS-1/gromacs/umbrella_sampling/window_016_1.67nm/umbrella_eq.edr	325400	2026-07-18T08:51:35.1786889810Z
NaCl	LiDS-1/gromacs/umbrella_sampling/window_016_1.67nm/umbrella_eq.xtc	52554836	2026-07-18T08:51:35.1306889890Z
NaCl	LiDS-1/gromacs/umbrella_sampling/window_016_1.67nm/umbrella_eq_prev.cpt	702392	2026-07-18T08:51:35.1276889900Z
NaCl	LiDS-1/gromacs/umbrella_sampling/window_016_1.67nm/umbrella_prev.cpt	703164	2026-07-23T10:44:49.5610235140Z
NaCl	LiDS-1/gromacs/umbrella_sampling/window_017_1.75nm/umbrella.cpt	703440	2026-07-22T07:11:59.7368592240Z
NaCl	LiDS-1/gromacs/umbrella_sampling/window_017_1.75nm/umbrella.edr	1297400	2026-07-22T07:11:59.7938592260Z
NaCl	LiDS-1/gromacs/umbrella_sampling/window_017_1.75nm/umbrella.xtc	209904000	2026-07-22T07:11:59.7438592240Z
NaCl	LiDS-1/gromacs/umbrella_sampling/window_017_1.75nm/umbrella_eq.cpt	703460	2026-07-18T08:48:59.9877168430Z
NaCl	LiDS-1/gromacs/umbrella_sampling/window_017_1.75nm/umbrella_eq.edr	325400	2026-07-18T08:49:00.0357168340Z
NaCl	LiDS-1/gromacs/umbrella_sampling/window_017_1.75nm/umbrella_eq.xtc	52554632	2026-07-18T08:48:59.9917168420Z
NaCl	LiDS-1/gromacs/umbrella_sampling/window_017_1.75nm/umbrella_eq_prev.cpt	703184	2026-07-18T08:48:59.9887168430Z
NaCl	LiDS-1/gromacs/umbrella_sampling/window_017_1.75nm/umbrella_prev.cpt	703164	2026-07-22T07:11:59.7378592240Z
NaCl	LiDS-1/gromacs/umbrella_sampling/window_018_1.82nm/umbrella.cpt	703440	2026-07-22T22:58:57.4804076450Z
NaCl	LiDS-1/gromacs/umbrella_sampling/window_018_1.82nm/umbrella.edr	1297400	2026-07-22T22:58:57.5344076890Z
NaCl	LiDS-1/gromacs/umbrella_sampling/window_018_1.82nm/umbrella.xtc	209905684	2026-07-22T22:58:57.4864076500Z
NaCl	LiDS-1/gromacs/umbrella_sampling/window_018_1.82nm/umbrella_eq.cpt	703460	2026-07-21T21:33:11.5720356310Z
NaCl	LiDS-1/gromacs/umbrella_sampling/window_018_1.82nm/umbrella_eq.edr	325400	2026-07-21T21:33:11.6200356120Z
NaCl	LiDS-1/gromacs/umbrella_sampling/window_018_1.82nm/umbrella_eq.xtc	52554236	2026-07-21T21:33:11.5760356300Z
NaCl	LiDS-1/gromacs/umbrella_sampling/window_018_1.82nm/umbrella_eq_prev.cpt	703184	2026-07-21T21:33:11.5730356310Z
NaCl	LiDS-1/gromacs/umbrella_sampling/window_018_1.82nm/umbrella_prev.cpt	703164	2026-07-22T22:58:57.4834076480Z
NaCl	LiDS-1/gromacs/umbrella_sampling/window_019_1.90nm/umbrella.cpt	703440	2026-07-20T12:01:28.4022481270Z
NaCl	LiDS-1/gromacs/umbrella_sampling/window_019_1.90nm/umbrella.edr	1297400	2026-07-20T12:01:28.5012481540Z
NaCl	LiDS-1/gromacs/umbrella_sampling/window_019_1.90nm/umbrella.xtc	209904288	2026-07-20T12:01:28.4092481290Z
NaCl	LiDS-1/gromacs/umbrella_sampling/window_019_1.90nm/umbrella_eq.cpt	703460	2026-07-18T08:48:24.2987236520Z
NaCl	LiDS-1/gromacs/umbrella_sampling/window_019_1.90nm/umbrella_eq.edr	325400	2026-07-18T08:48:24.3437236430Z
NaCl	LiDS-1/gromacs/umbrella_sampling/window_019_1.90nm/umbrella_eq.xtc	52555324	2026-07-18T08:48:24.3027236510Z
NaCl	LiDS-1/gromacs/umbrella_sampling/window_019_1.90nm/umbrella_eq_prev.cpt	703184	2026-07-18T08:48:24.2997236520Z
NaCl	LiDS-1/gromacs/umbrella_sampling/window_019_1.90nm/umbrella_prev.cpt	703164	2026-07-20T12:01:28.4062481280Z
NaCl	LiDS-1/gromacs/umbrella_sampling/window_020_1.97nm/umbrella.cpt	703440	2026-07-21T06:54:44.3913426010Z
NaCl	LiDS-1/gromacs/umbrella_sampling/window_020_1.97nm/umbrella.edr	1297400	2026-07-21T06:54:44.4403425520Z
NaCl	LiDS-1/gromacs/umbrella_sampling/window_020_1.97nm/umbrella.xtc	209903488	2026-07-21T06:54:44.3953425970Z
NaCl	LiDS-1/gromacs/umbrella_sampling/window_020_1.97nm/umbrella_eq.cpt	703460	2026-07-18T10:42:52.3425835050Z
NaCl	LiDS-1/gromacs/umbrella_sampling/window_020_1.97nm/umbrella_eq.edr	325400	2026-07-18T10:42:52.3905835730Z
NaCl	LiDS-1/gromacs/umbrella_sampling/window_020_1.97nm/umbrella_eq.xtc	52554368	2026-07-18T10:42:52.3465835110Z
NaCl	LiDS-1/gromacs/umbrella_sampling/window_020_1.97nm/umbrella_eq_prev.cpt	703184	2026-07-18T10:42:52.3445835080Z
NaCl	LiDS-1/gromacs/umbrella_sampling/window_020_1.97nm/umbrella_prev.cpt	702372	2026-07-21T06:54:44.3923426000Z
NaCl	LiDS-1/gromacs/umbrella_sampling/window_021_2.05nm/umbrella.cpt	703440	2026-07-22T00:10:50.0130382330Z
NaCl	LiDS-1/gromacs/umbrella_sampling/window_021_2.05nm/umbrella.edr	1297400	2026-07-22T00:10:50.0730382970Z
NaCl	LiDS-1/gromacs/umbrella_sampling/window_021_2.05nm/umbrella.xtc	209903444	2026-07-22T00:10:50.0200382400Z
NaCl	LiDS-1/gromacs/umbrella_sampling/window_021_2.05nm/umbrella_eq.cpt	703460	2026-07-18T08:57:00.7565785350Z
NaCl	LiDS-1/gromacs/umbrella_sampling/window_021_2.05nm/umbrella_eq.edr	325400	2026-07-18T08:57:00.8035786730Z
NaCl	LiDS-1/gromacs/umbrella_sampling/window_021_2.05nm/umbrella_eq.xtc	52554316	2026-07-18T08:57:00.7605785460Z
NaCl	LiDS-1/gromacs/umbrella_sampling/window_021_2.05nm/umbrella_eq_prev.cpt	703184	2026-07-18T08:57:00.7585785410Z
NaCl	LiDS-1/gromacs/umbrella_sampling/window_021_2.05nm/umbrella_prev.cpt	703164	2026-07-22T00:10:50.0170382370Z
NaCl	LiDS-1/gromacs/umbrella_sampling/window_022_2.12nm/umbrella.cpt	703440	2026-07-20T11:11:06.3661195550Z
NaCl	LiDS-1/gromacs/umbrella_sampling/window_022_2.12nm/umbrella.edr	1297400	2026-07-20T11:11:06.4151195550Z
NaCl	LiDS-1/gromacs/umbrella_sampling/window_022_2.12nm/umbrella.xtc	209905776	2026-07-20T11:11:06.3701195550Z
NaCl	LiDS-1/gromacs/umbrella_sampling/window_022_2.12nm/umbrella_eq.cpt	703460	2026-07-18T08:48:52.8467181920Z
NaCl	LiDS-1/gromacs/umbrella_sampling/window_022_2.12nm/umbrella_eq.edr	325400	2026-07-18T08:48:52.8947181830Z
NaCl	LiDS-1/gromacs/umbrella_sampling/window_022_2.12nm/umbrella_eq.xtc	52554836	2026-07-18T08:48:52.8507181920Z
NaCl	LiDS-1/gromacs/umbrella_sampling/window_022_2.12nm/umbrella_eq_prev.cpt	703184	2026-07-18T08:48:52.8477181920Z
NaCl	LiDS-1/gromacs/umbrella_sampling/window_022_2.12nm/umbrella_prev.cpt	703164	2026-07-20T11:11:06.3671195550Z
NaCl	LiDS-1/gromacs/umbrella_sampling/window_023_2.20nm/umbrella.cpt	703440	2026-07-21T17:14:20.1863428040Z
NaCl	LiDS-1/gromacs/umbrella_sampling/window_023_2.20nm/umbrella.edr	1297400	2026-07-21T17:14:20.2373427660Z
NaCl	LiDS-1/gromacs/umbrella_sampling/window_023_2.20nm/umbrella.xtc	209902796	2026-07-21T17:14:20.1913428000Z
NaCl	LiDS-1/gromacs/umbrella_sampling/window_023_2.20nm/umbrella_eq.cpt	703460	2026-07-19T12:28:13.6775187130Z
NaCl	LiDS-1/gromacs/umbrella_sampling/window_023_2.20nm/umbrella_eq.edr	325400	2026-07-19T12:28:13.7245187390Z
NaCl	LiDS-1/gromacs/umbrella_sampling/window_023_2.20nm/umbrella_eq.xtc	52553952	2026-07-19T12:28:13.6815187150Z
NaCl	LiDS-1/gromacs/umbrella_sampling/window_023_2.20nm/umbrella_eq_prev.cpt	703184	2026-07-19T12:28:13.6785187130Z
NaCl	LiDS-1/gromacs/umbrella_sampling/window_023_2.20nm/umbrella_prev.cpt	703164	2026-07-21T17:14:20.1883428030Z
NaCl	LiDS-1/gromacs/umbrella_sampling/window_024_2.27nm/umbrella.cpt	703440	2026-07-20T22:12:18.6263986910Z
NaCl	LiDS-1/gromacs/umbrella_sampling/window_024_2.27nm/umbrella.edr	1297400	2026-07-20T22:12:18.6743986960Z
NaCl	LiDS-1/gromacs/umbrella_sampling/window_024_2.27nm/umbrella.xtc	209905412	2026-07-20T22:12:18.6303986920Z
NaCl	LiDS-1/gromacs/umbrella_sampling/window_024_2.27nm/umbrella_eq.cpt	703460	2026-07-19T05:45:00.3244731470Z
NaCl	LiDS-1/gromacs/umbrella_sampling/window_024_2.27nm/umbrella_eq.edr	325400	2026-07-19T05:45:00.3724731880Z
NaCl	LiDS-1/gromacs/umbrella_sampling/window_024_2.27nm/umbrella_eq.xtc	52554396	2026-07-19T05:45:00.3284731500Z
NaCl	LiDS-1/gromacs/umbrella_sampling/window_024_2.27nm/umbrella_eq_prev.cpt	703184	2026-07-19T05:45:00.3254731480Z
NaCl	LiDS-1/gromacs/umbrella_sampling/window_024_2.27nm/umbrella_prev.cpt	703164	2026-07-20T22:12:18.6273986920Z
NaCl	LiDS-1/gromacs/umbrella_sampling/window_025_2.35nm/umbrella.cpt	703440	2026-07-22T05:28:10.1514598110Z
NaCl	LiDS-1/gromacs/umbrella_sampling/window_025_2.35nm/umbrella.edr	1297400	2026-07-22T05:28:10.2024598200Z
NaCl	LiDS-1/gromacs/umbrella_sampling/window_025_2.35nm/umbrella.xtc	209902692	2026-07-22T05:28:10.1584598120Z
NaCl	LiDS-1/gromacs/umbrella_sampling/window_025_2.35nm/umbrella_eq.cpt	703460	2026-07-18T08:55:00.4031896170Z
NaCl	LiDS-1/gromacs/umbrella_sampling/window_025_2.35nm/umbrella_eq.edr	325400	2026-07-18T08:55:00.4511897880Z
NaCl	LiDS-1/gromacs/umbrella_sampling/window_025_2.35nm/umbrella_eq.xtc	52555160	2026-07-18T08:55:00.4071896310Z
NaCl	LiDS-1/gromacs/umbrella_sampling/window_025_2.35nm/umbrella_eq_prev.cpt	703184	2026-07-18T08:55:00.4051896240Z
NaCl	LiDS-1/gromacs/umbrella_sampling/window_025_2.35nm/umbrella_prev.cpt	703164	2026-07-22T05:28:10.1524598110Z
NaCl	LiDS-1/gromacs/umbrella_sampling/window_026_2.42nm/umbrella.cpt	703440	2026-07-19T21:44:32.5907103830Z
NaCl	LiDS-1/gromacs/umbrella_sampling/window_026_2.42nm/umbrella.edr	1297400	2026-07-19T21:44:32.6417104050Z
NaCl	LiDS-1/gromacs/umbrella_sampling/window_026_2.42nm/umbrella.xtc	209903096	2026-07-19T21:44:32.5987103860Z
NaCl	LiDS-1/gromacs/umbrella_sampling/window_026_2.42nm/umbrella_eq.cpt	703460	2026-07-18T17:12:29.1134769000Z
NaCl	LiDS-1/gromacs/umbrella_sampling/window_026_2.42nm/umbrella_eq.edr	325400	2026-07-18T17:12:29.1624768980Z
NaCl	LiDS-1/gromacs/umbrella_sampling/window_026_2.42nm/umbrella_eq.xtc	52554676	2026-07-18T17:12:29.1184768990Z
NaCl	LiDS-1/gromacs/umbrella_sampling/window_026_2.42nm/umbrella_eq_prev.cpt	702392	2026-07-18T17:12:29.1154768990Z
NaCl	LiDS-1/gromacs/umbrella_sampling/window_026_2.42nm/umbrella_prev.cpt	703164	2026-07-19T21:44:32.5957103850Z
NaCl	LiDS-1/gromacs/umbrella_sampling/window_027_2.50nm/umbrella.cpt	703440	2026-07-23T06:07:04.8916298370Z
NaCl	LiDS-1/gromacs/umbrella_sampling/window_027_2.50nm/umbrella.edr	1297400	2026-07-23T06:07:04.9406299090Z
NaCl	LiDS-1/gromacs/umbrella_sampling/window_027_2.50nm/umbrella.xtc	209904004	2026-07-23T06:07:04.8966298450Z
NaCl	LiDS-1/gromacs/umbrella_sampling/window_027_2.50nm/umbrella_eq.cpt	703460	2026-07-21T13:50:59.4129550410Z
NaCl	LiDS-1/gromacs/umbrella_sampling/window_027_2.50nm/umbrella_eq.edr	325400	2026-07-21T13:50:59.4659550580Z
NaCl	LiDS-1/gromacs/umbrella_sampling/window_027_2.50nm/umbrella_eq.xtc	52555280	2026-07-21T13:50:59.4209550430Z
NaCl	LiDS-1/gromacs/umbrella_sampling/window_027_2.50nm/umbrella_eq_prev.cpt	703184	2026-07-21T13:50:59.4149550410Z
NaCl	LiDS-1/gromacs/umbrella_sampling/window_027_2.50nm/umbrella_prev.cpt	703164	2026-07-23T06:07:04.8936298400Z
NaCl	LiDS-1/gromacs/umbrella_sampling/window_028_2.57nm/umbrella.cpt	703440	2026-07-24T08:14:16.9796242430Z
NaCl	LiDS-1/gromacs/umbrella_sampling/window_028_2.57nm/umbrella.edr	1297400	2026-07-24T08:14:17.0096242430Z
NaCl	LiDS-1/gromacs/umbrella_sampling/window_028_2.57nm/umbrella.xtc	209903576	2026-07-24T08:14:16.9826242440Z
NaCl	LiDS-1/gromacs/umbrella_sampling/window_028_2.57nm/umbrella_eq.cpt	703460	2026-07-23T19:32:45.0947697160Z
NaCl	LiDS-1/gromacs/umbrella_sampling/window_028_2.57nm/umbrella_eq.edr	325400	2026-07-23T19:32:45.1427697570Z
NaCl	LiDS-1/gromacs/umbrella_sampling/window_028_2.57nm/umbrella_eq.xtc	52554720	2026-07-23T19:32:45.0987697190Z
NaCl	LiDS-1/gromacs/umbrella_sampling/window_028_2.57nm/umbrella_eq_prev.cpt	702392	2026-07-23T19:32:45.0957697170Z
NaCl	LiDS-1/gromacs/umbrella_sampling/window_028_2.57nm/umbrella_prev.cpt	702372	2026-07-24T08:14:16.9816242440Z
NaCl	LiDS-1/gromacs/umbrella_sampling/window_029_2.65nm/umbrella.cpt	703440	2026-07-21T14:48:36.1381247680Z
NaCl	LiDS-1/gromacs/umbrella_sampling/window_029_2.65nm/umbrella.edr	1297400	2026-07-21T14:48:36.1961247410Z
NaCl	LiDS-1/gromacs/umbrella_sampling/window_029_2.65nm/umbrella.xtc	209914312	2026-07-21T14:48:36.1441247650Z
NaCl	LiDS-1/gromacs/umbrella_sampling/window_029_2.65nm/umbrella_eq.cpt	703460	2026-07-18T08:47:10.4127383140Z
NaCl	LiDS-1/gromacs/umbrella_sampling/window_029_2.65nm/umbrella_eq.edr	325400	2026-07-18T08:47:10.4607383040Z
NaCl	LiDS-1/gromacs/umbrella_sampling/window_029_2.65nm/umbrella_eq.xtc	52554384	2026-07-18T08:47:10.4167383130Z
NaCl	LiDS-1/gromacs/umbrella_sampling/window_029_2.65nm/umbrella_eq_prev.cpt	703184	2026-07-18T08:47:10.4147383130Z
NaCl	LiDS-1/gromacs/umbrella_sampling/window_029_2.65nm/umbrella_prev.cpt	703164	2026-07-21T14:48:36.1411247660Z
NaCl	LiLC-1/gromacs/run_eq/step4.1_equilibration.edr	71728	2026-07-13T14:32:44.0000000000Z
NaCl	LiLC-1/gromacs/umbrella_sampling/bound_place_min/min.edr	78552	2026-07-18T01:31:56.6864244730Z
NaCl	LiLC-1/gromacs/umbrella_sampling/bound_place_min/min.trr	532788	2026-07-18T01:31:56.6894244510Z
NaCl	LiLC-1/gromacs/umbrella_sampling/pull/pull.cpt	1067668	2026-07-18T04:02:02.7048249530Z
NaCl	LiLC-1/gromacs/umbrella_sampling/pull/pull.edr	649400	2026-07-18T04:02:02.7868249640Z
NaCl	LiLC-1/gromacs/umbrella_sampling/pull/pull.xtc	159489868	2026-07-18T04:02:02.7118249540Z
NaCl	LiLC-1/gromacs/umbrella_sampling/pull/pull_prev.cpt	1067392	2026-07-18T04:02:02.7078249540Z
NaCl	LiLC-1/gromacs/umbrella_sampling/window_000_0.37nm/umbrella.cpt	1067688	2026-07-24T11:24:43.4991152730Z
NaCl	LiLC-1/gromacs/umbrella_sampling/window_000_0.37nm/umbrella.edr	1297400	2026-07-24T11:24:43.5451152300Z
NaCl	LiLC-1/gromacs/umbrella_sampling/window_000_0.37nm/umbrella.xtc	318808152	2026-07-24T11:24:43.5041152680Z
NaCl	LiLC-1/gromacs/umbrella_sampling/window_000_0.37nm/umbrella_eq.cpt	1067708	2026-07-23T01:25:52.3136359720Z
NaCl	LiLC-1/gromacs/umbrella_sampling/window_000_0.37nm/umbrella_eq.edr	325400	2026-07-23T01:25:52.4316360030Z
NaCl	LiLC-1/gromacs/umbrella_sampling/window_000_0.37nm/umbrella_eq.xtc	79825676	2026-07-23T01:25:52.3226359740Z
NaCl	LiLC-1/gromacs/umbrella_sampling/window_000_0.37nm/umbrella_eq_prev.cpt	1067432	2026-07-23T01:25:52.3186359730Z
NaCl	LiLC-1/gromacs/umbrella_sampling/window_000_0.37nm/umbrella_prev.cpt	1067412	2026-07-24T11:24:43.5011152710Z
NaCl	LiLC-1/gromacs/umbrella_sampling/window_001_0.44nm/umbrella.cpt	1067688	2026-07-24T09:13:00.7466628640Z
NaCl	LiLC-1/gromacs/umbrella_sampling/window_001_0.44nm/umbrella.edr	1297400	2026-07-24T09:13:00.7916628470Z
NaCl	LiLC-1/gromacs/umbrella_sampling/window_001_0.44nm/umbrella.xtc	318812952	2026-07-24T09:13:00.7506628630Z
NaCl	LiLC-1/gromacs/umbrella_sampling/window_001_0.44nm/umbrella_eq.cpt	1067708	2026-07-19T14:15:13.1495068760Z
NaCl	LiLC-1/gromacs/umbrella_sampling/window_001_0.44nm/umbrella_eq.edr	325400	2026-07-19T14:15:13.2215068440Z
NaCl	LiLC-1/gromacs/umbrella_sampling/window_001_0.44nm/umbrella_eq.xtc	79826168	2026-07-19T14:15:13.1555068740Z
NaCl	LiLC-1/gromacs/umbrella_sampling/window_001_0.44nm/umbrella_eq_prev.cpt	1067432	2026-07-19T14:15:13.1515068750Z
NaCl	LiLC-1/gromacs/umbrella_sampling/window_001_0.44nm/umbrella_prev.cpt	1067412	2026-07-24T09:13:00.7486628640Z
NaCl	LiLC-1/gromacs/umbrella_sampling/window_002_0.52nm/umbrella.cpt	1067688	2026-07-20T12:44:51.3078582860Z
NaCl	LiLC-1/gromacs/umbrella_sampling/window_002_0.52nm/umbrella.edr	1297400	2026-07-20T12:44:51.3798583580Z
NaCl	LiLC-1/gromacs/umbrella_sampling/window_002_0.52nm/umbrella.xtc	318810648	2026-07-20T12:44:51.3138582930Z
NaCl	LiLC-1/gromacs/umbrella_sampling/window_002_0.52nm/umbrella_eq.cpt	1067708	2026-07-18T16:32:08.5198171970Z
NaCl	LiLC-1/gromacs/umbrella_sampling/window_002_0.52nm/umbrella_eq.edr	325400	2026-07-18T16:32:08.5918172160Z
NaCl	LiLC-1/gromacs/umbrella_sampling/window_002_0.52nm/umbrella_eq.xtc	79825140	2026-07-18T16:32:08.5248171980Z
NaCl	LiLC-1/gromacs/umbrella_sampling/window_002_0.52nm/umbrella_eq_prev.cpt	1066640	2026-07-18T16:32:08.5208171970Z
NaCl	LiLC-1/gromacs/umbrella_sampling/window_002_0.52nm/umbrella_prev.cpt	1067412	2026-07-20T12:44:51.3098582890Z
NaCl	LiLC-1/gromacs/umbrella_sampling/window_003_0.59nm/umbrella.cpt	1067688	2026-07-23T06:58:22.3148719360Z
NaCl	LiLC-1/gromacs/umbrella_sampling/window_003_0.59nm/umbrella.edr	1297400	2026-07-23T06:58:22.3898719510Z
NaCl	LiLC-1/gromacs/umbrella_sampling/window_003_0.59nm/umbrella.xtc	318812624	2026-07-23T06:58:22.3228719380Z
NaCl	LiLC-1/gromacs/umbrella_sampling/window_003_0.59nm/umbrella_eq.cpt	1067708	2026-07-18T14:00:21.9097102630Z
NaCl	LiLC-1/gromacs/umbrella_sampling/window_003_0.59nm/umbrella_eq.edr	325400	2026-07-18T14:00:21.9947100230Z
NaCl	LiLC-1/gromacs/umbrella_sampling/window_003_0.59nm/umbrella_eq.xtc	79824700	2026-07-18T14:00:21.9147102480Z
NaCl	LiLC-1/gromacs/umbrella_sampling/window_003_0.59nm/umbrella_eq_prev.cpt	1067432	2026-07-18T14:00:21.9117102570Z
NaCl	LiLC-1/gromacs/umbrella_sampling/window_003_0.59nm/umbrella_prev.cpt	1067412	2026-07-23T06:58:22.3178719370Z
NaCl	LiLC-1/gromacs/umbrella_sampling/window_004_0.67nm/umbrella.cpt	1067688	2026-07-21T20:22:44.8291224850Z
NaCl	LiLC-1/gromacs/umbrella_sampling/window_004_0.67nm/umbrella.edr	1297400	2026-07-21T20:22:44.9031224930Z
NaCl	LiLC-1/gromacs/umbrella_sampling/window_004_0.67nm/umbrella.xtc	318811460	2026-07-21T20:22:44.8371224860Z
NaCl	LiLC-1/gromacs/umbrella_sampling/window_004_0.67nm/umbrella_eq.cpt	1067708	2026-07-18T17:14:25.3444748770Z
NaCl	LiLC-1/gromacs/umbrella_sampling/window_004_0.67nm/umbrella_eq.edr	325400	2026-07-18T17:14:25.4894748760Z
NaCl	LiLC-1/gromacs/umbrella_sampling/window_004_0.67nm/umbrella_eq.xtc	79822880	2026-07-18T17:14:25.3554748770Z
NaCl	LiLC-1/gromacs/umbrella_sampling/window_004_0.67nm/umbrella_eq_prev.cpt	1067432	2026-07-18T17:14:25.3474748770Z
NaCl	LiLC-1/gromacs/umbrella_sampling/window_004_0.67nm/umbrella_prev.cpt	1066620	2026-07-21T20:22:44.8311224860Z
NaCl	LiLC-1/gromacs/umbrella_sampling/window_005_0.74nm/umbrella.cpt	1067688	2026-07-23T14:34:01.9910817590Z
NaCl	LiLC-1/gromacs/umbrella_sampling/window_005_0.74nm/umbrella.edr	1297400	2026-07-23T14:34:02.0640817690Z
NaCl	LiLC-1/gromacs/umbrella_sampling/window_005_0.74nm/umbrella.xtc	318811956	2026-07-23T14:34:01.9970817600Z
NaCl	LiLC-1/gromacs/umbrella_sampling/window_005_0.74nm/umbrella_eq.cpt	1067708	2026-07-19T06:37:29.6787796690Z
NaCl	LiLC-1/gromacs/umbrella_sampling/window_005_0.74nm/umbrella_eq.edr	325400	2026-07-19T06:37:29.7507797930Z
NaCl	LiLC-1/gromacs/umbrella_sampling/window_005_0.74nm/umbrella_eq.xtc	79822532	2026-07-19T06:37:29.6847796790Z
NaCl	LiLC-1/gromacs/umbrella_sampling/window_005_0.74nm/umbrella_eq_prev.cpt	1067432	2026-07-19T06:37:29.6807796720Z
NaCl	LiLC-1/gromacs/umbrella_sampling/window_005_0.74nm/umbrella_prev.cpt	1066620	2026-07-23T14:34:01.9930817600Z
NaCl	LiLC-1/gromacs/umbrella_sampling/window_006_0.82nm/umbrella.cpt	1067688	2026-07-23T15:51:44.7196229020Z
NaCl	LiLC-1/gromacs/umbrella_sampling/window_006_0.82nm/umbrella.edr	1297400	2026-07-23T15:51:44.7926230530Z
NaCl	LiLC-1/gromacs/umbrella_sampling/window_006_0.82nm/umbrella.xtc	318811588	2026-07-23T15:51:44.7246229120Z
NaCl	LiLC-1/gromacs/umbrella_sampling/window_006_0.82nm/umbrella_eq.cpt	1067708	2026-07-19T12:33:17.8006801430Z
NaCl	LiLC-1/gromacs/umbrella_sampling/window_006_0.82nm/umbrella_eq.edr	325400	2026-07-19T12:33:17.9286802070Z
NaCl	LiLC-1/gromacs/umbrella_sampling/window_006_0.82nm/umbrella_eq.xtc	79822376	2026-07-19T12:33:17.8306801580Z
NaCl	LiLC-1/gromacs/umbrella_sampling/window_006_0.82nm/umbrella_eq_prev.cpt	1067432	2026-07-19T12:33:17.8046801450Z
NaCl	LiLC-1/gromacs/umbrella_sampling/window_006_0.82nm/umbrella_prev.cpt	1067412	2026-07-23T15:51:44.7216229060Z
NaCl	LiLC-1/gromacs/umbrella_sampling/window_007_0.89nm/umbrella.cpt	1067688	2026-07-23T07:21:24.4768058660Z
NaCl	LiLC-1/gromacs/umbrella_sampling/window_007_0.89nm/umbrella.edr	1297400	2026-07-23T07:21:24.6288055990Z
NaCl	LiLC-1/gromacs/umbrella_sampling/window_007_0.89nm/umbrella.xtc	318810932	2026-07-23T07:21:24.4918058390Z
NaCl	LiLC-1/gromacs/umbrella_sampling/window_007_0.89nm/umbrella_eq.cpt	1067708	2026-07-19T06:32:33.1861279550Z
NaCl	LiLC-1/gromacs/umbrella_sampling/window_007_0.89nm/umbrella_eq.edr	325400	2026-07-19T06:32:33.3531284160Z
NaCl	LiLC-1/gromacs/umbrella_sampling/window_007_0.89nm/umbrella_eq.xtc	79822600	2026-07-19T06:32:33.1951279800Z
NaCl	LiLC-1/gromacs/umbrella_sampling/window_007_0.89nm/umbrella_eq_prev.cpt	1067432	2026-07-19T06:32:33.1881279600Z
NaCl	LiLC-1/gromacs/umbrella_sampling/window_007_0.89nm/umbrella_prev.cpt	1066620	2026-07-23T07:21:24.4818058570Z
NaCl	LiLC-1/gromacs/umbrella_sampling/window_008_0.97nm/umbrella.cpt	1067688	2026-07-23T19:52:07.5973326430Z
NaCl	LiLC-1/gromacs/umbrella_sampling/window_008_0.97nm/umbrella.edr	1297400	2026-07-23T19:52:07.6423325220Z
NaCl	LiLC-1/gromacs/umbrella_sampling/window_008_0.97nm/umbrella.xtc	318810624	2026-07-23T19:52:07.6003326350Z
NaCl	LiLC-1/gromacs/umbrella_sampling/window_008_0.97nm/umbrella_eq.cpt	1067708	2026-07-19T05:54:54.7609272500Z
NaCl	LiLC-1/gromacs/umbrella_sampling/window_008_0.97nm/umbrella_eq.edr	325400	2026-07-19T05:54:54.8319272990Z
NaCl	LiLC-1/gromacs/umbrella_sampling/window_008_0.97nm/umbrella_eq.xtc	79821756	2026-07-19T05:54:54.7659272530Z
NaCl	LiLC-1/gromacs/umbrella_sampling/window_008_0.97nm/umbrella_eq_prev.cpt	1067432	2026-07-19T05:54:54.7619272500Z
NaCl	LiLC-1/gromacs/umbrella_sampling/window_008_0.97nm/umbrella_prev.cpt	1067412	2026-07-23T19:52:07.5983326410Z
NaCl	LiLC-1/gromacs/umbrella_sampling/window_009_1.04nm/umbrella.cpt	1067688	2026-07-20T17:18:12.9152205910Z
NaCl	LiLC-1/gromacs/umbrella_sampling/window_009_1.04nm/umbrella.edr	1297400	2026-07-20T17:18:12.9872205950Z
NaCl	LiLC-1/gromacs/umbrella_sampling/window_009_1.04nm/umbrella.xtc	318813328	2026-07-20T17:18:12.9202205910Z
NaCl	LiLC-1/gromacs/umbrella_sampling/window_009_1.04nm/umbrella_eq.cpt	1067708	2026-07-18T18:26:45.3262809610Z
NaCl	LiLC-1/gromacs/umbrella_sampling/window_009_1.04nm/umbrella_eq.edr	325400	2026-07-18T18:26:45.4172809250Z
NaCl	LiLC-1/gromacs/umbrella_sampling/window_009_1.04nm/umbrella_eq.xtc	79822516	2026-07-18T18:26:45.3432809540Z
NaCl	LiLC-1/gromacs/umbrella_sampling/window_009_1.04nm/umbrella_eq_prev.cpt	1067432	2026-07-18T18:26:45.3312809590Z
NaCl	LiLC-1/gromacs/umbrella_sampling/window_009_1.04nm/umbrella_prev.cpt	1066620	2026-07-20T17:18:12.9172205910Z
NaCl	LiLC-1/gromacs/umbrella_sampling/window_010_1.12nm/umbrella.cpt	1067688	2026-07-20T06:47:37.3211540420Z
NaCl	LiLC-1/gromacs/umbrella_sampling/window_010_1.12nm/umbrella.edr	1297400	2026-07-20T06:47:37.3931540020Z
NaCl	LiLC-1/gromacs/umbrella_sampling/window_010_1.12nm/umbrella.xtc	318810892	2026-07-20T06:47:37.3271540390Z
NaCl	LiLC-1/gromacs/umbrella_sampling/window_010_1.12nm/umbrella_eq.cpt	1067708	2026-07-18T16:29:40.5467800990Z
NaCl	LiLC-1/gromacs/umbrella_sampling/window_010_1.12nm/umbrella_eq.edr	325400	2026-07-18T16:29:40.6367801210Z
NaCl	LiLC-1/gromacs/umbrella_sampling/window_010_1.12nm/umbrella_eq.xtc	79822228	2026-07-18T16:29:40.5697801050Z
NaCl	LiLC-1/gromacs/umbrella_sampling/window_010_1.12nm/umbrella_eq_prev.cpt	1067432	2026-07-18T16:29:40.5497801000Z
NaCl	LiLC-1/gromacs/umbrella_sampling/window_010_1.12nm/umbrella_prev.cpt	1067412	2026-07-20T06:47:37.3231540410Z
NaCl	LiLC-1/gromacs/umbrella_sampling/window_011_1.19nm/umbrella.cpt	1067688	2026-07-23T07:52:17.3140101780Z
NaCl	LiLC-1/gromacs/umbrella_sampling/window_011_1.19nm/umbrella.edr	1297400	2026-07-23T07:52:17.4540103630Z
NaCl	LiLC-1/gromacs/umbrella_sampling/window_011_1.19nm/umbrella.xtc	318810512	2026-07-23T07:52:17.3250101920Z
NaCl	LiLC-1/gromacs/umbrella_sampling/window_011_1.19nm/umbrella_eq.cpt	1067708	2026-07-21T21:37:26.9019354900Z
NaCl	LiLC-1/gromacs/umbrella_sampling/window_011_1.19nm/umbrella_eq.edr	325400	2026-07-21T21:37:27.0159354470Z
NaCl	LiLC-1/gromacs/umbrella_sampling/window_011_1.19nm/umbrella_eq.xtc	79822820	2026-07-21T21:37:26.9089354870Z
NaCl	LiLC-1/gromacs/umbrella_sampling/window_011_1.19nm/umbrella_eq_prev.cpt	1067432	2026-07-21T21:37:26.9049354890Z
NaCl	LiLC-1/gromacs/umbrella_sampling/window_011_1.19nm/umbrella_prev.cpt	1067412	2026-07-23T07:52:17.3180101830Z
NaCl	LiLC-1/gromacs/umbrella_sampling/window_012_1.27nm/umbrella.cpt	1067688	2026-07-24T08:54:35.8544793330Z
NaCl	LiLC-1/gromacs/umbrella_sampling/window_012_1.27nm/umbrella.edr	1297400	2026-07-24T08:54:35.8984792690Z
NaCl	LiLC-1/gromacs/umbrella_sampling/window_012_1.27nm/umbrella.xtc	318810980	2026-07-24T08:54:35.8574793290Z
NaCl	LiLC-1/gromacs/umbrella_sampling/window_012_1.27nm/umbrella_eq.cpt	1067708	2026-07-23T08:53:12.5393301610Z
NaCl	LiLC-1/gromacs/umbrella_sampling/window_012_1.27nm/umbrella_eq.edr	325400	2026-07-23T08:53:12.6483302160Z
NaCl	LiLC-1/gromacs/umbrella_sampling/window_012_1.27nm/umbrella_eq.xtc	79821308	2026-07-23T08:53:12.5513301670Z
NaCl	LiLC-1/gromacs/umbrella_sampling/window_012_1.27nm/umbrella_eq_prev.cpt	1067432	2026-07-23T08:53:12.5443301640Z
NaCl	LiLC-1/gromacs/umbrella_sampling/window_012_1.27nm/umbrella_prev.cpt	1066620	2026-07-24T08:54:35.8554793320Z
NaCl	LiLC-1/gromacs/umbrella_sampling/window_013_1.34nm/umbrella.cpt	1067688	2026-07-23T21:13:45.1672699500Z
NaCl	LiLC-1/gromacs/umbrella_sampling/window_013_1.34nm/umbrella.edr	1297400	2026-07-23T21:13:45.2372699490Z
NaCl	LiLC-1/gromacs/umbrella_sampling/window_013_1.34nm/umbrella.xtc	318808904	2026-07-23T21:13:45.1722699500Z
NaCl	LiLC-1/gromacs/umbrella_sampling/window_013_1.34nm/umbrella_eq.cpt	1067708	2026-07-20T10:44:34.4951391660Z
NaCl	LiLC-1/gromacs/umbrella_sampling/window_013_1.34nm/umbrella_eq.edr	325400	2026-07-20T10:44:34.5671391750Z
NaCl	LiLC-1/gromacs/umbrella_sampling/window_013_1.34nm/umbrella_eq.xtc	79822540	2026-07-20T10:44:34.5001391670Z
NaCl	LiLC-1/gromacs/umbrella_sampling/window_013_1.34nm/umbrella_eq_prev.cpt	1066640	2026-07-20T10:44:34.4961391660Z
NaCl	LiLC-1/gromacs/umbrella_sampling/window_013_1.34nm/umbrella_prev.cpt	1067412	2026-07-23T21:13:45.1692699500Z
NaCl	LiLC-1/gromacs/umbrella_sampling/window_014_1.42nm/umbrella.cpt	1067688	2026-07-20T06:13:16.6349696390Z
NaCl	LiLC-1/gromacs/umbrella_sampling/window_014_1.42nm/umbrella.edr	1297400	2026-07-20T06:13:16.7069696560Z
NaCl	LiLC-1/gromacs/umbrella_sampling/window_014_1.42nm/umbrella.xtc	318811940	2026-07-20T06:13:16.6409696400Z
NaCl	LiLC-1/gromacs/umbrella_sampling/window_014_1.42nm/umbrella_eq.cpt	1067708	2026-07-18T13:58:03.4027310080Z
NaCl	LiLC-1/gromacs/umbrella_sampling/window_014_1.42nm/umbrella_eq.edr	325400	2026-07-18T13:58:03.4747310240Z
NaCl	LiLC-1/gromacs/umbrella_sampling/window_014_1.42nm/umbrella_eq.xtc	79822416	2026-07-18T13:58:03.4077310090Z
NaCl	LiLC-1/gromacs/umbrella_sampling/window_014_1.42nm/umbrella_eq_prev.cpt	1066640	2026-07-18T13:58:03.4047310080Z
NaCl	LiLC-1/gromacs/umbrella_sampling/window_014_1.42nm/umbrella_prev.cpt	1067412	2026-07-20T06:13:16.6369696390Z
NaCl	LiLC-1/gromacs/umbrella_sampling/window_015_1.49nm/umbrella.cpt	1067688	2026-07-24T11:33:04.1066638170Z
NaCl	LiLC-1/gromacs/umbrella_sampling/window_015_1.49nm/umbrella.edr	1297400	2026-07-24T11:33:04.1516637780Z
NaCl	LiLC-1/gromacs/umbrella_sampling/window_015_1.49nm/umbrella.xtc	318811068	2026-07-24T11:33:04.1106638140Z
NaCl	LiLC-1/gromacs/umbrella_sampling/window_015_1.49nm/umbrella_eq.cpt	1067708	2026-07-23T04:37:31.8757302710Z
NaCl	LiLC-1/gromacs/umbrella_sampling/window_015_1.49nm/umbrella_eq.edr	325400	2026-07-23T04:37:31.9807303020Z
NaCl	LiLC-1/gromacs/umbrella_sampling/window_015_1.49nm/umbrella_eq.xtc	79822540	2026-07-23T04:37:31.8847302740Z
NaCl	LiLC-1/gromacs/umbrella_sampling/window_015_1.49nm/umbrella_eq_prev.cpt	1067432	2026-07-23T04:37:31.8807302730Z
NaCl	LiLC-1/gromacs/umbrella_sampling/window_015_1.49nm/umbrella_prev.cpt	1067412	2026-07-24T11:33:04.1086638150Z
NaCl	LiLC-1/gromacs/umbrella_sampling/window_016_1.57nm/umbrella.cpt	1067688	2026-07-23T15:45:30.6155349760Z
NaCl	LiLC-1/gromacs/umbrella_sampling/window_016_1.57nm/umbrella.edr	1297400	2026-07-23T15:45:30.6875352630Z
NaCl	LiLC-1/gromacs/umbrella_sampling/window_016_1.57nm/umbrella.xtc	318810624	2026-07-23T15:45:30.6205349960Z
NaCl	LiLC-1/gromacs/umbrella_sampling/window_016_1.57nm/umbrella_eq.cpt	1067708	2026-07-18T13:21:27.8951294500Z
NaCl	LiLC-1/gromacs/umbrella_sampling/window_016_1.57nm/umbrella_eq.edr	325400	2026-07-18T13:21:27.9681294630Z
NaCl	LiLC-1/gromacs/umbrella_sampling/window_016_1.57nm/umbrella_eq.xtc	79822960	2026-07-18T13:21:27.9011294510Z
NaCl	LiLC-1/gromacs/umbrella_sampling/window_016_1.57nm/umbrella_eq_prev.cpt	1066640	2026-07-18T13:21:27.8971294510Z
NaCl	LiLC-1/gromacs/umbrella_sampling/window_016_1.57nm/umbrella_prev.cpt	1067412	2026-07-23T15:45:30.6165349800Z
NaCl	LiLC-1/gromacs/umbrella_sampling/window_017_1.64nm/umbrella.cpt	1067688	2026-07-21T18:04:08.3658289330Z
NaCl	LiLC-1/gromacs/umbrella_sampling/window_017_1.64nm/umbrella.edr	1297400	2026-07-21T18:04:08.4628289850Z
NaCl	LiLC-1/gromacs/umbrella_sampling/window_017_1.64nm/umbrella.xtc	318812204	2026-07-21T18:04:08.3778289400Z
NaCl	LiLC-1/gromacs/umbrella_sampling/window_017_1.64nm/umbrella_eq.cpt	1067708	2026-07-19T19:13:31.5657902700Z
NaCl	LiLC-1/gromacs/umbrella_sampling/window_017_1.64nm/umbrella_eq.edr	325400	2026-07-19T19:13:31.6387902930Z
NaCl	LiLC-1/gromacs/umbrella_sampling/window_017_1.64nm/umbrella_eq.xtc	79822596	2026-07-19T19:13:31.5717902720Z
NaCl	LiLC-1/gromacs/umbrella_sampling/window_017_1.64nm/umbrella_eq_prev.cpt	1067432	2026-07-19T19:13:31.5677902700Z
NaCl	LiLC-1/gromacs/umbrella_sampling/window_017_1.64nm/umbrella_prev.cpt	1067412	2026-07-21T18:04:08.3688289350Z
NaCl	LiLC-1/gromacs/umbrella_sampling/window_018_1.72nm/umbrella.cpt	1067688	2026-07-24T05:58:51.0909026520Z
NaCl	LiLC-1/gromacs/umbrella_sampling/window_018_1.72nm/umbrella.edr	1297400	2026-07-24T05:58:51.1599026340Z
NaCl	LiLC-1/gromacs/umbrella_sampling/window_018_1.72nm/umbrella.xtc	318812396	2026-07-24T05:58:51.0969026500Z
NaCl	LiLC-1/gromacs/umbrella_sampling/window_018_1.72nm/umbrella_eq.cpt	1067708	2026-07-18T12:40:36.7187557850Z
NaCl	LiLC-1/gromacs/umbrella_sampling/window_018_1.72nm/umbrella_eq.edr	325400	2026-07-18T12:40:36.7917557850Z
NaCl	LiLC-1/gromacs/umbrella_sampling/window_018_1.72nm/umbrella_eq.xtc	79822796	2026-07-18T12:40:36.7237557850Z
NaCl	LiLC-1/gromacs/umbrella_sampling/window_018_1.72nm/umbrella_eq_prev.cpt	1066640	2026-07-18T12:40:36.7197557850Z
NaCl	LiLC-1/gromacs/umbrella_sampling/window_018_1.72nm/umbrella_prev.cpt	1067412	2026-07-24T05:58:51.0929026520Z
NaCl	LiLC-1/gromacs/umbrella_sampling/window_019_1.79nm/umbrella.cpt	1067688	2026-07-23T17:02:07.1888329910Z
NaCl	LiLC-1/gromacs/umbrella_sampling/window_019_1.79nm/umbrella.edr	1297400	2026-07-23T17:02:07.2608332260Z
NaCl	LiLC-1/gromacs/umbrella_sampling/window_019_1.79nm/umbrella.xtc	318812836	2026-07-23T17:02:07.1938330070Z
NaCl	LiLC-1/gromacs/umbrella_sampling/window_019_1.79nm/umbrella_eq.cpt	1067708	2026-07-21T01:23:53.9058064980Z
NaCl	LiLC-1/gromacs/umbrella_sampling/window_019_1.79nm/umbrella_eq.edr	325400	2026-07-21T01:23:53.9778065800Z
NaCl	LiLC-1/gromacs/umbrella_sampling/window_019_1.79nm/umbrella_eq.xtc	79822564	2026-07-21T01:23:53.9118065050Z
NaCl	LiLC-1/gromacs/umbrella_sampling/window_019_1.79nm/umbrella_eq_prev.cpt	1067432	2026-07-21T01:23:53.9078065000Z
NaCl	LiLC-1/gromacs/umbrella_sampling/window_019_1.79nm/umbrella_prev.cpt	1067412	2026-07-23T17:02:07.1898329940Z
NaCl	LiLC-1/gromacs/umbrella_sampling/window_020_1.87nm/umbrella.cpt	1067688	2026-07-24T04:25:21.8415028310Z
NaCl	LiLC-1/gromacs/umbrella_sampling/window_020_1.87nm/umbrella.edr	1297400	2026-07-24T04:25:21.9115028160Z
NaCl	LiLC-1/gromacs/umbrella_sampling/window_020_1.87nm/umbrella.xtc	318811432	2026-07-24T04:25:21.8475028300Z
NaCl	LiLC-1/gromacs/umbrella_sampling/window_020_1.87nm/umbrella_eq.cpt	1067708	2026-07-22T15:11:09.5857821310Z
NaCl	LiLC-1/gromacs/umbrella_sampling/window_020_1.87nm/umbrella_eq.edr	325400	2026-07-22T15:11:09.7117822220Z
NaCl	LiLC-1/gromacs/umbrella_sampling/window_020_1.87nm/umbrella_eq.xtc	79822608	2026-07-22T15:11:09.5947821380Z
NaCl	LiLC-1/gromacs/umbrella_sampling/window_020_1.87nm/umbrella_eq_prev.cpt	1067432	2026-07-22T15:11:09.5877821330Z
NaCl	LiLC-1/gromacs/umbrella_sampling/window_020_1.87nm/umbrella_prev.cpt	1067412	2026-07-24T04:25:21.8435028310Z
NaCl	LiLC-1/gromacs/umbrella_sampling/window_021_1.94nm/umbrella.cpt	1067688	2026-07-23T19:29:57.4156142200Z
NaCl	LiLC-1/gromacs/umbrella_sampling/window_021_1.94nm/umbrella.edr	1297400	2026-07-23T19:29:57.4866142900Z
NaCl	LiLC-1/gromacs/umbrella_sampling/window_021_1.94nm/umbrella.xtc	318812864	2026-07-23T19:29:57.4206142250Z
NaCl	LiLC-1/gromacs/umbrella_sampling/window_021_1.94nm/umbrella_eq.cpt	1067708	2026-07-18T14:51:23.3909781180Z
NaCl	LiLC-1/gromacs/umbrella_sampling/window_021_1.94nm/umbrella_eq.edr	325400	2026-07-18T14:51:23.4619781730Z
NaCl	LiLC-1/gromacs/umbrella_sampling/window_021_1.94nm/umbrella_eq.xtc	79822848	2026-07-18T14:51:23.3959781220Z
NaCl	LiLC-1/gromacs/umbrella_sampling/window_021_1.94nm/umbrella_eq_prev.cpt	1067432	2026-07-18T14:51:23.3919781190Z
NaCl	LiLC-1/gromacs/umbrella_sampling/window_021_1.94nm/umbrella_prev.cpt	1067412	2026-07-23T19:29:57.4166142210Z
NaCl	LiLC-1/gromacs/umbrella_sampling/window_022_2.02nm/umbrella.cpt	1067688	2026-07-23T12:20:58.6181268340Z
NaCl	LiLC-1/gromacs/umbrella_sampling/window_022_2.02nm/umbrella.edr	1297400	2026-07-23T12:20:58.7261267990Z
NaCl	LiLC-1/gromacs/umbrella_sampling/window_022_2.02nm/umbrella.xtc	318810508	2026-07-23T12:20:58.6281268310Z
NaCl	LiLC-1/gromacs/umbrella_sampling/window_022_2.02nm/umbrella_eq.cpt	1067708	2026-07-19T06:31:40.2169749340Z
NaCl	LiLC-1/gromacs/umbrella_sampling/window_022_2.02nm/umbrella_eq.edr	325400	2026-07-19T06:31:40.2909751570Z
NaCl	LiLC-1/gromacs/umbrella_sampling/window_022_2.02nm/umbrella_eq.xtc	79822948	2026-07-19T06:31:40.2229749520Z
NaCl	LiLC-1/gromacs/umbrella_sampling/window_022_2.02nm/umbrella_eq_prev.cpt	1067432	2026-07-19T06:31:40.2199749430Z
NaCl	LiLC-1/gromacs/umbrella_sampling/window_022_2.02nm/umbrella_prev.cpt	1067412	2026-07-23T12:20:58.6201268330Z
NaCl	LiLC-1/gromacs/umbrella_sampling/window_023_2.09nm/umbrella.cpt	1067688	2026-07-20T00:52:03.4041203870Z
NaCl	LiLC-1/gromacs/umbrella_sampling/window_023_2.09nm/umbrella.edr	1297400	2026-07-20T00:52:03.7141205900Z
NaCl	LiLC-1/gromacs/umbrella_sampling/window_023_2.09nm/umbrella.xtc	318811792	2026-07-20T00:52:03.4131203930Z
NaCl	LiLC-1/gromacs/umbrella_sampling/window_023_2.09nm/umbrella_eq.cpt	1067708	2026-07-18T13:24:43.3811644180Z
NaCl	LiLC-1/gromacs/umbrella_sampling/window_023_2.09nm/umbrella_eq.edr	325400	2026-07-18T13:24:43.4541644310Z
NaCl	LiLC-1/gromacs/umbrella_sampling/window_023_2.09nm/umbrella_eq.xtc	79822188	2026-07-18T13:24:43.3871644190Z
NaCl	LiLC-1/gromacs/umbrella_sampling/window_023_2.09nm/umbrella_eq_prev.cpt	1067432	2026-07-18T13:24:43.3831644190Z
NaCl	LiLC-1/gromacs/umbrella_sampling/window_023_2.09nm/umbrella_prev.cpt	1067412	2026-07-20T00:52:03.4091203900Z
NaCl	LiLC-1/gromacs/umbrella_sampling/window_024_2.17nm/umbrella.cpt	1067688	2026-07-21T15:31:07.7919933470Z
NaCl	LiLC-1/gromacs/umbrella_sampling/window_024_2.17nm/umbrella.edr	1297400	2026-07-21T15:31:07.8679934420Z
NaCl	LiLC-1/gromacs/umbrella_sampling/window_024_2.17nm/umbrella.xtc	318811732	2026-07-21T15:31:07.7999933570Z
NaCl	LiLC-1/gromacs/umbrella_sampling/window_024_2.17nm/umbrella_eq.cpt	1067708	2026-07-18T16:47:41.5610854220Z
NaCl	LiLC-1/gromacs/umbrella_sampling/window_024_2.17nm/umbrella_eq.edr	325400	2026-07-18T16:47:41.6370854450Z
NaCl	LiLC-1/gromacs/umbrella_sampling/window_024_2.17nm/umbrella_eq.xtc	79822428	2026-07-18T16:47:41.5690854240Z
NaCl	LiLC-1/gromacs/umbrella_sampling/window_024_2.17nm/umbrella_eq_prev.cpt	1067432	2026-07-18T16:47:41.5650854230Z
NaCl	LiLC-1/gromacs/umbrella_sampling/window_024_2.17nm/umbrella_prev.cpt	1067412	2026-07-21T15:31:07.7959933520Z
NaCl	LiLC-1/gromacs/umbrella_sampling/window_025_2.24nm/umbrella.cpt	1067688	2026-07-23T08:26:43.2275812770Z
NaCl	LiLC-1/gromacs/umbrella_sampling/window_025_2.24nm/umbrella.edr	1297400	2026-07-23T08:26:43.2995814690Z
NaCl	LiLC-1/gromacs/umbrella_sampling/window_025_2.24nm/umbrella.xtc	318812044	2026-07-23T08:26:43.2325812900Z
NaCl	LiLC-1/gromacs/umbrella_sampling/window_025_2.24nm/umbrella_eq.cpt	1067708	2026-07-19T05:48:45.7316576360Z
NaCl	LiLC-1/gromacs/umbrella_sampling/window_025_2.24nm/umbrella_eq.edr	325400	2026-07-19T05:48:45.8206577050Z
NaCl	LiLC-1/gromacs/umbrella_sampling/window_025_2.24nm/umbrella_eq.xtc	79822708	2026-07-19T05:48:45.7396576430Z
NaCl	LiLC-1/gromacs/umbrella_sampling/window_025_2.24nm/umbrella_eq_prev.cpt	1066640	2026-07-19T05:48:45.7356576390Z
NaCl	LiLC-1/gromacs/umbrella_sampling/window_025_2.24nm/umbrella_prev.cpt	1067412	2026-07-23T08:26:43.2285812790Z
NaCl	LiLC-1/gromacs/umbrella_sampling/window_026_2.32nm/umbrella.cpt	1067688	2026-07-23T14:22:39.8490009800Z
NaCl	LiLC-1/gromacs/umbrella_sampling/window_026_2.32nm/umbrella.edr	1297400	2026-07-23T14:22:39.9220009880Z
NaCl	LiLC-1/gromacs/umbrella_sampling/window_026_2.32nm/umbrella.xtc	318811280	2026-07-23T14:22:39.8550009800Z
NaCl	LiLC-1/gromacs/umbrella_sampling/window_026_2.32nm/umbrella_eq.cpt	1067708	2026-07-21T20:51:34.3097324450Z
NaCl	LiLC-1/gromacs/umbrella_sampling/window_026_2.32nm/umbrella_eq.edr	325400	2026-07-21T20:51:34.4057324710Z
NaCl	LiLC-1/gromacs/umbrella_sampling/window_026_2.32nm/umbrella_eq.xtc	79822572	2026-07-21T20:51:34.3217324480Z
NaCl	LiLC-1/gromacs/umbrella_sampling/window_026_2.32nm/umbrella_eq_prev.cpt	1067432	2026-07-21T20:51:34.3147324470Z
NaCl	LiLC-1/gromacs/umbrella_sampling/window_026_2.32nm/umbrella_prev.cpt	1067412	2026-07-23T14:22:39.8510009800Z
NaCl	LiLC-1/gromacs/umbrella_sampling/window_027_2.39nm/umbrella.cpt	1067688	2026-07-23T17:39:33.3624146170Z
NaCl	LiLC-1/gromacs/umbrella_sampling/window_027_2.39nm/umbrella.edr	1297400	2026-07-23T17:39:33.4334146590Z
NaCl	LiLC-1/gromacs/umbrella_sampling/window_027_2.39nm/umbrella.xtc	318809160	2026-07-23T17:39:33.3674146200Z
NaCl	LiLC-1/gromacs/umbrella_sampling/window_027_2.39nm/umbrella_eq.cpt	1067708	2026-07-22T10:42:04.9856433500Z
NaCl	LiLC-1/gromacs/umbrella_sampling/window_027_2.39nm/umbrella_eq.edr	325400	2026-07-22T10:42:05.0816434130Z
NaCl	LiLC-1/gromacs/umbrella_sampling/window_027_2.39nm/umbrella_eq.xtc	79822572	2026-07-22T10:42:04.9936433550Z
NaCl	LiLC-1/gromacs/umbrella_sampling/window_027_2.39nm/umbrella_eq_prev.cpt	1067432	2026-07-22T10:42:04.9896433530Z
NaCl	LiLC-1/gromacs/umbrella_sampling/window_027_2.39nm/umbrella_prev.cpt	1067412	2026-07-23T17:39:33.3634146180Z
NaCl	LiLC-1/gromacs/umbrella_sampling/window_028_2.47nm/umbrella.cpt	1067688	2026-07-23T22:36:15.1017759780Z
NaCl	LiLC-1/gromacs/umbrella_sampling/window_028_2.47nm/umbrella.edr	1297400	2026-07-23T22:36:15.1707762130Z
NaCl	LiLC-1/gromacs/umbrella_sampling/window_028_2.47nm/umbrella.xtc	318811932	2026-07-23T22:36:15.1067759950Z
NaCl	LiLC-1/gromacs/umbrella_sampling/window_028_2.47nm/umbrella_eq.cpt	1067708	2026-07-22T16:54:53.5980435130Z
NaCl	LiLC-1/gromacs/umbrella_sampling/window_028_2.47nm/umbrella_eq.edr	325400	2026-07-22T16:54:53.7350436100Z
NaCl	LiLC-1/gromacs/umbrella_sampling/window_028_2.47nm/umbrella_eq.xtc	79822352	2026-07-22T16:54:53.6060435180Z
NaCl	LiLC-1/gromacs/umbrella_sampling/window_028_2.47nm/umbrella_eq_prev.cpt	1067432	2026-07-22T16:54:53.6000435140Z
NaCl	LiLC-1/gromacs/umbrella_sampling/window_028_2.47nm/umbrella_prev.cpt	1067412	2026-07-23T22:36:15.1027759810Z
NaCl	LiLC-1/gromacs/umbrella_sampling/window_029_2.54nm/umbrella.cpt	1067688	2026-07-24T01:24:36.0064275250Z
NaCl	LiLC-1/gromacs/umbrella_sampling/window_029_2.54nm/umbrella.edr	1297400	2026-07-24T01:24:36.0514275100Z
NaCl	LiLC-1/gromacs/umbrella_sampling/window_029_2.54nm/umbrella.xtc	318812192	2026-07-24T01:24:36.0104275240Z
NaCl	LiLC-1/gromacs/umbrella_sampling/window_029_2.54nm/umbrella_eq.cpt	1067708	2026-07-18T16:31:19.7648046910Z
NaCl	LiLC-1/gromacs/umbrella_sampling/window_029_2.54nm/umbrella_eq.edr	325400	2026-07-18T16:31:19.9038047260Z
NaCl	LiLC-1/gromacs/umbrella_sampling/window_029_2.54nm/umbrella_eq.xtc	79822772	2026-07-18T16:31:19.7728046930Z
NaCl	LiLC-1/gromacs/umbrella_sampling/window_029_2.54nm/umbrella_eq_prev.cpt	1066640	2026-07-18T16:31:19.7688046920Z
NaCl	LiLC-1/gromacs/umbrella_sampling/window_029_2.54nm/umbrella_prev.cpt	1067412	2026-07-24T01:24:36.0084275250Z
NaCl	LiN3-Core/gromacs/umbrella_sampling/bound_place_min/min.edr	78552	2026-07-18T01:32:54.4050266120Z
NaCl	LiN3-Core/gromacs/umbrella_sampling/bound_place_min/min.trr	533748	2026-07-18T01:32:54.4080265930Z
NaCl	LiN3-Core/gromacs/umbrella_sampling/pull/pull.cpt	1069588	2026-07-18T04:02:42.5938303730Z
NaCl	LiN3-Core/gromacs/umbrella_sampling/pull/pull.edr	649400	2026-07-18T04:02:42.6748303840Z
NaCl	LiN3-Core/gromacs/umbrella_sampling/pull/pull.xtc	159769360	2026-07-18T04:02:42.6018303740Z
NaCl	LiN3-Core/gromacs/umbrella_sampling/pull/pull_prev.cpt	1069312	2026-07-18T04:02:42.5978303740Z
NaCl	LiN3-Core/gromacs/umbrella_sampling/window_000_0.41nm/umbrella.cpt	1069608	2026-07-24T01:34:28.8692679220Z
NaCl	LiN3-Core/gromacs/umbrella_sampling/window_000_0.41nm/umbrella.edr	1297400	2026-07-24T01:34:28.9312680670Z
NaCl	LiN3-Core/gromacs/umbrella_sampling/window_000_0.41nm/umbrella.xtc	319378348	2026-07-24T01:34:28.8742679340Z
NaCl	LiN3-Core/gromacs/umbrella_sampling/window_000_0.41nm/umbrella_eq.cpt	1069628	2026-07-22T13:16:58.9492804180Z
NaCl	LiN3-Core/gromacs/umbrella_sampling/window_000_0.41nm/umbrella_eq.edr	325400	2026-07-22T13:16:59.0322804130Z
NaCl	LiN3-Core/gromacs/umbrella_sampling/window_000_0.41nm/umbrella_eq.xtc	79964896	2026-07-22T13:16:58.9602804170Z
NaCl	LiN3-Core/gromacs/umbrella_sampling/window_000_0.41nm/umbrella_eq_prev.cpt	1069352	2026-07-22T13:16:58.9522804180Z
NaCl	LiN3-Core/gromacs/umbrella_sampling/window_000_0.41nm/umbrella_prev.cpt	1069332	2026-07-24T01:34:28.8712679270Z
NaCl	LiN3-Core/gromacs/umbrella_sampling/window_001_0.48nm/umbrella.cpt	1069608	2026-07-23T11:05:33.6810894160Z
NaCl	LiN3-Core/gromacs/umbrella_sampling/window_001_0.48nm/umbrella.edr	1297400	2026-07-23T11:05:33.7580894130Z
NaCl	LiN3-Core/gromacs/umbrella_sampling/window_001_0.48nm/umbrella.xtc	319381276	2026-07-23T11:05:33.6880894160Z
NaCl	LiN3-Core/gromacs/umbrella_sampling/window_001_0.48nm/umbrella_eq.cpt	1069628	2026-07-18T16:36:59.8388963120Z
NaCl	LiN3-Core/gromacs/umbrella_sampling/window_001_0.48nm/umbrella_eq.edr	325400	2026-07-18T16:36:59.9218963350Z
NaCl	LiN3-Core/gromacs/umbrella_sampling/window_001_0.48nm/umbrella_eq.xtc	79964528	2026-07-18T16:36:59.8458963140Z
NaCl	LiN3-Core/gromacs/umbrella_sampling/window_001_0.48nm/umbrella_eq_prev.cpt	1068560	2026-07-18T16:36:59.8408963120Z
NaCl	LiN3-Core/gromacs/umbrella_sampling/window_001_0.48nm/umbrella_prev.cpt	1069332	2026-07-23T11:05:33.6840894160Z
NaCl	LiN3-Core/gromacs/umbrella_sampling/window_002_0.56nm/umbrella.cpt	1069608	2026-07-22T08:43:59.3289123230Z
NaCl	LiN3-Core/gromacs/umbrella_sampling/window_002_0.56nm/umbrella.edr	1297400	2026-07-22T08:43:59.4299122450Z
NaCl	LiN3-Core/gromacs/umbrella_sampling/window_002_0.56nm/umbrella.xtc	319378260	2026-07-22T08:43:59.3609122990Z
NaCl	LiN3-Core/gromacs/umbrella_sampling/window_002_0.56nm/umbrella_eq.cpt	1069628	2026-07-18T21:50:19.8322533300Z
NaCl	LiN3-Core/gromacs/umbrella_sampling/window_002_0.56nm/umbrella_eq.edr	325400	2026-07-18T21:50:19.9042534090Z
NaCl	LiN3-Core/gromacs/umbrella_sampling/window_002_0.56nm/umbrella_eq.xtc	79964464	2026-07-18T21:50:19.8382533360Z
NaCl	LiN3-Core/gromacs/umbrella_sampling/window_002_0.56nm/umbrella_eq_prev.cpt	1068560	2026-07-18T21:50:19.8342533320Z
NaCl	LiN3-Core/gromacs/umbrella_sampling/window_002_0.56nm/umbrella_prev.cpt	1069332	2026-07-22T08:43:59.3379123160Z
NaCl	LiN3-Core/gromacs/umbrella_sampling/window_003_0.63nm/umbrella.cpt	1069608	2026-07-23T00:04:54.7163767700Z
NaCl	LiN3-Core/gromacs/umbrella_sampling/window_003_0.63nm/umbrella.edr	1297400	2026-07-23T00:04:54.7883767710Z
NaCl	LiN3-Core/gromacs/umbrella_sampling/window_003_0.63nm/umbrella.xtc	319379804	2026-07-23T00:04:54.7213767700Z
NaCl	LiN3-Core/gromacs/umbrella_sampling/window_003_0.63nm/umbrella_eq.cpt	1069628	2026-07-21T02:54:01.1767390730Z
NaCl	LiN3-Core/gromacs/umbrella_sampling/window_003_0.63nm/umbrella_eq.edr	325400	2026-07-21T02:54:01.2597392100Z
NaCl	LiN3-Core/gromacs/umbrella_sampling/window_003_0.63nm/umbrella_eq.xtc	79964616	2026-07-21T02:54:01.1867390900Z
NaCl	LiN3-Core/gromacs/umbrella_sampling/window_003_0.63nm/umbrella_eq_prev.cpt	1069352	2026-07-21T02:54:01.1787390770Z
NaCl	LiN3-Core/gromacs/umbrella_sampling/window_003_0.63nm/umbrella_prev.cpt	1068540	2026-07-23T00:04:54.7173767700Z
NaCl	LiN3-Core/gromacs/umbrella_sampling/window_004_0.71nm/umbrella.cpt	1069608	2026-07-19T22:13:17.4313696280Z
NaCl	LiN3-Core/gromacs/umbrella_sampling/window_004_0.71nm/umbrella.edr	1297400	2026-07-19T22:13:17.5043696070Z
NaCl	LiN3-Core/gromacs/umbrella_sampling/window_004_0.71nm/umbrella.xtc	319383364	2026-07-19T22:13:17.4373696270Z
NaCl	LiN3-Core/gromacs/umbrella_sampling/window_004_0.71nm/umbrella_eq.cpt	1069628	2026-07-18T12:40:12.6637558380Z
NaCl	LiN3-Core/gromacs/umbrella_sampling/window_004_0.71nm/umbrella_eq.edr	325400	2026-07-18T12:40:12.7367558380Z
NaCl	LiN3-Core/gromacs/umbrella_sampling/window_004_0.71nm/umbrella_eq.xtc	79967516	2026-07-18T12:40:12.6697558380Z
NaCl	LiN3-Core/gromacs/umbrella_sampling/window_004_0.71nm/umbrella_eq_prev.cpt	1069352	2026-07-18T12:40:12.6657558380Z
NaCl	LiN3-Core/gromacs/umbrella_sampling/window_004_0.71nm/umbrella_prev.cpt	1068540	2026-07-19T22:13:17.4333696280Z
NaCl	LiN3-Core/gromacs/umbrella_sampling/window_005_0.78nm/umbrella.cpt	1069608	2026-07-20T06:59:04.9111321390Z
NaCl	LiN3-Core/gromacs/umbrella_sampling/window_005_0.78nm/umbrella.edr	1297400	2026-07-20T06:59:05.0551327030Z
NaCl	LiN3-Core/gromacs/umbrella_sampling/window_005_0.78nm/umbrella.xtc	319384468	2026-07-20T06:59:04.9201321750Z
NaCl	LiN3-Core/gromacs/umbrella_sampling/window_005_0.78nm/umbrella_eq.cpt	1069628	2026-07-18T11:47:46.0980024430Z
NaCl	LiN3-Core/gromacs/umbrella_sampling/window_005_0.78nm/umbrella_eq.edr	325400	2026-07-18T11:47:46.1720027560Z
NaCl	LiN3-Core/gromacs/umbrella_sampling/window_005_0.78nm/umbrella_eq.xtc	79963868	2026-07-18T11:47:46.1050024730Z
NaCl	LiN3-Core/gromacs/umbrella_sampling/window_005_0.78nm/umbrella_eq_prev.cpt	1069352	2026-07-18T11:47:46.1010024560Z
NaCl	LiN3-Core/gromacs/umbrella_sampling/window_005_0.78nm/umbrella_prev.cpt	1069332	2026-07-20T06:59:04.9161321590Z
NaCl	LiN3-Core/gromacs/umbrella_sampling/window_006_0.86nm/umbrella.cpt	1069608	2026-07-20T01:55:38.1199717000Z
NaCl	LiN3-Core/gromacs/umbrella_sampling/window_006_0.86nm/umbrella.edr	1297400	2026-07-20T01:55:38.1949717320Z
NaCl	LiN3-Core/gromacs/umbrella_sampling/window_006_0.86nm/umbrella.xtc	319379100	2026-07-20T01:55:38.1279717040Z
NaCl	LiN3-Core/gromacs/umbrella_sampling/window_006_0.86nm/umbrella_eq.cpt	1069628	2026-07-18T16:38:02.3429140410Z
NaCl	LiN3-Core/gromacs/umbrella_sampling/window_006_0.86nm/umbrella_eq.edr	325400	2026-07-18T16:38:02.4149140610Z
NaCl	LiN3-Core/gromacs/umbrella_sampling/window_006_0.86nm/umbrella_eq.xtc	79964744	2026-07-18T16:38:02.3479140420Z
NaCl	LiN3-Core/gromacs/umbrella_sampling/window_006_0.86nm/umbrella_eq_prev.cpt	1068560	2026-07-18T16:38:02.3439140410Z
NaCl	LiN3-Core/gromacs/umbrella_sampling/window_006_0.86nm/umbrella_prev.cpt	1069332	2026-07-20T01:55:38.1239717020Z
NaCl	LiN3-Core/gromacs/umbrella_sampling/window_007_0.93nm/umbrella.cpt	1069608	2026-07-24T06:34:36.7846502840Z
NaCl	LiN3-Core/gromacs/umbrella_sampling/window_007_0.93nm/umbrella.edr	1297400	2026-07-24T06:34:36.8286502280Z
NaCl	LiN3-Core/gromacs/umbrella_sampling/window_007_0.93nm/umbrella.xtc	319377452	2026-07-24T06:34:36.7886502790Z
NaCl	LiN3-Core/gromacs/umbrella_sampling/window_007_0.93nm/umbrella_eq.cpt	1069628	2026-07-22T01:26:47.7147508580Z
NaCl	LiN3-Core/gromacs/umbrella_sampling/window_007_0.93nm/umbrella_eq.edr	325400	2026-07-22T01:26:47.8027508980Z
NaCl	LiN3-Core/gromacs/umbrella_sampling/window_007_0.93nm/umbrella_eq.xtc	79964760	2026-07-22T01:26:47.7237508620Z
NaCl	LiN3-Core/gromacs/umbrella_sampling/window_007_0.93nm/umbrella_eq_prev.cpt	1069352	2026-07-22T01:26:47.7167508590Z
NaCl	LiN3-Core/gromacs/umbrella_sampling/window_007_0.93nm/umbrella_prev.cpt	1068540	2026-07-24T06:34:36.7856502830Z
NaCl	LiN3-Core/gromacs/umbrella_sampling/window_008_1.01nm/umbrella.cpt	1069608	2026-07-22T21:40:39.9191623850Z
NaCl	LiN3-Core/gromacs/umbrella_sampling/window_008_1.01nm/umbrella.edr	1297400	2026-07-22T21:40:40.0371624000Z
NaCl	LiN3-Core/gromacs/umbrella_sampling/window_008_1.01nm/umbrella.xtc	319383680	2026-07-22T21:40:39.9271623860Z
NaCl	LiN3-Core/gromacs/umbrella_sampling/window_008_1.01nm/umbrella_eq.cpt	1069628	2026-07-19T06:43:08.8682473740Z
NaCl	LiN3-Core/gromacs/umbrella_sampling/window_008_1.01nm/umbrella_eq.edr	325400	2026-07-19T06:43:08.9432474560Z
NaCl	LiN3-Core/gromacs/umbrella_sampling/window_008_1.01nm/umbrella_eq.xtc	79964568	2026-07-19T06:43:08.8762473820Z
NaCl	LiN3-Core/gromacs/umbrella_sampling/window_008_1.01nm/umbrella_eq_prev.cpt	1068560	2026-07-19T06:43:08.8712473770Z
NaCl	LiN3-Core/gromacs/umbrella_sampling/window_008_1.01nm/umbrella_prev.cpt	1069332	2026-07-22T21:40:39.9231623850Z
NaCl	LiN3-Core/gromacs/umbrella_sampling/window_009_1.08nm/umbrella.cpt	1069608	2026-07-22T13:27:42.0822971230Z
NaCl	LiN3-Core/gromacs/umbrella_sampling/window_009_1.08nm/umbrella.edr	1297400	2026-07-22T13:27:42.1822971310Z
NaCl	LiN3-Core/gromacs/umbrella_sampling/window_009_1.08nm/umbrella.xtc	319383728	2026-07-22T13:27:42.0912971240Z
NaCl	LiN3-Core/gromacs/umbrella_sampling/window_009_1.08nm/umbrella_eq.cpt	1069628	2026-07-20T02:56:38.5502664460Z
NaCl	LiN3-Core/gromacs/umbrella_sampling/window_009_1.08nm/umbrella_eq.edr	325400	2026-07-20T02:56:38.7192664240Z
NaCl	LiN3-Core/gromacs/umbrella_sampling/window_009_1.08nm/umbrella_eq.xtc	79964560	2026-07-20T02:56:38.5572664450Z
NaCl	LiN3-Core/gromacs/umbrella_sampling/window_009_1.08nm/umbrella_eq_prev.cpt	1069352	2026-07-20T02:56:38.5532664450Z
NaCl	LiN3-Core/gromacs/umbrella_sampling/window_009_1.08nm/umbrella_prev.cpt	1069332	2026-07-22T13:27:42.0872971240Z
NaCl	LiN3-Core/gromacs/umbrella_sampling/window_010_1.16nm/umbrella.cpt	1069608	2026-07-23T16:47:12.1104417940Z
NaCl	LiN3-Core/gromacs/umbrella_sampling/window_010_1.16nm/umbrella.edr	1297400	2026-07-23T16:47:12.1834417530Z
NaCl	LiN3-Core/gromacs/umbrella_sampling/window_010_1.16nm/umbrella.xtc	319377992	2026-07-23T16:47:12.1164417910Z
NaCl	LiN3-Core/gromacs/umbrella_sampling/window_010_1.16nm/umbrella_eq.cpt	1069628	2026-07-21T11:17:28.3621178190Z
NaCl	LiN3-Core/gromacs/umbrella_sampling/window_010_1.16nm/umbrella_eq.edr	325400	2026-07-21T11:17:28.4351177830Z
NaCl	LiN3-Core/gromacs/umbrella_sampling/window_010_1.16nm/umbrella_eq.xtc	79964544	2026-07-21T11:17:28.3681178160Z
NaCl	LiN3-Core/gromacs/umbrella_sampling/window_010_1.16nm/umbrella_eq_prev.cpt	1069352	2026-07-21T11:17:28.3641178180Z
NaCl	LiN3-Core/gromacs/umbrella_sampling/window_010_1.16nm/umbrella_prev.cpt	1069332	2026-07-23T16:47:12.1124417930Z
NaCl	LiN3-Core/gromacs/umbrella_sampling/window_011_1.23nm/umbrella.cpt	1069608	2026-07-20T13:36:42.8899058160Z
NaCl	LiN3-Core/gromacs/umbrella_sampling/window_011_1.23nm/umbrella.edr	1297400	2026-07-20T13:36:43.0339057990Z
NaCl	LiN3-Core/gromacs/umbrella_sampling/window_011_1.23nm/umbrella.xtc	319380880	2026-07-20T13:36:42.9019058150Z
NaCl	LiN3-Core/gromacs/umbrella_sampling/window_011_1.23nm/umbrella_eq.cpt	1069628	2026-07-18T16:34:17.7348514650Z
NaCl	LiN3-Core/gromacs/umbrella_sampling/window_011_1.23nm/umbrella_eq.edr	325400	2026-07-18T16:34:17.8858515060Z
NaCl	LiN3-Core/gromacs/umbrella_sampling/window_011_1.23nm/umbrella_eq.xtc	79964748	2026-07-18T16:34:17.7478514690Z
NaCl	LiN3-Core/gromacs/umbrella_sampling/window_011_1.23nm/umbrella_eq_prev.cpt	1068560	2026-07-18T16:34:17.7408514670Z
NaCl	LiN3-Core/gromacs/umbrella_sampling/window_011_1.23nm/umbrella_prev.cpt	1069332	2026-07-20T13:36:42.8949058160Z
NaCl	LiN3-Core/gromacs/umbrella_sampling/window_012_1.31nm/umbrella.cpt	1069608	2026-07-24T01:54:15.2197909820Z
NaCl	LiN3-Core/gromacs/umbrella_sampling/window_012_1.31nm/umbrella.edr	1297400	2026-07-24T01:54:15.2897910370Z
NaCl	LiN3-Core/gromacs/umbrella_sampling/window_012_1.31nm/umbrella.xtc	319378160	2026-07-24T01:54:15.2257909870Z
NaCl	LiN3-Core/gromacs/umbrella_sampling/window_012_1.31nm/umbrella_eq.cpt	1069628	2026-07-19T21:07:22.2366455060Z
NaCl	LiN3-Core/gromacs/umbrella_sampling/window_012_1.31nm/umbrella_eq.edr	325400	2026-07-19T21:07:22.3246455570Z
NaCl	LiN3-Core/gromacs/umbrella_sampling/window_012_1.31nm/umbrella_eq.xtc	79964340	2026-07-19T21:07:22.2456455110Z
NaCl	LiN3-Core/gromacs/umbrella_sampling/window_012_1.31nm/umbrella_eq_prev.cpt	1069352	2026-07-19T21:07:22.2416455090Z
NaCl	LiN3-Core/gromacs/umbrella_sampling/window_012_1.31nm/umbrella_prev.cpt	1068540	2026-07-24T01:54:15.2217909840Z
NaCl	LiN3-Core/gromacs/umbrella_sampling/window_013_1.38nm/umbrella.cpt	1069608	2026-07-22T21:55:09.3332998320Z
NaCl	LiN3-Core/gromacs/umbrella_sampling/window_013_1.38nm/umbrella.edr	1297400	2026-07-22T21:55:09.4062998440Z
NaCl	LiN3-Core/gromacs/umbrella_sampling/window_013_1.38nm/umbrella.xtc	319378828	2026-07-22T21:55:09.3392998330Z
NaCl	LiN3-Core/gromacs/umbrella_sampling/window_013_1.38nm/umbrella_eq.cpt	1069628	2026-07-19T19:53:25.6505382890Z
NaCl	LiN3-Core/gromacs/umbrella_sampling/window_013_1.38nm/umbrella_eq.edr	325400	2026-07-19T19:53:25.7325383110Z
NaCl	LiN3-Core/gromacs/umbrella_sampling/window_013_1.38nm/umbrella_eq.xtc	79964848	2026-07-19T19:53:25.6625382920Z
NaCl	LiN3-Core/gromacs/umbrella_sampling/window_013_1.38nm/umbrella_eq_prev.cpt	1068560	2026-07-19T19:53:25.6545382900Z
NaCl	LiN3-Core/gromacs/umbrella_sampling/window_013_1.38nm/umbrella_prev.cpt	1069332	2026-07-22T21:55:09.3352998320Z
NaCl	LiN3-Core/gromacs/umbrella_sampling/window_014_1.46nm/umbrella.cpt	1069608	2026-07-20T22:30:46.4316030310Z
NaCl	LiN3-Core/gromacs/umbrella_sampling/window_014_1.46nm/umbrella.edr	1297400	2026-07-20T22:30:46.5456030520Z
NaCl	LiN3-Core/gromacs/umbrella_sampling/window_014_1.46nm/umbrella.xtc	319378380	2026-07-20T22:30:46.4436030330Z
NaCl	LiN3-Core/gromacs/umbrella_sampling/window_014_1.46nm/umbrella_eq.cpt	1069628	2026-07-18T22:47:56.6043951790Z
NaCl	LiN3-Core/gromacs/umbrella_sampling/window_014_1.46nm/umbrella_eq.edr	325400	2026-07-18T22:47:56.6763951830Z
NaCl	LiN3-Core/gromacs/umbrella_sampling/window_014_1.46nm/umbrella_eq.xtc	79964280	2026-07-18T22:47:56.6093951800Z
NaCl	LiN3-Core/gromacs/umbrella_sampling/window_014_1.46nm/umbrella_eq_prev.cpt	1069352	2026-07-18T22:47:56.6053951790Z
NaCl	LiN3-Core/gromacs/umbrella_sampling/window_014_1.46nm/umbrella_prev.cpt	1069332	2026-07-20T22:30:46.4356030320Z
NaCl	LiN3-Core/gromacs/umbrella_sampling/window_015_1.53nm/umbrella.cpt	1069608	2026-07-23T10:38:37.2388638650Z
NaCl	LiN3-Core/gromacs/umbrella_sampling/window_015_1.53nm/umbrella.edr	1297400	2026-07-23T10:38:37.3118639110Z
NaCl	LiN3-Core/gromacs/umbrella_sampling/window_015_1.53nm/umbrella.xtc	319378336	2026-07-23T10:38:37.2448638690Z
NaCl	LiN3-Core/gromacs/umbrella_sampling/window_015_1.53nm/umbrella_eq.cpt	1069628	2026-07-18T16:34:06.9928485600Z
NaCl	LiN3-Core/gromacs/umbrella_sampling/window_015_1.53nm/umbrella_eq.edr	325400	2026-07-18T16:34:07.0668485810Z
NaCl	LiN3-Core/gromacs/umbrella_sampling/window_015_1.53nm/umbrella_eq.xtc	79964464	2026-07-18T16:34:06.9988485620Z
NaCl	LiN3-Core/gromacs/umbrella_sampling/window_015_1.53nm/umbrella_eq_prev.cpt	1069352	2026-07-18T16:34:06.9938485610Z
NaCl	LiN3-Core/gromacs/umbrella_sampling/window_015_1.53nm/umbrella_prev.cpt	1069332	2026-07-23T10:38:37.2418638670Z
NaCl	LiN3-Core/gromacs/umbrella_sampling/window_016_1.61nm/umbrella.cpt	1069608	2026-07-23T20:41:43.6262164190Z
NaCl	LiN3-Core/gromacs/umbrella_sampling/window_016_1.61nm/umbrella.edr	1297400	2026-07-23T20:41:43.6712164200Z
NaCl	LiN3-Core/gromacs/umbrella_sampling/window_016_1.61nm/umbrella.xtc	319380588	2026-07-23T20:41:43.6302164190Z
NaCl	LiN3-Core/gromacs/umbrella_sampling/window_016_1.61nm/umbrella_eq.cpt	1069628	2026-07-20T09:13:37.0944941750Z
NaCl	LiN3-Core/gromacs/umbrella_sampling/window_016_1.61nm/umbrella_eq.edr	325400	2026-07-20T09:13:37.1964941430Z
NaCl	LiN3-Core/gromacs/umbrella_sampling/window_016_1.61nm/umbrella_eq.xtc	79965004	2026-07-20T09:13:37.1064941710Z
NaCl	LiN3-Core/gromacs/umbrella_sampling/window_016_1.61nm/umbrella_eq_prev.cpt	1069352	2026-07-20T09:13:37.0994941730Z
NaCl	LiN3-Core/gromacs/umbrella_sampling/window_016_1.61nm/umbrella_prev.cpt	1069332	2026-07-23T20:41:43.6282164200Z
NaCl	LiN3-Core/gromacs/umbrella_sampling/window_017_1.68nm/umbrella.cpt	1069608	2026-07-23T20:52:50.9341972840Z
NaCl	LiN3-Core/gromacs/umbrella_sampling/window_017_1.68nm/umbrella.edr	1297400	2026-07-23T20:52:51.0041972980Z
NaCl	LiN3-Core/gromacs/umbrella_sampling/window_017_1.68nm/umbrella.xtc	319380648	2026-07-23T20:52:50.9391972850Z
NaCl	LiN3-Core/gromacs/umbrella_sampling/window_017_1.68nm/umbrella_eq.cpt	1069628	2026-07-20T04:14:22.3523432020Z
NaCl	LiN3-Core/gromacs/umbrella_sampling/window_017_1.68nm/umbrella_eq.edr	325400	2026-07-20T04:14:22.4333432520Z
NaCl	LiN3-Core/gromacs/umbrella_sampling/window_017_1.68nm/umbrella_eq.xtc	79965820	2026-07-20T04:14:22.3593432060Z
NaCl	LiN3-Core/gromacs/umbrella_sampling/window_017_1.68nm/umbrella_eq_prev.cpt	1069352	2026-07-20T04:14:22.3553432040Z
NaCl	LiN3-Core/gromacs/umbrella_sampling/window_017_1.68nm/umbrella_prev.cpt	1069332	2026-07-23T20:52:50.9361972850Z
NaCl	LiN3-Core/gromacs/umbrella_sampling/window_018_1.76nm/umbrella.cpt	1069608	2026-07-22T00:59:06.0008709540Z
NaCl	LiN3-Core/gromacs/umbrella_sampling/window_018_1.76nm/umbrella.edr	1297400	2026-07-22T00:59:06.0758709800Z
NaCl	LiN3-Core/gromacs/umbrella_sampling/window_018_1.76nm/umbrella.xtc	319378676	2026-07-22T00:59:06.0088709570Z
NaCl	LiN3-Core/gromacs/umbrella_sampling/window_018_1.76nm/umbrella_eq.cpt	1069628	2026-07-18T12:40:25.0947557850Z
NaCl	LiN3-Core/gromacs/umbrella_sampling/window_018_1.76nm/umbrella_eq.edr	325400	2026-07-18T12:40:25.1677557850Z
NaCl	LiN3-Core/gromacs/umbrella_sampling/window_018_1.76nm/umbrella_eq.xtc	79964568	2026-07-18T12:40:25.0997557850Z
NaCl	LiN3-Core/gromacs/umbrella_sampling/window_018_1.76nm/umbrella_eq_prev.cpt	1069352	2026-07-18T12:40:25.0967557850Z
NaCl	LiN3-Core/gromacs/umbrella_sampling/window_018_1.76nm/umbrella_prev.cpt	1069332	2026-07-22T00:59:06.0048709550Z
NaCl	LiN3-Core/gromacs/umbrella_sampling/window_019_1.83nm/umbrella.cpt	1069608	2026-07-20T20:55:01.3974149660Z
NaCl	LiN3-Core/gromacs/umbrella_sampling/window_019_1.83nm/umbrella.edr	1297400	2026-07-20T20:55:01.5284150520Z
NaCl	LiN3-Core/gromacs/umbrella_sampling/window_019_1.83nm/umbrella.xtc	319378652	2026-07-20T20:55:01.4064149720Z
NaCl	LiN3-Core/gromacs/umbrella_sampling/window_019_1.83nm/umbrella_eq.cpt	1069628	2026-07-18T11:42:27.9186698820Z
NaCl	LiN3-Core/gromacs/umbrella_sampling/window_019_1.83nm/umbrella_eq.edr	325400	2026-07-18T11:42:27.9906698590Z
NaCl	LiN3-Core/gromacs/umbrella_sampling/window_019_1.83nm/umbrella_eq.xtc	79964700	2026-07-18T11:42:27.9246698800Z
NaCl	LiN3-Core/gromacs/umbrella_sampling/window_019_1.83nm/umbrella_eq_prev.cpt	1069352	2026-07-18T11:42:27.9206698820Z
NaCl	LiN3-Core/gromacs/umbrella_sampling/window_019_1.83nm/umbrella_prev.cpt	1069332	2026-07-20T20:55:01.4004149680Z
NaCl	LiN3-Core/gromacs/umbrella_sampling/window_020_1.91nm/umbrella.cpt	1069608	2026-07-23T22:40:57.0675390520Z
NaCl	LiN3-Core/gromacs/umbrella_sampling/window_020_1.91nm/umbrella.edr	1297400	2026-07-23T22:40:57.1375392010Z
NaCl	LiN3-Core/gromacs/umbrella_sampling/window_020_1.91nm/umbrella.xtc	319379292	2026-07-23T22:40:57.0725390630Z
NaCl	LiN3-Core/gromacs/umbrella_sampling/window_020_1.91nm/umbrella_eq.cpt	1069628	2026-07-19T00:51:32.5924804140Z
NaCl	LiN3-Core/gromacs/umbrella_sampling/window_020_1.91nm/umbrella_eq.edr	325400	2026-07-19T00:51:32.6644807430Z
NaCl	LiN3-Core/gromacs/umbrella_sampling/window_020_1.91nm/umbrella_eq.xtc	79964516	2026-07-19T00:51:32.5974804370Z
NaCl	LiN3-Core/gromacs/umbrella_sampling/window_020_1.91nm/umbrella_eq_prev.cpt	1068560	2026-07-19T00:51:32.5934804190Z
NaCl	LiN3-Core/gromacs/umbrella_sampling/window_020_1.91nm/umbrella_prev.cpt	1069332	2026-07-23T22:40:57.0695390570Z
NaCl	LiN3-Core/gromacs/umbrella_sampling/window_021_1.98nm/umbrella.cpt	1069608	2026-07-20T18:27:07.1756209440Z
NaCl	LiN3-Core/gromacs/umbrella_sampling/window_021_1.98nm/umbrella.edr	1297400	2026-07-20T18:27:07.3176209600Z
NaCl	LiN3-Core/gromacs/umbrella_sampling/window_021_1.98nm/umbrella.xtc	319377592	2026-07-20T18:27:07.1866209450Z
NaCl	LiN3-Core/gromacs/umbrella_sampling/window_021_1.98nm/umbrella_eq.cpt	1069628	2026-07-18T21:50:02.3562340140Z
NaCl	LiN3-Core/gromacs/umbrella_sampling/window_021_1.98nm/umbrella_eq.edr	325400	2026-07-18T21:50:02.4332341000Z
NaCl	LiN3-Core/gromacs/umbrella_sampling/window_021_1.98nm/umbrella_eq.xtc	79963700	2026-07-18T21:50:02.3632340220Z
NaCl	LiN3-Core/gromacs/umbrella_sampling/window_021_1.98nm/umbrella_eq_prev.cpt	1069352	2026-07-18T21:50:02.3592340180Z
NaCl	LiN3-Core/gromacs/umbrella_sampling/window_021_1.98nm/umbrella_prev.cpt	1069332	2026-07-20T18:27:07.1776209440Z
NaCl	LiN3-Core/gromacs/umbrella_sampling/window_022_2.06nm/umbrella.cpt	1069608	2026-07-23T03:32:20.5701022100Z
NaCl	LiN3-Core/gromacs/umbrella_sampling/window_022_2.06nm/umbrella.edr	1297400	2026-07-23T03:32:20.6431022580Z
NaCl	LiN3-Core/gromacs/umbrella_sampling/window_022_2.06nm/umbrella.xtc	319380256	2026-07-23T03:32:20.5751022130Z
NaCl	LiN3-Core/gromacs/umbrella_sampling/window_022_2.06nm/umbrella_eq.cpt	1069628	2026-07-21T15:12:06.5849267930Z
NaCl	LiN3-Core/gromacs/umbrella_sampling/window_022_2.06nm/umbrella_eq.edr	325400	2026-07-21T15:12:06.6609268410Z
NaCl	LiN3-Core/gromacs/umbrella_sampling/window_022_2.06nm/umbrella_eq.xtc	79965148	2026-07-21T15:12:06.5939267990Z
NaCl	LiN3-Core/gromacs/umbrella_sampling/window_022_2.06nm/umbrella_eq_prev.cpt	1069352	2026-07-21T15:12:06.5899267960Z
NaCl	LiN3-Core/gromacs/umbrella_sampling/window_022_2.06nm/umbrella_prev.cpt	1069332	2026-07-23T03:32:20.5711022110Z
NaCl	LiN3-Core/gromacs/umbrella_sampling/window_023_2.13nm/umbrella.cpt	1069608	2026-07-23T05:33:50.4074747980Z
NaCl	LiN3-Core/gromacs/umbrella_sampling/window_023_2.13nm/umbrella.edr	1297400	2026-07-23T05:33:50.4814750740Z
NaCl	LiN3-Core/gromacs/umbrella_sampling/window_023_2.13nm/umbrella.xtc	319378960	2026-07-23T05:33:50.4144748240Z
NaCl	LiN3-Core/gromacs/umbrella_sampling/window_023_2.13nm/umbrella_eq.cpt	1069628	2026-07-19T14:34:47.7450373570Z
NaCl	LiN3-Core/gromacs/umbrella_sampling/window_023_2.13nm/umbrella_eq.edr	325400	2026-07-19T14:34:47.8170375840Z
NaCl	LiN3-Core/gromacs/umbrella_sampling/window_023_2.13nm/umbrella_eq.xtc	79964844	2026-07-19T14:34:47.7510373760Z
NaCl	LiN3-Core/gromacs/umbrella_sampling/window_023_2.13nm/umbrella_eq_prev.cpt	1069352	2026-07-19T14:34:47.7470373640Z
NaCl	LiN3-Core/gromacs/umbrella_sampling/window_023_2.13nm/umbrella_prev.cpt	1068540	2026-07-23T05:33:50.4094748050Z
NaCl	LiN3-Core/gromacs/umbrella_sampling/window_024_2.21nm/umbrella.cpt	1069608	2026-07-22T07:49:05.5853351130Z
NaCl	LiN3-Core/gromacs/umbrella_sampling/window_024_2.21nm/umbrella.edr	1297400	2026-07-22T07:49:05.7493351950Z
NaCl	LiN3-Core/gromacs/umbrella_sampling/window_024_2.21nm/umbrella.xtc	319380892	2026-07-22T07:49:05.5953351180Z
NaCl	LiN3-Core/gromacs/umbrella_sampling/window_024_2.21nm/umbrella_eq.cpt	1069628	2026-07-20T17:47:56.8494282020Z
NaCl	LiN3-Core/gromacs/umbrella_sampling/window_024_2.21nm/umbrella_eq.edr	325400	2026-07-20T17:47:56.9224281990Z
NaCl	LiN3-Core/gromacs/umbrella_sampling/window_024_2.21nm/umbrella_eq.xtc	79964372	2026-07-20T17:47:56.8554282020Z
NaCl	LiN3-Core/gromacs/umbrella_sampling/window_024_2.21nm/umbrella_eq_prev.cpt	1069352	2026-07-20T17:47:56.8514282020Z
NaCl	LiN3-Core/gromacs/umbrella_sampling/window_024_2.21nm/umbrella_prev.cpt	1069332	2026-07-22T07:49:05.5883351140Z
NaCl	LiN3-Core/gromacs/umbrella_sampling/window_025_2.28nm/umbrella.cpt	1069608	2026-07-22T07:43:55.9411661740Z
NaCl	LiN3-Core/gromacs/umbrella_sampling/window_025_2.28nm/umbrella.edr	1297400	2026-07-22T07:43:56.0301662270Z
NaCl	LiN3-Core/gromacs/umbrella_sampling/window_025_2.28nm/umbrella.xtc	319379984	2026-07-22T07:43:55.9521661800Z
NaCl	LiN3-Core/gromacs/umbrella_sampling/window_025_2.28nm/umbrella_eq.cpt	1069628	2026-07-20T02:26:24.2802130250Z
NaCl	LiN3-Core/gromacs/umbrella_sampling/window_025_2.28nm/umbrella_eq.edr	325400	2026-07-20T02:26:24.3612128880Z
NaCl	LiN3-Core/gromacs/umbrella_sampling/window_025_2.28nm/umbrella_eq.xtc	79965236	2026-07-20T02:26:24.2912130060Z
NaCl	LiN3-Core/gromacs/umbrella_sampling/window_025_2.28nm/umbrella_eq_prev.cpt	1069352	2026-07-20T02:26:24.2852130160Z
NaCl	LiN3-Core/gromacs/umbrella_sampling/window_025_2.28nm/umbrella_prev.cpt	1069332	2026-07-22T07:43:55.9451661760Z
NaCl	LiN3-Core/gromacs/umbrella_sampling/window_026_2.36nm/umbrella.cpt	1069608	2026-07-20T14:08:38.5789468530Z
NaCl	LiN3-Core/gromacs/umbrella_sampling/window_026_2.36nm/umbrella.edr	1297400	2026-07-20T14:08:38.6519468550Z
NaCl	LiN3-Core/gromacs/umbrella_sampling/window_026_2.36nm/umbrella.xtc	319379552	2026-07-20T14:08:38.5849468540Z
NaCl	LiN3-Core/gromacs/umbrella_sampling/window_026_2.36nm/umbrella_eq.cpt	1069628	2026-07-19T03:48:48.7988672400Z
NaCl	LiN3-Core/gromacs/umbrella_sampling/window_026_2.36nm/umbrella_eq.edr	325400	2026-07-19T03:48:48.8808673950Z
NaCl	LiN3-Core/gromacs/umbrella_sampling/window_026_2.36nm/umbrella_eq.xtc	79964672	2026-07-19T03:48:48.8078672570Z
NaCl	LiN3-Core/gromacs/umbrella_sampling/window_026_2.36nm/umbrella_eq_prev.cpt	1069352	2026-07-19T03:48:48.8038672490Z
NaCl	LiN3-Core/gromacs/umbrella_sampling/window_026_2.36nm/umbrella_prev.cpt	1069332	2026-07-20T14:08:38.5809468530Z
NaCl	LiN3-Core/gromacs/umbrella_sampling/window_027_2.43nm/umbrella.cpt	1069608	2026-07-20T19:45:39.8673765560Z
NaCl	LiN3-Core/gromacs/umbrella_sampling/window_027_2.43nm/umbrella.edr	1297400	2026-07-20T19:45:39.9403765630Z
NaCl	LiN3-Core/gromacs/umbrella_sampling/window_027_2.43nm/umbrella.xtc	319379028	2026-07-20T19:45:39.8733765560Z
NaCl	LiN3-Core/gromacs/umbrella_sampling/window_027_2.43nm/umbrella_eq.cpt	1069628	2026-07-19T10:11:04.2696343630Z
NaCl	LiN3-Core/gromacs/umbrella_sampling/window_027_2.43nm/umbrella_eq.edr	325400	2026-07-19T10:11:04.3466343280Z
NaCl	LiN3-Core/gromacs/umbrella_sampling/window_027_2.43nm/umbrella_eq.xtc	79964672	2026-07-19T10:11:04.2776343600Z
NaCl	LiN3-Core/gromacs/umbrella_sampling/window_027_2.43nm/umbrella_eq_prev.cpt	1069352	2026-07-19T10:11:04.2736343610Z
NaCl	LiN3-Core/gromacs/umbrella_sampling/window_027_2.43nm/umbrella_prev.cpt	1069332	2026-07-20T19:45:39.8693765560Z
NaCl	LiN3-Core/gromacs/umbrella_sampling/window_028_2.51nm/umbrella.cpt	1069608	2026-07-21T11:35:31.4360292740Z
NaCl	LiN3-Core/gromacs/umbrella_sampling/window_028_2.51nm/umbrella.edr	1297400	2026-07-21T11:35:31.7340295510Z
NaCl	LiN3-Core/gromacs/umbrella_sampling/window_028_2.51nm/umbrella.xtc	319379132	2026-07-21T11:35:31.4570292940Z
NaCl	LiN3-Core/gromacs/umbrella_sampling/window_028_2.51nm/umbrella_eq.cpt	1069628	2026-07-19T06:56:55.5088711070Z
NaCl	LiN3-Core/gromacs/umbrella_sampling/window_028_2.51nm/umbrella_eq.edr	325400	2026-07-19T06:56:55.6298711750Z
NaCl	LiN3-Core/gromacs/umbrella_sampling/window_028_2.51nm/umbrella_eq.xtc	79965052	2026-07-19T06:56:55.5168711120Z
NaCl	LiN3-Core/gromacs/umbrella_sampling/window_028_2.51nm/umbrella_eq_prev.cpt	1069352	2026-07-19T06:56:55.5128711100Z
NaCl	LiN3-Core/gromacs/umbrella_sampling/window_028_2.51nm/umbrella_prev.cpt	1069332	2026-07-21T11:35:31.4410292790Z
NaCl	LiN3-Core/gromacs/umbrella_sampling/window_029_2.58nm/umbrella.cpt	1069608	2026-07-21T09:03:38.2565098090Z
NaCl	LiN3-Core/gromacs/umbrella_sampling/window_029_2.58nm/umbrella.edr	1297400	2026-07-21T09:03:38.4505097180Z
NaCl	LiN3-Core/gromacs/umbrella_sampling/window_029_2.58nm/umbrella.xtc	319378656	2026-07-21T09:03:38.2645098060Z
NaCl	LiN3-Core/gromacs/umbrella_sampling/window_029_2.58nm/umbrella_eq.cpt	1069628	2026-07-19T12:10:19.2016139190Z
NaCl	LiN3-Core/gromacs/umbrella_sampling/window_029_2.58nm/umbrella_eq.edr	325400	2026-07-19T12:10:19.2786139360Z
NaCl	LiN3-Core/gromacs/umbrella_sampling/window_029_2.58nm/umbrella_eq.xtc	79964152	2026-07-19T12:10:19.2126139220Z
NaCl	LiN3-Core/gromacs/umbrella_sampling/window_029_2.58nm/umbrella_eq_prev.cpt	1068560	2026-07-19T12:10:19.2046139200Z
NaCl	LiN3-Core/gromacs/umbrella_sampling/window_029_2.58nm/umbrella_prev.cpt	1068540	2026-07-21T09:03:38.2605098080Z
NaCl	LiND-Hybrid/gromacs/run_eq/step4.1_equilibration.edr	71728	2026-07-13T14:32:44.0000000000Z
NaCl	LiND-Hybrid/gromacs/umbrella_sampling/bound_place_min/min.edr	78552	2026-07-18T01:33:05.7209571080Z
NaCl	LiND-Hybrid/gromacs/umbrella_sampling/bound_place_min/min.trr	819084	2026-07-18T01:33:05.7269570720Z
NaCl	LiND-Hybrid/gromacs/umbrella_sampling/pull/pull.cpt	1640260	2026-07-18T05:03:07.6112215480Z
NaCl	LiND-Hybrid/gromacs/umbrella_sampling/pull/pull.edr	649400	2026-07-18T05:03:07.7192215610Z
NaCl	LiND-Hybrid/gromacs/umbrella_sampling/pull/pull.xtc	247993884	2026-07-18T05:03:07.6192215490Z
NaCl	LiND-Hybrid/gromacs/umbrella_sampling/pull/pull_prev.cpt	1639984	2026-07-18T05:03:07.6132215490Z
NaCl	LiND-Hybrid/gromacs/umbrella_sampling/window_000_0.39nm/umbrella.cpt	1640280	2026-07-23T11:23:56.1339419160Z
NaCl	LiND-Hybrid/gromacs/umbrella_sampling/window_000_0.39nm/umbrella.edr	1297400	2026-07-23T11:23:56.2439420820Z
NaCl	LiND-Hybrid/gromacs/umbrella_sampling/window_000_0.39nm/umbrella.xtc	495720504	2026-07-23T11:23:56.1409419260Z
NaCl	LiND-Hybrid/gromacs/umbrella_sampling/window_000_0.39nm/umbrella_eq.cpt	1640300	2026-07-19T00:58:35.9989141840Z
NaCl	LiND-Hybrid/gromacs/umbrella_sampling/window_000_0.39nm/umbrella_eq.edr	325400	2026-07-19T00:58:36.1159144750Z
NaCl	LiND-Hybrid/gromacs/umbrella_sampling/window_000_0.39nm/umbrella_eq.xtc	124123248	2026-07-19T00:58:36.0099142110Z
NaCl	LiND-Hybrid/gromacs/umbrella_sampling/window_000_0.39nm/umbrella_eq_prev.cpt	1640024	2026-07-19T00:58:36.0009141890Z
NaCl	LiND-Hybrid/gromacs/umbrella_sampling/window_000_0.39nm/umbrella_prev.cpt	1640004	2026-07-23T11:23:56.1359419190Z
NaCl	LiND-Hybrid/gromacs/umbrella_sampling/window_001_0.46nm/umbrella.cpt	1640280	2026-07-21T09:39:41.2527080060Z
NaCl	LiND-Hybrid/gromacs/umbrella_sampling/window_001_0.46nm/umbrella.edr	1297400	2026-07-21T09:39:41.3637079690Z
NaCl	LiND-Hybrid/gromacs/umbrella_sampling/window_001_0.46nm/umbrella.xtc	495719616	2026-07-21T09:39:41.2627080030Z
NaCl	LiND-Hybrid/gromacs/umbrella_sampling/window_001_0.46nm/umbrella_eq.cpt	1640300	2026-07-19T10:05:52.0428063650Z
NaCl	LiND-Hybrid/gromacs/umbrella_sampling/window_001_0.46nm/umbrella_eq.edr	325400	2026-07-19T10:05:52.1528062930Z
NaCl	LiND-Hybrid/gromacs/umbrella_sampling/window_001_0.46nm/umbrella_eq.xtc	124125756	2026-07-19T10:05:52.0508063600Z
NaCl	LiND-Hybrid/gromacs/umbrella_sampling/window_001_0.46nm/umbrella_eq_prev.cpt	1640024	2026-07-19T10:05:52.0448063640Z
NaCl	LiND-Hybrid/gromacs/umbrella_sampling/window_001_0.46nm/umbrella_prev.cpt	1640004	2026-07-21T09:39:41.2547080060Z
NaCl	LiND-Hybrid/gromacs/umbrella_sampling/window_002_0.54nm/umbrella.cpt	1640280	2026-07-20T21:10:04.4289984280Z
NaCl	LiND-Hybrid/gromacs/umbrella_sampling/window_002_0.54nm/umbrella.edr	1297400	2026-07-20T21:10:04.5379984980Z
NaCl	LiND-Hybrid/gromacs/umbrella_sampling/window_002_0.54nm/umbrella.xtc	495718472	2026-07-20T21:10:04.4369984330Z
NaCl	LiND-Hybrid/gromacs/umbrella_sampling/window_002_0.54nm/umbrella_eq.cpt	1640300	2026-07-19T00:35:14.0267717270Z
NaCl	LiND-Hybrid/gromacs/umbrella_sampling/window_002_0.54nm/umbrella_eq.edr	325400	2026-07-19T00:35:14.1367716840Z
NaCl	LiND-Hybrid/gromacs/umbrella_sampling/window_002_0.54nm/umbrella_eq.xtc	124118712	2026-07-19T00:35:14.0337717240Z
NaCl	LiND-Hybrid/gromacs/umbrella_sampling/window_002_0.54nm/umbrella_eq_prev.cpt	1639232	2026-07-19T00:35:14.0287717260Z
NaCl	LiND-Hybrid/gromacs/umbrella_sampling/window_002_0.54nm/umbrella_prev.cpt	1639212	2026-07-20T21:10:04.4309984290Z
NaCl	LiND-Hybrid/gromacs/umbrella_sampling/window_003_0.61nm/umbrella.cpt	1640280	2026-07-22T20:42:43.8892337150Z
NaCl	LiND-Hybrid/gromacs/umbrella_sampling/window_003_0.61nm/umbrella.edr	1297400	2026-07-22T20:42:44.0002338180Z
NaCl	LiND-Hybrid/gromacs/umbrella_sampling/window_003_0.61nm/umbrella.xtc	495718752	2026-07-22T20:42:43.8972337220Z
NaCl	LiND-Hybrid/gromacs/umbrella_sampling/window_003_0.61nm/umbrella_eq.cpt	1640300	2026-07-19T11:31:48.5102189170Z
NaCl	LiND-Hybrid/gromacs/umbrella_sampling/window_003_0.61nm/umbrella_eq.edr	325400	2026-07-19T11:31:48.6182189420Z
NaCl	LiND-Hybrid/gromacs/umbrella_sampling/window_003_0.61nm/umbrella_eq.xtc	124118796	2026-07-19T11:31:48.5172189190Z
NaCl	LiND-Hybrid/gromacs/umbrella_sampling/window_003_0.61nm/umbrella_eq_prev.cpt	1639232	2026-07-19T11:31:48.5112189170Z
NaCl	LiND-Hybrid/gromacs/umbrella_sampling/window_003_0.61nm/umbrella_prev.cpt	1640004	2026-07-22T20:42:43.8912337160Z
NaCl	LiND-Hybrid/gromacs/umbrella_sampling/window_004_0.69nm/umbrella.cpt	1640280	2026-07-22T08:14:51.9553593140Z
NaCl	LiND-Hybrid/gromacs/umbrella_sampling/window_004_0.69nm/umbrella.edr	1297400	2026-07-22T08:14:52.0663593340Z
NaCl	LiND-Hybrid/gromacs/umbrella_sampling/window_004_0.69nm/umbrella.xtc	495718820	2026-07-22T08:14:51.9633593150Z
NaCl	LiND-Hybrid/gromacs/umbrella_sampling/window_004_0.69nm/umbrella_eq.cpt	1640300	2026-07-18T20:01:58.5533632230Z
NaCl	LiND-Hybrid/gromacs/umbrella_sampling/window_004_0.69nm/umbrella_eq.edr	325400	2026-07-18T20:01:58.6653632310Z
NaCl	LiND-Hybrid/gromacs/umbrella_sampling/window_004_0.69nm/umbrella_eq.xtc	124118628	2026-07-18T20:01:58.5603632230Z
NaCl	LiND-Hybrid/gromacs/umbrella_sampling/window_004_0.69nm/umbrella_eq_prev.cpt	1640024	2026-07-18T20:01:58.5543632230Z
NaCl	LiND-Hybrid/gromacs/umbrella_sampling/window_004_0.69nm/umbrella_prev.cpt	1640004	2026-07-22T08:14:51.9573593140Z
NaCl	LiND-Hybrid/gromacs/umbrella_sampling/window_005_0.76nm/umbrella.cpt	1640280	2026-07-20T20:07:04.1222683010Z
NaCl	LiND-Hybrid/gromacs/umbrella_sampling/window_005_0.76nm/umbrella.edr	1297400	2026-07-20T20:07:04.2332686550Z
NaCl	LiND-Hybrid/gromacs/umbrella_sampling/window_005_0.76nm/umbrella.xtc	495719008	2026-07-20T20:07:04.1302683260Z
NaCl	LiND-Hybrid/gromacs/umbrella_sampling/window_005_0.76nm/umbrella_eq.cpt	1640300	2026-07-18T18:26:27.3022881170Z
NaCl	LiND-Hybrid/gromacs/umbrella_sampling/window_005_0.76nm/umbrella_eq.edr	325400	2026-07-18T18:26:27.4152880720Z
NaCl	LiND-Hybrid/gromacs/umbrella_sampling/window_005_0.76nm/umbrella_eq.xtc	124119124	2026-07-18T18:26:27.3122881130Z
NaCl	LiND-Hybrid/gromacs/umbrella_sampling/window_005_0.76nm/umbrella_eq_prev.cpt	1640024	2026-07-18T18:26:27.3062881160Z
NaCl	LiND-Hybrid/gromacs/umbrella_sampling/window_005_0.76nm/umbrella_prev.cpt	1640004	2026-07-20T20:07:04.1242683070Z
NaCl	LiND-Hybrid/gromacs/umbrella_sampling/window_006_0.84nm/umbrella.cpt	1640280	2026-07-21T03:14:34.3428268870Z
NaCl	LiND-Hybrid/gromacs/umbrella_sampling/window_006_0.84nm/umbrella.edr	1297400	2026-07-21T03:14:34.4558269470Z
NaCl	LiND-Hybrid/gromacs/umbrella_sampling/window_006_0.84nm/umbrella.xtc	495721696	2026-07-21T03:14:34.3518268920Z
NaCl	LiND-Hybrid/gromacs/umbrella_sampling/window_006_0.84nm/umbrella_eq.cpt	1640300	2026-07-19T03:43:01.7559748200Z
NaCl	LiND-Hybrid/gromacs/umbrella_sampling/window_006_0.84nm/umbrella_eq.edr	325400	2026-07-19T03:43:01.8669752000Z
NaCl	LiND-Hybrid/gromacs/umbrella_sampling/window_006_0.84nm/umbrella_eq.xtc	124117600	2026-07-19T03:43:01.7639748480Z
NaCl	LiND-Hybrid/gromacs/umbrella_sampling/window_006_0.84nm/umbrella_eq_prev.cpt	1640024	2026-07-19T03:43:01.7579748270Z
NaCl	LiND-Hybrid/gromacs/umbrella_sampling/window_006_0.84nm/umbrella_prev.cpt	1639212	2026-07-21T03:14:34.3458268890Z
NaCl	LiND-Hybrid/gromacs/umbrella_sampling/window_007_0.91nm/umbrella.cpt	1640280	2026-07-22T04:21:13.9268487920Z
NaCl	LiND-Hybrid/gromacs/umbrella_sampling/window_007_0.91nm/umbrella.edr	1297400	2026-07-22T04:21:14.0468488180Z
NaCl	LiND-Hybrid/gromacs/umbrella_sampling/window_007_0.91nm/umbrella.xtc	495720348	2026-07-22T04:21:13.9378487940Z
NaCl	LiND-Hybrid/gromacs/umbrella_sampling/window_007_0.91nm/umbrella_eq.cpt	1640300	2026-07-18T20:09:50.9384214890Z
NaCl	LiND-Hybrid/gromacs/umbrella_sampling/window_007_0.91nm/umbrella_eq.edr	325400	2026-07-18T20:09:51.0484215060Z
NaCl	LiND-Hybrid/gromacs/umbrella_sampling/window_007_0.91nm/umbrella_eq.xtc	124117564	2026-07-18T20:09:50.9464214900Z
NaCl	LiND-Hybrid/gromacs/umbrella_sampling/window_007_0.91nm/umbrella_eq_prev.cpt	1640024	2026-07-18T20:09:50.9404214890Z
NaCl	LiND-Hybrid/gromacs/umbrella_sampling/window_007_0.91nm/umbrella_prev.cpt	1640004	2026-07-22T04:21:13.9318487930Z
NaCl	LiND-Hybrid/gromacs/umbrella_sampling/window_008_0.99nm/umbrella.cpt	1640280	2026-07-21T03:20:08.9699942270Z
NaCl	LiND-Hybrid/gromacs/umbrella_sampling/window_008_0.99nm/umbrella.edr	1297400	2026-07-21T03:20:09.0789942790Z
NaCl	LiND-Hybrid/gromacs/umbrella_sampling/window_008_0.99nm/umbrella.xtc	495718780	2026-07-21T03:20:08.9769942310Z
NaCl	LiND-Hybrid/gromacs/umbrella_sampling/window_008_0.99nm/umbrella_eq.cpt	1640300	2026-07-18T23:50:09.0173652770Z
NaCl	LiND-Hybrid/gromacs/umbrella_sampling/window_008_0.99nm/umbrella_eq.edr	325400	2026-07-18T23:50:09.1273654590Z
NaCl	LiND-Hybrid/gromacs/umbrella_sampling/window_008_0.99nm/umbrella_eq.xtc	124116416	2026-07-18T23:50:09.0253652900Z
NaCl	LiND-Hybrid/gromacs/umbrella_sampling/window_008_0.99nm/umbrella_eq_prev.cpt	1640024	2026-07-18T23:50:09.0193652800Z
NaCl	LiND-Hybrid/gromacs/umbrella_sampling/window_008_0.99nm/umbrella_prev.cpt	1639212	2026-07-21T03:20:08.9719942280Z
NaCl	LiND-Hybrid/gromacs/umbrella_sampling/window_009_1.06nm/umbrella.cpt	1640280	2026-07-22T22:32:25.9883107960Z
NaCl	LiND-Hybrid/gromacs/umbrella_sampling/window_009_1.06nm/umbrella.edr	1297400	2026-07-22T22:32:26.0993107340Z
NaCl	LiND-Hybrid/gromacs/umbrella_sampling/window_009_1.06nm/umbrella.xtc	495719176	2026-07-22T22:32:25.9963107920Z
NaCl	LiND-Hybrid/gromacs/umbrella_sampling/window_009_1.06nm/umbrella_eq.cpt	1640300	2026-07-20T23:55:48.2977355480Z
NaCl	LiND-Hybrid/gromacs/umbrella_sampling/window_009_1.06nm/umbrella_eq.edr	325400	2026-07-20T23:55:48.4077355190Z
NaCl	LiND-Hybrid/gromacs/umbrella_sampling/window_009_1.06nm/umbrella_eq.xtc	124117528	2026-07-20T23:55:48.3057355460Z
NaCl	LiND-Hybrid/gromacs/umbrella_sampling/window_009_1.06nm/umbrella_eq_prev.cpt	1640024	2026-07-20T23:55:48.2997355480Z
NaCl	LiND-Hybrid/gromacs/umbrella_sampling/window_009_1.06nm/umbrella_prev.cpt	1640004	2026-07-22T22:32:25.9903107950Z
NaCl	LiND-Hybrid/gromacs/umbrella_sampling/window_010_1.14nm/umbrella.cpt	1640280	2026-07-23T09:23:24.6124240790Z
NaCl	LiND-Hybrid/gromacs/umbrella_sampling/window_010_1.14nm/umbrella.edr	1297400	2026-07-23T09:23:24.7234241070Z
NaCl	LiND-Hybrid/gromacs/umbrella_sampling/window_010_1.14nm/umbrella.xtc	495718120	2026-07-23T09:23:24.6194240810Z
NaCl	LiND-Hybrid/gromacs/umbrella_sampling/window_010_1.14nm/umbrella_eq.cpt	1640300	2026-07-19T04:33:55.0063046360Z
NaCl	LiND-Hybrid/gromacs/umbrella_sampling/window_010_1.14nm/umbrella_eq.edr	325400	2026-07-19T04:33:55.1203046640Z
NaCl	LiND-Hybrid/gromacs/umbrella_sampling/window_010_1.14nm/umbrella_eq.xtc	124116308	2026-07-19T04:33:55.0143046380Z
NaCl	LiND-Hybrid/gromacs/umbrella_sampling/window_010_1.14nm/umbrella_eq_prev.cpt	1639232	2026-07-19T04:33:55.0083046360Z
NaCl	LiND-Hybrid/gromacs/umbrella_sampling/window_010_1.14nm/umbrella_prev.cpt	1640004	2026-07-23T09:23:24.6144240800Z
NaCl	LiND-Hybrid/gromacs/umbrella_sampling/window_011_1.21nm/umbrella.cpt	1640280	2026-07-23T17:56:21.1359759180Z
NaCl	LiND-Hybrid/gromacs/umbrella_sampling/window_011_1.21nm/umbrella.edr	1297400	2026-07-23T17:56:21.2469759780Z
NaCl	LiND-Hybrid/gromacs/umbrella_sampling/window_011_1.21nm/umbrella.xtc	495719788	2026-07-23T17:56:21.1439759220Z
NaCl	LiND-Hybrid/gromacs/umbrella_sampling/window_011_1.21nm/umbrella_eq.cpt	1640300	2026-07-19T03:47:58.5117680160Z
NaCl	LiND-Hybrid/gromacs/umbrella_sampling/window_011_1.21nm/umbrella_eq.edr	325400	2026-07-19T03:47:58.6227682440Z
NaCl	LiND-Hybrid/gromacs/umbrella_sampling/window_011_1.21nm/umbrella_eq.xtc	124116752	2026-07-19T03:47:58.5197680320Z
NaCl	LiND-Hybrid/gromacs/umbrella_sampling/window_011_1.21nm/umbrella_eq_prev.cpt	1639232	2026-07-19T03:47:58.5137680200Z
NaCl	LiND-Hybrid/gromacs/umbrella_sampling/window_011_1.21nm/umbrella_prev.cpt	1640004	2026-07-23T17:56:21.1379759190Z
NaCl	LiND-Hybrid/gromacs/umbrella_sampling/window_012_1.29nm/umbrella.cpt	1640280	2026-07-22T09:16:00.4120907100Z
NaCl	LiND-Hybrid/gromacs/umbrella_sampling/window_012_1.29nm/umbrella.edr	1297400	2026-07-22T09:16:00.5380906700Z
NaCl	LiND-Hybrid/gromacs/umbrella_sampling/window_012_1.29nm/umbrella.xtc	495720704	2026-07-22T09:16:00.4230907060Z
NaCl	LiND-Hybrid/gromacs/umbrella_sampling/window_012_1.29nm/umbrella_eq.cpt	1640300	2026-07-19T00:44:43.4336215310Z
NaCl	LiND-Hybrid/gromacs/umbrella_sampling/window_012_1.29nm/umbrella_eq.edr	325400	2026-07-19T00:44:43.5446215110Z
NaCl	LiND-Hybrid/gromacs/umbrella_sampling/window_012_1.29nm/umbrella_eq.xtc	124115800	2026-07-19T00:44:43.4406215300Z
NaCl	LiND-Hybrid/gromacs/umbrella_sampling/window_012_1.29nm/umbrella_eq_prev.cpt	1640024	2026-07-19T00:44:43.4346215310Z
NaCl	LiND-Hybrid/gromacs/umbrella_sampling/window_012_1.29nm/umbrella_prev.cpt	1640004	2026-07-22T09:16:00.4150907090Z
NaCl	LiND-Hybrid/gromacs/umbrella_sampling/window_013_1.36nm/umbrella.cpt	1640280	2026-07-23T04:00:17.7969840380Z
NaCl	LiND-Hybrid/gromacs/umbrella_sampling/window_013_1.36nm/umbrella.edr	1297400	2026-07-23T04:00:17.9079840920Z
NaCl	LiND-Hybrid/gromacs/umbrella_sampling/window_013_1.36nm/umbrella.xtc	495718976	2026-07-23T04:00:17.8049840420Z
NaCl	LiND-Hybrid/gromacs/umbrella_sampling/window_013_1.36nm/umbrella_eq.cpt	1640300	2026-07-19T00:54:06.0701037900Z
NaCl	LiND-Hybrid/gromacs/umbrella_sampling/window_013_1.36nm/umbrella_eq.edr	325400	2026-07-19T00:54:06.1841042010Z
NaCl	LiND-Hybrid/gromacs/umbrella_sampling/window_013_1.36nm/umbrella_eq.xtc	124115624	2026-07-19T00:54:06.0811038300Z
NaCl	LiND-Hybrid/gromacs/umbrella_sampling/window_013_1.36nm/umbrella_eq_prev.cpt	1640024	2026-07-19T00:54:06.0751038080Z
NaCl	LiND-Hybrid/gromacs/umbrella_sampling/window_013_1.36nm/umbrella_prev.cpt	1639212	2026-07-23T04:00:17.7989840390Z
NaCl	LiND-Hybrid/gromacs/umbrella_sampling/window_014_1.44nm/umbrella.cpt	1640280	2026-07-21T22:38:46.8644391810Z
NaCl	LiND-Hybrid/gromacs/umbrella_sampling/window_014_1.44nm/umbrella.edr	1297400	2026-07-21T22:38:46.9754392310Z
NaCl	LiND-Hybrid/gromacs/umbrella_sampling/window_014_1.44nm/umbrella.xtc	495720060	2026-07-21T22:38:46.8724391840Z
NaCl	LiND-Hybrid/gromacs/umbrella_sampling/window_014_1.44nm/umbrella_eq.cpt	1640300	2026-07-18T23:01:56.7345282330Z
NaCl	LiND-Hybrid/gromacs/umbrella_sampling/window_014_1.44nm/umbrella_eq.edr	325400	2026-07-18T23:01:56.8445282570Z
NaCl	LiND-Hybrid/gromacs/umbrella_sampling/window_014_1.44nm/umbrella_eq.xtc	124115804	2026-07-18T23:01:56.7415282340Z
NaCl	LiND-Hybrid/gromacs/umbrella_sampling/window_014_1.44nm/umbrella_eq_prev.cpt	1640024	2026-07-18T23:01:56.7365282330Z
NaCl	LiND-Hybrid/gromacs/umbrella_sampling/window_014_1.44nm/umbrella_prev.cpt	1640004	2026-07-21T22:38:46.8664391810Z
NaCl	LiND-Hybrid/gromacs/umbrella_sampling/window_015_1.51nm/umbrella.cpt	1640280	2026-07-23T15:25:13.5392424200Z
NaCl	LiND-Hybrid/gromacs/umbrella_sampling/window_015_1.51nm/umbrella.edr	1297400	2026-07-23T15:25:13.6502422820Z
NaCl	LiND-Hybrid/gromacs/umbrella_sampling/window_015_1.51nm/umbrella.xtc	495720012	2026-07-23T15:25:13.5472424100Z
NaCl	LiND-Hybrid/gromacs/umbrella_sampling/window_015_1.51nm/umbrella_eq.cpt	1640300	2026-07-19T04:36:20.8563421630Z
NaCl	LiND-Hybrid/gromacs/umbrella_sampling/window_015_1.51nm/umbrella_eq.edr	325400	2026-07-19T04:36:20.9783421940Z
NaCl	LiND-Hybrid/gromacs/umbrella_sampling/window_015_1.51nm/umbrella_eq.xtc	124116444	2026-07-19T04:36:20.8663421650Z
NaCl	LiND-Hybrid/gromacs/umbrella_sampling/window_015_1.51nm/umbrella_eq_prev.cpt	1640024	2026-07-19T04:36:20.8603421640Z
NaCl	LiND-Hybrid/gromacs/umbrella_sampling/window_015_1.51nm/umbrella_prev.cpt	1640004	2026-07-23T15:25:13.5412424170Z
NaCl	LiND-Hybrid/gromacs/umbrella_sampling/window_016_1.59nm/umbrella.cpt	1640280	2026-07-20T19:59:54.7093709200Z
NaCl	LiND-Hybrid/gromacs/umbrella_sampling/window_016_1.59nm/umbrella.edr	1297400	2026-07-20T19:59:54.8203709120Z
NaCl	LiND-Hybrid/gromacs/umbrella_sampling/window_016_1.59nm/umbrella.xtc	495719228	2026-07-20T19:59:54.7173709190Z
NaCl	LiND-Hybrid/gromacs/umbrella_sampling/window_016_1.59nm/umbrella_eq.cpt	1640300	2026-07-18T20:02:43.2123667580Z
NaCl	LiND-Hybrid/gromacs/umbrella_sampling/window_016_1.59nm/umbrella_eq.edr	325400	2026-07-18T20:02:43.3283667680Z
NaCl	LiND-Hybrid/gromacs/umbrella_sampling/window_016_1.59nm/umbrella_eq.xtc	124115488	2026-07-18T20:02:43.2253667590Z
NaCl	LiND-Hybrid/gromacs/umbrella_sampling/window_016_1.59nm/umbrella_eq_prev.cpt	1640024	2026-07-18T20:02:43.2163667580Z
NaCl	LiND-Hybrid/gromacs/umbrella_sampling/window_016_1.59nm/umbrella_prev.cpt	1640004	2026-07-20T19:59:54.7113709200Z
NaCl	LiND-Hybrid/gromacs/umbrella_sampling/window_017_1.66nm/umbrella.cpt	1640280	2026-07-20T13:48:53.8798734350Z
NaCl	LiND-Hybrid/gromacs/umbrella_sampling/window_017_1.66nm/umbrella.edr	1297400	2026-07-20T13:48:53.9908734490Z
NaCl	LiND-Hybrid/gromacs/umbrella_sampling/window_017_1.66nm/umbrella.xtc	495719964	2026-07-20T13:48:53.8888734360Z
NaCl	LiND-Hybrid/gromacs/umbrella_sampling/window_017_1.66nm/umbrella_eq.cpt	1640300	2026-07-18T16:59:07.0156527260Z
NaCl	LiND-Hybrid/gromacs/umbrella_sampling/window_017_1.66nm/umbrella_eq.edr	325400	2026-07-18T16:59:07.1276526660Z
NaCl	LiND-Hybrid/gromacs/umbrella_sampling/window_017_1.66nm/umbrella_eq.xtc	124115596	2026-07-18T16:59:07.0236527220Z
NaCl	LiND-Hybrid/gromacs/umbrella_sampling/window_017_1.66nm/umbrella_eq_prev.cpt	1640024	2026-07-18T16:59:07.0176527250Z
NaCl	LiND-Hybrid/gromacs/umbrella_sampling/window_017_1.66nm/umbrella_prev.cpt	1640004	2026-07-20T13:48:53.8828734350Z
NaCl	LiND-Hybrid/gromacs/umbrella_sampling/window_018_1.74nm/umbrella.cpt	1640280	2026-07-22T19:17:04.8253031730Z
NaCl	LiND-Hybrid/gromacs/umbrella_sampling/window_018_1.74nm/umbrella.edr	1297400	2026-07-22T19:17:04.9403031840Z
NaCl	LiND-Hybrid/gromacs/umbrella_sampling/window_018_1.74nm/umbrella.xtc	495720432	2026-07-22T19:17:04.8343031730Z
NaCl	LiND-Hybrid/gromacs/umbrella_sampling/window_018_1.74nm/umbrella_eq.cpt	1640300	2026-07-18T16:59:52.4786297310Z
NaCl	LiND-Hybrid/gromacs/umbrella_sampling/window_018_1.74nm/umbrella_eq.edr	325400	2026-07-18T16:59:52.5906296780Z
NaCl	LiND-Hybrid/gromacs/umbrella_sampling/window_018_1.74nm/umbrella_eq.xtc	124115388	2026-07-18T16:59:52.4876297270Z
NaCl	LiND-Hybrid/gromacs/umbrella_sampling/window_018_1.74nm/umbrella_eq_prev.cpt	1640024	2026-07-18T16:59:52.4806297300Z
NaCl	LiND-Hybrid/gromacs/umbrella_sampling/window_018_1.74nm/umbrella_prev.cpt	1640004	2026-07-22T19:17:04.8273031730Z
NaCl	LiND-Hybrid/gromacs/umbrella_sampling/window_019_1.81nm/umbrella.cpt	1640280	2026-07-23T00:42:38.8478121360Z
NaCl	LiND-Hybrid/gromacs/umbrella_sampling/window_019_1.81nm/umbrella.edr	1297400	2026-07-23T00:42:38.9588121610Z
NaCl	LiND-Hybrid/gromacs/umbrella_sampling/window_019_1.81nm/umbrella.xtc	495720244	2026-07-23T00:42:38.8558121380Z
NaCl	LiND-Hybrid/gromacs/umbrella_sampling/window_019_1.81nm/umbrella_eq.cpt	1640300	2026-07-19T04:47:22.7305206740Z
NaCl	LiND-Hybrid/gromacs/umbrella_sampling/window_019_1.81nm/umbrella_eq.edr	325400	2026-07-19T04:47:22.8415207050Z
NaCl	LiND-Hybrid/gromacs/umbrella_sampling/window_019_1.81nm/umbrella_eq.xtc	124115144	2026-07-19T04:47:22.7385206760Z
NaCl	LiND-Hybrid/gromacs/umbrella_sampling/window_019_1.81nm/umbrella_eq_prev.cpt	1639232	2026-07-19T04:47:22.7325206750Z
NaCl	LiND-Hybrid/gromacs/umbrella_sampling/window_019_1.81nm/umbrella_prev.cpt	1640004	2026-07-23T00:42:38.8498121370Z
NaCl	LiND-Hybrid/gromacs/umbrella_sampling/window_020_1.89nm/umbrella.cpt	1640280	2026-07-23T13:20:51.8104915900Z
NaCl	LiND-Hybrid/gromacs/umbrella_sampling/window_020_1.89nm/umbrella.edr	1297400	2026-07-23T13:20:51.9224916090Z
NaCl	LiND-Hybrid/gromacs/umbrella_sampling/window_020_1.89nm/umbrella.xtc	495719320	2026-07-23T13:20:51.8174915910Z
NaCl	LiND-Hybrid/gromacs/umbrella_sampling/window_020_1.89nm/umbrella_eq.cpt	1640300	2026-07-21T09:51:02.6499028330Z
NaCl	LiND-Hybrid/gromacs/umbrella_sampling/window_020_1.89nm/umbrella_eq.edr	325400	2026-07-21T09:51:02.7639032970Z
NaCl	LiND-Hybrid/gromacs/umbrella_sampling/window_020_1.89nm/umbrella_eq.xtc	124115780	2026-07-21T09:51:02.6609028780Z
NaCl	LiND-Hybrid/gromacs/umbrella_sampling/window_020_1.89nm/umbrella_eq_prev.cpt	1640024	2026-07-21T09:51:02.6529028460Z
NaCl	LiND-Hybrid/gromacs/umbrella_sampling/window_020_1.89nm/umbrella_prev.cpt	1640004	2026-07-23T13:20:51.8114915900Z
NaCl	LiND-Hybrid/gromacs/umbrella_sampling/window_021_1.96nm/umbrella.cpt	1640280	2026-07-22T23:43:40.1885009690Z
NaCl	LiND-Hybrid/gromacs/umbrella_sampling/window_021_1.96nm/umbrella.edr	1297400	2026-07-22T23:43:40.2995009990Z
NaCl	LiND-Hybrid/gromacs/umbrella_sampling/window_021_1.96nm/umbrella.xtc	495719676	2026-07-22T23:43:40.1965009710Z
NaCl	LiND-Hybrid/gromacs/umbrella_sampling/window_021_1.96nm/umbrella_eq.cpt	1640300	2026-07-18T20:01:46.0983623360Z
NaCl	LiND-Hybrid/gromacs/umbrella_sampling/window_021_1.96nm/umbrella_eq.edr	325400	2026-07-18T20:01:46.2093623430Z
NaCl	LiND-Hybrid/gromacs/umbrella_sampling/window_021_1.96nm/umbrella_eq.xtc	124115276	2026-07-18T20:01:46.1063623360Z
NaCl	LiND-Hybrid/gromacs/umbrella_sampling/window_021_1.96nm/umbrella_eq_prev.cpt	1640024	2026-07-18T20:01:46.1003623360Z
NaCl	LiND-Hybrid/gromacs/umbrella_sampling/window_021_1.96nm/umbrella_prev.cpt	1640004	2026-07-22T23:43:40.1905009700Z
NaCl	LiND-Hybrid/gromacs/umbrella_sampling/window_022_2.04nm/umbrella.cpt	1640280	2026-07-20T20:04:54.2948079890Z
NaCl	LiND-Hybrid/gromacs/umbrella_sampling/window_022_2.04nm/umbrella.edr	1297400	2026-07-20T20:04:54.4068084290Z
NaCl	LiND-Hybrid/gromacs/umbrella_sampling/window_022_2.04nm/umbrella.xtc	495719428	2026-07-20T20:04:54.3028080200Z
NaCl	LiND-Hybrid/gromacs/umbrella_sampling/window_022_2.04nm/umbrella_eq.cpt	1640300	2026-07-18T20:01:08.9673599620Z
NaCl	LiND-Hybrid/gromacs/umbrella_sampling/window_022_2.04nm/umbrella_eq.edr	325400	2026-07-18T20:01:09.0763599690Z
NaCl	LiND-Hybrid/gromacs/umbrella_sampling/window_022_2.04nm/umbrella_eq.xtc	124115368	2026-07-18T20:01:08.9753599630Z
NaCl	LiND-Hybrid/gromacs/umbrella_sampling/window_022_2.04nm/umbrella_eq_prev.cpt	1640024	2026-07-18T20:01:08.9693599630Z
NaCl	LiND-Hybrid/gromacs/umbrella_sampling/window_022_2.04nm/umbrella_prev.cpt	1639212	2026-07-20T20:04:54.2968079970Z
NaCl	LiND-Hybrid/gromacs/umbrella_sampling/window_023_2.11nm/umbrella.cpt	1640280	2026-07-20T21:15:35.4742574350Z
NaCl	LiND-Hybrid/gromacs/umbrella_sampling/window_023_2.11nm/umbrella.edr	1297400	2026-07-20T21:15:35.5852571630Z
NaCl	LiND-Hybrid/gromacs/umbrella_sampling/window_023_2.11nm/umbrella.xtc	495719244	2026-07-20T21:15:35.4832574130Z
NaCl	LiND-Hybrid/gromacs/umbrella_sampling/window_023_2.11nm/umbrella_eq.cpt	1640300	2026-07-18T18:36:22.4984853280Z
NaCl	LiND-Hybrid/gromacs/umbrella_sampling/window_023_2.11nm/umbrella_eq.edr	325400	2026-07-18T18:36:22.6084854910Z
NaCl	LiND-Hybrid/gromacs/umbrella_sampling/window_023_2.11nm/umbrella_eq.xtc	124115472	2026-07-18T18:36:22.5054853380Z
NaCl	LiND-Hybrid/gromacs/umbrella_sampling/window_023_2.11nm/umbrella_eq_prev.cpt	1640024	2026-07-18T18:36:22.4994853290Z
NaCl	LiND-Hybrid/gromacs/umbrella_sampling/window_023_2.11nm/umbrella_prev.cpt	1640004	2026-07-20T21:15:35.4762574300Z
NaCl	LiND-Hybrid/gromacs/umbrella_sampling/window_024_2.19nm/umbrella.cpt	1640280	2026-07-21T19:11:29.7756770970Z
NaCl	LiND-Hybrid/gromacs/umbrella_sampling/window_024_2.19nm/umbrella.edr	1297400	2026-07-21T19:11:29.8856771160Z
NaCl	LiND-Hybrid/gromacs/umbrella_sampling/window_024_2.19nm/umbrella.xtc	495720148	2026-07-21T19:11:29.7836770980Z
NaCl	LiND-Hybrid/gromacs/umbrella_sampling/window_024_2.19nm/umbrella_eq.cpt	1640300	2026-07-19T03:47:00.3776425440Z
NaCl	LiND-Hybrid/gromacs/umbrella_sampling/window_024_2.19nm/umbrella_eq.edr	325400	2026-07-19T03:47:00.4896427970Z
NaCl	LiND-Hybrid/gromacs/umbrella_sampling/window_024_2.19nm/umbrella_eq.xtc	124114480	2026-07-19T03:47:00.3866425640Z
NaCl	LiND-Hybrid/gromacs/umbrella_sampling/window_024_2.19nm/umbrella_eq_prev.cpt	1640024	2026-07-19T03:47:00.3806425510Z
NaCl	LiND-Hybrid/gromacs/umbrella_sampling/window_024_2.19nm/umbrella_prev.cpt	1640004	2026-07-21T19:11:29.7776770970Z
NaCl	LiND-Hybrid/gromacs/umbrella_sampling/window_025_2.26nm/umbrella.cpt	1640280	2026-07-20T20:25:53.8921548160Z
NaCl	LiND-Hybrid/gromacs/umbrella_sampling/window_025_2.26nm/umbrella.edr	1297400	2026-07-20T20:25:54.0021549170Z
NaCl	LiND-Hybrid/gromacs/umbrella_sampling/window_025_2.26nm/umbrella.xtc	495718776	2026-07-20T20:25:53.9001548230Z
NaCl	LiND-Hybrid/gromacs/umbrella_sampling/window_025_2.26nm/umbrella_eq.cpt	1640300	2026-07-18T16:58:45.6306644150Z
NaCl	LiND-Hybrid/gromacs/umbrella_sampling/window_025_2.26nm/umbrella_eq.edr	325400	2026-07-18T16:58:45.7416643530Z
NaCl	LiND-Hybrid/gromacs/umbrella_sampling/window_025_2.26nm/umbrella_eq.xtc	124115564	2026-07-18T16:58:45.6396644100Z
NaCl	LiND-Hybrid/gromacs/umbrella_sampling/window_025_2.26nm/umbrella_eq_prev.cpt	1640024	2026-07-18T16:58:45.6336644130Z
NaCl	LiND-Hybrid/gromacs/umbrella_sampling/window_025_2.26nm/umbrella_prev.cpt	1640004	2026-07-20T20:25:53.8941548180Z
NaCl	LiND-Hybrid/gromacs/umbrella_sampling/window_026_2.34nm/umbrella.cpt	1640280	2026-07-21T09:08:18.9053859840Z
NaCl	LiND-Hybrid/gromacs/umbrella_sampling/window_026_2.34nm/umbrella.edr	1297400	2026-07-21T09:08:19.0153859390Z
NaCl	LiND-Hybrid/gromacs/umbrella_sampling/window_026_2.34nm/umbrella.xtc	495719676	2026-07-21T09:08:18.9133859810Z
NaCl	LiND-Hybrid/gromacs/umbrella_sampling/window_026_2.34nm/umbrella_eq.cpt	1640300	2026-07-19T03:57:28.7205469520Z
NaCl	LiND-Hybrid/gromacs/umbrella_sampling/window_026_2.34nm/umbrella_eq.edr	325400	2026-07-19T03:57:28.8425470600Z
NaCl	LiND-Hybrid/gromacs/umbrella_sampling/window_026_2.34nm/umbrella_eq.xtc	124115912	2026-07-19T03:57:28.7315469610Z
NaCl	LiND-Hybrid/gromacs/umbrella_sampling/window_026_2.34nm/umbrella_eq_prev.cpt	1640024	2026-07-19T03:57:28.7225469540Z
NaCl	LiND-Hybrid/gromacs/umbrella_sampling/window_026_2.34nm/umbrella_prev.cpt	1640004	2026-07-21T09:08:18.9073859840Z
NaCl	LiND-Hybrid/gromacs/umbrella_sampling/window_027_2.41nm/umbrella.cpt	1640280	2026-07-21T06:43:56.6035244280Z
NaCl	LiND-Hybrid/gromacs/umbrella_sampling/window_027_2.41nm/umbrella.edr	1297400	2026-07-21T06:43:56.7125244310Z
NaCl	LiND-Hybrid/gromacs/umbrella_sampling/window_027_2.41nm/umbrella.xtc	495721280	2026-07-21T06:43:56.6105244280Z
NaCl	LiND-Hybrid/gromacs/umbrella_sampling/window_027_2.41nm/umbrella_eq.cpt	1640300	2026-07-18T23:54:31.8997263530Z
NaCl	LiND-Hybrid/gromacs/umbrella_sampling/window_027_2.41nm/umbrella_eq.edr	325400	2026-07-18T23:54:32.0217264920Z
NaCl	LiND-Hybrid/gromacs/umbrella_sampling/window_027_2.41nm/umbrella_eq.xtc	124114864	2026-07-18T23:54:31.9097263640Z
NaCl	LiND-Hybrid/gromacs/umbrella_sampling/window_027_2.41nm/umbrella_eq_prev.cpt	1640024	2026-07-18T23:54:31.9027263560Z
NaCl	LiND-Hybrid/gromacs/umbrella_sampling/window_027_2.41nm/umbrella_prev.cpt	1640004	2026-07-21T06:43:56.6045244280Z
NaCl	LiND-Hybrid/gromacs/umbrella_sampling/window_028_2.49nm/umbrella.cpt	1640280	2026-07-21T00:17:24.3606183660Z
NaCl	LiND-Hybrid/gromacs/umbrella_sampling/window_028_2.49nm/umbrella.edr	1297400	2026-07-21T00:17:24.4706184730Z
NaCl	LiND-Hybrid/gromacs/umbrella_sampling/window_028_2.49nm/umbrella.xtc	495717940	2026-07-21T00:17:24.3676183730Z
NaCl	LiND-Hybrid/gromacs/umbrella_sampling/window_028_2.49nm/umbrella_eq.cpt	1640300	2026-07-18T17:05:38.9345186740Z
NaCl	LiND-Hybrid/gromacs/umbrella_sampling/window_028_2.49nm/umbrella_eq.edr	325400	2026-07-18T17:05:39.0445186530Z
NaCl	LiND-Hybrid/gromacs/umbrella_sampling/window_028_2.49nm/umbrella_eq.xtc	124116500	2026-07-18T17:05:38.9425186730Z
NaCl	LiND-Hybrid/gromacs/umbrella_sampling/window_028_2.49nm/umbrella_eq_prev.cpt	1640024	2026-07-18T17:05:38.9365186740Z
NaCl	LiND-Hybrid/gromacs/umbrella_sampling/window_028_2.49nm/umbrella_prev.cpt	1640004	2026-07-21T00:17:24.3616183670Z
NaCl	LiND-Hybrid/gromacs/umbrella_sampling/window_029_2.56nm/umbrella.cpt	1640280	2026-07-21T00:33:28.0862132630Z
NaCl	LiND-Hybrid/gromacs/umbrella_sampling/window_029_2.56nm/umbrella.edr	1297400	2026-07-21T00:33:28.2002133110Z
NaCl	LiND-Hybrid/gromacs/umbrella_sampling/window_029_2.56nm/umbrella.xtc	495719064	2026-07-21T00:33:28.0952132660Z
NaCl	LiND-Hybrid/gromacs/umbrella_sampling/window_029_2.56nm/umbrella_eq.cpt	1640300	2026-07-19T03:47:55.6617621430Z
NaCl	LiND-Hybrid/gromacs/umbrella_sampling/window_029_2.56nm/umbrella_eq.edr	325400	2026-07-19T03:47:55.7757623780Z
NaCl	LiND-Hybrid/gromacs/umbrella_sampling/window_029_2.56nm/umbrella_eq.xtc	124115952	2026-07-19T03:47:55.6697621600Z
NaCl	LiND-Hybrid/gromacs/umbrella_sampling/window_029_2.56nm/umbrella_eq_prev.cpt	1640024	2026-07-19T03:47:55.6637621470Z
NaCl	LiND-Hybrid/gromacs/umbrella_sampling/window_029_2.56nm/umbrella_prev.cpt	1639212	2026-07-21T00:33:28.0892132640Z
