                :-) GROMACS - gmx mdrun, 2026.0-conda_forge (-:

Copyright 1991-2026 The GROMACS Authors.
GROMACS is free software; you can redistribute it and/or modify it
under the terms of the GNU Lesser General Public License
as published by the Free Software Foundation; either version 2.1
of the License, or (at your option) any later version.

                         Current GROMACS contributors:
       Mark Abraham           Andrey Alekseenko           Brian Andrews       
        Paul Bauer              Cathrine Bergh              Hugh Bird         
      Eliane Briand               Ania Brown                Yiqi Chen         
      Mahesh Doijade            Giacomo Fiorin          Stefan Fleischmann    
      Sergey Gorelov         Gilles Gouaillardet            Alan Gray         
   Farzaneh Jalalypour         Petter Johansson          Carsten Kutzner      
    Grzegorz Łazarski         Justin A. Lemkul          Magnus Lundborg      
        Julio Maia               Pascal Merz             Vedran Miletić      
      Dmitry Morozov           Lukas Müllender           Szilárd Páll      
 Andrea Pasquadibisceglie     Michele Pellegrino         Nicola Piasentin     
     Daniele Rapetti         Muhammad Umair Sadiq         Hubert Santuz       
      Michael Shirts           Tatiana Shugaeva          Alexey Shvetsov      
     Bálint Soproni            Philip Turner            Alessandra Villa     
        Yang Zhang        

                         Previous GROMACS contributors:
        Emile Apol             Rossen Apostolov           James Barnett       
      Vladimir Basov        Herman J.C. Berendsen          Par Bjelkmar       
      Christian Blau          Viacheslav Bolnykh            Kevin Boyd        
    Aldert van Buuren          Carlo Camilloni           Rudi van Drunen      
      Anton Feenstra           Oliver Fleetwood            Vytas Gapsys       
       Gaurav Garg             Gerrit Groenhof            Bert de Groot       
      Anca Hamuraru           Vincent Hindriksen          Victor Holanda      
     M. Eric Irrgang           Aleksei Iupinov              Joe Jordan        
    Christoph Junghans        Prashanth Kanduri        Dimitrios Karkoulis    
       Peter Kasson             Sebastian Kehl           Sebastian Keller     
        Jiri Kraus               Per Larsson              Viveca Lindahl      
      Erik Marklund           Pieter Meulenhoff           Teemu Murtola       
       Julien Nabet              Sander Pronk             Roland Schulz       
      Alfons Sijbers         David van der Spoel          Peter Tieleman      
      Carsten Uphoff             Jon Vincent             Teemu Virolainen     
    Christian Wennberg     Sebastian Wingbermühle         Maarten Wolf       
      Artem Zhmurov       

                  Coordinated by the GROMACS project leaders:
                           Berk Hess and Erik Lindahl

GROMACS:      gmx mdrun, version 2026.0-conda_forge
Executable:   /root/miniconda3/envs/lisper-gmx/bin.AVX2_256/gmx
Data prefix:  /root/miniconda3/envs/lisper-gmx
Working dir:  /root/LiSPER_remote/LiSPER_8cand_LiCl/systems/LiN3-Core/gromacs/umbrella_sampling/window_000_0.71nm
Process ID:   17236
Command line:
  gmx mdrun -deffnm umbrella -ntmpi 1 -ntomp 1

GROMACS version:     2026.0-conda_forge
Precision:           mixed
Memory model:        64 bit
MPI library:         thread_mpi
MPI version:         built in
OpenMP support:      enabled (GMX_OPENMP_MAX_THREADS = 128)
GPU support:         OpenCL
NBNxM GPU setup:     super-cluster 2x2x2 / cluster 8 (cluster-pair splitting on)
SIMD instructions:   AVX2_256
CPU FFT library:     fftw-3.3.11-sse2-avx
GPU FFT library:     clFFT
Multi-GPU FFT:       none
RDTSCP:              disabled
TNG support:         enabled
Hwloc support:       disabled
Tracing support:     disabled
Colvars support:     enabled (version 2025-10-13)
CP2K support:        disabled
Torch support:       disabled
Plumed support:      enabled
C compiler:          /home/conda/feedstock_root/build_artifacts/gromacs_1770909732141/_build_env/bin/x86_64-conda-linux-gnu-cc GNU 14.3.0
C compiler flags:    -fexcess-precision=fast -funroll-all-loops -mavx2 -mfma -Wno-missing-field-initializers -O3 -DNDEBUG
C++ compiler:        /home/conda/feedstock_root/build_artifacts/gromacs_1770909732141/_build_env/bin/x86_64-conda-linux-gnu-c++ GNU 14.3.0
C++ compiler flags:  -fexcess-precision=fast -funroll-all-loops -mavx2 -mfma -Wno-missing-field-initializers -Wno-stringop-truncation -Wno-cast-function-type-strict SHELL:-fopenmp -O3 -DNDEBUG
BLAS library:        Internal
LAPACK library:      Internal
OpenCL include dir:  /root/miniconda3/envs/lisper-gmx/include
OpenCL library:      /root/miniconda3/envs/lisper-gmx/lib/libOpenCL.so
OpenCL version:      3.0


Running on 1 node with total 128 cores, 256 processing units (GPU detection failed: No valid OpenCL driver found)
Hardware detected on host autodl-container-9eb44ab0a9-fe7fcabf:
  CPU info:
    Vendor: AMD
    Brand:  AMD EPYC 9754 128-Core Processor               
    Family: 25   Model: 160   Stepping: 2
    Features: aes amd apic avx avx2 avx512f avx512cd avx512bw avx512vl avx512bf16 avx512secondFMA clfsh cmov cx8 cx16 f16c fma htt lahf misalignsse mmx msr nonstop_tsc pcid pclmuldq pdpe1gb popcnt pse rdrnd rdtscp sha sse2 sse3 sse4a sse4.1 sse4.2 ssse3 x2apic
  Hardware topology: Basic
    Packages, cores, and logical processors:
    [indices refer to OS logical processors]
      Package  0: [   0 128] [   1 129] [   2 130] [   3 131] [   4 132] [   5 133] [   6 134] [   7 135] [   8 136] [   9 137] [  10 138] [  11 139] [  12 140] [  13 141] [  14 142] [  15 143] [  16 144] [  17 145] [  18 146] [  19 147] [  20 148] [  21 149] [  22 150] [  23 151] [  24 152] [  25 153] [  26 154] [  27 155] [  28 156] [  29 157] [  30 158] [  31 159] [  32 160] [  33 161] [  34 162] [  35 163] [  36 164] [  37 165] [  38 166] [  39 167] [  40 168] [  41 169] [  42 170] [  43 171] [  44 172] [  45 173] [  46 174] [  47 175] [  48 176] [  49 177] [  50 178] [  51 179] [  52 180] [  53 181] [  54 182] [  55 183] [  56 184] [  57 185] [  58 186] [  59 187] [  60 188] [  61 189] [  62 190] [  63 191] [  64 192] [  65 193] [  66 194] [  67 195] [  68 196] [  69 197] [  70 198] [  71 199] [  72 200] [  73 201] [  74 202] [  75 203] [  76 204] [  77 205] [  78 206] [  79 207] [  80 208] [  81 209] [  82 210] [  83 211] [  84 212] [  85 213] [  86 214] [  87 215] [  88 216] [  89 217] [  90 218] [  91 219] [  92 220] [  93 221] [  94 222] [  95 223] [  96 224] [  97 225] [  98 226] [  99 227] [ 100 228] [ 101 229] [ 102 230] [ 103 231] [ 104 232] [ 105 233] [ 106 234] [ 107 235] [ 108 236] [ 109 237] [ 110 238] [ 111 239] [ 112 240] [ 113 241] [ 114 242] [ 115 243] [ 116 244] [ 117 245] [ 118 246] [ 119 247] [ 120 248] [ 121 249] [ 122 250] [ 123 251] [ 124 252] [ 125 253] [ 126 254] [ 127 255]
    CPU limit set by OS: 18   Recommended max number of threads: 18

Likely fastest SIMD instructions supported by all nodes: AVX_512
SIMD instructions selected at compile time:              AVX2_256
On non-Intel hardware supporting AVX-512, you might gain a few percent
performance by recompiling to use it, at least for CPU-only runs.

The current CPU can measure timings more accurately than the code in
gmx mdrun was configured to use. This might affect your simulation
speed as accurate timings are needed for load-balancing.
Please consider rebuilding gmx mdrun with the GMX_USE_RDTSCP=ON CMake option.

++++ PLEASE READ AND CITE THE FOLLOWING REFERENCE ++++
M. J. Abraham, T. Murtola, R. Schulz, S. Páll, J. C. Smith, B. Hess, E.
Lindahl
GROMACS: High performance molecular simulations through multi-level
parallelism from laptops to supercomputers
SoftwareX (2015)
https://doi.org/10.1016/j.softx.2015.06.001
-------- -------- --- Thank You --- -------- --------


++++ PLEASE READ AND CITE THE FOLLOWING REFERENCE ++++
S. Páll, M. J. Abraham, C. Kutzner, B. Hess, E. Lindahl
Tackling Exascale Software Challenges in Molecular Dynamics Simulations with
GROMACS
In S. Markidis & E. Laure (Eds.), Solving Software Challenges for Exascale (2015)
https://doi.org/10.1007/978-3-319-15976-8_1
-------- -------- --- Thank You --- -------- --------


++++ PLEASE READ AND CITE THE FOLLOWING REFERENCE ++++
S. Pronk, S. Páll, R. Schulz, P. Larsson, P. Bjelkmar, R. Apostolov, M. R.
Shirts, J. C. Smith, P. M. Kasson, D. van der Spoel, B. Hess, E. Lindahl
GROMACS 4.5: a high-throughput and highly parallel open source molecular
simulation toolkit
Bioinformatics (2013)
https://doi.org/10.1093/bioinformatics/btt055
-------- -------- --- Thank You --- -------- --------


++++ PLEASE READ AND CITE THE FOLLOWING REFERENCE ++++
B. Hess, C. Kutzner, D. van der Spoel, E. Lindahl
GROMACS 4: Algorithms for highly efficient, load-balanced, and scalable
molecular simulation
J. Chem. Theory Comput. (2008)
https://doi.org/10.1021/ct700301q
-------- -------- --- Thank You --- -------- --------


++++ PLEASE READ AND CITE THE FOLLOWING REFERENCE ++++
D. van der Spoel, E. Lindahl, B. Hess, G. Groenhof, A. E. Mark, H. J. C.
Berendsen
GROMACS: Fast, Flexible and Free
J. Comp. Chem. (2005)
https://doi.org/10.1002/jcc.20291
-------- -------- --- Thank You --- -------- --------


++++ PLEASE READ AND CITE THE FOLLOWING REFERENCE ++++
E. Lindahl, B. Hess, D. van der Spoel
GROMACS 3.0: A package for molecular simulation and trajectory analysis
J. Mol. Mod. (2001)
https://doi.org/10.1007/s008940100045
-------- -------- --- Thank You --- -------- --------


++++ PLEASE READ AND CITE THE FOLLOWING REFERENCE ++++
H. J. C. Berendsen, D. van der Spoel and R. van Drunen
GROMACS: A message-passing parallel molecular dynamics implementation
Comp. Phys. Comm. (1995)
https://doi.org/10.1016/0010-4655(95)00042-E
-------- -------- --- Thank You --- -------- --------


The number of OpenMP threads was set by environment variable OMP_NUM_THREADS to 1 (and the command-line setting agreed with that)

Input Parameters:
   integrator                     = md
   tinit                          = 0
   dt                             = 0.002
   nsteps                         = 500000
   init-step                      = 0
   simulation-part                = 1
   mts                            = false
   mass-repartition-factor        = 1
   comm-mode                      = Linear
   nstcomm                        = 100
   bd-fric                        = 0
   ld-seed                        = -1744836657
   emtol                          = 10
   emstep                         = 0.01
   niter                          = 20
   fcstep                         = 0
   nstcgsteep                     = 1000
   nbfgscorr                      = 10
   rtpi                           = 0.05
   nstxout                        = 0
   nstvout                        = 0
   nstfout                        = 0
   nstlog                         = 500
   nstcalcenergy                  = 100
   nstenergy                      = 500
   nstxout-compressed             = 500
   compressed-x-precision         = 1000
   cutoff-scheme                  = Verlet
   nstlist                        = 20
   pbc                            = xyz
   periodic-molecules             = false
   verlet-buffer-tolerance        = 0.005
   verlet-buffer-pressure-tolerance = 0.5
   rlist                          = 1.226
   coulombtype                    = PME
   coulomb-modifier               = Potential-shift
   rcoulomb-switch                = 0
   rcoulomb                       = 1.2
   epsilon-r                      = 1
   epsilon-rf                     = inf
   vdw-type                       = Cut-off
   vdw-modifier                   = Force-switch
   rvdw-switch                    = 1
   rvdw                           = 1.2
   DispCorr                       = No
   table-extension                = 1
   fourierspacing                 = 0.12
   fourier-nx                     = 72
   fourier-ny                     = 72
   fourier-nz                     = 72
   pme-order                      = 4
   ewald-rtol                     = 1e-05
   ewald-rtol-lj                  = 0.001
   lj-pme-comb-rule               = Geometric
   ewald-geometry                 = 3d
   epsilon-surface                = 0
   ensemble-temperature-setting   = constant
   ensemble-temperature           = 298.15
   tcoupl                         = V-rescale
   nsttcouple                     = 100
   nh-chain-length                = 0
   print-nose-hoover-chain-variables = false
   pcoupl                         = C-rescale
   pcoupltype                     = Isotropic
   nstpcouple                     = 100
   tau-p                          = 5
   compressibility (3x3):
      compressibility[    0]={ 4.50000e-05,  0.00000e+00,  0.00000e+00}
      compressibility[    1]={ 0.00000e+00,  4.50000e-05,  0.00000e+00}
      compressibility[    2]={ 0.00000e+00,  0.00000e+00,  4.50000e-05}
   ref-p (3x3):
      ref-p[    0]={ 1.00000e+00,  0.00000e+00,  0.00000e+00}
      ref-p[    1]={ 0.00000e+00,  1.00000e+00,  0.00000e+00}
      ref-p[    2]={ 0.00000e+00,  0.00000e+00,  1.00000e+00}
   refcoord-scaling               = No
   posres-com: not available
   posres-comB: not available
   QMMM                           = false
qm-opts:
   ngQM                           = 0
   constraint-algorithm           = Lincs
   continuation                   = false
   Shake-SOR                      = false
   shake-tol                      = 0.0001
   lincs-order                    = 4
   lincs-iter                     = 1
   lincs-warnangle                = 30
   nwall                          = 0
   wall-type                      = 9-3
   wall-r-linpot                  = -1
   wall-atomtype[0]               = -1
   wall-atomtype[1]               = -1
   wall-density[0]                = 0
   wall-density[1]                = 0
   wall-ewald-zfac                = 3
   pull                           = true
   pull-cylinder-r                = 1.5
   pull-constr-tol                = 1e-06
   pull-print-COM                 = false
   pull-print-ref-value           = false
   pull-print-components          = false
   pull-nstxout                   = 100
   pull-nstfout                   = 100
   pull-pbc-ref-prev-step-com     = false
   pull-xout-average              = false
   pull-fout-average              = false
   pull-ngroups                   = 3
   pull-group 0:
     atom: not available
     weight: not available
     pbcatom                        = -1
   pull-group 1:
     atom (171):
        atom[0,...,170] = {0,...,170}
     weight: not available
     pbcatom                        = 85
   pull-group 2:
     atom (1):
        atom[0]=198
     weight: not available
     pbcatom                        = -1
   pull-ncoords                   = 1
   pull-coord 0:
   type                           = umbrella
   geometry                       = distance
   group[0]                       = 1
   group[1]                       = 2
   dim (3):
      dim[0]=1
      dim[1]=1
      dim[2]=1
   origin (3):
      origin[0]= 0.00000e+00
      origin[1]= 0.00000e+00
      origin[2]= 0.00000e+00
   vec (3):
      vec[0]= 0.00000e+00
      vec[1]= 0.00000e+00
      vec[2]= 0.00000e+00
   start                          = false
   init                           = 0.711
   rate                           = 0
   k                              = 1000
   kB                             = 1000
   awh                            = false
   rotation                       = false
   interactiveMD                  = false
   disre                          = No
   disre-weighting                = Conservative
   disre-mixed                    = false
   dr-fc                          = 1000
   dr-tau                         = 0
   nstdisreout                    = 100
   orire-fc                       = 0
   orire-tau                      = 0
   nstorireout                    = 100
   free-energy                    = no
   cos-acceleration               = 0
   deform (3x3):
      deform[    0]={ 0.00000e+00,  0.00000e+00,  0.00000e+00}
      deform[    1]={ 0.00000e+00,  0.00000e+00,  0.00000e+00}
      deform[    2]={ 0.00000e+00,  0.00000e+00,  0.00000e+00}
   simulated-tempering            = false
   swapcoords                     = no
   userint1                       = 0
   userint2                       = 0
   userint3                       = 0
   userint4                       = 0
   userreal1                      = 0
   userreal2                      = 0
   userreal3                      = 0
   userreal4                      = 0
   applied-forces:
     electric-field:
       x:
         E0                       = 0
         omega                    = 0
         t0                       = 0
         sigma                    = 0
       y:
         E0                       = 0
         omega                    = 0
         t0                       = 0
         sigma                    = 0
       z:
         E0                       = 0
         omega                    = 0
         t0                       = 0
         sigma                    = 0
     density-guided-simulation:
       active                     = false
       group                      = protein
       similarity-measure         = inner-product
       atom-spreading-weight      = unity
       force-constant             = 1e+09
       gaussian-transform-spreading-width = 0.2
       gaussian-transform-spreading-range-in-multiples-of-width = 4
       reference-density-filename = reference.mrc
       nst                        = 1
       normalize-densities        = true
       adaptive-force-scaling     = false
       adaptive-force-scaling-time-constant = 4
       shift-vector               = 
       transformation-matrix      = 
     qmmm-cp2k:
       active                     = false
       qmgroup                    = System
       qmmethod                   = PBE
       qmfilenames                = 
       qmcharge                   = 0
       qmmultiplicity             = 1
     colvars:
       active                     = false
       configfile                 = 
       seed                       = -1
     nnpot:
       active                     = false
       modelfile                  = model.pt
       input-group                = System
       link-type                  = H
       link-distance              = 0.1
       pair-cutoff                = 0
       embedding                  = mechanical
       nnp-charge                 = 0
       model-input1               = 
       model-input2               = 
       model-input3               = 
       model-input4               = 
       model-input5               = 
       model-input6               = 
       model-input7               = 
       model-input8               = 
       model-input9               = 
   fast-multipole-method:
     fmm:
       backend                    = inactive
       exafmm-order               = 6
       exafmm-direct-range        = 2
       exafmm-direct-provider     = GROMACS
       exafmm-tree-type           = uniform
       exafmm-tree-depth          = 0
       exafmm-max-particles-per-cell = 0
       fmsolvr-order              = 8
       fmsolvr-direct-range       = 1
       fmsolvr-direct-provider    = FMM
       fmsolvr-dipole-compensation = true
       fmsolvr-tree-depth         = 3
       fmsolvr-sparse             = false
grpopts:
   nrdf:         430       88677
   ref-t:      298.15      298.15
   tau-t:           1           1
annealing:          No          No
annealing-npoints:           0           0
   acc:	           0           0           0
   nfreeze:           N           N           N
   energygrp-flags[  0]: 0

Changing nstlist from 20 to 80, rlist from 1.226 to 1.327


Initializing Domain Decomposition on 1 ranks
Dynamic load balancing: auto
Using update groups, nr 14913, average size 3.0 atoms, max. radius 0.130 nm
Minimum cell size due to atom displacement: 0.552 nm
Initial maximum distances in bonded interactions:
    two-body bonded interactions: 0.394 nm, LJ-14, atoms 38 43
  multi-body bonded interactions: 0.448 nm, CMAP Dih., atoms 57 66
Minimum cell size due to bonded interactions: 0.493 nm
Using 0 separate PME ranks because: there are too few total ranks for efficient splitting
Optimizing the DD grid for 1 cells with a minimum initial size of 0.552 nm
The maximum allowed number of cells is: X 12 Y 12 Z 12
Domain decomposition grid 1 x 1 x 1, separate PME ranks 0
PME domain decomposition: 1 x 1 x 1

The initial number of communication pulses is:
The initial domain decomposition cell size is:

The maximum allowed distance for atom groups involved in interactions is:
                 non-bonded interactions           1.587 nm
(the following are initial values, they could change due to box deformation)
            two-body bonded interactions  (-rdd)   1.587 nm
          multi-body bonded interactions  (-rdd)   1.587 nm

When dynamic load balancing gets turned on, these settings will change to:
The maximum number of communication pulses is:
The minimum size for domain decomposition cells is 1.587 nm
The requested allowed shrink of DD cells (option -dds) is: 0.80
The allowed shrink of domain decomposition cells is:
The maximum allowed distance for atom groups involved in interactions is:
                 non-bonded interactions           1.587 nm
            two-body bonded interactions  (-rdd)   1.587 nm
          multi-body bonded interactions  (-rdd)   1.587 nm

Local state does not use filler particles

Using 1 MPI thread
Using 1 OpenMP thread 

System total charge: 0.000
Will do PME sum in reciprocal space for electrostatic interactions.

++++ PLEASE READ AND CITE THE FOLLOWING REFERENCE ++++
U. Essmann, L. Perera, M. L. Berkowitz, T. Darden, H. Lee, L. G. Pedersen 
A smooth particle mesh Ewald method
J. Chem. Phys. (1995)
https://doi.org/10.1063/1.470117
-------- -------- --- Thank You --- -------- --------

Using a Gaussian width (1/beta) of 0.384195 nm for Ewald
Potential shift: LJ r^-12: -2.648e-01 r^-6: -5.349e-01, Ewald -8.333e-06
Initialized non-bonded Coulomb Ewald tables, spacing: 1.02e-03 size: 1176

Generated table with 1163 data points for 1-4 COUL.
Tabscale = 500 points/nm
Generated table with 1163 data points for 1-4 LJ6.
Tabscale = 500 points/nm
Generated table with 1163 data points for 1-4 LJ12.
Tabscale = 500 points/nm


Using SIMD4xM 4x8 nonbonded short-range kernels

Using a dual 4x8 pair-list setup updated with dynamic pruning:
  outer list: updated every 80 steps, buffer 0.127 nm, rlist 1.327 nm
  inner list: updated every 12 steps, buffer 0.001 nm, rlist 1.201 nm
At tolerance 0.005 kJ/mol/ps per atom, equivalent classical 1x1 list would be:
  outer list: updated every 80 steps, buffer 0.270 nm, rlist 1.470 nm
  inner list: updated every 12 steps, buffer 0.047 nm, rlist 1.247 nm

The average pressure is off by at most 0.12 bar due to missing LJ interactions
Removing pbc first time

Linking all bonded interactions to atoms


NOTE: OS CPU limit is lower than logical cpu count, thread pinning disabled.

Will apply potential COM pulling
with 1 pull coordinate and 2 groups
Pull group 1:   171 atoms, mass  1285.349
Pull group 2:     1 atoms, mass     6.941

Initializing LINear Constraint Solver

++++ PLEASE READ AND CITE THE FOLLOWING REFERENCE ++++
B. Hess, H. Bekker, H. J. C. Berendsen, J. G. E. M. Fraaije
LINCS: A Linear Constraint Solver for molecular simulations
J. Comp. Chem. (1997)
https://doi.org/10.1002/(sici)1096-987x(199709)18:12<1463::aid-jcc4>3.0.co;2-h
-------- -------- --- Thank You --- -------- --------

The number of constraints is 80

++++ PLEASE READ AND CITE THE FOLLOWING REFERENCE ++++
S. Miyamoto, P. A. Kollman
SETTLE: An Analytical Version of the SHAKE and RATTLE Algorithms for Rigid
Water Models
J. Comp. Chem. (1992)
https://doi.org/10.1002/jcc.540130805
-------- -------- --- Thank You --- -------- --------


++++ PLEASE READ AND CITE THE FOLLOWING REFERENCE ++++
G. Bussi, D. Donadio, M. Parrinello
Canonical sampling through velocity rescaling
J. Chem. Phys. (2007)
https://doi.org/10.1063/1.2408420
-------- -------- --- Thank You --- -------- --------


++++ PLEASE READ AND CITE THE FOLLOWING REFERENCE ++++
M. Bernetti, G. Bussi
Pressure control using stochastic cell rescaling
J. Chem. Phys. (2020)
https://doi.org/10.1063/5.0020514
-------- -------- --- Thank You --- -------- --------

There are: 44469 Atoms

Atom distribution over 1 domains: av 44469 stddev 0 min 44469 max 44469

Constraining the starting coordinates (step 0)

Constraining the coordinates at t0-dt (step 0)
Center of mass motion removal mode is Linear
We have the following groups for center of mass motion removal:
  0:  SOLU
  1:  SOLV
RMS relative constraint deviation after constraining: 2.73e-06
Initial temperature: 297.679 K

Started mdrun on rank 0 Tue Jun 23 13:29:23 2026

           Step           Time
              0        0.00000

   Energies (kJ/mol)
           Bond            U-B    Proper Dih.  Improper Dih.      CMAP Dih.
    1.66971e+02    5.66553e+02    4.31309e+02    2.29903e+01    2.24245e+01
          LJ-14     Coulomb-14        LJ (SR)   Coulomb (SR)   Coul. recip.
    9.97211e+01    3.18959e+03    7.01697e+04   -7.18780e+05    2.04172e+03
   COM Pull En.      Potential    Kinetic En.   Total Energy  Conserved En.
    4.88761e-01   -6.42069e+05    1.11443e+05   -5.30626e+05   -5.30626e+05
    Temperature Pressure (bar)   Constr. rmsd
    3.00841e+02    9.45578e+01    3.22100e-06

           Step           Time
            500        1.00000

   Energies (kJ/mol)
           Bond            U-B    Proper Dih.  Improper Dih.      CMAP Dih.
    1.72333e+02    5.60600e+02    4.54304e+02    3.05650e+01    1.52263e+01
          LJ-14     Coulomb-14        LJ (SR)   Coulomb (SR)   Coul. recip.
    9.98400e+01    3.17173e+03    6.74788e+04   -7.15116e+05    2.00416e+03
   COM Pull En.      Potential    Kinetic En.   Total Energy  Conserved En.
    1.03162e+00   -6.41127e+05    1.10303e+05   -5.30824e+05   -5.30718e+05
    Temperature Pressure (bar)   Constr. rmsd
    2.97764e+02   -2.69275e+02    3.76388e-06

           Step           Time
           1000        2.00000

   Energies (kJ/mol)
           Bond            U-B    Proper Dih.  Improper Dih.      CMAP Dih.
    1.54921e+02    5.83841e+02    4.63200e+02    2.45031e+01   -2.47187e+01
          LJ-14     Coulomb-14        LJ (SR)   Coulomb (SR)   Coul. recip.
    1.19962e+02    3.18926e+03    6.95538e+04   -7.17580e+05    2.02710e+03
   COM Pull En.      Potential    Kinetic En.   Total Energy  Conserved En.
    9.22518e-02   -6.41488e+05    1.10502e+05   -5.30986e+05   -5.30776e+05
    Temperature Pressure (bar)   Constr. rmsd
    2.98300e+02    3.01007e+01    2.85060e-06

           Step           Time
           1500        3.00000

   Energies (kJ/mol)
           Bond            U-B    Proper Dih.  Improper Dih.      CMAP Dih.
    1.78036e+02    5.47670e+02    4.64798e+02    1.88628e+01    2.05822e+01
          LJ-14     Coulomb-14        LJ (SR)   Coulomb (SR)   Coul. recip.
    1.09238e+02    3.19108e+03    6.95693e+04   -7.18077e+05    1.98893e+03
   COM Pull En.      Potential    Kinetic En.   Total Energy  Conserved En.
    7.16347e-01   -6.41988e+05    1.10980e+05   -5.31008e+05   -5.30907e+05
    Temperature Pressure (bar)   Constr. rmsd
    2.99591e+02   -6.09694e+01    2.77843e-06

           Step           Time
           2000        4.00000

   Energies (kJ/mol)
           Bond            U-B    Proper Dih.  Improper Dih.      CMAP Dih.
    1.36046e+02    4.97423e+02    4.64012e+02    4.38319e+01    5.22382e+01
          LJ-14     Coulomb-14        LJ (SR)   Coulomb (SR)   Coul. recip.
    1.11044e+02    3.19991e+03    6.87460e+04   -7.17943e+05    2.03647e+03
   COM Pull En.      Potential    Kinetic En.   Total Energy  Conserved En.
    2.67005e-02   -6.42656e+05    1.10987e+05   -5.31669e+05   -5.30726e+05
    Temperature Pressure (bar)   Constr. rmsd
    2.99610e+02   -1.32481e+02    2.43834e-06

           Step           Time
           2500        5.00000

   Energies (kJ/mol)
           Bond            U-B    Proper Dih.  Improper Dih.      CMAP Dih.
    1.66851e+02    5.28061e+02    4.35231e+02    3.38428e+01    2.71339e+01
          LJ-14     Coulomb-14        LJ (SR)   Coulomb (SR)   Coul. recip.
    1.09538e+02    3.16173e+03    6.97162e+04   -7.18761e+05    2.04221e+03
   COM Pull En.      Potential    Kinetic En.   Total Energy  Conserved En.
    1.32313e-01   -6.42540e+05    1.10485e+05   -5.32055e+05   -5.30784e+05
    Temperature Pressure (bar)   Constr. rmsd
    2.98254e+02    1.79135e+01    2.91242e-06

           Step           Time
           3000        6.00000

   Energies (kJ/mol)
           Bond            U-B    Proper Dih.  Improper Dih.      CMAP Dih.
    1.60367e+02    4.89503e+02    4.75990e+02    3.08530e+01    2.22317e+01
          LJ-14     Coulomb-14        LJ (SR)   Coulomb (SR)   Coul. recip.
    9.80259e+01    3.22893e+03    6.92222e+04   -7.17953e+05    2.08741e+03
   COM Pull En.      Potential    Kinetic En.   Total Energy  Conserved En.
    1.41672e-03   -6.42138e+05    1.10357e+05   -5.31781e+05   -5.30693e+05
    Temperature Pressure (bar)   Constr. rmsd
    2.97908e+02   -3.49991e+01    3.44825e-06

           Step           Time
           3500        7.00000

   Energies (kJ/mol)
           Bond            U-B    Proper Dih.  Improper Dih.      CMAP Dih.
    1.23178e+02    4.88640e+02    4.07101e+02    1.77549e+01    5.48475e+01
          LJ-14     Coulomb-14        LJ (SR)   Coulomb (SR)   Coul. recip.
    1.09132e+02    3.22654e+03    6.97424e+04   -7.18659e+05    2.05476e+03
   COM Pull En.      Potential    Kinetic En.   Total Energy  Conserved En.
    1.64785e-01   -6.42434e+05    1.10079e+05   -5.32355e+05   -5.30752e+05
    Temperature Pressure (bar)   Constr. rmsd
    2.97158e+02    1.70925e+01    2.94715e-06

           Step           Time
           4000        8.00000

   Energies (kJ/mol)
           Bond            U-B    Proper Dih.  Improper Dih.      CMAP Dih.
    1.84249e+02    5.13768e+02    4.42748e+02    2.41884e+01    1.34832e+01
          LJ-14     Coulomb-14        LJ (SR)   Coulomb (SR)   Coul. recip.
    7.99852e+01    3.15976e+03    7.07882e+04   -7.20159e+05    1.98768e+03
   COM Pull En.      Potential    Kinetic En.   Total Energy  Conserved En.
    3.76883e-02   -6.42965e+05    1.10621e+05   -5.32344e+05   -5.30772e+05
    Temperature Pressure (bar)   Constr. rmsd
    2.98621e+02    9.90677e+01    3.91454e-06

           Step           Time
           4500        9.00000

   Energies (kJ/mol)
           Bond            U-B    Proper Dih.  Improper Dih.      CMAP Dih.
    1.43399e+02    5.68868e+02    4.65051e+02    2.63800e+01   -1.45584e+01
          LJ-14     Coulomb-14        LJ (SR)   Coulomb (SR)   Coul. recip.
    9.79408e+01    3.16073e+03    7.09069e+04   -7.19830e+05    1.98402e+03
   COM Pull En.      Potential    Kinetic En.   Total Energy  Conserved En.
    3.10283e-01   -6.42491e+05    1.10852e+05   -5.31639e+05   -5.30851e+05
    Temperature Pressure (bar)   Constr. rmsd
    2.99246e+02    1.26441e+02    3.60260e-06

           Step           Time
           5000       10.00000

   Energies (kJ/mol)
           Bond            U-B    Proper Dih.  Improper Dih.      CMAP Dih.
    1.74879e+02    5.37690e+02    4.41720e+02    1.30792e+01    3.18930e+01
          LJ-14     Coulomb-14        LJ (SR)   Coulomb (SR)   Coul. recip.
    9.14967e+01    3.15695e+03    6.84848e+04   -7.17015e+05    2.03370e+03
   COM Pull En.      Potential    Kinetic En.   Total Energy  Conserved En.
    2.97661e-01   -6.42049e+05    1.10595e+05   -5.31454e+05   -5.30745e+05
    Temperature Pressure (bar)   Constr. rmsd
    2.98553e+02   -1.35123e+02    2.63091e-06

           Step           Time
           5500       11.00000

   Energies (kJ/mol)
           Bond            U-B    Proper Dih.  Improper Dih.      CMAP Dih.
    1.94526e+02    5.47677e+02    4.43232e+02    2.19864e+01   -3.35658e+01
          LJ-14     Coulomb-14        LJ (SR)   Coulomb (SR)   Coul. recip.
    9.06470e+01    3.08333e+03    6.83976e+04   -7.17880e+05    2.04774e+03
   COM Pull En.      Potential    Kinetic En.   Total Energy  Conserved En.
    4.47667e-01   -6.43086e+05    1.10903e+05   -5.32183e+05   -5.30796e+05
    Temperature Pressure (bar)   Constr. rmsd
    2.99384e+02   -1.93033e+02    3.30424e-06

           Step           Time
           6000       12.00000

   Energies (kJ/mol)
           Bond            U-B    Proper Dih.  Improper Dih.      CMAP Dih.
    1.64916e+02    5.72094e+02    4.20191e+02    2.61961e+01    2.16213e+01
          LJ-14     Coulomb-14        LJ (SR)   Coulomb (SR)   Coul. recip.
    9.86494e+01    3.15773e+03    6.92873e+04   -7.18195e+05    1.99032e+03
   COM Pull En.      Potential    Kinetic En.   Total Energy  Conserved En.
    2.42436e-01   -6.42455e+05    1.10958e+05   -5.31497e+05   -5.30679e+05
    Temperature Pressure (bar)   Constr. rmsd
    2.99532e+02   -6.03311e+01    2.66685e-06

           Step           Time
           6500       13.00000

   Energies (kJ/mol)
           Bond            U-B    Proper Dih.  Improper Dih.      CMAP Dih.
    1.55603e+02    5.97593e+02    4.48502e+02    2.80238e+01   -7.80280e+00
          LJ-14     Coulomb-14        LJ (SR)   Coulomb (SR)   Coul. recip.
    8.95179e+01    3.19549e+03    6.95718e+04   -7.19074e+05    2.05349e+03
   COM Pull En.      Potential    Kinetic En.   Total Energy  Conserved En.
    4.27588e-02   -6.42942e+05    1.11438e+05   -5.31503e+05   -5.30784e+05
    Temperature Pressure (bar)   Constr. rmsd
    3.00828e+02   -3.17145e+01    2.68796e-06

           Step           Time
           7000       14.00000

   Energies (kJ/mol)
           Bond            U-B    Proper Dih.  Improper Dih.      CMAP Dih.
    1.80958e+02    5.56082e+02    4.39052e+02    2.61489e+01   -1.81739e+01
          LJ-14     Coulomb-14        LJ (SR)   Coulomb (SR)   Coul. recip.
    1.01062e+02    3.15258e+03    6.89446e+04   -7.18916e+05    1.98600e+03
   COM Pull En.      Potential    Kinetic En.   Total Energy  Conserved En.
    2.53962e+00   -6.43546e+05    1.10647e+05   -5.32898e+05   -5.30815e+05
    Temperature Pressure (bar)   Constr. rmsd
    2.98693e+02   -1.66401e+02    3.09983e-06

           Step           Time
           7500       15.00000

   Energies (kJ/mol)
           Bond            U-B    Proper Dih.  Improper Dih.      CMAP Dih.
    1.70090e+02    6.06672e+02    4.52487e+02    2.41124e+01    9.53239e+00
          LJ-14     Coulomb-14        LJ (SR)   Coulomb (SR)   Coul. recip.
    9.29085e+01    3.14632e+03    6.84788e+04   -7.17362e+05    1.92835e+03
   COM Pull En.      Potential    Kinetic En.   Total Energy  Conserved En.
    2.20418e+00   -6.42450e+05    1.09347e+05   -5.33103e+05   -5.30849e+05
    Temperature Pressure (bar)   Constr. rmsd
    2.95183e+02   -2.48246e+02    3.37314e-06

           Step           Time
           8000       16.00000

   Energies (kJ/mol)
           Bond            U-B    Proper Dih.  Improper Dih.      CMAP Dih.
    1.41926e+02    5.73136e+02    4.25494e+02    2.72567e+01    1.37551e+01
          LJ-14     Coulomb-14        LJ (SR)   Coulomb (SR)   Coul. recip.
    1.09173e+02    3.16053e+03    6.85296e+04   -7.17689e+05    2.03798e+03
   COM Pull En.      Potential    Kinetic En.   Total Energy  Conserved En.
    2.55088e-01   -6.42670e+05    1.09787e+05   -5.32883e+05   -5.30603e+05
    Temperature Pressure (bar)   Constr. rmsd
    2.96370e+02   -1.16183e+02    3.58099e-06

           Step           Time
           8500       17.00000

   Energies (kJ/mol)
           Bond            U-B    Proper Dih.  Improper Dih.      CMAP Dih.
    1.46410e+02    6.03769e+02    4.52395e+02    4.32040e+01   -1.78692e+01
          LJ-14     Coulomb-14        LJ (SR)   Coulomb (SR)   Coul. recip.
    9.51680e+01    3.15706e+03    6.90379e+04   -7.18139e+05    1.97081e+03
   COM Pull En.      Potential    Kinetic En.   Total Energy  Conserved En.
    6.73456e-01   -6.42649e+05    1.10667e+05   -5.31983e+05   -5.30642e+05
    Temperature Pressure (bar)   Constr. rmsd
    2.98745e+02   -8.26979e+01    3.78730e-06

           Step           Time
           9000       18.00000

   Energies (kJ/mol)
           Bond            U-B    Proper Dih.  Improper Dih.      CMAP Dih.
    1.27940e+02    6.12635e+02    4.30565e+02    3.23313e+01    9.13989e+00
          LJ-14     Coulomb-14        LJ (SR)   Coulomb (SR)   Coul. recip.
    9.31776e+01    3.20059e+03    6.86589e+04   -7.18475e+05    2.04472e+03
   COM Pull En.      Potential    Kinetic En.   Total Energy  Conserved En.
    4.13827e+00   -6.43261e+05    1.11139e+05   -5.32122e+05   -5.30653e+05
    Temperature Pressure (bar)   Constr. rmsd
    3.00020e+02   -1.57110e+02    3.55138e-06

Writing checkpoint, step 9040 at Tue Jun 23 13:44:30 2026


           Step           Time
           9500       19.00000

   Energies (kJ/mol)
           Bond            U-B    Proper Dih.  Improper Dih.      CMAP Dih.
    1.45339e+02    5.79547e+02    4.60303e+02    1.94371e+01   -1.96604e+01
          LJ-14     Coulomb-14        LJ (SR)   Coulomb (SR)   Coul. recip.
    1.12493e+02    3.20532e+03    6.88689e+04   -7.17523e+05    2.06070e+03
   COM Pull En.      Potential    Kinetic En.   Total Energy  Conserved En.
    1.80063e-01   -6.42090e+05    1.10146e+05   -5.31944e+05   -5.30668e+05
    Temperature Pressure (bar)   Constr. rmsd
    2.97340e+02   -9.55541e+01    3.34315e-06

           Step           Time
          10000       20.00000

   Energies (kJ/mol)
           Bond            U-B    Proper Dih.  Improper Dih.      CMAP Dih.
    1.56539e+02    5.16339e+02    4.75553e+02    4.52783e+01   -3.37954e+00
          LJ-14     Coulomb-14        LJ (SR)   Coulomb (SR)   Coul. recip.
    9.86152e+01    3.20629e+03    6.95075e+04   -7.17517e+05    1.97206e+03
   COM Pull En.      Potential    Kinetic En.   Total Energy  Conserved En.
    1.64283e+00   -6.41540e+05    1.10488e+05   -5.31052e+05   -5.30721e+05
    Temperature Pressure (bar)   Constr. rmsd
    2.98262e+02    4.86658e+01    3.88256e-06

           Step           Time
          10500       21.00000

   Energies (kJ/mol)
           Bond            U-B    Proper Dih.  Improper Dih.      CMAP Dih.
    1.66635e+02    5.68121e+02    4.13896e+02    2.40861e+01    6.22433e+00
          LJ-14     Coulomb-14        LJ (SR)   Coulomb (SR)   Coul. recip.
    1.05740e+02    3.22559e+03    6.92502e+04   -7.18523e+05    2.06512e+03
   COM Pull En.      Potential    Kinetic En.   Total Energy  Conserved En.
    3.69350e-01   -6.42697e+05    1.10293e+05   -5.32404e+05   -5.30563e+05
    Temperature Pressure (bar)   Constr. rmsd
    2.97736e+02   -2.80624e+01    3.07529e-06

           Step           Time
          11000       22.00000

   Energies (kJ/mol)
           Bond            U-B    Proper Dih.  Improper Dih.      CMAP Dih.
    1.72660e+02    4.86877e+02    4.69121e+02    1.78087e+01    1.65959e+01
          LJ-14     Coulomb-14        LJ (SR)   Coulomb (SR)   Coul. recip.
    9.73282e+01    3.23357e+03    7.13334e+04   -7.21096e+05    2.07144e+03
   COM Pull En.      Potential    Kinetic En.   Total Energy  Conserved En.
    4.04013e-02   -6.43197e+05    1.09532e+05   -5.33665e+05   -5.30550e+05
    Temperature Pressure (bar)   Constr. rmsd
    2.95682e+02    2.37748e+02    3.72182e-06

           Step           Time
          11500       23.00000

   Energies (kJ/mol)
           Bond            U-B    Proper Dih.  Improper Dih.      CMAP Dih.
    1.62090e+02    5.26453e+02    4.62977e+02    2.87805e+01    1.53916e+01
          LJ-14     Coulomb-14        LJ (SR)   Coulomb (SR)   Coul. recip.
    1.09268e+02    3.23715e+03    7.08180e+04   -7.21991e+05    2.00875e+03
   COM Pull En.      Potential    Kinetic En.   Total Energy  Conserved En.
    2.25257e-02   -6.44622e+05    1.10668e+05   -5.33954e+05   -5.30612e+05
    Temperature Pressure (bar)   Constr. rmsd
    2.98749e+02    7.94539e+01    2.42369e-06

           Step           Time
          12000       24.00000

   Energies (kJ/mol)
           Bond            U-B    Proper Dih.  Improper Dih.      CMAP Dih.
    1.43132e+02    5.39683e+02    4.51206e+02    2.17773e+01   -1.11735e+01
          LJ-14     Coulomb-14        LJ (SR)   Coulomb (SR)   Coul. recip.
    9.93663e+01    3.20861e+03    7.03473e+04   -7.21002e+05    2.00034e+03
   COM Pull En.      Potential    Kinetic En.   Total Energy  Conserved En.
    3.55675e-01   -6.44202e+05    1.10224e+05   -5.33978e+05   -5.30647e+05
    Temperature Pressure (bar)   Constr. rmsd
    2.97551e+02    6.39605e+01    2.54853e-06

           Step           Time
          12500       25.00000

   Energies (kJ/mol)
           Bond            U-B    Proper Dih.  Improper Dih.      CMAP Dih.
    1.26439e+02    5.58105e+02    4.35620e+02    2.21088e+01    1.47584e+01
          LJ-14     Coulomb-14        LJ (SR)   Coulomb (SR)   Coul. recip.
    9.51397e+01    3.18824e+03    6.93270e+04   -7.19287e+05    2.00751e+03
   COM Pull En.      Potential    Kinetic En.   Total Energy  Conserved En.
    3.99225e+00   -6.43508e+05    1.10583e+05   -5.32925e+05   -5.30708e+05
    Temperature Pressure (bar)   Constr. rmsd
    2.98519e+02   -6.32370e+01    3.26781e-06

           Step           Time
          13000       26.00000

   Energies (kJ/mol)
           Bond            U-B    Proper Dih.  Improper Dih.      CMAP Dih.
    1.31635e+02    5.43253e+02    5.20154e+02    1.73233e+01    1.33544e+01
          LJ-14     Coulomb-14        LJ (SR)   Coulomb (SR)   Coul. recip.
    9.77162e+01    3.15985e+03    7.00039e+04   -7.20093e+05    2.06116e+03
   COM Pull En.      Potential    Kinetic En.   Total Energy  Conserved En.
    2.52437e-01   -6.43545e+05    1.10345e+05   -5.33200e+05   -5.30640e+05
    Temperature Pressure (bar)   Constr. rmsd
    2.97877e+02    4.93363e+01    2.94237e-06

           Step           Time
          13500       27.00000

   Energies (kJ/mol)
           Bond            U-B    Proper Dih.  Improper Dih.      CMAP Dih.
    1.49709e+02    5.33865e+02    4.58916e+02    3.22248e+01    1.13230e+01
          LJ-14     Coulomb-14        LJ (SR)   Coulomb (SR)   Coul. recip.
    9.35258e+01    3.23638e+03    6.96518e+04   -7.19302e+05    1.95720e+03
   COM Pull En.      Potential    Kinetic En.   Total Energy  Conserved En.
    2.77912e+00   -6.43174e+05    1.10280e+05   -5.32894e+05   -5.30643e+05
    Temperature Pressure (bar)   Constr. rmsd
    2.97702e+02   -2.19511e+01    3.31782e-06

           Step           Time
          14000       28.00000

   Energies (kJ/mol)
           Bond            U-B    Proper Dih.  Improper Dih.      CMAP Dih.
    1.42758e+02    6.01755e+02    4.18491e+02    3.58905e+01    3.52934e+01
          LJ-14     Coulomb-14        LJ (SR)   Coulomb (SR)   Coul. recip.
    1.06912e+02    3.23951e+03    6.92130e+04   -7.19155e+05    1.98860e+03
   COM Pull En.      Potential    Kinetic En.   Total Energy  Conserved En.
    6.33460e-01   -6.43372e+05    1.10779e+05   -5.32593e+05   -5.30624e+05
    Temperature Pressure (bar)   Constr. rmsd
    2.99050e+02   -2.68904e+01    2.59589e-06

           Step           Time
          14500       29.00000

   Energies (kJ/mol)
           Bond            U-B    Proper Dih.  Improper Dih.      CMAP Dih.
    1.28361e+02    5.99573e+02    4.43014e+02    2.71798e+01    9.09331e+00
          LJ-14     Coulomb-14        LJ (SR)   Coulomb (SR)   Coul. recip.
    1.02058e+02    3.18868e+03    7.04201e+04   -7.19464e+05    2.04875e+03
   COM Pull En.      Potential    Kinetic En.   Total Energy  Conserved En.
    4.18135e+00   -6.42493e+05    1.09474e+05   -5.33019e+05   -5.30500e+05
    Temperature Pressure (bar)   Constr. rmsd
    2.95526e+02    1.53286e+02    2.74141e-06

           Step           Time
          15000       30.00000

   Energies (kJ/mol)
           Bond            U-B    Proper Dih.  Improper Dih.      CMAP Dih.
    1.40067e+02    5.77039e+02    4.20233e+02    2.43396e+01    3.20849e+00
          LJ-14     Coulomb-14        LJ (SR)   Coulomb (SR)   Coul. recip.
    9.35674e+01    3.19642e+03    6.95317e+04   -7.19541e+05    1.99047e+03
   COM Pull En.      Potential    Kinetic En.   Total Energy  Conserved En.
    4.19685e+00   -6.43560e+05    1.10338e+05   -5.33222e+05   -5.30495e+05
    Temperature Pressure (bar)   Constr. rmsd
    2.97858e+02   -2.54725e+01    3.19721e-06

           Step           Time
          15500       31.00000

   Energies (kJ/mol)
           Bond            U-B    Proper Dih.  Improper Dih.      CMAP Dih.
    1.27534e+02    5.68544e+02    4.49049e+02    1.55366e+01    1.09283e+01
          LJ-14     Coulomb-14        LJ (SR)   Coulomb (SR)   Coul. recip.
    1.04064e+02    3.18742e+03    6.97147e+04   -7.19451e+05    2.00831e+03
   COM Pull En.      Potential    Kinetic En.   Total Energy  Conserved En.
    7.35918e+00   -6.43257e+05    1.10720e+05   -5.32537e+05   -5.30576e+05
    Temperature Pressure (bar)   Constr. rmsd
    2.98889e+02    7.55461e+01    2.89297e-06

           Step           Time
          16000       32.00000

   Energies (kJ/mol)
           Bond            U-B    Proper Dih.  Improper Dih.      CMAP Dih.
    1.42624e+02    5.32943e+02    4.55338e+02    1.74946e+01   -1.47056e+01
          LJ-14     Coulomb-14        LJ (SR)   Coulomb (SR)   Coul. recip.
    1.02680e+02    3.22055e+03    7.04320e+04   -7.20063e+05    2.04370e+03
   COM Pull En.      Potential    Kinetic En.   Total Energy  Conserved En.
    1.74744e+00   -6.43128e+05    1.10499e+05   -5.32629e+05   -5.30608e+05
    Temperature Pressure (bar)   Constr. rmsd
    2.98294e+02    8.76367e+01    4.09569e-06

           Step           Time
          16500       33.00000

   Energies (kJ/mol)
           Bond            U-B    Proper Dih.  Improper Dih.      CMAP Dih.
    1.51171e+02    5.11070e+02    4.61176e+02    1.97641e+01    3.23957e+00
          LJ-14     Coulomb-14        LJ (SR)   Coulomb (SR)   Coul. recip.
    1.00112e+02    3.20895e+03    7.03014e+04   -7.19879e+05    2.05054e+03
   COM Pull En.      Potential    Kinetic En.   Total Energy  Conserved En.
    2.08675e+00   -6.43069e+05    1.10478e+05   -5.32591e+05   -5.30732e+05
    Temperature Pressure (bar)   Constr. rmsd
    2.98237e+02    1.15543e+02    2.31877e-06

           Step           Time
          17000       34.00000

   Energies (kJ/mol)
           Bond            U-B    Proper Dih.  Improper Dih.      CMAP Dih.
    2.00104e+02    5.32570e+02    4.22907e+02    2.80727e+01    3.95687e+01
          LJ-14     Coulomb-14        LJ (SR)   Coulomb (SR)   Coul. recip.
    9.60135e+01    3.21787e+03    6.84307e+04   -7.16793e+05    2.01084e+03
   COM Pull En.      Potential    Kinetic En.   Total Energy  Conserved En.
    2.19314e+00   -6.41813e+05    1.10389e+05   -5.31424e+05   -5.30760e+05
    Temperature Pressure (bar)   Constr. rmsd
    2.97995e+02   -1.51190e+02    2.81320e-06

           Step           Time
          17500       35.00000

   Energies (kJ/mol)
           Bond            U-B    Proper Dih.  Improper Dih.      CMAP Dih.
    1.31544e+02    5.37477e+02    4.72017e+02    3.23027e+01    4.54959e+01
          LJ-14     Coulomb-14        LJ (SR)   Coulomb (SR)   Coul. recip.
    9.48528e+01    3.21809e+03    6.91284e+04   -7.18263e+05    1.99043e+03
   COM Pull En.      Potential    Kinetic En.   Total Energy  Conserved En.
    4.39027e+00   -6.42608e+05    1.10494e+05   -5.32113e+05   -5.30686e+05
    Temperature Pressure (bar)   Constr. rmsd
    2.98280e+02   -6.60128e+01    2.25437e-06

           Step           Time
          18000       36.00000

   Energies (kJ/mol)
           Bond            U-B    Proper Dih.  Improper Dih.      CMAP Dih.
    1.63855e+02    5.73416e+02    4.46964e+02    2.93285e+01    1.86152e+01
          LJ-14     Coulomb-14        LJ (SR)   Coulomb (SR)   Coul. recip.
    7.94089e+01    3.15637e+03    6.90132e+04   -7.18510e+05    1.97068e+03
   COM Pull En.      Potential    Kinetic En.   Total Energy  Conserved En.
    2.14389e+00   -6.43056e+05    1.10836e+05   -5.32220e+05   -5.30800e+05
    Temperature Pressure (bar)   Constr. rmsd
    2.99203e+02   -1.29748e+02    3.23361e-06

Writing checkpoint, step 18080 at Tue Jun 23 13:59:35 2026


           Step           Time
          18500       37.00000

   Energies (kJ/mol)
           Bond            U-B    Proper Dih.  Improper Dih.      CMAP Dih.
    1.52058e+02    5.91852e+02    4.25408e+02    2.38538e+01    1.84772e+01
          LJ-14     Coulomb-14        LJ (SR)   Coulomb (SR)   Coul. recip.
    9.30262e+01    3.16704e+03    6.94203e+04   -7.18624e+05    2.06664e+03
   COM Pull En.      Potential    Kinetic En.   Total Energy  Conserved En.
    4.13984e+00   -6.42661e+05    1.09221e+05   -5.33440e+05   -5.30711e+05
    Temperature Pressure (bar)   Constr. rmsd
    2.94842e+02   -3.99435e+01    2.92658e-06

           Step           Time
          19000       38.00000

   Energies (kJ/mol)
           Bond            U-B    Proper Dih.  Improper Dih.      CMAP Dih.
    1.45133e+02    5.52093e+02    4.11066e+02    2.38173e+01    3.02245e+01
          LJ-14     Coulomb-14        LJ (SR)   Coulomb (SR)   Coul. recip.
    9.65368e+01    3.17985e+03    6.93315e+04   -7.19508e+05    1.99240e+03
   COM Pull En.      Potential    Kinetic En.   Total Energy  Conserved En.
    1.13052e+00   -6.43744e+05    1.10306e+05   -5.33438e+05   -5.30769e+05
    Temperature Pressure (bar)   Constr. rmsd
    2.97771e+02   -1.09991e+02    2.97013e-06

           Step           Time
          19500       39.00000

   Energies (kJ/mol)
           Bond            U-B    Proper Dih.  Improper Dih.      CMAP Dih.
    1.27592e+02    5.53339e+02    4.37835e+02    2.04665e+01    3.12239e+01
          LJ-14     Coulomb-14        LJ (SR)   Coulomb (SR)   Coul. recip.
    9.21167e+01    3.19857e+03    7.14740e+04   -7.20846e+05    2.04374e+03
   COM Pull En.      Potential    Kinetic En.   Total Energy  Conserved En.
    7.89737e-02   -6.42867e+05    1.09629e+05   -5.33238e+05   -5.30664e+05
    Temperature Pressure (bar)   Constr. rmsd
    2.95943e+02    2.30059e+02    2.54798e-06

           Step           Time
          20000       40.00000

   Energies (kJ/mol)
           Bond            U-B    Proper Dih.  Improper Dih.      CMAP Dih.
    1.55963e+02    5.24505e+02    4.38783e+02    2.66016e+01    3.67894e+01
          LJ-14     Coulomb-14        LJ (SR)   Coulomb (SR)   Coul. recip.
    9.58293e+01    3.18472e+03    6.92939e+04   -7.20170e+05    2.03083e+03
   COM Pull En.      Potential    Kinetic En.   Total Energy  Conserved En.
    3.67605e-01   -6.44382e+05    1.10586e+05   -5.33796e+05   -5.30770e+05
    Temperature Pressure (bar)   Constr. rmsd
    2.98527e+02   -1.40605e+02    2.68408e-06

           Step           Time
          20500       41.00000

   Energies (kJ/mol)
           Bond            U-B    Proper Dih.  Improper Dih.      CMAP Dih.
    1.26520e+02    5.41615e+02    4.49961e+02    2.69255e+01    2.76245e+01
          LJ-14     Coulomb-14        LJ (SR)   Coulomb (SR)   Coul. recip.
    1.02120e+02    3.27353e+03    7.02601e+04   -7.19600e+05    2.06337e+03
   COM Pull En.      Potential    Kinetic En.   Total Energy  Conserved En.
    3.78319e-01   -6.42728e+05    1.09737e+05   -5.32991e+05   -5.30716e+05
    Temperature Pressure (bar)   Constr. rmsd
    2.96235e+02    7.07841e+01    2.94122e-06

           Step           Time
          21000       42.00000

   Energies (kJ/mol)
           Bond            U-B    Proper Dih.  Improper Dih.      CMAP Dih.
    1.68371e+02    5.18100e+02    4.26582e+02    2.47203e+01    1.78388e+01
          LJ-14     Coulomb-14        LJ (SR)   Coulomb (SR)   Coul. recip.
    9.43328e+01    3.22055e+03    6.84876e+04   -7.17756e+05    2.05471e+03
   COM Pull En.      Potential    Kinetic En.   Total Energy  Conserved En.
    2.23721e-05   -6.42743e+05    1.09771e+05   -5.32971e+05   -5.30625e+05
    Temperature Pressure (bar)   Constr. rmsd
    2.96328e+02   -1.23614e+02    3.44831e-06

           Step           Time
          21500       43.00000

   Energies (kJ/mol)
           Bond            U-B    Proper Dih.  Improper Dih.      CMAP Dih.
    1.40295e+02    5.46506e+02    4.65279e+02    2.66160e+01   -1.91173e+01
          LJ-14     Coulomb-14        LJ (SR)   Coulomb (SR)   Coul. recip.
    9.25513e+01    3.18191e+03    6.94020e+04   -7.20147e+05    2.00550e+03
   COM Pull En.      Potential    Kinetic En.   Total Energy  Conserved En.
    1.36160e-01   -6.44306e+05    1.11140e+05   -5.33165e+05   -5.30609e+05
    Temperature Pressure (bar)   Constr. rmsd
    3.00024e+02   -4.57562e+01    3.76415e-06

           Step           Time
          22000       44.00000

   Energies (kJ/mol)
           Bond            U-B    Proper Dih.  Improper Dih.      CMAP Dih.
    1.64645e+02    5.27837e+02    4.51187e+02    2.81108e+01    1.43090e+01
          LJ-14     Coulomb-14        LJ (SR)   Coulomb (SR)   Coul. recip.
    1.14793e+02    3.20760e+03    6.92456e+04   -7.19287e+05    2.00918e+03
   COM Pull En.      Potential    Kinetic En.   Total Energy  Conserved En.
    6.23220e-02   -6.43524e+05    1.09651e+05   -5.33873e+05   -5.30703e+05
    Temperature Pressure (bar)   Constr. rmsd
    2.96004e+02   -7.77373e+01    2.93691e-06

           Step           Time
          22500       45.00000

   Energies (kJ/mol)
           Bond            U-B    Proper Dih.  Improper Dih.      CMAP Dih.
    1.40097e+02    5.69704e+02    4.62546e+02    2.39045e+01    4.01443e+01
          LJ-14     Coulomb-14        LJ (SR)   Coulomb (SR)   Coul. recip.
    1.10323e+02    3.16308e+03    7.10122e+04   -7.21519e+05    2.04541e+03
   COM Pull En.      Potential    Kinetic En.   Total Energy  Conserved En.
    2.89148e-01   -6.43951e+05    1.10317e+05   -5.33634e+05   -5.30872e+05
    Temperature Pressure (bar)   Constr. rmsd
    2.97801e+02    4.68865e+01    3.04595e-06

           Step           Time
          23000       46.00000

   Energies (kJ/mol)
           Bond            U-B    Proper Dih.  Improper Dih.      CMAP Dih.
    1.19656e+02    5.07121e+02    4.34959e+02    2.39871e+01    2.04141e+01
          LJ-14     Coulomb-14        LJ (SR)   Coulomb (SR)   Coul. recip.
    1.02200e+02    3.22763e+03    6.95919e+04   -7.20005e+05    2.04119e+03
   COM Pull En.      Potential    Kinetic En.   Total Energy  Conserved En.
    4.40439e-02   -6.43936e+05    1.10124e+05   -5.33812e+05   -5.30769e+05
    Temperature Pressure (bar)   Constr. rmsd
    2.97280e+02   -7.38850e+01    2.81988e-06

           Step           Time
          23500       47.00000

   Energies (kJ/mol)
           Bond            U-B    Proper Dih.  Improper Dih.      CMAP Dih.
    1.49532e+02    5.75574e+02    4.51804e+02    2.69430e+01   -2.13417e+01
          LJ-14     Coulomb-14        LJ (SR)   Coulomb (SR)   Coul. recip.
    1.17841e+02    3.22878e+03    6.79178e+04   -7.18281e+05    1.92106e+03
   COM Pull En.      Potential    Kinetic En.   Total Energy  Conserved En.
    3.59125e-01   -6.43913e+05    1.11003e+05   -5.32910e+05   -5.30670e+05
    Temperature Pressure (bar)   Constr. rmsd
    2.99654e+02   -2.38419e+02    3.09410e-06

           Step           Time
          24000       48.00000

   Energies (kJ/mol)
           Bond            U-B    Proper Dih.  Improper Dih.      CMAP Dih.
    1.77929e+02    5.32458e+02    4.45571e+02    1.58460e+01    3.22665e+00
          LJ-14     Coulomb-14        LJ (SR)   Coulomb (SR)   Coul. recip.
    1.25165e+02    3.17654e+03    6.98265e+04   -7.19488e+05    2.00162e+03
   COM Pull En.      Potential    Kinetic En.   Total Energy  Conserved En.
    1.61731e+00   -6.43182e+05    1.10143e+05   -5.33038e+05   -5.30675e+05
    Temperature Pressure (bar)   Constr. rmsd
    2.97332e+02    2.32968e+01    3.94039e-06

           Step           Time
          24500       49.00000

   Energies (kJ/mol)
           Bond            U-B    Proper Dih.  Improper Dih.      CMAP Dih.
    1.87872e+02    5.27689e+02    4.46299e+02    2.34127e+01    1.65613e+01
          LJ-14     Coulomb-14        LJ (SR)   Coulomb (SR)   Coul. recip.
    8.96952e+01    3.22635e+03    6.95958e+04   -7.19112e+05    1.93153e+03
   COM Pull En.      Potential    Kinetic En.   Total Energy  Conserved En.
    5.10423e-01   -6.43066e+05    1.10584e+05   -5.32482e+05   -5.30759e+05
    Temperature Pressure (bar)   Constr. rmsd
    2.98522e+02   -3.56141e+00    4.16493e-06

           Step           Time
          25000       50.00000

   Energies (kJ/mol)
           Bond            U-B    Proper Dih.  Improper Dih.      CMAP Dih.
    1.47406e+02    5.22830e+02    4.37305e+02    2.70768e+01    2.38083e+01
          LJ-14     Coulomb-14        LJ (SR)   Coulomb (SR)   Coul. recip.
    1.02902e+02    3.23047e+03    7.03281e+04   -7.19605e+05    2.05682e+03
   COM Pull En.      Potential    Kinetic En.   Total Energy  Conserved En.
    1.86219e-01   -6.42728e+05    1.10916e+05   -5.31812e+05   -5.30572e+05
    Temperature Pressure (bar)   Constr. rmsd
    2.99418e+02    1.69597e+02    4.33102e-06

           Step           Time
          25500       51.00000

   Energies (kJ/mol)
           Bond            U-B    Proper Dih.  Improper Dih.      CMAP Dih.
    1.53936e+02    5.31505e+02    4.47501e+02    2.65863e+01    2.89723e+01
          LJ-14     Coulomb-14        LJ (SR)   Coulomb (SR)   Coul. recip.
    9.02724e+01    3.17719e+03    6.89736e+04   -7.18235e+05    2.14397e+03
   COM Pull En.      Potential    Kinetic En.   Total Energy  Conserved En.
    5.93704e-01   -6.42661e+05    1.09441e+05   -5.33220e+05   -5.30577e+05
    Temperature Pressure (bar)   Constr. rmsd
    2.95436e+02   -5.08239e+01    3.25512e-06

           Step           Time
          26000       52.00000

   Energies (kJ/mol)
           Bond            U-B    Proper Dih.  Improper Dih.      CMAP Dih.
    1.30530e+02    5.42979e+02    4.87542e+02    3.23604e+01   -1.84591e+01
          LJ-14     Coulomb-14        LJ (SR)   Coulomb (SR)   Coul. recip.
    8.29071e+01    3.20212e+03    6.96148e+04   -7.20253e+05    1.99684e+03
   COM Pull En.      Potential    Kinetic En.   Total Energy  Conserved En.
    5.19812e-01   -6.44181e+05    1.10309e+05   -5.33871e+05   -5.30530e+05
    Temperature Pressure (bar)   Constr. rmsd
    2.97781e+02   -6.16225e+01    2.82341e-06

           Step           Time
          26500       53.00000

   Energies (kJ/mol)
           Bond            U-B    Proper Dih.  Improper Dih.      CMAP Dih.
    1.25724e+02    5.49925e+02    4.38969e+02    1.72370e+01    3.29954e+01
          LJ-14     Coulomb-14        LJ (SR)   Coulomb (SR)   Coul. recip.
    9.47889e+01    3.19995e+03    6.93265e+04   -7.19998e+05    1.96866e+03
   COM Pull En.      Potential    Kinetic En.   Total Energy  Conserved En.
    3.96831e+00   -6.44239e+05    1.10544e+05   -5.33696e+05   -5.30557e+05
    Temperature Pressure (bar)   Constr. rmsd
    2.98413e+02   -4.44363e+01    3.20815e-06

           Step           Time
          27000       54.00000

   Energies (kJ/mol)
           Bond            U-B    Proper Dih.  Improper Dih.      CMAP Dih.
    1.50037e+02    5.04370e+02    4.60507e+02    2.89428e+01    7.22396e+00
          LJ-14     Coulomb-14        LJ (SR)   Coulomb (SR)   Coul. recip.
    1.11947e+02    3.24321e+03    6.97147e+04   -7.20762e+05    1.94503e+03
   COM Pull En.      Potential    Kinetic En.   Total Energy  Conserved En.
    3.10965e-01   -6.44596e+05    1.09626e+05   -5.34970e+05   -5.30514e+05
    Temperature Pressure (bar)   Constr. rmsd
    2.95937e+02   -3.65931e+01    2.24333e-06

Writing checkpoint, step 27120 at Tue Jun 23 14:14:34 2026


           Step           Time
          27500       55.00000

   Energies (kJ/mol)
           Bond            U-B    Proper Dih.  Improper Dih.      CMAP Dih.
    1.37763e+02    5.60052e+02    4.52273e+02    2.58318e+01    1.27006e+00
          LJ-14     Coulomb-14        LJ (SR)   Coulomb (SR)   Coul. recip.
    8.94589e+01    3.21592e+03    6.97161e+04   -7.20407e+05    1.99679e+03
   COM Pull En.      Potential    Kinetic En.   Total Energy  Conserved En.
    1.08457e+00   -6.44211e+05    1.09174e+05   -5.35037e+05   -5.30585e+05
    Temperature Pressure (bar)   Constr. rmsd
    2.94715e+02   -4.20425e+00    2.42944e-06

           Step           Time
          28000       56.00000

   Energies (kJ/mol)
           Bond            U-B    Proper Dih.  Improper Dih.      CMAP Dih.
    1.36558e+02    5.50787e+02    4.35911e+02    3.64845e+01   -1.79507e+00
          LJ-14     Coulomb-14        LJ (SR)   Coulomb (SR)   Coul. recip.
    1.06528e+02    3.22232e+03    7.04280e+04   -7.20664e+05    2.00561e+03
   COM Pull En.      Potential    Kinetic En.   Total Energy  Conserved En.
    6.95836e-01   -6.43743e+05    1.10163e+05   -5.33580e+05   -5.30695e+05
    Temperature Pressure (bar)   Constr. rmsd
    2.97386e+02    8.41308e+01    3.16746e-06

           Step           Time
          28500       57.00000

   Energies (kJ/mol)
           Bond            U-B    Proper Dih.  Improper Dih.      CMAP Dih.
    1.43742e+02    5.74025e+02    4.54413e+02    4.26861e+01    3.93813e+00
          LJ-14     Coulomb-14        LJ (SR)   Coulomb (SR)   Coul. recip.
    1.11641e+02    3.13509e+03    6.99231e+04   -7.19606e+05    1.99562e+03
   COM Pull En.      Potential    Kinetic En.   Total Energy  Conserved En.
    3.16682e-01   -6.43221e+05    1.10488e+05   -5.32734e+05   -5.30576e+05
    Temperature Pressure (bar)   Constr. rmsd
    2.98262e+02    8.48083e+01    3.66480e-06

           Step           Time
          29000       58.00000

   Energies (kJ/mol)
           Bond            U-B    Proper Dih.  Improper Dih.      CMAP Dih.
    1.40224e+02    6.31823e+02    4.17116e+02    2.31557e+01   -1.01010e+01
          LJ-14     Coulomb-14        LJ (SR)   Coulomb (SR)   Coul. recip.
    1.00894e+02    3.16269e+03    7.02483e+04   -7.20085e+05    2.03206e+03
   COM Pull En.      Potential    Kinetic En.   Total Energy  Conserved En.
    1.40159e+00   -6.43337e+05    1.10836e+05   -5.32501e+05   -5.30553e+05
    Temperature Pressure (bar)   Constr. rmsd
    2.99202e+02    1.27460e+02    3.15451e-06

           Step           Time
          29500       59.00000

   Energies (kJ/mol)
           Bond            U-B    Proper Dih.  Improper Dih.      CMAP Dih.
    1.63201e+02    5.42729e+02    4.46830e+02    3.52820e+01   -1.92489e+01
          LJ-14     Coulomb-14        LJ (SR)   Coulomb (SR)   Coul. recip.
    1.01366e+02    3.19008e+03    7.00209e+04   -7.19325e+05    1.98211e+03
   COM Pull En.      Potential    Kinetic En.   Total Energy  Conserved En.
    5.18284e-01   -6.42861e+05    1.09856e+05   -5.33005e+05   -5.30781e+05
    Temperature Pressure (bar)   Constr. rmsd
    2.96557e+02    4.94976e+01    2.77099e-06

           Step           Time
          30000       60.00000

   Energies (kJ/mol)
           Bond            U-B    Proper Dih.  Improper Dih.      CMAP Dih.
    1.39728e+02    5.85278e+02    4.31129e+02    2.94092e+01    2.35974e+01
          LJ-14     Coulomb-14        LJ (SR)   Coulomb (SR)   Coul. recip.
    9.08265e+01    3.21535e+03    6.94691e+04   -7.17984e+05    2.06264e+03
   COM Pull En.      Potential    Kinetic En.   Total Energy  Conserved En.
    6.67544e+00   -6.41930e+05    1.10723e+05   -5.31207e+05   -5.31008e+05
    Temperature Pressure (bar)   Constr. rmsd
    2.98896e+02    7.61674e+00    2.92581e-06

           Step           Time
          30500       61.00000

   Energies (kJ/mol)
           Bond            U-B    Proper Dih.  Improper Dih.      CMAP Dih.
    1.63756e+02    5.17898e+02    4.60635e+02    1.79173e+01    2.49949e+01
          LJ-14     Coulomb-14        LJ (SR)   Coulomb (SR)   Coul. recip.
    9.31955e+01    3.19949e+03    6.79138e+04   -7.15489e+05    1.97475e+03
   COM Pull En.      Potential    Kinetic En.   Total Energy  Conserved En.
    9.23506e-01   -6.41122e+05    1.10617e+05   -5.30504e+05   -5.30984e+05
    Temperature Pressure (bar)   Constr. rmsd
    2.98612e+02   -1.95742e+02    3.37777e-06

           Step           Time
          31000       62.00000

   Energies (kJ/mol)
           Bond            U-B    Proper Dih.  Improper Dih.      CMAP Dih.
    1.70696e+02    6.05653e+02    4.49501e+02    2.63500e+01   -6.09389e+00
          LJ-14     Coulomb-14        LJ (SR)   Coulomb (SR)   Coul. recip.
    8.64887e+01    3.13878e+03    7.01136e+04   -7.17943e+05    1.99336e+03
   COM Pull En.      Potential    Kinetic En.   Total Energy  Conserved En.
    1.30213e-02   -6.41365e+05    1.10876e+05   -5.30488e+05   -5.30925e+05
    Temperature Pressure (bar)   Constr. rmsd
    2.99311e+02    1.30625e+02    3.81165e-06

           Step           Time
          31500       63.00000

   Energies (kJ/mol)
           Bond            U-B    Proper Dih.  Improper Dih.      CMAP Dih.
    1.52460e+02    5.82540e+02    4.88661e+02    2.14992e+01   -2.26323e+01
          LJ-14     Coulomb-14        LJ (SR)   Coulomb (SR)   Coul. recip.
    1.18063e+02    3.22735e+03    6.88658e+04   -7.17786e+05    2.08348e+03
   COM Pull En.      Potential    Kinetic En.   Total Energy  Conserved En.
    1.58029e-01   -6.42269e+05    1.10890e+05   -5.31379e+05   -5.30975e+05
    Temperature Pressure (bar)   Constr. rmsd
    2.99348e+02   -1.16163e+02    2.81967e-06

           Step           Time
          32000       64.00000

   Energies (kJ/mol)
           Bond            U-B    Proper Dih.  Improper Dih.      CMAP Dih.
    1.62073e+02    5.42097e+02    4.37051e+02    3.65882e+01    1.27761e+00
          LJ-14     Coulomb-14        LJ (SR)   Coulomb (SR)   Coul. recip.
    1.31153e+02    3.21868e+03    6.88687e+04   -7.16698e+05    2.06061e+03
   COM Pull En.      Potential    Kinetic En.   Total Energy  Conserved En.
    2.72464e-01   -6.41239e+05    1.09972e+05   -5.31268e+05   -5.30894e+05
    Temperature Pressure (bar)   Constr. rmsd
    2.96870e+02   -6.55066e+01    2.71698e-06

           Step           Time
          32500       65.00000

   Energies (kJ/mol)
           Bond            U-B    Proper Dih.  Improper Dih.      CMAP Dih.
    1.76696e+02    5.49703e+02    4.57921e+02    2.42638e+01    7.58679e-01
          LJ-14     Coulomb-14        LJ (SR)   Coulomb (SR)   Coul. recip.
    9.21590e+01    3.17163e+03    6.87956e+04   -7.17022e+05    2.08946e+03
   COM Pull En.      Potential    Kinetic En.   Total Energy  Conserved En.
    7.34844e-01   -6.41663e+05    1.10112e+05   -5.31552e+05   -5.30819e+05
    Temperature Pressure (bar)   Constr. rmsd
    2.97247e+02   -8.31953e+01    3.52492e-06

           Step           Time
          33000       66.00000

   Energies (kJ/mol)
           Bond            U-B    Proper Dih.  Improper Dih.      CMAP Dih.
    1.43354e+02    5.74048e+02    4.59621e+02    3.23498e+01   -2.86554e+00
          LJ-14     Coulomb-14        LJ (SR)   Coulomb (SR)   Coul. recip.
    9.11774e+01    3.17003e+03    6.95006e+04   -7.18078e+05    1.97612e+03
   COM Pull En.      Potential    Kinetic En.   Total Energy  Conserved En.
    1.85385e-01   -6.42133e+05    1.10604e+05   -5.31530e+05   -5.30725e+05
    Temperature Pressure (bar)   Constr. rmsd
    2.98575e+02    2.26315e+01    3.61922e-06

           Step           Time
          33500       67.00000

   Energies (kJ/mol)
           Bond            U-B    Proper Dih.  Improper Dih.      CMAP Dih.
    1.67027e+02    4.95432e+02    4.57837e+02    4.32348e+01   -1.09162e+01
          LJ-14     Coulomb-14        LJ (SR)   Coulomb (SR)   Coul. recip.
    1.14464e+02    3.22014e+03    6.95709e+04   -7.17668e+05    2.01472e+03
   COM Pull En.      Potential    Kinetic En.   Total Energy  Conserved En.
    6.86679e-01   -6.41594e+05    1.10604e+05   -5.30991e+05   -5.30580e+05
    Temperature Pressure (bar)   Constr. rmsd
    2.98575e+02    7.78706e+01    2.81313e-06

           Step           Time
          34000       68.00000

   Energies (kJ/mol)
           Bond            U-B    Proper Dih.  Improper Dih.      CMAP Dih.
    1.34500e+02    5.42999e+02    4.64201e+02    2.55914e+01   -1.30872e+01
          LJ-14     Coulomb-14        LJ (SR)   Coulomb (SR)   Coul. recip.
    1.01951e+02    3.22116e+03    6.90164e+04   -7.16674e+05    2.10840e+03
   COM Pull En.      Potential    Kinetic En.   Total Energy  Conserved En.
    2.51770e-02   -6.41072e+05    1.09258e+05   -5.31814e+05   -5.30826e+05
    Temperature Pressure (bar)   Constr. rmsd
    2.94942e+02   -2.09133e+01    2.56762e-06

           Step           Time
          34500       69.00000

   Energies (kJ/mol)
           Bond            U-B    Proper Dih.  Improper Dih.      CMAP Dih.
    1.37033e+02    5.89409e+02    4.26849e+02    3.15330e+01    1.51689e+01
          LJ-14     Coulomb-14        LJ (SR)   Coulomb (SR)   Coul. recip.
    9.81462e+01    3.20164e+03    7.08308e+04   -7.20400e+05    1.98666e+03
   COM Pull En.      Potential    Kinetic En.   Total Energy  Conserved En.
    8.36800e-02   -6.43083e+05    1.10559e+05   -5.32523e+05   -5.30851e+05
    Temperature Pressure (bar)   Constr. rmsd
    2.98456e+02    1.66983e+02    4.48096e-06

           Step           Time
          35000       70.00000

   Energies (kJ/mol)
           Bond            U-B    Proper Dih.  Improper Dih.      CMAP Dih.
    1.54422e+02    5.67017e+02    3.97093e+02    2.71213e+01    2.58209e+01
          LJ-14     Coulomb-14        LJ (SR)   Coulomb (SR)   Coul. recip.
    1.03069e+02    3.20209e+03    6.91273e+04   -7.19183e+05    2.04712e+03
   COM Pull En.      Potential    Kinetic En.   Total Energy  Conserved En.
    3.25822e-01   -6.43532e+05    1.10155e+05   -5.33377e+05   -5.30744e+05
    Temperature Pressure (bar)   Constr. rmsd
    2.97363e+02   -1.21027e+02    3.29933e-06

           Step           Time
          35500       71.00000

   Energies (kJ/mol)
           Bond            U-B    Proper Dih.  Improper Dih.      CMAP Dih.
    1.43049e+02    5.73920e+02    4.46711e+02    3.18359e+01    2.19266e+01
          LJ-14     Coulomb-14        LJ (SR)   Coulomb (SR)   Coul. recip.
    1.00377e+02    3.18895e+03    7.01293e+04   -7.19908e+05    2.06391e+03
   COM Pull En.      Potential    Kinetic En.   Total Energy  Conserved En.
    4.74264e-01   -6.43208e+05    1.09963e+05   -5.33245e+05   -5.30859e+05
    Temperature Pressure (bar)   Constr. rmsd
    2.96845e+02    3.42661e+01    3.41026e-06

           Step           Time
          36000       72.00000

   Energies (kJ/mol)
           Bond            U-B    Proper Dih.  Improper Dih.      CMAP Dih.
    1.56179e+02    5.69590e+02    4.48614e+02    1.82402e+01   -5.01610e+00
          LJ-14     Coulomb-14        LJ (SR)   Coulomb (SR)   Coul. recip.
    9.88963e+01    3.17706e+03    6.90699e+04   -7.19001e+05    2.02332e+03
   COM Pull En.      Potential    Kinetic En.   Total Energy  Conserved En.
    1.20523e+00   -6.43443e+05    1.09477e+05   -5.33966e+05   -5.31012e+05
    Temperature Pressure (bar)   Constr. rmsd
    2.95533e+02   -1.38467e+02    5.32203e-06

Writing checkpoint, step 36160 at Tue Jun 23 14:29:33 2026


           Step           Time
          36500       73.00000

   Energies (kJ/mol)
           Bond            U-B    Proper Dih.  Improper Dih.      CMAP Dih.
    1.86680e+02    5.27866e+02    4.88982e+02    2.51778e+01   -3.22500e+01
          LJ-14     Coulomb-14        LJ (SR)   Coulomb (SR)   Coul. recip.
    9.20823e+01    3.17172e+03    7.00461e+04   -7.19871e+05    1.96790e+03
   COM Pull En.      Potential    Kinetic En.   Total Energy  Conserved En.
    1.54022e+00   -6.43395e+05    1.10459e+05   -5.32936e+05   -5.30945e+05
    Temperature Pressure (bar)   Constr. rmsd
    2.98185e+02   -5.52742e+01    4.25849e-06

           Step           Time
          37000       74.00000

   Energies (kJ/mol)
           Bond            U-B    Proper Dih.  Improper Dih.      CMAP Dih.
    1.60837e+02    6.63953e+02    4.25070e+02    4.19155e+01   -2.30145e+01
          LJ-14     Coulomb-14        LJ (SR)   Coulomb (SR)   Coul. recip.
    8.13730e+01    3.15746e+03    6.97965e+04   -7.19246e+05    2.06547e+03
   COM Pull En.      Potential    Kinetic En.   Total Energy  Conserved En.
    2.22528e+00   -6.42875e+05    1.10835e+05   -5.32040e+05   -5.30918e+05
    Temperature Pressure (bar)   Constr. rmsd
    2.99198e+02   -4.03695e+01    3.04443e-06

           Step           Time
          37500       75.00000

   Energies (kJ/mol)
           Bond            U-B    Proper Dih.  Improper Dih.      CMAP Dih.
    1.85803e+02    5.31612e+02    4.38928e+02    2.51689e+01    1.23945e+01
          LJ-14     Coulomb-14        LJ (SR)   Coulomb (SR)   Coul. recip.
    9.99280e+01    3.23345e+03    6.98655e+04   -7.19985e+05    1.95169e+03
   COM Pull En.      Potential    Kinetic En.   Total Energy  Conserved En.
    2.54115e-01   -6.43640e+05    1.10577e+05   -5.33063e+05   -5.30692e+05
    Temperature Pressure (bar)   Constr. rmsd
    2.98504e+02    2.00170e+01    2.88996e-06

           Step           Time
          38000       76.00000

   Energies (kJ/mol)
           Bond            U-B    Proper Dih.  Improper Dih.      CMAP Dih.
    1.72298e+02    5.80029e+02    4.48218e+02    4.37487e+01    2.00782e+01
          LJ-14     Coulomb-14        LJ (SR)   Coulomb (SR)   Coul. recip.
    9.69255e+01    3.21863e+03    6.92051e+04   -7.18955e+05    2.00520e+03
   COM Pull En.      Potential    Kinetic En.   Total Energy  Conserved En.
    2.39541e-01   -6.43164e+05    1.10638e+05   -5.32527e+05   -5.30792e+05
    Temperature Pressure (bar)   Constr. rmsd
    2.98667e+02   -4.56611e+01    2.57927e-06

           Step           Time
          38500       77.00000

   Energies (kJ/mol)
           Bond            U-B    Proper Dih.  Improper Dih.      CMAP Dih.
    1.52149e+02    5.83781e+02    4.46651e+02    2.35985e+01   -2.53574e+01
          LJ-14     Coulomb-14        LJ (SR)   Coulomb (SR)   Coul. recip.
    1.06964e+02    3.19313e+03    6.90252e+04   -7.19220e+05    2.03639e+03
   COM Pull En.      Potential    Kinetic En.   Total Energy  Conserved En.
    1.01410e+00   -6.43677e+05    1.10693e+05   -5.32984e+05   -5.30816e+05
    Temperature Pressure (bar)   Constr. rmsd
    2.98817e+02   -1.46856e+02    2.50629e-06

           Step           Time
          39000       78.00000

   Energies (kJ/mol)
           Bond            U-B    Proper Dih.  Improper Dih.      CMAP Dih.
    1.60099e+02    5.98234e+02    4.29386e+02    2.18554e+01   -1.99537e+00
          LJ-14     Coulomb-14        LJ (SR)   Coulomb (SR)   Coul. recip.
    8.91298e+01    3.23140e+03    7.02058e+04   -7.20264e+05    2.09458e+03
   COM Pull En.      Potential    Kinetic En.   Total Energy  Conserved En.
    4.78974e-01   -6.43435e+05    1.09761e+05   -5.33675e+05   -5.30706e+05
    Temperature Pressure (bar)   Constr. rmsd
    2.96299e+02    2.06070e+01    3.09760e-06

           Step           Time
          39500       79.00000

   Energies (kJ/mol)
           Bond            U-B    Proper Dih.  Improper Dih.      CMAP Dih.
    1.76574e+02    5.86807e+02    4.54038e+02    2.01422e+01    1.04416e+01
          LJ-14     Coulomb-14        LJ (SR)   Coulomb (SR)   Coul. recip.
    8.53490e+01    3.21054e+03    6.95955e+04   -7.19977e+05    1.95287e+03
   COM Pull En.      Potential    Kinetic En.   Total Energy  Conserved En.
    7.46321e-01   -6.43884e+05    1.10015e+05   -5.33869e+05   -5.30920e+05
    Temperature Pressure (bar)   Constr. rmsd
    2.96986e+02   -8.21458e+01    2.52993e-06

           Step           Time
          40000       80.00000

   Energies (kJ/mol)
           Bond            U-B    Proper Dih.  Improper Dih.      CMAP Dih.
    1.47384e+02    5.97739e+02    4.44020e+02    2.79001e+01    7.08603e+00
          LJ-14     Coulomb-14        LJ (SR)   Coulomb (SR)   Coul. recip.
    9.93488e+01    3.23074e+03    6.99522e+04   -7.20140e+05    2.00782e+03
   COM Pull En.      Potential    Kinetic En.   Total Energy  Conserved En.
    1.37025e+00   -6.43624e+05    1.10697e+05   -5.32927e+05   -5.30764e+05
    Temperature Pressure (bar)   Constr. rmsd
    2.98827e+02    2.05869e+01    3.71462e-06

           Step           Time
          40500       81.00000

   Energies (kJ/mol)
           Bond            U-B    Proper Dih.  Improper Dih.      CMAP Dih.
    1.67814e+02    5.70399e+02    4.37607e+02    2.68329e+01    1.34520e+01
          LJ-14     Coulomb-14        LJ (SR)   Coulomb (SR)   Coul. recip.
    9.38994e+01    3.19693e+03    6.86005e+04   -7.18076e+05    1.95300e+03
   COM Pull En.      Potential    Kinetic En.   Total Energy  Conserved En.
    1.51647e-01   -6.43015e+05    1.09380e+05   -5.33635e+05   -5.30779e+05
    Temperature Pressure (bar)   Constr. rmsd
    2.95273e+02   -1.78368e+02    4.83652e-06

           Step           Time
          41000       82.00000

   Energies (kJ/mol)
           Bond            U-B    Proper Dih.  Improper Dih.      CMAP Dih.
    1.29619e+02    6.20898e+02    4.59420e+02    2.26275e+01   -1.36126e+01
          LJ-14     Coulomb-14        LJ (SR)   Coulomb (SR)   Coul. recip.
    9.98362e+01    3.19358e+03    6.99514e+04   -7.19528e+05    1.96964e+03
   COM Pull En.      Potential    Kinetic En.   Total Energy  Conserved En.
    2.33814e-03   -6.43095e+05    1.10591e+05   -5.32504e+05   -5.30696e+05
    Temperature Pressure (bar)   Constr. rmsd
    2.98540e+02    5.21759e+01    3.08651e-06

           Step           Time
          41500       83.00000

   Energies (kJ/mol)
           Bond            U-B    Proper Dih.  Improper Dih.      CMAP Dih.
    1.55146e+02    5.72276e+02    4.39974e+02    1.81531e+01    1.40333e+00
          LJ-14     Coulomb-14        LJ (SR)   Coulomb (SR)   Coul. recip.
    1.04103e+02    3.20406e+03    7.06494e+04   -7.20641e+05    1.97683e+03
   COM Pull En.      Potential    Kinetic En.   Total Energy  Conserved En.
    1.39235e+00   -6.43518e+05    1.10992e+05   -5.32527e+05   -5.30792e+05
    Temperature Pressure (bar)   Constr. rmsd
    2.99623e+02    1.18182e+02    2.85374e-06

           Step           Time
          42000       84.00000

   Energies (kJ/mol)
           Bond            U-B    Proper Dih.  Improper Dih.      CMAP Dih.
    1.30875e+02    5.42826e+02    4.75781e+02    3.59078e+01    4.51646e+00
          LJ-14     Coulomb-14        LJ (SR)   Coulomb (SR)   Coul. recip.
    9.96855e+01    3.19486e+03    6.95352e+04   -7.18354e+05    2.04993e+03
   COM Pull En.      Potential    Kinetic En.   Total Energy  Conserved En.
    4.20276e-01   -6.42284e+05    1.10317e+05   -5.31966e+05   -5.30652e+05
    Temperature Pressure (bar)   Constr. rmsd
    2.97801e+02    2.84490e+01    4.39541e-06

           Step           Time
          42500       85.00000

   Energies (kJ/mol)
           Bond            U-B    Proper Dih.  Improper Dih.      CMAP Dih.
    1.62412e+02    6.25687e+02    4.53257e+02    3.24479e+01   -1.34010e+01
          LJ-14     Coulomb-14        LJ (SR)   Coulomb (SR)   Coul. recip.
    9.93121e+01    3.17508e+03    7.02635e+04   -7.18832e+05    2.03777e+03
   COM Pull En.      Potential    Kinetic En.   Total Energy  Conserved En.
    4.44626e-02   -6.41996e+05    1.10624e+05   -5.31372e+05   -5.30788e+05
    Temperature Pressure (bar)   Constr. rmsd
    2.98629e+02    1.31776e+02    2.36347e-06

           Step           Time
          43000       86.00000

   Energies (kJ/mol)
           Bond            U-B    Proper Dih.  Improper Dih.      CMAP Dih.
    1.21567e+02    5.58647e+02    4.25353e+02    2.07554e+01    1.28259e+01
          LJ-14     Coulomb-14        LJ (SR)   Coulomb (SR)   Coul. recip.
    8.97044e+01    3.26120e+03    6.94149e+04   -7.17680e+05    1.98043e+03
   COM Pull En.      Potential    Kinetic En.   Total Energy  Conserved En.
    7.70483e-01   -6.41794e+05    1.10826e+05   -5.30968e+05   -5.30772e+05
    Temperature Pressure (bar)   Constr. rmsd
    2.99175e+02    7.70716e+01    4.74386e-06

           Step           Time
          43500       87.00000

   Energies (kJ/mol)
           Bond            U-B    Proper Dih.  Improper Dih.      CMAP Dih.
    1.61899e+02    5.99382e+02    4.21237e+02    4.74463e+01    3.85200e+01
          LJ-14     Coulomb-14        LJ (SR)   Coulomb (SR)   Coul. recip.
    1.03805e+02    3.14307e+03    6.98756e+04   -7.19260e+05    2.07578e+03
   COM Pull En.      Potential    Kinetic En.   Total Energy  Conserved En.
    4.89442e-02   -6.42793e+05    1.10821e+05   -5.31972e+05   -5.30927e+05
    Temperature Pressure (bar)   Constr. rmsd
    2.99162e+02    2.78555e+01    4.02682e-06

           Step           Time
          44000       88.00000

   Energies (kJ/mol)
           Bond            U-B    Proper Dih.  Improper Dih.      CMAP Dih.
    2.15674e+02    5.73318e+02    4.27032e+02    2.50349e+01    1.57225e+01
          LJ-14     Coulomb-14        LJ (SR)   Coulomb (SR)   Coul. recip.
    9.08933e+01    3.15433e+03    7.04010e+04   -7.19653e+05    1.98690e+03
   COM Pull En.      Potential    Kinetic En.   Total Energy  Conserved En.
    4.91959e-04   -6.42763e+05    1.10646e+05   -5.32117e+05   -5.30815e+05
    Temperature Pressure (bar)   Constr. rmsd
    2.98690e+02    9.85130e+01    4.63872e-06

           Step           Time
          44500       89.00000

   Energies (kJ/mol)
           Bond            U-B    Proper Dih.  Improper Dih.      CMAP Dih.
    1.56839e+02    5.81708e+02    4.28364e+02    2.36388e+01    3.87892e+00
          LJ-14     Coulomb-14        LJ (SR)   Coulomb (SR)   Coul. recip.
    1.06491e+02    3.20923e+03    7.05011e+04   -7.20660e+05    2.03057e+03
   COM Pull En.      Potential    Kinetic En.   Total Energy  Conserved En.
    1.65672e+00   -6.43617e+05    1.09856e+05   -5.33761e+05   -5.30943e+05
    Temperature Pressure (bar)   Constr. rmsd
    2.96557e+02    6.46226e+01    2.79160e-06

           Step           Time
          45000       90.00000

   Energies (kJ/mol)
           Bond            U-B    Proper Dih.  Improper Dih.      CMAP Dih.
    1.71656e+02    5.45587e+02    4.36202e+02    3.12492e+01    6.55091e+01
          LJ-14     Coulomb-14        LJ (SR)   Coulomb (SR)   Coul. recip.
    9.23094e+01    3.18901e+03    6.99976e+04   -7.19902e+05    1.96135e+03
   COM Pull En.      Potential    Kinetic En.   Total Energy  Conserved En.
    4.73463e-01   -6.43411e+05    1.09884e+05   -5.33527e+05   -5.30745e+05
    Temperature Pressure (bar)   Constr. rmsd
    2.96633e+02    1.04061e+01    3.22009e-06

Writing checkpoint, step 45120 at Tue Jun 23 14:44:28 2026


           Step           Time
          45500       91.00000

   Energies (kJ/mol)
           Bond            U-B    Proper Dih.  Improper Dih.      CMAP Dih.
    2.04357e+02    5.28634e+02    4.10146e+02    3.30216e+01    4.58887e+01
          LJ-14     Coulomb-14        LJ (SR)   Coulomb (SR)   Coul. recip.
    8.70775e+01    3.17285e+03    6.90433e+04   -7.19022e+05    2.02501e+03
   COM Pull En.      Potential    Kinetic En.   Total Energy  Conserved En.
    8.80045e-01   -6.43471e+05    1.09650e+05   -5.33821e+05   -5.30767e+05
    Temperature Pressure (bar)   Constr. rmsd
    2.96001e+02   -9.20697e+01    2.73027e-06

           Step           Time
          46000       92.00000

   Energies (kJ/mol)
           Bond            U-B    Proper Dih.  Improper Dih.      CMAP Dih.
    1.69515e+02    5.23266e+02    4.61028e+02    2.33940e+01   -9.50386e+00
          LJ-14     Coulomb-14        LJ (SR)   Coulomb (SR)   Coul. recip.
    1.08547e+02    3.22320e+03    6.92955e+04   -7.18826e+05    1.99570e+03
   COM Pull En.      Potential    Kinetic En.   Total Energy  Conserved En.
    3.73892e+00   -6.43031e+05    1.10203e+05   -5.32828e+05   -5.30741e+05
    Temperature Pressure (bar)   Constr. rmsd
    2.97494e+02   -6.31645e+01    4.10284e-06

           Step           Time
          46500       93.00000

   Energies (kJ/mol)
           Bond            U-B    Proper Dih.  Improper Dih.      CMAP Dih.
    1.37892e+02    5.92446e+02    4.31182e+02    2.69332e+01    3.24650e+01
          LJ-14     Coulomb-14        LJ (SR)   Coulomb (SR)   Coul. recip.
    1.05429e+02    3.22539e+03    7.03037e+04   -7.19957e+05    1.93492e+03
   COM Pull En.      Potential    Kinetic En.   Total Energy  Conserved En.
    1.93652e+00   -6.43165e+05    1.11120e+05   -5.32045e+05   -5.30731e+05
    Temperature Pressure (bar)   Constr. rmsd
    2.99968e+02    8.61108e+01    2.54844e-06

           Step           Time
          47000       94.00000

   Energies (kJ/mol)
           Bond            U-B    Proper Dih.  Improper Dih.      CMAP Dih.
    1.67377e+02    5.42449e+02    4.36380e+02    2.64816e+01    7.41451e+00
          LJ-14     Coulomb-14        LJ (SR)   Coulomb (SR)   Coul. recip.
    9.94697e+01    3.18798e+03    6.90019e+04   -7.19308e+05    1.95482e+03
   COM Pull En.      Potential    Kinetic En.   Total Energy  Conserved En.
    6.30689e-02   -6.43884e+05    1.10660e+05   -5.33224e+05   -5.30811e+05
    Temperature Pressure (bar)   Constr. rmsd
    2.98728e+02   -1.41299e+02    2.96281e-06

           Step           Time
          47500       95.00000

   Energies (kJ/mol)
           Bond            U-B    Proper Dih.  Improper Dih.      CMAP Dih.
    1.24391e+02    6.54955e+02    4.10189e+02    2.39169e+01    6.28688e+00
          LJ-14     Coulomb-14        LJ (SR)   Coulomb (SR)   Coul. recip.
    9.83981e+01    3.20745e+03    6.93695e+04   -7.18051e+05    2.01696e+03
   COM Pull En.      Potential    Kinetic En.   Total Energy  Conserved En.
    8.75166e-01   -6.42138e+05    1.10029e+05   -5.32109e+05   -5.30707e+05
    Temperature Pressure (bar)   Constr. rmsd
    2.97025e+02    2.56369e+01    2.59894e-06

           Step           Time
          48000       96.00000

   Energies (kJ/mol)
           Bond            U-B    Proper Dih.  Improper Dih.      CMAP Dih.
    1.46012e+02    5.60849e+02    4.48020e+02    3.66260e+01   -2.04553e+01
          LJ-14     Coulomb-14        LJ (SR)   Coulomb (SR)   Coul. recip.
    9.43912e+01    3.25754e+03    6.97223e+04   -7.17829e+05    1.99719e+03
   COM Pull En.      Potential    Kinetic En.   Total Energy  Conserved En.
    4.43797e-03   -6.41586e+05    1.10072e+05   -5.31515e+05   -5.30740e+05
    Temperature Pressure (bar)   Constr. rmsd
    2.97139e+02    7.09014e+01    4.53830e-06

           Step           Time
          48500       97.00000

   Energies (kJ/mol)
           Bond            U-B    Proper Dih.  Improper Dih.      CMAP Dih.
    1.78076e+02    5.27455e+02    4.34168e+02    3.60555e+01    9.61248e+00
          LJ-14     Coulomb-14        LJ (SR)   Coulomb (SR)   Coul. recip.
    9.73425e+01    3.18177e+03    7.02978e+04   -7.18695e+05    1.99157e+03
   COM Pull En.      Potential    Kinetic En.   Total Energy  Conserved En.
    6.21779e-01   -6.41940e+05    1.10606e+05   -5.31334e+05   -5.30742e+05
    Temperature Pressure (bar)   Constr. rmsd
    2.98581e+02    1.19483e+02    2.67105e-06

           Step           Time
          49000       98.00000

   Energies (kJ/mol)
           Bond            U-B    Proper Dih.  Improper Dih.      CMAP Dih.
    1.42703e+02    5.54219e+02    4.27754e+02    2.85773e+01    4.67953e+01
          LJ-14     Coulomb-14        LJ (SR)   Coulomb (SR)   Coul. recip.
    1.09205e+02    3.24224e+03    6.88395e+04   -7.18142e+05    1.96210e+03
   COM Pull En.      Potential    Kinetic En.   Total Energy  Conserved En.
    1.13274e-03   -6.42788e+05    1.10184e+05   -5.32604e+05   -5.30872e+05
    Temperature Pressure (bar)   Constr. rmsd
    2.97443e+02   -1.22972e+02    2.71978e-06

           Step           Time
          49500       99.00000

   Energies (kJ/mol)
           Bond            U-B    Proper Dih.  Improper Dih.      CMAP Dih.
    1.65186e+02    5.76389e+02    4.07437e+02    1.98899e+01    3.49075e+01
          LJ-14     Coulomb-14        LJ (SR)   Coulomb (SR)   Coul. recip.
    9.57809e+01    3.21068e+03    6.83320e+04   -7.16859e+05    2.06059e+03
   COM Pull En.      Potential    Kinetic En.   Total Energy  Conserved En.
    1.85485e-02   -6.41956e+05    1.09751e+05   -5.32205e+05   -5.30900e+05
    Temperature Pressure (bar)   Constr. rmsd
    2.96274e+02   -1.53478e+02    2.76596e-06

           Step           Time
          50000      100.00000

   Energies (kJ/mol)
           Bond            U-B    Proper Dih.  Improper Dih.      CMAP Dih.
    1.19869e+02    5.72679e+02    4.36611e+02    2.23768e+01    5.06757e+01
          LJ-14     Coulomb-14        LJ (SR)   Coulomb (SR)   Coul. recip.
    1.05199e+02    3.24956e+03    7.09537e+04   -7.20124e+05    2.08752e+03
   COM Pull En.      Potential    Kinetic En.   Total Energy  Conserved En.
    9.75506e-01   -6.42525e+05    1.10146e+05   -5.32379e+05   -5.30939e+05
    Temperature Pressure (bar)   Constr. rmsd
    2.97338e+02    1.55898e+02    2.96263e-06

           Step           Time
          50500      101.00000

   Energies (kJ/mol)
           Bond            U-B    Proper Dih.  Improper Dih.      CMAP Dih.
    1.63937e+02    5.58176e+02    4.09168e+02    1.38348e+01    3.75668e+01
          LJ-14     Coulomb-14        LJ (SR)   Coulomb (SR)   Coul. recip.
    1.01208e+02    3.21106e+03    7.05581e+04   -7.19710e+05    2.01103e+03
   COM Pull En.      Potential    Kinetic En.   Total Energy  Conserved En.
    3.11548e-01   -6.42645e+05    1.10139e+05   -5.32507e+05   -5.30835e+05
    Temperature Pressure (bar)   Constr. rmsd
    2.97320e+02    8.98085e+01    4.53379e-06

           Step           Time
          51000      102.00000

   Energies (kJ/mol)
           Bond            U-B    Proper Dih.  Improper Dih.      CMAP Dih.
    1.71412e+02    5.11245e+02    4.40483e+02    2.66787e+01    1.16057e+00
          LJ-14     Coulomb-14        LJ (SR)   Coulomb (SR)   Coul. recip.
    1.11338e+02    3.22756e+03    6.87390e+04   -7.18102e+05    2.01439e+03
   COM Pull En.      Potential    Kinetic En.   Total Energy  Conserved En.
    2.12336e-02   -6.42859e+05    1.09820e+05   -5.33040e+05   -5.30839e+05
    Temperature Pressure (bar)   Constr. rmsd
    2.96458e+02   -1.62265e+02    2.49300e-06

           Step           Time
          51500      103.00000

   Energies (kJ/mol)
           Bond            U-B    Proper Dih.  Improper Dih.      CMAP Dih.
    1.42331e+02    4.96822e+02    4.38153e+02    2.13161e+01    5.36911e+01
          LJ-14     Coulomb-14        LJ (SR)   Coulomb (SR)   Coul. recip.
    1.10750e+02    3.22046e+03    6.99107e+04   -7.19732e+05    2.02790e+03
   COM Pull En.      Potential    Kinetic En.   Total Energy  Conserved En.
    8.94884e-03   -6.43310e+05    1.10136e+05   -5.33174e+05   -5.30791e+05
    Temperature Pressure (bar)   Constr. rmsd
    2.97312e+02    2.03078e+01    3.36646e-06

           Step           Time
          52000      104.00000

   Energies (kJ/mol)
           Bond            U-B    Proper Dih.  Improper Dih.      CMAP Dih.
    1.49056e+02    6.17044e+02    4.39543e+02    2.18595e+01    1.68053e+01
          LJ-14     Coulomb-14        LJ (SR)   Coulomb (SR)   Coul. recip.
    1.03598e+02    3.18078e+03    6.86440e+04   -7.18168e+05    1.99420e+03
   COM Pull En.      Potential    Kinetic En.   Total Energy  Conserved En.
    1.38707e-01   -6.43001e+05    1.09892e+05   -5.33109e+05   -5.30807e+05
    Temperature Pressure (bar)   Constr. rmsd
    2.96653e+02   -1.56752e+02    2.57488e-06

           Step           Time
          52500      105.00000

   Energies (kJ/mol)
           Bond            U-B    Proper Dih.  Improper Dih.      CMAP Dih.
    1.44249e+02    6.16590e+02    4.33558e+02    2.24288e+01   -6.98992e+00
          LJ-14     Coulomb-14        LJ (SR)   Coulomb (SR)   Coul. recip.
    1.11810e+02    3.18183e+03    7.02284e+04   -7.20591e+05    1.97024e+03
   COM Pull En.      Potential    Kinetic En.   Total Energy  Conserved En.
    1.32320e+00   -6.43887e+05    1.10365e+05   -5.33523e+05   -5.30925e+05
    Temperature Pressure (bar)   Constr. rmsd
    2.97930e+02   -4.31135e+00    4.34610e-06

           Step           Time
          53000      106.00000

   Energies (kJ/mol)
           Bond            U-B    Proper Dih.  Improper Dih.      CMAP Dih.
    1.22778e+02    5.99256e+02    4.28457e+02    2.76196e+01   -6.01485e+00
          LJ-14     Coulomb-14        LJ (SR)   Coulomb (SR)   Coul. recip.
    1.02398e+02    3.16318e+03    7.09998e+04   -7.21284e+05    1.95294e+03
   COM Pull En.      Potential    Kinetic En.   Total Energy  Conserved En.
    2.41579e-02   -6.43894e+05    1.10120e+05   -5.33773e+05   -5.30864e+05
    Temperature Pressure (bar)   Constr. rmsd
    2.97271e+02    1.47718e+02    3.24383e-06

           Step           Time
          53500      107.00000

   Energies (kJ/mol)
           Bond            U-B    Proper Dih.  Improper Dih.      CMAP Dih.
    1.70706e+02    4.68516e+02    4.41067e+02    2.64798e+01    1.99986e+01
          LJ-14     Coulomb-14        LJ (SR)   Coulomb (SR)   Coul. recip.
    1.13225e+02    3.25426e+03    7.01024e+04   -7.20132e+05    1.98383e+03
   COM Pull En.      Potential    Kinetic En.   Total Energy  Conserved En.
    1.53488e-02   -6.43552e+05    1.10431e+05   -5.33121e+05   -5.30891e+05
    Temperature Pressure (bar)   Constr. rmsd
    2.98108e+02    1.13176e+01    2.82687e-06

           Step           Time
          54000      108.00000

   Energies (kJ/mol)
           Bond            U-B    Proper Dih.  Improper Dih.      CMAP Dih.
    1.67229e+02    5.18591e+02    4.31155e+02    2.83649e+01    2.98210e+01
          LJ-14     Coulomb-14        LJ (SR)   Coulomb (SR)   Coul. recip.
    9.45143e+01    3.24525e+03    7.08120e+04   -7.20171e+05    2.05138e+03
   COM Pull En.      Potential    Kinetic En.   Total Energy  Conserved En.
    6.04592e-01   -6.42792e+05    1.10098e+05   -5.32694e+05   -5.30735e+05
    Temperature Pressure (bar)   Constr. rmsd
    2.97209e+02    1.46176e+02    2.83620e-06

Writing checkpoint, step 54160 at Tue Jun 23 14:59:32 2026


           Step           Time
          54500      109.00000

   Energies (kJ/mol)
           Bond            U-B    Proper Dih.  Improper Dih.      CMAP Dih.
    1.63546e+02    4.96418e+02    4.53480e+02    3.51998e+01    2.00724e+01
          LJ-14     Coulomb-14        LJ (SR)   Coulomb (SR)   Coul. recip.
    1.06981e+02    3.21669e+03    7.05238e+04   -7.20243e+05    2.03468e+03
   COM Pull En.      Potential    Kinetic En.   Total Energy  Conserved En.
    4.05149e-02   -6.43193e+05    1.10381e+05   -5.32812e+05   -5.30879e+05
    Temperature Pressure (bar)   Constr. rmsd
    2.97974e+02    1.23763e+02    3.39295e-06

           Step           Time
          55000      110.00000

   Energies (kJ/mol)
           Bond            U-B    Proper Dih.  Improper Dih.      CMAP Dih.
    1.63864e+02    5.37432e+02    4.26799e+02    1.52669e+01    4.73858e+01
          LJ-14     Coulomb-14        LJ (SR)   Coulomb (SR)   Coul. recip.
    9.25545e+01    3.19901e+03    6.98050e+04   -7.19131e+05    1.94898e+03
   COM Pull En.      Potential    Kinetic En.   Total Energy  Conserved En.
    9.36076e-03   -6.42895e+05    1.09853e+05   -5.33042e+05   -5.30851e+05
    Temperature Pressure (bar)   Constr. rmsd
    2.96549e+02    2.40409e+01    2.78077e-06

           Step           Time
          55500      111.00000

   Energies (kJ/mol)
           Bond            U-B    Proper Dih.  Improper Dih.      CMAP Dih.
    1.42561e+02    5.24286e+02    4.40109e+02    1.65424e+01    2.50387e+01
          LJ-14     Coulomb-14        LJ (SR)   Coulomb (SR)   Coul. recip.
    1.18469e+02    3.24659e+03    7.00828e+04   -7.19926e+05    2.02503e+03
   COM Pull En.      Potential    Kinetic En.   Total Energy  Conserved En.
    9.60990e-01   -6.43304e+05    1.10452e+05   -5.32852e+05   -5.30852e+05
    Temperature Pressure (bar)   Constr. rmsd
    2.98165e+02    5.48243e+01    3.47090e-06

           Step           Time
          56000      112.00000

   Energies (kJ/mol)
           Bond            U-B    Proper Dih.  Improper Dih.      CMAP Dih.
    1.45787e+02    5.32279e+02    4.66540e+02    1.86013e+01   -1.87840e+00
          LJ-14     Coulomb-14        LJ (SR)   Coulomb (SR)   Coul. recip.
    1.15329e+02    3.20977e+03    6.95650e+04   -7.18678e+05    1.95715e+03
   COM Pull En.      Potential    Kinetic En.   Total Energy  Conserved En.
    4.20889e-02   -6.42670e+05    1.10438e+05   -5.32232e+05   -5.30840e+05
    Temperature Pressure (bar)   Constr. rmsd
    2.98127e+02    1.10940e+01    3.04144e-06

           Step           Time
          56500      113.00000

   Energies (kJ/mol)
           Bond            U-B    Proper Dih.  Improper Dih.      CMAP Dih.
    1.38762e+02    5.55443e+02    4.63484e+02    4.64845e+01    2.92857e+01
          LJ-14     Coulomb-14        LJ (SR)   Coulomb (SR)   Coul. recip.
    1.15564e+02    3.23260e+03    6.96505e+04   -7.19004e+05    1.99082e+03
   COM Pull En.      Potential    Kinetic En.   Total Energy  Conserved En.
    1.06673e+00   -6.42780e+05    1.10373e+05   -5.32407e+05   -5.31067e+05
    Temperature Pressure (bar)   Constr. rmsd
    2.97952e+02   -7.76084e+00    2.32867e-06

           Step           Time
          57000      114.00000

   Energies (kJ/mol)
           Bond            U-B    Proper Dih.  Improper Dih.      CMAP Dih.
    1.40372e+02    6.18737e+02    4.06858e+02    2.02682e+01    1.19412e+01
          LJ-14     Coulomb-14        LJ (SR)   Coulomb (SR)   Coul. recip.
    9.66140e+01    3.18425e+03    7.01104e+04   -7.18684e+05    1.99000e+03
   COM Pull En.      Potential    Kinetic En.   Total Energy  Conserved En.
    7.05104e-02   -6.42105e+05    1.09811e+05   -5.32294e+05   -5.30925e+05
    Temperature Pressure (bar)   Constr. rmsd
    2.96435e+02    1.17380e+02    2.53153e-06

           Step           Time
          57500      115.00000

   Energies (kJ/mol)
           Bond            U-B    Proper Dih.  Improper Dih.      CMAP Dih.
    1.23388e+02    5.95702e+02    4.53578e+02    2.65795e+01   -1.65495e+01
          LJ-14     Coulomb-14        LJ (SR)   Coulomb (SR)   Coul. recip.
    1.17066e+02    3.15612e+03    7.01931e+04   -7.19119e+05    2.01442e+03
   COM Pull En.      Potential    Kinetic En.   Total Energy  Conserved En.
    2.85280e-03   -6.42456e+05    1.09454e+05   -5.33001e+05   -5.30864e+05
    Temperature Pressure (bar)   Constr. rmsd
    2.95473e+02    1.03455e+02    2.80236e-06

           Step           Time
          58000      116.00000

   Energies (kJ/mol)
           Bond            U-B    Proper Dih.  Improper Dih.      CMAP Dih.
    1.36857e+02    5.62847e+02    4.23077e+02    1.63168e+01    2.14549e+01
          LJ-14     Coulomb-14        LJ (SR)   Coulomb (SR)   Coul. recip.
    9.58278e+01    3.22713e+03    6.92447e+04   -7.19053e+05    1.94151e+03
   COM Pull En.      Potential    Kinetic En.   Total Energy  Conserved En.
    4.77973e-03   -6.43383e+05    1.09776e+05   -5.33607e+05   -5.30789e+05
    Temperature Pressure (bar)   Constr. rmsd
    2.96341e+02   -4.67380e+01    3.63010e-06

           Step           Time
          58500      117.00000

   Energies (kJ/mol)
           Bond            U-B    Proper Dih.  Improper Dih.      CMAP Dih.
    1.40931e+02    6.01809e+02    4.37219e+02    2.75589e+01    5.94316e+00
          LJ-14     Coulomb-14        LJ (SR)   Coulomb (SR)   Coul. recip.
    9.41239e+01    3.13546e+03    6.99256e+04   -7.19847e+05    1.98072e+03
   COM Pull En.      Potential    Kinetic En.   Total Energy  Conserved En.
    1.25557e+00   -6.43496e+05    1.10155e+05   -5.33341e+05   -5.30839e+05
    Temperature Pressure (bar)   Constr. rmsd
    2.97364e+02   -3.83192e+00    2.88776e-06

           Step           Time
          59000      118.00000

   Energies (kJ/mol)
           Bond            U-B    Proper Dih.  Improper Dih.      CMAP Dih.
    1.19700e+02    5.41768e+02    4.30628e+02    5.05962e+01    1.25226e+01
          LJ-14     Coulomb-14        LJ (SR)   Coulomb (SR)   Coul. recip.
    1.04032e+02    3.19668e+03    6.98401e+04   -7.19209e+05    2.09268e+03
   COM Pull En.      Potential    Kinetic En.   Total Energy  Conserved En.
    1.53387e+00   -6.42819e+05    1.09825e+05   -5.32994e+05   -5.30889e+05
    Temperature Pressure (bar)   Constr. rmsd
    2.96474e+02    5.51217e+00    2.91116e-06

           Step           Time
          59500      119.00000

   Energies (kJ/mol)
           Bond            U-B    Proper Dih.  Improper Dih.      CMAP Dih.
    1.45041e+02    6.04455e+02    4.34194e+02    2.51470e+01    2.60163e+01
          LJ-14     Coulomb-14        LJ (SR)   Coulomb (SR)   Coul. recip.
    1.13831e+02    3.20347e+03    6.99485e+04   -7.19424e+05    1.99264e+03
   COM Pull En.      Potential    Kinetic En.   Total Energy  Conserved En.
    5.68260e-01   -6.42930e+05    1.10633e+05   -5.32297e+05   -5.30906e+05
    Temperature Pressure (bar)   Constr. rmsd
    2.98654e+02    1.88906e+01    3.19285e-06

           Step           Time
          60000      120.00000

   Energies (kJ/mol)
           Bond            U-B    Proper Dih.  Improper Dih.      CMAP Dih.
    1.69319e+02    5.35299e+02    4.54115e+02    4.29591e+01    1.26473e+01
          LJ-14     Coulomb-14        LJ (SR)   Coulomb (SR)   Coul. recip.
    1.05794e+02    3.23324e+03    6.85155e+04   -7.17818e+05    1.97311e+03
   COM Pull En.      Potential    Kinetic En.   Total Energy  Conserved En.
    2.63972e-01   -6.42776e+05    1.10806e+05   -5.31971e+05   -5.30705e+05
    Temperature Pressure (bar)   Constr. rmsd
    2.99120e+02   -1.45256e+02    2.38515e-06

           Step           Time
          60500      121.00000

   Energies (kJ/mol)
           Bond            U-B    Proper Dih.  Improper Dih.      CMAP Dih.
    1.38568e+02    5.67189e+02    4.46989e+02    2.22097e+01    7.58830e+00
          LJ-14     Coulomb-14        LJ (SR)   Coulomb (SR)   Coul. recip.
    1.04272e+02    3.18734e+03    6.83740e+04   -7.17243e+05    2.00444e+03
   COM Pull En.      Potential    Kinetic En.   Total Energy  Conserved En.
    1.41209e-01   -6.42390e+05    1.10068e+05   -5.32322e+05   -5.30802e+05
    Temperature Pressure (bar)   Constr. rmsd
    2.97128e+02   -1.66503e+02    3.11137e-06

           Step           Time
          61000      122.00000

   Energies (kJ/mol)
           Bond            U-B    Proper Dih.  Improper Dih.      CMAP Dih.
    1.92458e+02    5.96505e+02    4.27435e+02    2.39794e+01   -3.90711e-01
          LJ-14     Coulomb-14        LJ (SR)   Coulomb (SR)   Coul. recip.
    1.00443e+02    3.20810e+03    6.93308e+04   -7.18707e+05    2.00742e+03
   COM Pull En.      Potential    Kinetic En.   Total Energy  Conserved En.
    6.80413e-02   -6.42820e+05    1.11098e+05   -5.31723e+05   -5.30770e+05
    Temperature Pressure (bar)   Constr. rmsd
    2.99909e+02    2.14343e+01    2.44227e-06

           Step           Time
          61500      123.00000

   Energies (kJ/mol)
           Bond            U-B    Proper Dih.  Improper Dih.      CMAP Dih.
    1.26148e+02    5.47247e+02    4.22568e+02    2.84148e+01    2.24628e+01
          LJ-14     Coulomb-14        LJ (SR)   Coulomb (SR)   Coul. recip.
    9.90093e+01    3.22929e+03    7.04099e+04   -7.20281e+05    2.00617e+03
   COM Pull En.      Potential    Kinetic En.   Total Energy  Conserved En.
    1.35814e+00   -6.43388e+05    1.10795e+05   -5.32594e+05   -5.30728e+05
    Temperature Pressure (bar)   Constr. rmsd
    2.99091e+02    1.66448e+02    5.32124e-06

           Step           Time
          62000      124.00000

   Energies (kJ/mol)
           Bond            U-B    Proper Dih.  Improper Dih.      CMAP Dih.
    1.41774e+02    5.77397e+02    4.46924e+02    2.68366e+01   -7.81177e+00
          LJ-14     Coulomb-14        LJ (SR)   Coulomb (SR)   Coul. recip.
    1.03270e+02    3.23018e+03    7.03998e+04   -7.19926e+05    2.02507e+03
   COM Pull En.      Potential    Kinetic En.   Total Energy  Conserved En.
    6.34120e-02   -6.42983e+05    1.11165e+05   -5.31818e+05   -5.30821e+05
    Temperature Pressure (bar)   Constr. rmsd
    3.00090e+02    1.17004e+02    2.90216e-06

           Step           Time
          62500      125.00000

   Energies (kJ/mol)
           Bond            U-B    Proper Dih.  Improper Dih.      CMAP Dih.
    1.68754e+02    6.57917e+02    4.70449e+02    2.61749e+01   -6.07229e+01
          LJ-14     Coulomb-14        LJ (SR)   Coulomb (SR)   Coul. recip.
    1.10385e+02    3.12365e+03    7.15584e+04   -7.20571e+05    2.06337e+03
   COM Pull En.      Potential    Kinetic En.   Total Energy  Conserved En.
    6.18046e-01   -6.42452e+05    1.10390e+05   -5.32062e+05   -5.31028e+05
    Temperature Pressure (bar)   Constr. rmsd
    2.97998e+02    2.58736e+02    2.96665e-06

           Step           Time
          63000      126.00000

   Energies (kJ/mol)
           Bond            U-B    Proper Dih.  Improper Dih.      CMAP Dih.
    1.55141e+02    5.49550e+02    4.32220e+02    2.21794e+01    1.43362e-01
          LJ-14     Coulomb-14        LJ (SR)   Coulomb (SR)   Coul. recip.
    1.12578e+02    3.20760e+03    6.85938e+04   -7.16983e+05    1.98990e+03
   COM Pull En.      Potential    Kinetic En.   Total Energy  Conserved En.
    2.29223e+00   -6.41918e+05    1.10017e+05   -5.31901e+05   -5.30922e+05
    Temperature Pressure (bar)   Constr. rmsd
    2.96991e+02   -1.50602e+02    3.67412e-06

Writing checkpoint, step 63120 at Tue Jun 23 15:14:27 2026


           Step           Time
          63500      127.00000

   Energies (kJ/mol)
           Bond            U-B    Proper Dih.  Improper Dih.      CMAP Dih.
    1.66825e+02    5.08194e+02    4.33042e+02    5.13304e+01    1.10594e+01
          LJ-14     Coulomb-14        LJ (SR)   Coulomb (SR)   Coul. recip.
    1.04128e+02    3.26613e+03    7.01825e+04   -7.18463e+05    2.05198e+03
   COM Pull En.      Potential    Kinetic En.   Total Energy  Conserved En.
    1.62793e-01   -6.41688e+05    1.09767e+05   -5.31921e+05   -5.31039e+05
    Temperature Pressure (bar)   Constr. rmsd
    2.96317e+02    5.58515e+01    3.01541e-06

           Step           Time
          64000      128.00000

   Energies (kJ/mol)
           Bond            U-B    Proper Dih.  Improper Dih.      CMAP Dih.
    1.83037e+02    5.94374e+02    4.56662e+02    2.77955e+01   -1.93218e+01
          LJ-14     Coulomb-14        LJ (SR)   Coulomb (SR)   Coul. recip.
    1.06588e+02    3.22716e+03    7.00894e+04   -7.19953e+05    2.00790e+03
   COM Pull En.      Potential    Kinetic En.   Total Energy  Conserved En.
    2.04251e-05   -6.43279e+05    1.11302e+05   -5.31978e+05   -5.31063e+05
    Temperature Pressure (bar)   Constr. rmsd
    3.00459e+02   -1.86617e+01    3.46408e-06

           Step           Time
          64500      129.00000

   Energies (kJ/mol)
           Bond            U-B    Proper Dih.  Improper Dih.      CMAP Dih.
    1.39441e+02    5.30815e+02    4.49695e+02    2.36017e+01    2.30387e+01
          LJ-14     Coulomb-14        LJ (SR)   Coulomb (SR)   Coul. recip.
    9.71608e+01    3.24270e+03    6.94828e+04   -7.19298e+05    1.96944e+03
   COM Pull En.      Potential    Kinetic En.   Total Energy  Conserved En.
    2.32472e+00   -6.43337e+05    1.09797e+05   -5.33540e+05   -5.30965e+05
    Temperature Pressure (bar)   Constr. rmsd
    2.96397e+02   -6.71013e+01    2.94560e-06

           Step           Time
          65000      130.00000

   Energies (kJ/mol)
           Bond            U-B    Proper Dih.  Improper Dih.      CMAP Dih.
    1.39262e+02    6.36285e+02    4.52267e+02    2.69979e+01    2.28659e+01
          LJ-14     Coulomb-14        LJ (SR)   Coulomb (SR)   Coul. recip.
    9.44859e+01    3.16732e+03    7.02286e+04   -7.21046e+05    1.97437e+03
   COM Pull En.      Potential    Kinetic En.   Total Energy  Conserved En.
    3.71128e-01   -6.44303e+05    1.12226e+05   -5.32077e+05   -5.31016e+05
    Temperature Pressure (bar)   Constr. rmsd
    3.02954e+02    1.91825e+01    3.65528e-06

           Step           Time
          65500      131.00000

   Energies (kJ/mol)
           Bond            U-B    Proper Dih.  Improper Dih.      CMAP Dih.
    1.44486e+02    6.11760e+02    4.43154e+02    1.51467e+01   -1.31273e+01
          LJ-14     Coulomb-14        LJ (SR)   Coulomb (SR)   Coul. recip.
    9.99374e+01    3.20711e+03    7.03964e+04   -7.19339e+05    1.99301e+03
   COM Pull En.      Potential    Kinetic En.   Total Energy  Conserved En.
    1.63663e+00   -6.42440e+05    1.10337e+05   -5.32103e+05   -5.31046e+05
    Temperature Pressure (bar)   Constr. rmsd
    2.97856e+02    4.34687e+01    3.20083e-06

           Step           Time
          66000      132.00000

   Energies (kJ/mol)
           Bond            U-B    Proper Dih.  Improper Dih.      CMAP Dih.
    1.33544e+02    5.63693e+02    4.62765e+02    3.14475e+01    2.72904e+00
          LJ-14     Coulomb-14        LJ (SR)   Coulomb (SR)   Coul. recip.
    1.03037e+02    3.17055e+03    6.96566e+04   -7.18740e+05    1.96543e+03
   COM Pull En.      Potential    Kinetic En.   Total Energy  Conserved En.
    3.16308e+00   -6.42647e+05    1.11532e+05   -5.31115e+05   -5.30849e+05
    Temperature Pressure (bar)   Constr. rmsd
    3.01082e+02   -1.81020e+01    2.47072e-06

           Step           Time
          66500      133.00000

   Energies (kJ/mol)
           Bond            U-B    Proper Dih.  Improper Dih.      CMAP Dih.
    1.53582e+02    5.18124e+02    4.66977e+02    3.53254e+01    4.50866e+01
          LJ-14     Coulomb-14        LJ (SR)   Coulomb (SR)   Coul. recip.
    1.05502e+02    3.24217e+03    6.95282e+04   -7.18126e+05    2.10858e+03
   COM Pull En.      Potential    Kinetic En.   Total Energy  Conserved En.
    6.95265e-03   -6.41922e+05    1.10820e+05   -5.31102e+05   -5.30767e+05
    Temperature Pressure (bar)   Constr. rmsd
    2.99159e+02    7.11936e+01    4.10682e-06

           Step           Time
          67000      134.00000

   Energies (kJ/mol)
           Bond            U-B    Proper Dih.  Improper Dih.      CMAP Dih.
    1.74304e+02    5.24502e+02    4.60988e+02    2.72540e+01    3.30811e+01
          LJ-14     Coulomb-14        LJ (SR)   Coulomb (SR)   Coul. recip.
    9.53778e+01    3.19025e+03    6.95752e+04   -7.18868e+05    1.98504e+03
   COM Pull En.      Potential    Kinetic En.   Total Energy  Conserved En.
    5.37451e-01   -6.42802e+05    1.11086e+05   -5.31716e+05   -5.30814e+05
    Temperature Pressure (bar)   Constr. rmsd
    2.99877e+02    3.65130e+00    3.15335e-06

           Step           Time
          67500      135.00000

   Energies (kJ/mol)
           Bond            U-B    Proper Dih.  Improper Dih.      CMAP Dih.
    1.69464e+02    5.61392e+02    4.54812e+02    3.51662e+01    5.69461e+00
          LJ-14     Coulomb-14        LJ (SR)   Coulomb (SR)   Coul. recip.
    1.01155e+02    3.24815e+03    7.20363e+04   -7.22275e+05    2.01434e+03
   COM Pull En.      Potential    Kinetic En.   Total Energy  Conserved En.
    9.56901e-03   -6.43648e+05    1.11078e+05   -5.32570e+05   -5.30749e+05
    Temperature Pressure (bar)   Constr. rmsd
    2.99856e+02    3.34107e+02    2.94556e-06

           Step           Time
          68000      136.00000

   Energies (kJ/mol)
           Bond            U-B    Proper Dih.  Improper Dih.      CMAP Dih.
    1.72517e+02    6.04732e+02    4.64842e+02    3.41212e+01   -1.97527e+01
          LJ-14     Coulomb-14        LJ (SR)   Coulomb (SR)   Coul. recip.
    1.10357e+02    3.24689e+03    6.95076e+04   -7.18805e+05    1.99068e+03
   COM Pull En.      Potential    Kinetic En.   Total Energy  Conserved En.
    1.38839e-01   -6.42693e+05    1.10909e+05   -5.31783e+05   -5.30849e+05
    Temperature Pressure (bar)   Constr. rmsd
    2.99400e+02    2.44368e+01    3.59783e-06

           Step           Time
          68500      137.00000

   Energies (kJ/mol)
           Bond            U-B    Proper Dih.  Improper Dih.      CMAP Dih.
    1.45254e+02    6.20515e+02    4.39170e+02    1.83613e+01   -1.61073e+01
          LJ-14     Coulomb-14        LJ (SR)   Coulomb (SR)   Coul. recip.
    9.84848e+01    3.16663e+03    6.96903e+04   -7.17509e+05    2.07372e+03
   COM Pull En.      Potential    Kinetic En.   Total Energy  Conserved En.
    1.62286e-02   -6.41273e+05    1.09991e+05   -5.31281e+05   -5.30929e+05
    Temperature Pressure (bar)   Constr. rmsd
    2.96922e+02    3.83854e+01    3.60637e-06

           Step           Time
          69000      138.00000

   Energies (kJ/mol)
           Bond            U-B    Proper Dih.  Improper Dih.      CMAP Dih.
    1.45489e+02    6.17011e+02    4.26047e+02    2.81918e+01    1.20547e+01
          LJ-14     Coulomb-14        LJ (SR)   Coulomb (SR)   Coul. recip.
    1.07911e+02    3.20599e+03    6.91142e+04   -7.17663e+05    2.00552e+03
   COM Pull En.      Potential    Kinetic En.   Total Energy  Conserved En.
    6.50399e-02   -6.42001e+05    1.10760e+05   -5.31241e+05   -5.30936e+05
    Temperature Pressure (bar)   Constr. rmsd
    2.98996e+02   -3.54052e+01    3.25982e-06

           Step           Time
          69500      139.00000

   Energies (kJ/mol)
           Bond            U-B    Proper Dih.  Improper Dih.      CMAP Dih.
    1.59457e+02    5.80522e+02    4.25006e+02    2.47894e+01    2.41728e+01
          LJ-14     Coulomb-14        LJ (SR)   Coulomb (SR)   Coul. recip.
    1.11757e+02    3.23802e+03    7.02691e+04   -7.20684e+05    1.98707e+03
   COM Pull En.      Potential    Kinetic En.   Total Energy  Conserved En.
    2.79617e-02   -6.43864e+05    1.11804e+05   -5.32059e+05   -5.30828e+05
    Temperature Pressure (bar)   Constr. rmsd
    3.01816e+02    2.89115e+01    2.68177e-06

           Step           Time
          70000      140.00000

   Energies (kJ/mol)
           Bond            U-B    Proper Dih.  Improper Dih.      CMAP Dih.
    1.47878e+02    5.24234e+02    4.63984e+02    3.64164e+01   -1.68037e+00
          LJ-14     Coulomb-14        LJ (SR)   Coulomb (SR)   Coul. recip.
    1.27341e+02    3.25199e+03    6.99847e+04   -7.19538e+05    2.03403e+03
   COM Pull En.      Potential    Kinetic En.   Total Energy  Conserved En.
    6.35544e-01   -6.42968e+05    1.10636e+05   -5.32332e+05   -5.30938e+05
    Temperature Pressure (bar)   Constr. rmsd
    2.98662e+02    5.67331e+01    2.62834e-06

           Step           Time
          70500      141.00000

   Energies (kJ/mol)
           Bond            U-B    Proper Dih.  Improper Dih.      CMAP Dih.
    1.49650e+02    5.53261e+02    4.54443e+02    2.41781e+01    3.04070e+01
          LJ-14     Coulomb-14        LJ (SR)   Coulomb (SR)   Coul. recip.
    1.20350e+02    3.23129e+03    6.96543e+04   -7.18621e+05    2.00995e+03
   COM Pull En.      Potential    Kinetic En.   Total Energy  Conserved En.
    9.70045e-02   -6.42393e+05    1.10734e+05   -5.31660e+05   -5.30815e+05
    Temperature Pressure (bar)   Constr. rmsd
    2.98927e+02    5.29772e+01    2.79320e-06

           Step           Time
          71000      142.00000

   Energies (kJ/mol)
           Bond            U-B    Proper Dih.  Improper Dih.      CMAP Dih.
    1.51226e+02    5.46123e+02    4.48688e+02    2.26555e+01    9.87406e+00
          LJ-14     Coulomb-14        LJ (SR)   Coulomb (SR)   Coul. recip.
    9.94668e+01    3.22455e+03    6.84109e+04   -7.16349e+05    2.08312e+03
   COM Pull En.      Potential    Kinetic En.   Total Energy  Conserved En.
    7.15925e-02   -6.41352e+05    1.10513e+05   -5.30839e+05   -5.30764e+05
    Temperature Pressure (bar)   Constr. rmsd
    2.98331e+02   -7.94438e+01    3.93996e-06

           Step           Time
          71500      143.00000

   Energies (kJ/mol)
           Bond            U-B    Proper Dih.  Improper Dih.      CMAP Dih.
    1.47171e+02    5.87338e+02    4.61140e+02    2.61784e+01   -4.62752e+00
          LJ-14     Coulomb-14        LJ (SR)   Coulomb (SR)   Coul. recip.
    1.22110e+02    3.20235e+03    6.90934e+04   -7.18479e+05    2.03053e+03
   COM Pull En.      Potential    Kinetic En.   Total Energy  Conserved En.
    1.44678e-02   -6.42813e+05    1.10582e+05   -5.32231e+05   -5.30887e+05
    Temperature Pressure (bar)   Constr. rmsd
    2.98518e+02   -7.14662e+01    3.22778e-06

           Step           Time
          72000      144.00000

   Energies (kJ/mol)
           Bond            U-B    Proper Dih.  Improper Dih.      CMAP Dih.
    1.79860e+02    6.04982e+02    4.38820e+02    2.08209e+01    4.42030e+01
          LJ-14     Coulomb-14        LJ (SR)   Coulomb (SR)   Coul. recip.
    1.09734e+02    3.20495e+03    6.83358e+04   -7.17109e+05    2.01149e+03
   COM Pull En.      Potential    Kinetic En.   Total Energy  Conserved En.
    2.63307e-01   -6.42158e+05    1.09852e+05   -5.32306e+05   -5.30808e+05
    Temperature Pressure (bar)   Constr. rmsd
    2.96547e+02   -1.52410e+02    3.92105e-06

Writing checkpoint, step 72160 at Tue Jun 23 15:29:33 2026


           Step           Time
          72500      145.00000

   Energies (kJ/mol)
           Bond            U-B    Proper Dih.  Improper Dih.      CMAP Dih.
    1.50346e+02    6.09643e+02    4.12432e+02    1.91528e+01    5.45628e+01
          LJ-14     Coulomb-14        LJ (SR)   Coulomb (SR)   Coul. recip.
    1.05307e+02    3.19285e+03    7.07496e+04   -7.19617e+05    2.04402e+03
   COM Pull En.      Potential    Kinetic En.   Total Energy  Conserved En.
    1.40414e-01   -6.42279e+05    1.09733e+05   -5.32547e+05   -5.30812e+05
    Temperature Pressure (bar)   Constr. rmsd
    2.96223e+02    1.86993e+02    2.55483e-06

           Step           Time
          73000      146.00000

   Energies (kJ/mol)
           Bond            U-B    Proper Dih.  Improper Dih.      CMAP Dih.
    1.48053e+02    5.25612e+02    4.44146e+02    2.10458e+01    5.49423e+01
          LJ-14     Coulomb-14        LJ (SR)   Coulomb (SR)   Coul. recip.
    1.09013e+02    3.22519e+03    7.04443e+04   -7.20903e+05    1.98330e+03
   COM Pull En.      Potential    Kinetic En.   Total Energy  Conserved En.
    5.88168e-01   -6.43947e+05    1.10630e+05   -5.33317e+05   -5.31101e+05
    Temperature Pressure (bar)   Constr. rmsd
    2.98647e+02    1.54360e+01    2.73483e-06

           Step           Time
          73500      147.00000

   Energies (kJ/mol)
           Bond            U-B    Proper Dih.  Improper Dih.      CMAP Dih.
    1.56443e+02    5.28058e+02    4.25942e+02    2.65563e+01    3.38702e+01
          LJ-14     Coulomb-14        LJ (SR)   Coulomb (SR)   Coul. recip.
    1.01099e+02    3.22848e+03    7.02087e+04   -7.19691e+05    2.00256e+03
   COM Pull En.      Potential    Kinetic En.   Total Energy  Conserved En.
    3.83694e-01   -6.42979e+05    1.10079e+05   -5.32899e+05   -5.31221e+05
    Temperature Pressure (bar)   Constr. rmsd
    2.97159e+02   -3.26747e+00    2.66944e-06

           Step           Time
          74000      148.00000

   Energies (kJ/mol)
           Bond            U-B    Proper Dih.  Improper Dih.      CMAP Dih.
    1.68818e+02    5.55575e+02    4.43229e+02    3.01444e+01    2.40419e+00
          LJ-14     Coulomb-14        LJ (SR)   Coulomb (SR)   Coul. recip.
    8.74522e+01    3.19075e+03    6.95764e+04   -7.18711e+05    2.02786e+03
   COM Pull En.      Potential    Kinetic En.   Total Energy  Conserved En.
    1.75834e-01   -6.42629e+05    1.10195e+05   -5.32434e+05   -5.31308e+05
    Temperature Pressure (bar)   Constr. rmsd
    2.97471e+02   -8.38398e+01    3.97775e-06

           Step           Time
          74500      149.00000

   Energies (kJ/mol)
           Bond            U-B    Proper Dih.  Improper Dih.      CMAP Dih.
    1.40735e+02    5.71721e+02    4.39081e+02    2.34586e+01    1.31679e+00
          LJ-14     Coulomb-14        LJ (SR)   Coulomb (SR)   Coul. recip.
    1.16819e+02    3.21812e+03    7.01889e+04   -7.18520e+05    2.01716e+03
   COM Pull En.      Potential    Kinetic En.   Total Energy  Conserved En.
    4.11958e-01   -6.41802e+05    1.09477e+05   -5.32326e+05   -5.31297e+05
    Temperature Pressure (bar)   Constr. rmsd
    2.95533e+02    2.38649e+01    2.56975e-06

           Step           Time
          75000      150.00000

   Energies (kJ/mol)
           Bond            U-B    Proper Dih.  Improper Dih.      CMAP Dih.
    1.68696e+02    5.67668e+02    4.40764e+02    2.62719e+01    2.26593e+01
          LJ-14     Coulomb-14        LJ (SR)   Coulomb (SR)   Coul. recip.
    1.02528e+02    3.21321e+03    6.99812e+04   -7.19817e+05    2.00182e+03
   COM Pull En.      Potential    Kinetic En.   Total Energy  Conserved En.
    2.43750e-01   -6.43292e+05    1.10762e+05   -5.32530e+05   -5.31241e+05
    Temperature Pressure (bar)   Constr. rmsd
    2.99002e+02   -7.50839e+01    3.06010e-06

           Step           Time
          75500      151.00000

   Energies (kJ/mol)
           Bond            U-B    Proper Dih.  Improper Dih.      CMAP Dih.
    1.40075e+02    5.82171e+02    4.24842e+02    3.89426e+01    4.29629e+01
          LJ-14     Coulomb-14        LJ (SR)   Coulomb (SR)   Coul. recip.
    1.02483e+02    3.24480e+03    6.91212e+04   -7.18007e+05    2.10038e+03
   COM Pull En.      Potential    Kinetic En.   Total Energy  Conserved En.
    1.40319e+00   -6.42208e+05    1.09986e+05   -5.32222e+05   -5.31217e+05
    Temperature Pressure (bar)   Constr. rmsd
    2.96908e+02   -1.15814e+02    2.53687e-06

           Step           Time
          76000      152.00000

   Energies (kJ/mol)
           Bond            U-B    Proper Dih.  Improper Dih.      CMAP Dih.
    1.95042e+02    5.86129e+02    4.23454e+02    2.32339e+01    5.05041e+00
          LJ-14     Coulomb-14        LJ (SR)   Coulomb (SR)   Coul. recip.
    1.23587e+02    3.22113e+03    6.88284e+04   -7.17945e+05    2.07172e+03
   COM Pull En.      Potential    Kinetic En.   Total Energy  Conserved En.
    7.59222e+00   -6.42460e+05    1.11124e+05   -5.31336e+05   -5.31124e+05
    Temperature Pressure (bar)   Constr. rmsd
    2.99978e+02   -1.22374e+02    2.48079e-06

           Step           Time
          76500      153.00000

   Energies (kJ/mol)
           Bond            U-B    Proper Dih.  Improper Dih.      CMAP Dih.
    1.75450e+02    5.69085e+02    4.71533e+02    2.67272e+01   -1.39534e+00
          LJ-14     Coulomb-14        LJ (SR)   Coulomb (SR)   Coul. recip.
    1.08307e+02    3.22288e+03    6.97505e+04   -7.18771e+05    2.06415e+03
   COM Pull En.      Potential    Kinetic En.   Total Energy  Conserved En.
    8.13086e-01   -6.42383e+05    1.11262e+05   -5.31121e+05   -5.30955e+05
    Temperature Pressure (bar)   Constr. rmsd
    3.00352e+02    5.47211e+01    3.10961e-06

           Step           Time
          77000      154.00000

   Energies (kJ/mol)
           Bond            U-B    Proper Dih.  Improper Dih.      CMAP Dih.
    1.77182e+02    5.06990e+02    4.75466e+02    2.56773e+01   -1.63975e+00
          LJ-14     Coulomb-14        LJ (SR)   Coulomb (SR)   Coul. recip.
    1.26610e+02    3.23226e+03    6.88023e+04   -7.17991e+05    2.00515e+03
   COM Pull En.      Potential    Kinetic En.   Total Energy  Conserved En.
    7.15753e-01   -6.42640e+05    1.10452e+05   -5.32188e+05   -5.30988e+05
    Temperature Pressure (bar)   Constr. rmsd
    2.98167e+02   -9.32232e+01    2.68314e-06

           Step           Time
          77500      155.00000

   Energies (kJ/mol)
           Bond            U-B    Proper Dih.  Improper Dih.      CMAP Dih.
    1.61381e+02    5.48805e+02    4.71673e+02    2.24619e+01    7.58715e+00
          LJ-14     Coulomb-14        LJ (SR)   Coulomb (SR)   Coul. recip.
    1.23111e+02    3.22396e+03    6.89266e+04   -7.17112e+05    2.01398e+03
   COM Pull En.      Potential    Kinetic En.   Total Energy  Conserved En.
    7.97235e-01   -6.41612e+05    1.10486e+05   -5.31126e+05   -5.31022e+05
    Temperature Pressure (bar)   Constr. rmsd
    2.98257e+02   -4.49492e+01    3.19828e-06

           Step           Time
          78000      156.00000

   Energies (kJ/mol)
           Bond            U-B    Proper Dih.  Improper Dih.      CMAP Dih.
    1.52604e+02    6.13885e+02    4.41593e+02    3.02616e+01   -1.53097e+01
          LJ-14     Coulomb-14        LJ (SR)   Coulomb (SR)   Coul. recip.
    1.13165e+02    3.19844e+03    6.90626e+04   -7.18034e+05    1.98764e+03
   COM Pull En.      Potential    Kinetic En.   Total Energy  Conserved En.
    4.78467e+00   -6.42444e+05    1.10408e+05   -5.32037e+05   -5.31031e+05
    Temperature Pressure (bar)   Constr. rmsd
    2.98046e+02   -5.97052e+01    3.19611e-06

           Step           Time
          78500      157.00000

   Energies (kJ/mol)
           Bond            U-B    Proper Dih.  Improper Dih.      CMAP Dih.
    1.73235e+02    5.18020e+02    4.70342e+02    3.58077e+01   -1.96825e+01
          LJ-14     Coulomb-14        LJ (SR)   Coulomb (SR)   Coul. recip.
    1.26101e+02    3.22338e+03    6.97096e+04   -7.18720e+05    2.06261e+03
   COM Pull En.      Potential    Kinetic En.   Total Energy  Conserved En.
    3.81949e+00   -6.42417e+05    1.10517e+05   -5.31901e+05   -5.30955e+05
    Temperature Pressure (bar)   Constr. rmsd
    2.98340e+02    1.86098e+01    2.97966e-06

           Step           Time
          79000      158.00000

   Energies (kJ/mol)
           Bond            U-B    Proper Dih.  Improper Dih.      CMAP Dih.
    1.75966e+02    6.12326e+02    4.44542e+02    2.50981e+01   -8.47747e+00
          LJ-14     Coulomb-14        LJ (SR)   Coulomb (SR)   Coul. recip.
    1.02228e+02    3.17947e+03    6.91869e+04   -7.18094e+05    2.04958e+03
   COM Pull En.      Potential    Kinetic En.   Total Energy  Conserved En.
    2.83721e-01   -6.42326e+05    1.11213e+05   -5.31112e+05   -5.30900e+05
    Temperature Pressure (bar)   Constr. rmsd
    3.00221e+02   -4.20418e+01    3.63176e-06

           Step           Time
          79500      159.00000

   Energies (kJ/mol)
           Bond            U-B    Proper Dih.  Improper Dih.      CMAP Dih.
    1.69388e+02    5.65355e+02    4.30243e+02    2.68354e+01    1.04051e+01
          LJ-14     Coulomb-14        LJ (SR)   Coulomb (SR)   Coul. recip.
    1.27499e+02    3.16732e+03    6.99056e+04   -7.18428e+05    2.00936e+03
   COM Pull En.      Potential    Kinetic En.   Total Energy  Conserved En.
    1.51768e+00   -6.42014e+05    1.11166e+05   -5.30849e+05   -5.30911e+05
    Temperature Pressure (bar)   Constr. rmsd
    3.00093e+02    1.00092e+02    3.55107e-06

           Step           Time
          80000      160.00000

   Energies (kJ/mol)
           Bond            U-B    Proper Dih.  Improper Dih.      CMAP Dih.
    1.38080e+02    5.85974e+02    4.31596e+02    3.72981e+01   -5.47711e+00
          LJ-14     Coulomb-14        LJ (SR)   Coulomb (SR)   Coul. recip.
    1.13906e+02    3.18853e+03    6.82531e+04   -7.16192e+05    2.08227e+03
   COM Pull En.      Potential    Kinetic En.   Total Energy  Conserved En.
    1.63126e-01   -6.41367e+05    1.10822e+05   -5.30545e+05   -5.30876e+05
    Temperature Pressure (bar)   Constr. rmsd
    2.99164e+02   -1.33446e+02    3.01707e-06

           Step           Time
          80500      161.00000

   Energies (kJ/mol)
           Bond            U-B    Proper Dih.  Improper Dih.      CMAP Dih.
    1.55868e+02    5.50884e+02    4.40892e+02    3.10097e+01    3.15367e+00
          LJ-14     Coulomb-14        LJ (SR)   Coulomb (SR)   Coul. recip.
    1.20258e+02    3.24978e+03    6.86457e+04   -7.17393e+05    2.01675e+03
   COM Pull En.      Potential    Kinetic En.   Total Energy  Conserved En.
    2.17309e-01   -6.42178e+05    1.10963e+05   -5.31216e+05   -5.30935e+05
    Temperature Pressure (bar)   Constr. rmsd
    2.99544e+02   -7.60362e+01    5.52903e-06

           Step           Time
          81000      162.00000

   Energies (kJ/mol)
           Bond            U-B    Proper Dih.  Improper Dih.      CMAP Dih.
    1.72090e+02    5.58040e+02    4.57124e+02    4.06873e+01    3.60231e+01
          LJ-14     Coulomb-14        LJ (SR)   Coulomb (SR)   Coul. recip.
    1.25259e+02    3.25602e+03    6.99297e+04   -7.18736e+05    1.98597e+03
   COM Pull En.      Potential    Kinetic En.   Total Energy  Conserved En.
    2.89622e-01   -6.42174e+05    1.11375e+05   -5.30799e+05   -5.30867e+05
    Temperature Pressure (bar)   Constr. rmsd
    3.00659e+02    8.37910e+01    3.08423e-06

Writing checkpoint, step 81040 at Tue Jun 23 15:44:36 2026


           Step           Time
          81500      163.00000

   Energies (kJ/mol)
           Bond            U-B    Proper Dih.  Improper Dih.      CMAP Dih.
    1.68431e+02    5.79990e+02    4.66759e+02    2.88559e+01    2.81971e+00
          LJ-14     Coulomb-14        LJ (SR)   Coulomb (SR)   Coul. recip.
    1.09659e+02    3.20325e+03    6.91755e+04   -7.17511e+05    2.01367e+03
   COM Pull En.      Potential    Kinetic En.   Total Energy  Conserved En.
    2.26927e-01   -6.41762e+05    1.10216e+05   -5.31546e+05   -5.30929e+05
    Temperature Pressure (bar)   Constr. rmsd
    2.97529e+02   -4.63375e+01    4.31426e-06

           Step           Time
          82000      164.00000

   Energies (kJ/mol)
           Bond            U-B    Proper Dih.  Improper Dih.      CMAP Dih.
    1.56423e+02    5.58161e+02    4.47659e+02    3.67208e+01    1.79771e+01
          LJ-14     Coulomb-14        LJ (SR)   Coulomb (SR)   Coul. recip.
    1.06427e+02    3.17965e+03    6.89131e+04   -7.17705e+05    2.01281e+03
   COM Pull En.      Potential    Kinetic En.   Total Energy  Conserved En.
    3.66285e-02   -6.42276e+05    1.11529e+05   -5.30748e+05   -5.30829e+05
    Temperature Pressure (bar)   Constr. rmsd
    3.01072e+02   -3.34699e+01    2.34123e-06

           Step           Time
          82500      165.00000

   Energies (kJ/mol)
           Bond            U-B    Proper Dih.  Improper Dih.      CMAP Dih.
    1.80108e+02    5.40451e+02    4.51673e+02    5.37940e+01    2.41847e+01
          LJ-14     Coulomb-14        LJ (SR)   Coulomb (SR)   Coul. recip.
    9.91393e+01    3.21914e+03    7.03842e+04   -7.19450e+05    1.97873e+03
   COM Pull En.      Potential    Kinetic En.   Total Energy  Conserved En.
    6.65322e-01   -6.42517e+05    1.11356e+05   -5.31161e+05   -5.30705e+05
    Temperature Pressure (bar)   Constr. rmsd
    3.00606e+02    1.87673e+02    2.82551e-06

           Step           Time
          83000      166.00000

   Energies (kJ/mol)
           Bond            U-B    Proper Dih.  Improper Dih.      CMAP Dih.
    1.90942e+02    5.52079e+02    4.63908e+02    3.78972e+01    8.41744e+00
          LJ-14     Coulomb-14        LJ (SR)   Coulomb (SR)   Coul. recip.
    1.13529e+02    3.25583e+03    6.96999e+04   -7.17772e+05    2.01688e+03
   COM Pull En.      Potential    Kinetic En.   Total Energy  Conserved En.
    1.86654e+00   -6.41430e+05    1.10426e+05   -5.31005e+05   -5.30781e+05
    Temperature Pressure (bar)   Constr. rmsd
    2.98094e+02    9.51489e+01    3.23171e-06

           Step           Time
          83500      167.00000

   Energies (kJ/mol)
           Bond            U-B    Proper Dih.  Improper Dih.      CMAP Dih.
    2.07292e+02    5.60780e+02    4.67267e+02    2.86729e+01    9.58405e-02
          LJ-14     Coulomb-14        LJ (SR)   Coulomb (SR)   Coul. recip.
    1.03929e+02    3.19301e+03    7.03561e+04   -7.19651e+05    2.05906e+03
   COM Pull En.      Potential    Kinetic En.   Total Energy  Conserved En.
    3.01305e-02   -6.42674e+05    1.11128e+05   -5.31547e+05   -5.30942e+05
    Temperature Pressure (bar)   Constr. rmsd
    2.99990e+02    9.54375e+01    3.92092e-06

           Step           Time
          84000      168.00000

   Energies (kJ/mol)
           Bond            U-B    Proper Dih.  Improper Dih.      CMAP Dih.
    1.77131e+02    5.60791e+02    4.49522e+02    2.75436e+01    5.88451e+00
          LJ-14     Coulomb-14        LJ (SR)   Coulomb (SR)   Coul. recip.
    1.03149e+02    3.21331e+03    7.02042e+04   -7.18238e+05    2.02225e+03
   COM Pull En.      Potential    Kinetic En.   Total Energy  Conserved En.
    3.09868e-01   -6.41474e+05    1.10362e+05   -5.31112e+05   -5.30864e+05
    Temperature Pressure (bar)   Constr. rmsd
    2.97923e+02    1.80575e+02    2.43467e-06

           Step           Time
          84500      169.00000

   Energies (kJ/mol)
           Bond            U-B    Proper Dih.  Improper Dih.      CMAP Dih.
    1.49347e+02    5.76785e+02    4.35778e+02    2.96495e+01   -1.90389e+01
          LJ-14     Coulomb-14        LJ (SR)   Coulomb (SR)   Coul. recip.
    1.18777e+02    3.22702e+03    7.04238e+04   -7.19111e+05    1.98797e+03
   COM Pull En.      Potential    Kinetic En.   Total Energy  Conserved En.
    1.54247e-01   -6.42181e+05    1.10094e+05   -5.32087e+05   -5.30887e+05
    Temperature Pressure (bar)   Constr. rmsd
    2.97199e+02    1.91259e+02    2.98936e-06

           Step           Time
          85000      170.00000

   Energies (kJ/mol)
           Bond            U-B    Proper Dih.  Improper Dih.      CMAP Dih.
    1.63959e+02    5.59200e+02    4.54575e+02    3.24186e+01   -1.13826e+00
          LJ-14     Coulomb-14        LJ (SR)   Coulomb (SR)   Coul. recip.
    1.10706e+02    3.20422e+03    7.05816e+04   -7.20314e+05    2.02708e+03
   COM Pull En.      Potential    Kinetic En.   Total Energy  Conserved En.
    4.25810e-02   -6.43181e+05    1.11865e+05   -5.31317e+05   -5.30893e+05
    Temperature Pressure (bar)   Constr. rmsd
    3.01979e+02    1.45343e+02    3.23218e-06

           Step           Time
          85500      171.00000

   Energies (kJ/mol)
           Bond            U-B    Proper Dih.  Improper Dih.      CMAP Dih.
    1.56510e+02    6.28639e+02    4.48168e+02    2.39066e+01    6.43781e+00
          LJ-14     Coulomb-14        LJ (SR)   Coulomb (SR)   Coul. recip.
    9.81271e+01    3.15355e+03    6.91692e+04   -7.18144e+05    2.00722e+03
   COM Pull En.      Potential    Kinetic En.   Total Energy  Conserved En.
    1.68733e-03   -6.42452e+05    1.10841e+05   -5.31611e+05   -5.30946e+05
    Temperature Pressure (bar)   Constr. rmsd
    2.99216e+02   -5.68076e+01    2.93977e-06

           Step           Time
          86000      172.00000

   Energies (kJ/mol)
           Bond            U-B    Proper Dih.  Improper Dih.      CMAP Dih.
    1.43839e+02    5.71619e+02    4.37580e+02    2.07302e+01    1.09045e+01
          LJ-14     Coulomb-14        LJ (SR)   Coulomb (SR)   Coul. recip.
    1.11013e+02    3.16872e+03    6.95097e+04   -7.18177e+05    1.98989e+03
   COM Pull En.      Potential    Kinetic En.   Total Energy  Conserved En.
    1.66046e+00   -6.42212e+05    1.09834e+05   -5.32377e+05   -5.30985e+05
    Temperature Pressure (bar)   Constr. rmsd
    2.96499e+02   -5.92548e+00    3.30584e-06

           Step           Time
          86500      173.00000

   Energies (kJ/mol)
           Bond            U-B    Proper Dih.  Improper Dih.      CMAP Dih.
    1.26179e+02    5.22683e+02    4.25800e+02    2.88621e+01    3.15119e+01
          LJ-14     Coulomb-14        LJ (SR)   Coulomb (SR)   Coul. recip.
    1.11007e+02    3.20769e+03    7.00352e+04   -7.20092e+05    1.95473e+03
   COM Pull En.      Potential    Kinetic En.   Total Energy  Conserved En.
    3.79844e-02   -6.43648e+05    1.09925e+05   -5.33722e+05   -5.31061e+05
    Temperature Pressure (bar)   Constr. rmsd
    2.96744e+02    7.08151e+00    2.55932e-06

           Step           Time
          87000      174.00000

   Energies (kJ/mol)
           Bond            U-B    Proper Dih.  Improper Dih.      CMAP Dih.
    1.58327e+02    5.18792e+02    4.20499e+02    3.15049e+01    1.08972e+01
          LJ-14     Coulomb-14        LJ (SR)   Coulomb (SR)   Coul. recip.
    1.06989e+02    3.21478e+03    7.03178e+04   -7.19811e+05    1.94147e+03
   COM Pull En.      Potential    Kinetic En.   Total Energy  Conserved En.
    3.78692e-03   -6.43090e+05    1.09873e+05   -5.33217e+05   -5.31090e+05
    Temperature Pressure (bar)   Constr. rmsd
    2.96603e+02    5.58517e+01    3.20193e-06

           Step           Time
          87500      175.00000

   Energies (kJ/mol)
           Bond            U-B    Proper Dih.  Improper Dih.      CMAP Dih.
    1.41129e+02    6.48131e+02    4.18301e+02    2.99931e+01   -4.23859e+00
          LJ-14     Coulomb-14        LJ (SR)   Coulomb (SR)   Coul. recip.
    1.03007e+02    3.14416e+03    6.99064e+04   -7.19038e+05    2.01897e+03
   COM Pull En.      Potential    Kinetic En.   Total Energy  Conserved En.
    3.21703e-01   -6.42632e+05    1.10307e+05   -5.32325e+05   -5.31061e+05
    Temperature Pressure (bar)   Constr. rmsd
    2.97774e+02    1.24380e+01    3.37322e-06

           Step           Time
          88000      176.00000

   Energies (kJ/mol)
           Bond            U-B    Proper Dih.  Improper Dih.      CMAP Dih.
    1.53731e+02    5.56797e+02    4.68124e+02    2.82654e+01   -7.40805e+00
          LJ-14     Coulomb-14        LJ (SR)   Coulomb (SR)   Coul. recip.
    1.02384e+02    3.22074e+03    6.75826e+04   -7.17569e+05    2.02191e+03
   COM Pull En.      Potential    Kinetic En.   Total Energy  Conserved En.
    1.48472e-02   -6.43442e+05    1.10824e+05   -5.32618e+05   -5.30939e+05
    Temperature Pressure (bar)   Constr. rmsd
    2.99170e+02   -3.29232e+02    3.12561e-06

           Step           Time
          88500      177.00000

   Energies (kJ/mol)
           Bond            U-B    Proper Dih.  Improper Dih.      CMAP Dih.
    1.45990e+02    6.39258e+02    4.20111e+02    3.06048e+01   -3.42438e+00
          LJ-14     Coulomb-14        LJ (SR)   Coulomb (SR)   Coul. recip.
    9.76702e+01    3.13555e+03    6.96619e+04   -7.18616e+05    2.02626e+03
   COM Pull En.      Potential    Kinetic En.   Total Energy  Conserved En.
    6.86599e-01   -6.42462e+05    1.09795e+05   -5.32666e+05   -5.30874e+05
    Temperature Pressure (bar)   Constr. rmsd
    2.96393e+02    2.84616e+01    4.06915e-06

           Step           Time
          89000      178.00000

   Energies (kJ/mol)
           Bond            U-B    Proper Dih.  Improper Dih.      CMAP Dih.
    1.68579e+02    6.27558e+02    4.05107e+02    3.99031e+01   -4.38287e-01
          LJ-14     Coulomb-14        LJ (SR)   Coulomb (SR)   Coul. recip.
    1.11649e+02    3.16252e+03    6.96575e+04   -7.18518e+05    2.04021e+03
   COM Pull En.      Potential    Kinetic En.   Total Energy  Conserved En.
    2.19597e+00   -6.42304e+05    1.09933e+05   -5.32371e+05   -5.31053e+05
    Temperature Pressure (bar)   Constr. rmsd
    2.96764e+02   -1.89861e+01    2.44905e-06

           Step           Time
          89500      179.00000

   Energies (kJ/mol)
           Bond            U-B    Proper Dih.  Improper Dih.      CMAP Dih.
    1.54759e+02    5.55789e+02    4.62604e+02    5.16938e+01   -7.48908e+00
          LJ-14     Coulomb-14        LJ (SR)   Coulomb (SR)   Coul. recip.
    1.07547e+02    3.18555e+03    7.08605e+04   -7.21112e+05    1.97857e+03
   COM Pull En.      Potential    Kinetic En.   Total Energy  Conserved En.
    7.72252e+00   -6.43755e+05    1.10192e+05   -5.33562e+05   -5.31040e+05
    Temperature Pressure (bar)   Constr. rmsd
    2.97465e+02    1.47583e+02    2.80629e-06

           Step           Time
          90000      180.00000

   Energies (kJ/mol)
           Bond            U-B    Proper Dih.  Improper Dih.      CMAP Dih.
    1.65799e+02    5.91883e+02    4.21334e+02    3.30148e+01    4.06413e+00
          LJ-14     Coulomb-14        LJ (SR)   Coulomb (SR)   Coul. recip.
    9.15017e+01    3.20609e+03    7.03257e+04   -7.20546e+05    1.99886e+03
   COM Pull En.      Potential    Kinetic En.   Total Energy  Conserved En.
    5.26351e+00   -6.43702e+05    1.10162e+05   -5.33540e+05   -5.30957e+05
    Temperature Pressure (bar)   Constr. rmsd
    2.97383e+02    5.38681e+01    2.70306e-06

Writing checkpoint, step 90080 at Tue Jun 23 15:59:41 2026


           Step           Time
          90500      181.00000

   Energies (kJ/mol)
           Bond            U-B    Proper Dih.  Improper Dih.      CMAP Dih.
    1.10594e+02    5.52603e+02    4.06706e+02    1.68386e+01    2.06948e+01
          LJ-14     Coulomb-14        LJ (SR)   Coulomb (SR)   Coul. recip.
    1.22909e+02    3.22672e+03    6.86222e+04   -7.18744e+05    1.99952e+03
   COM Pull En.      Potential    Kinetic En.   Total Energy  Conserved En.
    9.61966e-01   -6.43664e+05    1.09761e+05   -5.33902e+05   -5.30909e+05
    Temperature Pressure (bar)   Constr. rmsd
    2.96302e+02   -1.38349e+02    3.11350e-06

           Step           Time
          91000      182.00000

   Energies (kJ/mol)
           Bond            U-B    Proper Dih.  Improper Dih.      CMAP Dih.
    1.35191e+02    5.05642e+02    4.18473e+02    1.91041e+01    2.65856e-01
          LJ-14     Coulomb-14        LJ (SR)   Coulomb (SR)   Coul. recip.
    1.14186e+02    3.24571e+03    7.02363e+04   -7.20059e+05    2.04083e+03
   COM Pull En.      Potential    Kinetic En.   Total Energy  Conserved En.
    1.07332e+00   -6.43342e+05    1.09448e+05   -5.33894e+05   -5.30873e+05
    Temperature Pressure (bar)   Constr. rmsd
    2.95456e+02    7.52234e+01    2.75619e-06

           Step           Time
          91500      183.00000

   Energies (kJ/mol)
           Bond            U-B    Proper Dih.  Improper Dih.      CMAP Dih.
    1.55755e+02    5.16528e+02    4.28254e+02    3.09340e+01    7.21285e+00
          LJ-14     Coulomb-14        LJ (SR)   Coulomb (SR)   Coul. recip.
    1.07165e+02    3.18213e+03    7.09904e+04   -7.20960e+05    2.04379e+03
   COM Pull En.      Potential    Kinetic En.   Total Energy  Conserved En.
    1.89466e+00   -6.43496e+05    1.10916e+05   -5.32581e+05   -5.30861e+05
    Temperature Pressure (bar)   Constr. rmsd
    2.99417e+02    1.49020e+02    3.02650e-06

           Step           Time
          92000      184.00000

   Energies (kJ/mol)
           Bond            U-B    Proper Dih.  Improper Dih.      CMAP Dih.
    1.51196e+02    6.18166e+02    4.54532e+02    3.80823e+01   -1.12946e+01
          LJ-14     Coulomb-14        LJ (SR)   Coulomb (SR)   Coul. recip.
    8.28080e+01    3.13833e+03    6.96932e+04   -7.18817e+05    2.04112e+03
   COM Pull En.      Potential    Kinetic En.   Total Energy  Conserved En.
    1.91043e+00   -6.42609e+05    1.09945e+05   -5.32665e+05   -5.30802e+05
    Temperature Pressure (bar)   Constr. rmsd
    2.96796e+02    9.25961e+01    3.36982e-06

           Step           Time
          92500      185.00000

   Energies (kJ/mol)
           Bond            U-B    Proper Dih.  Improper Dih.      CMAP Dih.
    1.69241e+02    5.70177e+02    4.49486e+02    2.66035e+01    1.14487e+01
          LJ-14     Coulomb-14        LJ (SR)   Coulomb (SR)   Coul. recip.
    8.15655e+01    3.17935e+03    7.02051e+04   -7.19389e+05    2.03974e+03
   COM Pull En.      Potential    Kinetic En.   Total Energy  Conserved En.
    2.79704e+00   -6.42654e+05    1.10176e+05   -5.32477e+05   -5.30668e+05
    Temperature Pressure (bar)   Constr. rmsd
    2.97422e+02    1.50050e+02    2.57104e-06

           Step           Time
          93000      186.00000

   Energies (kJ/mol)
           Bond            U-B    Proper Dih.  Improper Dih.      CMAP Dih.
    1.53248e+02    5.49205e+02    4.28645e+02    1.49539e+01    3.36627e+01
          LJ-14     Coulomb-14        LJ (SR)   Coulomb (SR)   Coul. recip.
    9.50518e+01    3.18017e+03    6.89571e+04   -7.19335e+05    1.95798e+03
   COM Pull En.      Potential    Kinetic En.   Total Energy  Conserved En.
    1.40961e-01   -6.43965e+05    1.10533e+05   -5.33432e+05   -5.30844e+05
    Temperature Pressure (bar)   Constr. rmsd
    2.98385e+02   -1.24210e+02    2.70202e-06

           Step           Time
          93500      187.00000

   Energies (kJ/mol)
           Bond            U-B    Proper Dih.  Improper Dih.      CMAP Dih.
    1.61990e+02    5.04577e+02    4.60652e+02    2.10527e+01    1.47447e+01
          LJ-14     Coulomb-14        LJ (SR)   Coulomb (SR)   Coul. recip.
    1.00037e+02    3.23020e+03    7.00874e+04   -7.20088e+05    1.96064e+03
   COM Pull En.      Potential    Kinetic En.   Total Energy  Conserved En.
    4.85501e+00   -6.43542e+05    1.11000e+05   -5.32542e+05   -5.30832e+05
    Temperature Pressure (bar)   Constr. rmsd
    2.99646e+02    1.20619e+02    3.36578e-06

           Step           Time
          94000      188.00000

   Energies (kJ/mol)
           Bond            U-B    Proper Dih.  Improper Dih.      CMAP Dih.
    1.44209e+02    5.58193e+02    4.61472e+02    3.18336e+01    1.94650e+01
          LJ-14     Coulomb-14        LJ (SR)   Coulomb (SR)   Coul. recip.
    1.04535e+02    3.22330e+03    7.08676e+04   -7.20654e+05    2.02863e+03
   COM Pull En.      Potential    Kinetic En.   Total Energy  Conserved En.
    5.81724e+00   -6.43209e+05    1.09617e+05   -5.33592e+05   -5.30898e+05
    Temperature Pressure (bar)   Constr. rmsd
    2.95911e+02    1.53750e+02    3.16701e-06

           Step           Time
          94500      189.00000

   Energies (kJ/mol)
           Bond            U-B    Proper Dih.  Improper Dih.      CMAP Dih.
    1.52790e+02    6.21638e+02    4.12167e+02    3.07369e+01    4.47469e+01
          LJ-14     Coulomb-14        LJ (SR)   Coulomb (SR)   Coul. recip.
    8.30768e+01    3.16596e+03    7.03539e+04   -7.20551e+05    1.97707e+03
   COM Pull En.      Potential    Kinetic En.   Total Energy  Conserved En.
    3.59482e+00   -6.43705e+05    1.10957e+05   -5.32748e+05   -5.31035e+05
    Temperature Pressure (bar)   Constr. rmsd
    2.99530e+02    2.04154e+01    3.40350e-06

           Step           Time
          95000      190.00000

   Energies (kJ/mol)
           Bond            U-B    Proper Dih.  Improper Dih.      CMAP Dih.
    1.59996e+02    5.26329e+02    4.66009e+02    2.33241e+01   -7.92007e+00
          LJ-14     Coulomb-14        LJ (SR)   Coulomb (SR)   Coul. recip.
    1.05918e+02    3.21869e+03    6.99356e+04   -7.19899e+05    1.98578e+03
   COM Pull En.      Potential    Kinetic En.   Total Energy  Conserved En.
    1.57586e+00   -6.43484e+05    1.10068e+05   -5.33416e+05   -5.31044e+05
    Temperature Pressure (bar)   Constr. rmsd
    2.97128e+02    3.26859e+01    2.81005e-06

           Step           Time
          95500      191.00000

   Energies (kJ/mol)
           Bond            U-B    Proper Dih.  Improper Dih.      CMAP Dih.
    1.89540e+02    5.02979e+02    4.51053e+02    2.89049e+01    5.53529e+00
          LJ-14     Coulomb-14        LJ (SR)   Coulomb (SR)   Coul. recip.
    8.98642e+01    3.17741e+03    6.97050e+04   -7.18871e+05    2.02726e+03
   COM Pull En.      Potential    Kinetic En.   Total Energy  Conserved En.
    4.40405e+00   -6.42689e+05    1.09952e+05   -5.32737e+05   -5.31065e+05
    Temperature Pressure (bar)   Constr. rmsd
    2.96816e+02   -2.96441e+01    2.78546e-06

           Step           Time
          96000      192.00000

   Energies (kJ/mol)
           Bond            U-B    Proper Dih.  Improper Dih.      CMAP Dih.
    1.26113e+02    5.61073e+02    4.46115e+02    2.73767e+01    3.43342e+00
          LJ-14     Coulomb-14        LJ (SR)   Coulomb (SR)   Coul. recip.
    1.23610e+02    3.25071e+03    6.90572e+04   -7.18896e+05    1.95067e+03
   COM Pull En.      Potential    Kinetic En.   Total Energy  Conserved En.
    7.03477e+00   -6.43343e+05    1.10393e+05   -5.32949e+05   -5.31159e+05
    Temperature Pressure (bar)   Constr. rmsd
    2.98008e+02   -1.30685e+02    2.35324e-06

           Step           Time
          96500      193.00000

   Energies (kJ/mol)
           Bond            U-B    Proper Dih.  Improper Dih.      CMAP Dih.
    1.91691e+02    5.62740e+02    4.52006e+02    3.75689e+01   -1.55954e+01
          LJ-14     Coulomb-14        LJ (SR)   Coulomb (SR)   Coul. recip.
    8.56959e+01    3.20715e+03    6.84924e+04   -7.17326e+05    2.03558e+03
   COM Pull En.      Potential    Kinetic En.   Total Energy  Conserved En.
    5.32108e+00   -6.42271e+05    1.10076e+05   -5.32195e+05   -5.31131e+05
    Temperature Pressure (bar)   Constr. rmsd
    2.97150e+02   -1.98411e+02    2.52306e-06

           Step           Time
          97000      194.00000

   Energies (kJ/mol)
           Bond            U-B    Proper Dih.  Improper Dih.      CMAP Dih.
    1.43735e+02    5.06302e+02    4.77954e+02    3.49710e+01   -7.52812e+00
          LJ-14     Coulomb-14        LJ (SR)   Coulomb (SR)   Coul. recip.
    1.23442e+02    3.20797e+03    6.96532e+04   -7.19255e+05    2.06297e+03
   COM Pull En.      Potential    Kinetic En.   Total Energy  Conserved En.
    6.00151e+00   -6.43046e+05    1.10822e+05   -5.32224e+05   -5.31130e+05
    Temperature Pressure (bar)   Constr. rmsd
    2.99164e+02    1.46314e+01    2.83487e-06

           Step           Time
          97500      195.00000

   Energies (kJ/mol)
           Bond            U-B    Proper Dih.  Improper Dih.      CMAP Dih.
    1.39280e+02    5.25249e+02    4.69079e+02    1.52923e+01    2.68485e+01
          LJ-14     Coulomb-14        LJ (SR)   Coulomb (SR)   Coul. recip.
    1.06844e+02    3.24597e+03    7.03354e+04   -7.19448e+05    1.99456e+03
   COM Pull En.      Potential    Kinetic En.   Total Energy  Conserved En.
    1.59948e+01   -6.42574e+05    1.11248e+05   -5.31325e+05   -5.31306e+05
    Temperature Pressure (bar)   Constr. rmsd
    3.00315e+02    7.55413e+01    3.15715e-06

           Step           Time
          98000      196.00000

   Energies (kJ/mol)
           Bond            U-B    Proper Dih.  Improper Dih.      CMAP Dih.
    1.52636e+02    5.29086e+02    4.57266e+02    2.52425e+01    2.85268e+01
          LJ-14     Coulomb-14        LJ (SR)   Coulomb (SR)   Coul. recip.
    1.00215e+02    3.19454e+03    6.93534e+04   -7.17669e+05    2.03209e+03
   COM Pull En.      Potential    Kinetic En.   Total Energy  Conserved En.
    7.98693e+00   -6.41788e+05    1.10084e+05   -5.31704e+05   -5.31350e+05
    Temperature Pressure (bar)   Constr. rmsd
    2.97172e+02   -5.37229e+01    2.84565e-06

           Step           Time
          98500      197.00000

   Energies (kJ/mol)
           Bond            U-B    Proper Dih.  Improper Dih.      CMAP Dih.
    1.09345e+02    4.99324e+02    4.75985e+02    1.82426e+01    4.22714e+01
          LJ-14     Coulomb-14        LJ (SR)   Coulomb (SR)   Coul. recip.
    1.16320e+02    3.26673e+03    6.86598e+04   -7.17567e+05    2.03785e+03
   COM Pull En.      Potential    Kinetic En.   Total Energy  Conserved En.
    8.65236e+00   -6.42333e+05    1.11027e+05   -5.31306e+05   -5.31387e+05
    Temperature Pressure (bar)   Constr. rmsd
    2.99718e+02   -2.02522e+02    3.19310e-06

           Step           Time
          99000      198.00000

   Energies (kJ/mol)
           Bond            U-B    Proper Dih.  Improper Dih.      CMAP Dih.
    1.39722e+02    4.97130e+02    4.29625e+02    1.84652e+01    1.11964e+01
          LJ-14     Coulomb-14        LJ (SR)   Coulomb (SR)   Coul. recip.
    1.04103e+02    3.21258e+03    7.03014e+04   -7.19576e+05    1.94909e+03
   COM Pull En.      Potential    Kinetic En.   Total Energy  Conserved En.
    1.26065e+01   -6.42900e+05    1.11408e+05   -5.31492e+05   -5.31379e+05
    Temperature Pressure (bar)   Constr. rmsd
    3.00746e+02    4.19319e+01    3.46903e-06

Writing checkpoint, step 99040 at Tue Jun 23 16:14:34 2026


           Step           Time
          99500      199.00000

   Energies (kJ/mol)
           Bond            U-B    Proper Dih.  Improper Dih.      CMAP Dih.
    1.30046e+02    4.96717e+02    4.25070e+02    1.55181e+01    1.81933e+01
          LJ-14     Coulomb-14        LJ (SR)   Coulomb (SR)   Coul. recip.
    1.19360e+02    3.27101e+03    6.92037e+04   -7.18740e+05    1.97334e+03
   COM Pull En.      Potential    Kinetic En.   Total Energy  Conserved En.
    6.70933e+00   -6.43080e+05    1.09570e+05   -5.33510e+05   -5.31194e+05
    Temperature Pressure (bar)   Constr. rmsd
    2.95784e+02   -1.05477e+02    2.66482e-06

           Step           Time
         100000      200.00000

   Energies (kJ/mol)
           Bond            U-B    Proper Dih.  Improper Dih.      CMAP Dih.
    1.60747e+02    5.28191e+02    4.46144e+02    2.25526e+01    1.01230e+01
          LJ-14     Coulomb-14        LJ (SR)   Coulomb (SR)   Coul. recip.
    1.13631e+02    3.22675e+03    6.96168e+04   -7.19033e+05    2.03176e+03
   COM Pull En.      Potential    Kinetic En.   Total Energy  Conserved En.
    1.33334e+01   -6.42863e+05    1.10076e+05   -5.32787e+05   -5.31030e+05
    Temperature Pressure (bar)   Constr. rmsd
    2.97150e+02    5.24336e+01    3.40565e-06

           Step           Time
         100500      201.00000

   Energies (kJ/mol)
           Bond            U-B    Proper Dih.  Improper Dih.      CMAP Dih.
    1.47250e+02    6.17256e+02    4.50689e+02    2.01563e+01   -3.02097e+01
          LJ-14     Coulomb-14        LJ (SR)   Coulomb (SR)   Coul. recip.
    1.07824e+02    3.14567e+03    6.96236e+04   -7.18217e+05    2.03591e+03
   COM Pull En.      Potential    Kinetic En.   Total Energy  Conserved En.
    4.62377e+00   -6.42094e+05    1.10149e+05   -5.31946e+05   -5.31217e+05
    Temperature Pressure (bar)   Constr. rmsd
    2.97347e+02   -2.61034e+01    4.06183e-06

           Step           Time
         101000      202.00000

   Energies (kJ/mol)
           Bond            U-B    Proper Dih.  Improper Dih.      CMAP Dih.
    1.38665e+02    5.32212e+02    4.18221e+02    2.90940e+01    3.50443e+01
          LJ-14     Coulomb-14        LJ (SR)   Coulomb (SR)   Coul. recip.
    9.66274e+01    3.25348e+03    6.90314e+04   -7.17760e+05    1.98291e+03
   COM Pull En.      Potential    Kinetic En.   Total Energy  Conserved En.
    5.94374e+00   -6.42236e+05    1.10619e+05   -5.31618e+05   -5.31255e+05
    Temperature Pressure (bar)   Constr. rmsd
    2.98615e+02   -8.84187e+01    3.92044e-06

           Step           Time
         101500      203.00000

   Energies (kJ/mol)
           Bond            U-B    Proper Dih.  Improper Dih.      CMAP Dih.
    1.62662e+02    5.44938e+02    4.54035e+02    2.51891e+01   -2.31701e+00
          LJ-14     Coulomb-14        LJ (SR)   Coulomb (SR)   Coul. recip.
    1.03940e+02    3.18820e+03    7.02725e+04   -7.19185e+05    2.07875e+03
   COM Pull En.      Potential    Kinetic En.   Total Energy  Conserved En.
    1.22963e+01   -6.42345e+05    1.10430e+05   -5.31914e+05   -5.31291e+05
    Temperature Pressure (bar)   Constr. rmsd
    2.98107e+02    9.66340e+01    3.37912e-06

           Step           Time
         102000      204.00000

   Energies (kJ/mol)
           Bond            U-B    Proper Dih.  Improper Dih.      CMAP Dih.
    1.59094e+02    5.25155e+02    4.48923e+02    3.58987e+01   -1.95653e+01
          LJ-14     Coulomb-14        LJ (SR)   Coulomb (SR)   Coul. recip.
    1.10402e+02    3.21556e+03    6.94246e+04   -7.18442e+05    2.04298e+03
   COM Pull En.      Potential    Kinetic En.   Total Energy  Conserved En.
    6.24334e+00   -6.42493e+05    1.10731e+05   -5.31762e+05   -5.31255e+05
    Temperature Pressure (bar)   Constr. rmsd
    2.98919e+02   -7.19818e+01    2.79872e-06

           Step           Time
         102500      205.00000

   Energies (kJ/mol)
           Bond            U-B    Proper Dih.  Improper Dih.      CMAP Dih.
    1.84511e+02    4.96467e+02    4.52099e+02    4.30903e+01    3.02930e+01
          LJ-14     Coulomb-14        LJ (SR)   Coulomb (SR)   Coul. recip.
    9.56327e+01    3.20494e+03    6.95737e+04   -7.17870e+05    2.08822e+03
   COM Pull En.      Potential    Kinetic En.   Total Energy  Conserved En.
    6.92905e+00   -6.41694e+05    1.09530e+05   -5.32164e+05   -5.31035e+05
    Temperature Pressure (bar)   Constr. rmsd
    2.95677e+02    1.77079e+01    2.91337e-06

           Step           Time
         103000      206.00000

   Energies (kJ/mol)
           Bond            U-B    Proper Dih.  Improper Dih.      CMAP Dih.
    1.78325e+02    5.74155e+02    4.58769e+02    2.98761e+01    1.56216e+01
          LJ-14     Coulomb-14        LJ (SR)   Coulomb (SR)   Coul. recip.
    1.03919e+02    3.26131e+03    6.97309e+04   -7.19986e+05    2.04218e+03
   COM Pull En.      Potential    Kinetic En.   Total Energy  Conserved En.
    4.30153e+00   -6.43587e+05    1.10253e+05   -5.33334e+05   -5.30988e+05
    Temperature Pressure (bar)   Constr. rmsd
    2.97629e+02    1.63327e+00    3.02703e-06

           Step           Time
         103500      207.00000

   Energies (kJ/mol)
           Bond            U-B    Proper Dih.  Improper Dih.      CMAP Dih.
    1.53680e+02    5.81147e+02    4.54272e+02    3.29928e+01   -1.70864e+01
          LJ-14     Coulomb-14        LJ (SR)   Coulomb (SR)   Coul. recip.
    1.11282e+02    3.21217e+03    7.02131e+04   -7.20318e+05    1.94587e+03
   COM Pull En.      Potential    Kinetic En.   Total Energy  Conserved En.
    5.64225e+00   -6.43625e+05    1.10546e+05   -5.33079e+05   -5.31061e+05
    Temperature Pressure (bar)   Constr. rmsd
    2.98420e+02    5.99160e+01    5.08137e-06

           Step           Time
         104000      208.00000

   Energies (kJ/mol)
           Bond            U-B    Proper Dih.  Improper Dih.      CMAP Dih.
    1.82577e+02    5.76955e+02    4.50144e+02    3.96194e+01   -2.29134e+00
          LJ-14     Coulomb-14        LJ (SR)   Coulomb (SR)   Coul. recip.
    8.77025e+01    3.15454e+03    6.93396e+04   -7.18699e+05    2.05466e+03
   COM Pull En.      Potential    Kinetic En.   Total Energy  Conserved En.
    1.73272e+00   -6.42814e+05    1.09235e+05   -5.33579e+05   -5.31111e+05
    Temperature Pressure (bar)   Constr. rmsd
    2.94880e+02   -7.96508e+01    2.56552e-06

           Step           Time
         104500      209.00000

   Energies (kJ/mol)
           Bond            U-B    Proper Dih.  Improper Dih.      CMAP Dih.
    1.52120e+02    5.51226e+02    4.62347e+02    2.76999e+01    1.14354e+01
          LJ-14     Coulomb-14        LJ (SR)   Coulomb (SR)   Coul. recip.
    1.12167e+02    3.18106e+03    7.08425e+04   -7.21060e+05    1.97757e+03
   COM Pull En.      Potential    Kinetic En.   Total Energy  Conserved En.
    3.40586e+00   -6.43738e+05    1.09901e+05   -5.33837e+05   -5.31062e+05
    Temperature Pressure (bar)   Constr. rmsd
    2.96679e+02    1.13491e+02    2.77092e-06

           Step           Time
         105000      210.00000

   Energies (kJ/mol)
           Bond            U-B    Proper Dih.  Improper Dih.      CMAP Dih.
    1.44416e+02    4.72548e+02    4.69128e+02    3.41377e+01   -2.61498e+01
          LJ-14     Coulomb-14        LJ (SR)   Coulomb (SR)   Coul. recip.
    1.21607e+02    3.22645e+03    7.12325e+04   -7.22696e+05    1.99161e+03
   COM Pull En.      Potential    Kinetic En.   Total Energy  Conserved En.
    1.89642e+00   -6.45028e+05    1.10270e+05   -5.34758e+05   -5.31089e+05
    Temperature Pressure (bar)   Constr. rmsd
    2.97674e+02    1.37705e+02    2.55638e-06

           Step           Time
         105500      211.00000

   Energies (kJ/mol)
           Bond            U-B    Proper Dih.  Improper Dih.      CMAP Dih.
    1.59219e+02    5.37639e+02    4.58022e+02    2.67165e+01   -8.24851e-01
          LJ-14     Coulomb-14        LJ (SR)   Coulomb (SR)   Coul. recip.
    1.02734e+02    3.20576e+03    7.01516e+04   -7.19849e+05    2.01449e+03
   COM Pull En.      Potential    Kinetic En.   Total Energy  Conserved En.
    6.29972e-01   -6.43193e+05    1.09147e+05   -5.34046e+05   -5.31134e+05
    Temperature Pressure (bar)   Constr. rmsd
    2.94642e+02    2.83834e+01    2.94335e-06

           Step           Time
         106000      212.00000

   Energies (kJ/mol)
           Bond            U-B    Proper Dih.  Improper Dih.      CMAP Dih.
    1.34562e+02    5.43796e+02    4.40340e+02    3.99340e+01    4.91278e+01
          LJ-14     Coulomb-14        LJ (SR)   Coulomb (SR)   Coul. recip.
    9.63556e+01    3.20068e+03    6.93241e+04   -7.18383e+05    1.97563e+03
   COM Pull En.      Potential    Kinetic En.   Total Energy  Conserved En.
    2.81097e+00   -6.42576e+05    1.10715e+05   -5.31861e+05   -5.31261e+05
    Temperature Pressure (bar)   Constr. rmsd
    2.98875e+02   -4.44422e+01    3.01521e-06

           Step           Time
         106500      213.00000

   Energies (kJ/mol)
           Bond            U-B    Proper Dih.  Improper Dih.      CMAP Dih.
    1.38189e+02    6.02329e+02    4.54017e+02    1.47350e+01   -1.73336e+01
          LJ-14     Coulomb-14        LJ (SR)   Coulomb (SR)   Coul. recip.
    1.21857e+02    3.23574e+03    6.96655e+04   -7.18898e+05    1.99950e+03
   COM Pull En.      Potential    Kinetic En.   Total Energy  Conserved En.
    4.82587e-01   -6.42683e+05    1.10430e+05   -5.32253e+05   -5.31461e+05
    Temperature Pressure (bar)   Constr. rmsd
    2.98106e+02   -1.08937e+02    3.28529e-06

           Step           Time
         107000      214.00000

   Energies (kJ/mol)
           Bond            U-B    Proper Dih.  Improper Dih.      CMAP Dih.
    1.51352e+02    5.00264e+02    4.35527e+02    2.47888e+01    2.05059e+01
          LJ-14     Coulomb-14        LJ (SR)   Coulomb (SR)   Coul. recip.
    1.15308e+02    3.21203e+03    6.90938e+04   -7.18662e+05    1.98082e+03
   COM Pull En.      Potential    Kinetic En.   Total Energy  Conserved En.
    1.49461e+00   -6.43126e+05    1.10399e+05   -5.32727e+05   -5.31463e+05
    Temperature Pressure (bar)   Constr. rmsd
    2.98023e+02   -1.37422e+02    3.24842e-06

           Step           Time
         107500      215.00000

   Energies (kJ/mol)
           Bond            U-B    Proper Dih.  Improper Dih.      CMAP Dih.
    1.54138e+02    5.35530e+02    4.36987e+02    2.49486e+01    1.51950e+01
          LJ-14     Coulomb-14        LJ (SR)   Coulomb (SR)   Coul. recip.
    1.07219e+02    3.17223e+03    7.08269e+04   -7.19902e+05    2.01331e+03
   COM Pull En.      Potential    Kinetic En.   Total Energy  Conserved En.
    1.50664e+00   -6.42614e+05    1.09528e+05   -5.33087e+05   -5.31405e+05
    Temperature Pressure (bar)   Constr. rmsd
    2.95671e+02    1.04695e+02    2.57739e-06

           Step           Time
         108000      216.00000

   Energies (kJ/mol)
           Bond            U-B    Proper Dih.  Improper Dih.      CMAP Dih.
    1.48733e+02    5.73604e+02    4.34190e+02    3.25472e+01    1.01931e+01
          LJ-14     Coulomb-14        LJ (SR)   Coulomb (SR)   Coul. recip.
    1.02611e+02    3.22527e+03    6.95052e+04   -7.18557e+05    1.99077e+03
   COM Pull En.      Potential    Kinetic En.   Total Energy  Conserved En.
    1.34232e+00   -6.42532e+05    1.09299e+05   -5.33234e+05   -5.31372e+05
    Temperature Pressure (bar)   Constr. rmsd
    2.95053e+02   -4.78403e+01    3.00795e-06

Writing checkpoint, step 108080 at Tue Jun 23 16:29:38 2026


           Step           Time
         108500      217.00000

   Energies (kJ/mol)
           Bond            U-B    Proper Dih.  Improper Dih.      CMAP Dih.
    1.55068e+02    5.39756e+02    4.67340e+02    3.25391e+01    5.74612e+00
          LJ-14     Coulomb-14        LJ (SR)   Coulomb (SR)   Coul. recip.
    1.18327e+02    3.14608e+03    6.93976e+04   -7.18427e+05    2.06992e+03
   COM Pull En.      Potential    Kinetic En.   Total Energy  Conserved En.
    3.75051e+00   -6.42491e+05    1.10062e+05   -5.32429e+05   -5.31463e+05
    Temperature Pressure (bar)   Constr. rmsd
    2.97112e+02   -9.62915e+01    2.92209e-06

           Step           Time
         109000      218.00000

   Energies (kJ/mol)
           Bond            U-B    Proper Dih.  Improper Dih.      CMAP Dih.
    1.61958e+02    5.11242e+02    4.36377e+02    2.53241e+01    5.25055e+01
          LJ-14     Coulomb-14        LJ (SR)   Coulomb (SR)   Coul. recip.
    1.02794e+02    3.19254e+03    6.95748e+04   -7.18637e+05    2.07431e+03
   COM Pull En.      Potential    Kinetic En.   Total Energy  Conserved En.
    3.42338e+00   -6.42502e+05    1.09850e+05   -5.32652e+05   -5.31527e+05
    Temperature Pressure (bar)   Constr. rmsd
    2.96540e+02   -1.10631e+02    3.09840e-06

           Step           Time
         109500      219.00000

   Energies (kJ/mol)
           Bond            U-B    Proper Dih.  Improper Dih.      CMAP Dih.
    1.59835e+02    4.84897e+02    4.37909e+02    2.83870e+01    3.46929e+01
          LJ-14     Coulomb-14        LJ (SR)   Coulomb (SR)   Coul. recip.
    1.15068e+02    3.26411e+03    6.95190e+04   -7.18540e+05    1.98218e+03
   COM Pull En.      Potential    Kinetic En.   Total Energy  Conserved En.
    3.69578e+00   -6.42511e+05    1.10485e+05   -5.32026e+05   -5.31416e+05
    Temperature Pressure (bar)   Constr. rmsd
    2.98255e+02   -8.95654e+01    2.50195e-06

           Step           Time
         110000      220.00000

   Energies (kJ/mol)
           Bond            U-B    Proper Dih.  Improper Dih.      CMAP Dih.
    1.58726e+02    5.72418e+02    4.27019e+02    2.55499e+01    4.02053e+01
          LJ-14     Coulomb-14        LJ (SR)   Coulomb (SR)   Coul. recip.
    9.31077e+01    3.17642e+03    6.91435e+04   -7.18333e+05    2.09622e+03
   COM Pull En.      Potential    Kinetic En.   Total Energy  Conserved En.
    6.20016e+00   -6.42594e+05    1.10469e+05   -5.32125e+05   -5.31350e+05
    Temperature Pressure (bar)   Constr. rmsd
    2.98212e+02   -1.31276e+02    3.46184e-06

           Step           Time
         110500      221.00000

   Energies (kJ/mol)
           Bond            U-B    Proper Dih.  Improper Dih.      CMAP Dih.
    1.76748e+02    5.89141e+02    4.61211e+02    3.14180e+01    7.87774e+00
          LJ-14     Coulomb-14        LJ (SR)   Coulomb (SR)   Coul. recip.
    1.00249e+02    3.19352e+03    6.89547e+04   -7.18209e+05    2.02444e+03
   COM Pull En.      Potential    Kinetic En.   Total Energy  Conserved En.
    2.51857e+00   -6.42667e+05    1.10566e+05   -5.32102e+05   -5.31019e+05
    Temperature Pressure (bar)   Constr. rmsd
    2.98472e+02   -1.02846e+02    3.31634e-06

           Step           Time
         111000      222.00000

   Energies (kJ/mol)
           Bond            U-B    Proper Dih.  Improper Dih.      CMAP Dih.
    1.72534e+02    5.43523e+02    4.53242e+02    3.90386e+01    2.54240e+01
          LJ-14     Coulomb-14        LJ (SR)   Coulomb (SR)   Coul. recip.
    9.51180e+01    3.22126e+03    6.92078e+04   -7.19043e+05    2.03065e+03
   COM Pull En.      Potential    Kinetic En.   Total Energy  Conserved En.
    6.79289e-01   -6.43254e+05    1.11090e+05   -5.32163e+05   -5.31081e+05
    Temperature Pressure (bar)   Constr. rmsd
    2.99889e+02   -6.68508e+01    3.25164e-06

           Step           Time
         111500      223.00000

   Energies (kJ/mol)
           Bond            U-B    Proper Dih.  Improper Dih.      CMAP Dih.
    1.72318e+02    5.29517e+02    4.61249e+02    2.57685e+01    2.43453e+01
          LJ-14     Coulomb-14        LJ (SR)   Coulomb (SR)   Coul. recip.
    1.04117e+02    3.19030e+03    7.02511e+04   -7.18401e+05    1.96636e+03
   COM Pull En.      Potential    Kinetic En.   Total Energy  Conserved En.
    4.61117e-01   -6.41676e+05    1.09805e+05   -5.31871e+05   -5.31103e+05
    Temperature Pressure (bar)   Constr. rmsd
    2.96419e+02    1.38741e+02    3.85317e-06

           Step           Time
         112000      224.00000

   Energies (kJ/mol)
           Bond            U-B    Proper Dih.  Improper Dih.      CMAP Dih.
    1.63598e+02    5.23270e+02    4.92729e+02    3.06800e+01    5.75796e-01
          LJ-14     Coulomb-14        LJ (SR)   Coulomb (SR)   Coul. recip.
    1.24263e+02    3.22403e+03    7.03061e+04   -7.20210e+05    2.05189e+03
   COM Pull En.      Potential    Kinetic En.   Total Energy  Conserved En.
    3.40485e+00   -6.43290e+05    1.10902e+05   -5.32388e+05   -5.31036e+05
    Temperature Pressure (bar)   Constr. rmsd
    2.99379e+02    1.21096e+02    3.27409e-06

           Step           Time
         112500      225.00000

   Energies (kJ/mol)
           Bond            U-B    Proper Dih.  Improper Dih.      CMAP Dih.
    1.82800e+02    5.56705e+02    4.82674e+02    2.95642e+01    2.81321e+01
          LJ-14     Coulomb-14        LJ (SR)   Coulomb (SR)   Coul. recip.
    9.21587e+01    3.21243e+03    6.89565e+04   -7.17430e+05    2.07123e+03
   COM Pull En.      Potential    Kinetic En.   Total Energy  Conserved En.
    8.99780e-01   -6.41817e+05    1.10075e+05   -5.31742e+05   -5.30989e+05
    Temperature Pressure (bar)   Constr. rmsd
    2.97147e+02   -2.50217e+01    3.01313e-06

           Step           Time
         113000      226.00000

   Energies (kJ/mol)
           Bond            U-B    Proper Dih.  Improper Dih.      CMAP Dih.
    1.33751e+02    5.54223e+02    4.37573e+02    1.64050e+01    4.21117e+01
          LJ-14     Coulomb-14        LJ (SR)   Coulomb (SR)   Coul. recip.
    1.14076e+02    3.21853e+03    6.91016e+04   -7.17756e+05    2.04122e+03
   COM Pull En.      Potential    Kinetic En.   Total Energy  Conserved En.
    4.14948e-01   -6.42096e+05    1.10404e+05   -5.31692e+05   -5.31063e+05
    Temperature Pressure (bar)   Constr. rmsd
    2.98036e+02    1.62488e+01    3.19498e-06

           Step           Time
         113500      227.00000

   Energies (kJ/mol)
           Bond            U-B    Proper Dih.  Improper Dih.      CMAP Dih.
    1.28780e+02    5.66178e+02    4.65100e+02    3.58306e+01    2.55801e+01
          LJ-14     Coulomb-14        LJ (SR)   Coulomb (SR)   Coul. recip.
    1.23319e+02    3.20537e+03    6.97760e+04   -7.19425e+05    2.03398e+03
   COM Pull En.      Potential    Kinetic En.   Total Energy  Conserved En.
    1.02278e-02   -6.43065e+05    1.10816e+05   -5.32249e+05   -5.31036e+05
    Temperature Pressure (bar)   Constr. rmsd
    2.99149e+02    6.29455e+01    2.80460e-06

           Step           Time
         114000      228.00000

   Energies (kJ/mol)
           Bond            U-B    Proper Dih.  Improper Dih.      CMAP Dih.
    1.42456e+02    5.65730e+02    4.55186e+02    3.94129e+01    3.31135e+01
          LJ-14     Coulomb-14        LJ (SR)   Coulomb (SR)   Coul. recip.
    9.41944e+01    3.18207e+03    6.98668e+04   -7.19291e+05    2.02531e+03
   COM Pull En.      Potential    Kinetic En.   Total Energy  Conserved En.
    2.39371e-01   -6.42887e+05    1.10523e+05   -5.32363e+05   -5.31246e+05
    Temperature Pressure (bar)   Constr. rmsd
    2.98358e+02    4.37207e+01    3.10710e-06

           Step           Time
         114500      229.00000

   Energies (kJ/mol)
           Bond            U-B    Proper Dih.  Improper Dih.      CMAP Dih.
    1.73471e+02    5.65920e+02    4.61153e+02    3.56553e+01    1.87598e+01
          LJ-14     Coulomb-14        LJ (SR)   Coulomb (SR)   Coul. recip.
    9.96977e+01    3.18897e+03    6.84478e+04   -7.17038e+05    1.97195e+03
   COM Pull En.      Potential    Kinetic En.   Total Energy  Conserved En.
    1.60330e-02   -6.42075e+05    1.09860e+05   -5.32214e+05   -5.31233e+05
    Temperature Pressure (bar)   Constr. rmsd
    2.96568e+02   -1.53481e+02    3.68681e-06

           Step           Time
         115000      230.00000

   Energies (kJ/mol)
           Bond            U-B    Proper Dih.  Improper Dih.      CMAP Dih.
    1.44653e+02    5.48465e+02    5.16877e+02    4.43571e+01   -2.22447e+00
          LJ-14     Coulomb-14        LJ (SR)   Coulomb (SR)   Coul. recip.
    1.02345e+02    3.13807e+03    6.89400e+04   -7.18378e+05    2.04225e+03
   COM Pull En.      Potential    Kinetic En.   Total Energy  Conserved En.
    2.71860e-04   -6.42903e+05    1.09519e+05   -5.33384e+05   -5.31097e+05
    Temperature Pressure (bar)   Constr. rmsd
    2.95648e+02   -1.27119e+02    2.83582e-06

           Step           Time
         115500      231.00000

   Energies (kJ/mol)
           Bond            U-B    Proper Dih.  Improper Dih.      CMAP Dih.
    1.57134e+02    5.04892e+02    4.53303e+02    2.24047e+01    1.55834e+01
          LJ-14     Coulomb-14        LJ (SR)   Coulomb (SR)   Coul. recip.
    1.03190e+02    3.18058e+03    7.02996e+04   -7.19800e+05    1.99222e+03
   COM Pull En.      Potential    Kinetic En.   Total Energy  Conserved En.
    1.17644e-01   -6.43071e+05    1.09989e+05   -5.33082e+05   -5.31044e+05
    Temperature Pressure (bar)   Constr. rmsd
    2.96917e+02    8.08331e+01    3.68856e-06

           Step           Time
         116000      232.00000

   Energies (kJ/mol)
           Bond            U-B    Proper Dih.  Improper Dih.      CMAP Dih.
    1.57936e+02    6.47465e+02    4.38574e+02    2.01464e+01    2.48035e+01
          LJ-14     Coulomb-14        LJ (SR)   Coulomb (SR)   Coul. recip.
    9.64596e+01    3.15216e+03    6.94542e+04   -7.17865e+05    1.96259e+03
   COM Pull En.      Potential    Kinetic En.   Total Energy  Conserved En.
    2.93358e-01   -6.41910e+05    1.10165e+05   -5.31745e+05   -5.31007e+05
    Temperature Pressure (bar)   Constr. rmsd
    2.97392e+02    4.67786e+01    2.97488e-06

           Step           Time
         116500      233.00000

   Energies (kJ/mol)
           Bond            U-B    Proper Dih.  Improper Dih.      CMAP Dih.
    1.39687e+02    5.70663e+02    4.85953e+02    3.23069e+01    3.86440e+01
          LJ-14     Coulomb-14        LJ (SR)   Coulomb (SR)   Coul. recip.
    1.02982e+02    3.14697e+03    6.90635e+04   -7.18276e+05    1.98865e+03
   COM Pull En.      Potential    Kinetic En.   Total Energy  Conserved En.
    1.33879e-03   -6.42707e+05    1.11401e+05   -5.31306e+05   -5.31031e+05
    Temperature Pressure (bar)   Constr. rmsd
    3.00728e+02   -3.62635e+01    3.31350e-06

           Step           Time
         117000      234.00000

   Energies (kJ/mol)
           Bond            U-B    Proper Dih.  Improper Dih.      CMAP Dih.
    1.70215e+02    5.87178e+02    4.44692e+02    3.08509e+01    3.61284e+01
          LJ-14     Coulomb-14        LJ (SR)   Coulomb (SR)   Coul. recip.
    9.83521e+01    3.15718e+03    6.97624e+04   -7.18648e+05    2.01963e+03
   COM Pull En.      Potential    Kinetic En.   Total Energy  Conserved En.
    3.19910e-01   -6.42341e+05    1.10263e+05   -5.32078e+05   -5.31144e+05
    Temperature Pressure (bar)   Constr. rmsd
    2.97656e+02    5.69693e+01    2.79806e-06

Writing checkpoint, step 117040 at Tue Jun 23 16:44:34 2026


           Step           Time
         117500      235.00000

   Energies (kJ/mol)
           Bond            U-B    Proper Dih.  Improper Dih.      CMAP Dih.
    1.47084e+02    5.20975e+02    4.56056e+02    1.86673e+01    4.26916e+01
          LJ-14     Coulomb-14        LJ (SR)   Coulomb (SR)   Coul. recip.
    1.03360e+02    3.22303e+03    7.15071e+04   -7.20625e+05    1.96356e+03
   COM Pull En.      Potential    Kinetic En.   Total Energy  Conserved En.
    3.92312e+00   -6.42638e+05    1.10897e+05   -5.31742e+05   -5.31277e+05
    Temperature Pressure (bar)   Constr. rmsd
    2.99366e+02    2.50695e+02    2.67954e-06

           Step           Time
         118000      236.00000

   Energies (kJ/mol)
           Bond            U-B    Proper Dih.  Improper Dih.      CMAP Dih.
    1.64098e+02    5.39253e+02    4.22914e+02    3.59751e+01    3.33176e+01
          LJ-14     Coulomb-14        LJ (SR)   Coulomb (SR)   Coul. recip.
    7.99271e+01    3.16208e+03    6.98551e+04   -7.19780e+05    2.05249e+03
   COM Pull En.      Potential    Kinetic En.   Total Energy  Conserved En.
    5.28100e+00   -6.43430e+05    1.10249e+05   -5.33181e+05   -5.31349e+05
    Temperature Pressure (bar)   Constr. rmsd
    2.97618e+02   -7.45201e+01    3.61734e-06

           Step           Time
         118500      237.00000

   Energies (kJ/mol)
           Bond            U-B    Proper Dih.  Improper Dih.      CMAP Dih.
    1.53340e+02    5.65200e+02    4.04750e+02    3.22943e+01    4.33225e+01
          LJ-14     Coulomb-14        LJ (SR)   Coulomb (SR)   Coul. recip.
    1.01338e+02    3.21885e+03    6.98736e+04   -7.18176e+05    2.06890e+03
   COM Pull En.      Potential    Kinetic En.   Total Energy  Conserved En.
    4.79540e+00   -6.41709e+05    1.10403e+05   -5.31306e+05   -5.31238e+05
    Temperature Pressure (bar)   Constr. rmsd
    2.98034e+02    4.49614e+01    2.92059e-06

           Step           Time
         119000      238.00000

   Energies (kJ/mol)
           Bond            U-B    Proper Dih.  Improper Dih.      CMAP Dih.
    1.95407e+02    5.39595e+02    4.39324e+02    2.75955e+01    6.01832e+00
          LJ-14     Coulomb-14        LJ (SR)   Coulomb (SR)   Coul. recip.
    8.74820e+01    3.15256e+03    6.79083e+04   -7.16922e+05    2.04527e+03
   COM Pull En.      Potential    Kinetic En.   Total Energy  Conserved En.
    1.70979e+00   -6.42519e+05    1.10671e+05   -5.31847e+05   -5.31190e+05
    Temperature Pressure (bar)   Constr. rmsd
    2.98758e+02   -2.50531e+02    3.02433e-06

           Step           Time
         119500      239.00000

   Energies (kJ/mol)
           Bond            U-B    Proper Dih.  Improper Dih.      CMAP Dih.
    1.56976e+02    4.96620e+02    4.63080e+02    3.23699e+01    3.48624e+01
          LJ-14     Coulomb-14        LJ (SR)   Coulomb (SR)   Coul. recip.
    9.69056e+01    3.17427e+03    7.07436e+04   -7.20429e+05    2.02672e+03
   COM Pull En.      Potential    Kinetic En.   Total Energy  Conserved En.
    1.03413e+00   -6.43202e+05    1.10207e+05   -5.32995e+05   -5.31205e+05
    Temperature Pressure (bar)   Constr. rmsd
    2.97504e+02    1.57729e+02    2.62271e-06

           Step           Time
         120000      240.00000

   Energies (kJ/mol)
           Bond            U-B    Proper Dih.  Improper Dih.      CMAP Dih.
    1.89168e+02    5.44352e+02    4.70242e+02    2.52158e+01   -4.61426e+00
          LJ-14     Coulomb-14        LJ (SR)   Coulomb (SR)   Coul. recip.
    1.03036e+02    3.16643e+03    6.83838e+04   -7.18264e+05    2.04105e+03
   COM Pull En.      Potential    Kinetic En.   Total Energy  Conserved En.
    2.01218e+00   -6.43343e+05    1.10503e+05   -5.32840e+05   -5.31144e+05
    Temperature Pressure (bar)   Constr. rmsd
    2.98303e+02   -2.09605e+02    2.90923e-06

           Step           Time
         120500      241.00000

   Energies (kJ/mol)
           Bond            U-B    Proper Dih.  Improper Dih.      CMAP Dih.
    1.76774e+02    5.64188e+02    4.26139e+02    1.96275e+01    2.62822e+01
          LJ-14     Coulomb-14        LJ (SR)   Coulomb (SR)   Coul. recip.
    9.35935e+01    3.20520e+03    6.89451e+04   -7.18538e+05    2.08353e+03
   COM Pull En.      Potential    Kinetic En.   Total Energy  Conserved En.
    2.84391e+00   -6.42995e+05    1.10758e+05   -5.32237e+05   -5.31162e+05
    Temperature Pressure (bar)   Constr. rmsd
    2.98991e+02   -1.36940e+02    2.78839e-06

           Step           Time
         121000      242.00000

   Energies (kJ/mol)
           Bond            U-B    Proper Dih.  Improper Dih.      CMAP Dih.
    1.77202e+02    5.41490e+02    4.32298e+02    2.86937e+01   -5.52971e+00
          LJ-14     Coulomb-14        LJ (SR)   Coulomb (SR)   Coul. recip.
    1.10236e+02    3.18978e+03    7.18734e+04   -7.20618e+05    2.05518e+03
   COM Pull En.      Potential    Kinetic En.   Total Energy  Conserved En.
    4.27565e-01   -6.42214e+05    1.09643e+05   -5.32572e+05   -5.31193e+05
    Temperature Pressure (bar)   Constr. rmsd
    2.95982e+02    3.66204e+02    3.42598e-06

           Step           Time
         121500      243.00000

   Energies (kJ/mol)
           Bond            U-B    Proper Dih.  Improper Dih.      CMAP Dih.
    1.22318e+02    5.10038e+02    4.37033e+02    3.35385e+01    3.25872e+01
          LJ-14     Coulomb-14        LJ (SR)   Coulomb (SR)   Coul. recip.
    1.21786e+02    3.22341e+03    7.01956e+04   -7.19167e+05    1.93822e+03
   COM Pull En.      Potential    Kinetic En.   Total Energy  Conserved En.
    6.52509e+00   -6.42546e+05    1.10415e+05   -5.32131e+05   -5.31207e+05
    Temperature Pressure (bar)   Constr. rmsd
    2.98066e+02    5.61870e+01    2.73391e-06

           Step           Time
         122000      244.00000

   Energies (kJ/mol)
           Bond            U-B    Proper Dih.  Improper Dih.      CMAP Dih.
    1.32410e+02    5.95295e+02    4.38549e+02    3.35988e+01    4.05277e+01
          LJ-14     Coulomb-14        LJ (SR)   Coulomb (SR)   Coul. recip.
    9.76152e+01    3.14528e+03    7.12310e+04   -7.20409e+05    2.08596e+03
   COM Pull En.      Potential    Kinetic En.   Total Energy  Conserved En.
    1.18439e+00   -6.42608e+05    1.09862e+05   -5.32746e+05   -5.31121e+05
    Temperature Pressure (bar)   Constr. rmsd
    2.96572e+02    2.31370e+02    2.79209e-06

           Step           Time
         122500      245.00000

   Energies (kJ/mol)
           Bond            U-B    Proper Dih.  Improper Dih.      CMAP Dih.
    1.52686e+02    5.64045e+02    4.52950e+02    2.41121e+01    2.21234e+01
          LJ-14     Coulomb-14        LJ (SR)   Coulomb (SR)   Coul. recip.
    1.10384e+02    3.24270e+03    6.95741e+04   -7.18943e+05    1.98102e+03
   COM Pull En.      Potential    Kinetic En.   Total Energy  Conserved En.
    5.71893e-01   -6.42818e+05    1.10218e+05   -5.32600e+05   -5.31158e+05
    Temperature Pressure (bar)   Constr. rmsd
    2.97535e+02    5.45340e+00    3.15061e-06

           Step           Time
         123000      246.00000

   Energies (kJ/mol)
           Bond            U-B    Proper Dih.  Improper Dih.      CMAP Dih.
    1.60804e+02    5.13582e+02    4.43086e+02    2.95613e+01    3.69432e+01
          LJ-14     Coulomb-14        LJ (SR)   Coulomb (SR)   Coul. recip.
    1.29760e+02    3.20387e+03    6.98530e+04   -7.19613e+05    1.97649e+03
   COM Pull En.      Potential    Kinetic En.   Total Energy  Conserved En.
    6.36667e-01   -6.43266e+05    1.10994e+05   -5.32272e+05   -5.31192e+05
    Temperature Pressure (bar)   Constr. rmsd
    2.99629e+02    1.92604e+01    2.55097e-06

           Step           Time
         123500      247.00000

   Energies (kJ/mol)
           Bond            U-B    Proper Dih.  Improper Dih.      CMAP Dih.
    1.45424e+02    5.27917e+02    4.21134e+02    3.01015e+01    2.69391e+01
          LJ-14     Coulomb-14        LJ (SR)   Coulomb (SR)   Coul. recip.
    9.84861e+01    3.15272e+03    6.88983e+04   -7.19156e+05    2.07938e+03
   COM Pull En.      Potential    Kinetic En.   Total Energy  Conserved En.
    1.11735e+00   -6.43774e+05    1.10081e+05   -5.33693e+05   -5.31215e+05
    Temperature Pressure (bar)   Constr. rmsd
    2.97165e+02   -1.81261e+02    3.38706e-06

           Step           Time
         124000      248.00000

   Energies (kJ/mol)
           Bond            U-B    Proper Dih.  Improper Dih.      CMAP Dih.
    1.62659e+02    5.17959e+02    4.61155e+02    3.18065e+01    5.19459e+01
          LJ-14     Coulomb-14        LJ (SR)   Coulomb (SR)   Coul. recip.
    1.06007e+02    3.23053e+03    6.86639e+04   -7.18407e+05    2.03759e+03
   COM Pull En.      Potential    Kinetic En.   Total Energy  Conserved En.
    2.71071e-02   -6.43143e+05    1.10805e+05   -5.32338e+05   -5.31282e+05
    Temperature Pressure (bar)   Constr. rmsd
    2.99118e+02   -1.39135e+02    2.56226e-06

           Step           Time
         124500      249.00000

   Energies (kJ/mol)
           Bond            U-B    Proper Dih.  Improper Dih.      CMAP Dih.
    1.55102e+02    5.50890e+02    4.40943e+02    1.56735e+01    4.56403e+01
          LJ-14     Coulomb-14        LJ (SR)   Coulomb (SR)   Coul. recip.
    9.51689e+01    3.15869e+03    6.97221e+04   -7.19563e+05    2.01793e+03
   COM Pull En.      Potential    Kinetic En.   Total Energy  Conserved En.
    4.24798e-01   -6.43361e+05    1.10616e+05   -5.32745e+05   -5.31360e+05
    Temperature Pressure (bar)   Constr. rmsd
    2.98608e+02   -5.21905e+01    2.78340e-06

           Step           Time
         125000      250.00000

   Energies (kJ/mol)
           Bond            U-B    Proper Dih.  Improper Dih.      CMAP Dih.
    1.30911e+02    5.35577e+02    4.39643e+02    3.58306e+01    4.73589e+01
          LJ-14     Coulomb-14        LJ (SR)   Coulomb (SR)   Coul. recip.
    1.07544e+02    3.19573e+03    7.04067e+04   -7.19649e+05    2.01981e+03
   COM Pull En.      Potential    Kinetic En.   Total Energy  Conserved En.
    5.08360e-02   -6.42730e+05    1.10550e+05   -5.32180e+05   -5.31466e+05
    Temperature Pressure (bar)   Constr. rmsd
    2.98430e+02    4.65210e+01    3.26241e-06

           Step           Time
         125500      251.00000

   Energies (kJ/mol)
           Bond            U-B    Proper Dih.  Improper Dih.      CMAP Dih.
    1.74417e+02    5.42680e+02    4.30249e+02    2.62013e+01    4.05374e+01
          LJ-14     Coulomb-14        LJ (SR)   Coulomb (SR)   Coul. recip.
    9.94459e+01    3.16037e+03    7.02152e+04   -7.19473e+05    1.98106e+03
   COM Pull En.      Potential    Kinetic En.   Total Energy  Conserved En.
    5.82392e-01   -6.42803e+05    1.10694e+05   -5.32108e+05   -5.31342e+05
    Temperature Pressure (bar)   Constr. rmsd
    2.98820e+02    6.26847e+01    3.35983e-06

Writing checkpoint, step 125920 at Tue Jun 23 16:59:26 2026


           Step           Time
         126000      252.00000

   Energies (kJ/mol)
           Bond            U-B    Proper Dih.  Improper Dih.      CMAP Dih.
    1.48044e+02    5.53653e+02    4.10115e+02    2.56038e+01    5.78366e+01
          LJ-14     Coulomb-14        LJ (SR)   Coulomb (SR)   Coul. recip.
    9.01372e+01    3.17474e+03    6.99463e+04   -7.17775e+05    1.99036e+03
   COM Pull En.      Potential    Kinetic En.   Total Energy  Conserved En.
    5.81417e-01   -6.41378e+05    1.09140e+05   -5.32238e+05   -5.31375e+05
    Temperature Pressure (bar)   Constr. rmsd
    2.94623e+02    7.57970e+01    2.90657e-06

           Step           Time
         126500      253.00000

   Energies (kJ/mol)
           Bond            U-B    Proper Dih.  Improper Dih.      CMAP Dih.
    1.32507e+02    5.65298e+02    4.25150e+02    2.63190e+01    4.43357e+01
          LJ-14     Coulomb-14        LJ (SR)   Coulomb (SR)   Coul. recip.
    9.18727e+01    3.14859e+03    7.10107e+04   -7.20375e+05    2.06746e+03
   COM Pull En.      Potential    Kinetic En.   Total Energy  Conserved En.
    2.48678e-01   -6.42862e+05    1.10056e+05   -5.32806e+05   -5.31359e+05
    Temperature Pressure (bar)   Constr. rmsd
    2.97097e+02    1.80589e+02    2.44932e-06

           Step           Time
         127000      254.00000

   Energies (kJ/mol)
           Bond            U-B    Proper Dih.  Improper Dih.      CMAP Dih.
    1.44516e+02    5.46428e+02    4.49868e+02    2.41887e+01    4.23596e+01
          LJ-14     Coulomb-14        LJ (SR)   Coulomb (SR)   Coul. recip.
    1.04531e+02    3.17636e+03    6.86420e+04   -7.18666e+05    1.98510e+03
   COM Pull En.      Potential    Kinetic En.   Total Energy  Conserved En.
    7.48511e-01   -6.43550e+05    1.10395e+05   -5.33154e+05   -5.31394e+05
    Temperature Pressure (bar)   Constr. rmsd
    2.98013e+02   -2.56887e+02    2.91420e-06

           Step           Time
         127500      255.00000

   Energies (kJ/mol)
           Bond            U-B    Proper Dih.  Improper Dih.      CMAP Dih.
    1.53999e+02    5.76530e+02    4.25395e+02    2.37079e+01    1.12947e+01
          LJ-14     Coulomb-14        LJ (SR)   Coulomb (SR)   Coul. recip.
    1.00878e+02    3.14733e+03    6.94796e+04   -7.19161e+05    1.98833e+03
   COM Pull En.      Potential    Kinetic En.   Total Energy  Conserved En.
    4.54797e-01   -6.43253e+05    1.10573e+05   -5.32680e+05   -5.31377e+05
    Temperature Pressure (bar)   Constr. rmsd
    2.98492e+02   -5.03470e+01    3.68919e-06

           Step           Time
         128000      256.00000

   Energies (kJ/mol)
           Bond            U-B    Proper Dih.  Improper Dih.      CMAP Dih.
    1.64029e+02    5.86581e+02    4.53675e+02    3.10892e+01    1.09798e+01
          LJ-14     Coulomb-14        LJ (SR)   Coulomb (SR)   Coul. recip.
    9.23772e+01    3.20648e+03    6.96322e+04   -7.18976e+05    2.00367e+03
   COM Pull En.      Potential    Kinetic En.   Total Energy  Conserved En.
    2.81415e+00   -6.42792e+05    1.10116e+05   -5.32675e+05   -5.31380e+05
    Temperature Pressure (bar)   Constr. rmsd
    2.97260e+02   -2.53058e+01    2.31153e-06

           Step           Time
         128500      257.00000

   Energies (kJ/mol)
           Bond            U-B    Proper Dih.  Improper Dih.      CMAP Dih.
    1.36309e+02    5.53491e+02    4.59912e+02    3.51022e+01    9.98232e+00
          LJ-14     Coulomb-14        LJ (SR)   Coulomb (SR)   Coul. recip.
    9.71783e+01    3.15840e+03    7.00859e+04   -7.19553e+05    2.03729e+03
   COM Pull En.      Potential    Kinetic En.   Total Energy  Conserved En.
    5.63354e-01   -6.42979e+05    1.10017e+05   -5.32963e+05   -5.31291e+05
    Temperature Pressure (bar)   Constr. rmsd
    2.96990e+02    5.32480e+01    3.03052e-06

           Step           Time
         129000      258.00000

   Energies (kJ/mol)
           Bond            U-B    Proper Dih.  Improper Dih.      CMAP Dih.
    1.76321e+02    5.35148e+02    4.25341e+02    3.24573e+01    1.87080e+01
          LJ-14     Coulomb-14        LJ (SR)   Coulomb (SR)   Coul. recip.
    1.09771e+02    3.18960e+03    6.88175e+04   -7.17955e+05    2.02249e+03
   COM Pull En.      Potential    Kinetic En.   Total Energy  Conserved En.
    3.97873e-04   -6.42628e+05    1.10676e+05   -5.31952e+05   -5.31216e+05
    Temperature Pressure (bar)   Constr. rmsd
    2.98770e+02   -1.03722e+02    3.33210e-06

           Step           Time
         129500      259.00000

   Energies (kJ/mol)
           Bond            U-B    Proper Dih.  Improper Dih.      CMAP Dih.
    1.80047e+02    6.03398e+02    4.71708e+02    2.15895e+01   -1.27234e+01
          LJ-14     Coulomb-14        LJ (SR)   Coulomb (SR)   Coul. recip.
    8.77717e+01    3.14407e+03    6.80610e+04   -7.16865e+05    2.05624e+03
   COM Pull En.      Potential    Kinetic En.   Total Energy  Conserved En.
    1.37715e-02   -6.42252e+05    1.10586e+05   -5.31666e+05   -5.31174e+05
    Temperature Pressure (bar)   Constr. rmsd
    2.98528e+02   -1.95345e+02    2.53357e-06

           Step           Time
         130000      260.00000

   Energies (kJ/mol)
           Bond            U-B    Proper Dih.  Improper Dih.      CMAP Dih.
    1.83770e+02    6.41782e+02    4.46685e+02    1.95910e+01    5.57892e+00
          LJ-14     Coulomb-14        LJ (SR)   Coulomb (SR)   Coul. recip.
    1.01720e+02    3.17531e+03    7.03106e+04   -7.18823e+05    2.03281e+03
   COM Pull En.      Potential    Kinetic En.   Total Energy  Conserved En.
    1.05926e+00   -6.41904e+05    1.10407e+05   -5.31497e+05   -5.31221e+05
    Temperature Pressure (bar)   Constr. rmsd
    2.98045e+02    1.52137e+02    3.00146e-06

           Step           Time
         130500      261.00000

   Energies (kJ/mol)
           Bond            U-B    Proper Dih.  Improper Dih.      CMAP Dih.
    2.25667e+02    5.82822e+02    4.51277e+02    2.04650e+01    1.35778e+01
          LJ-14     Coulomb-14        LJ (SR)   Coulomb (SR)   Coul. recip.
    8.85664e+01    3.14536e+03    7.04767e+04   -7.18344e+05    2.10916e+03
   COM Pull En.      Potential    Kinetic En.   Total Energy  Conserved En.
    4.43898e-01   -6.41230e+05    1.10321e+05   -5.30909e+05   -5.31374e+05
    Temperature Pressure (bar)   Constr. rmsd
    2.97813e+02    1.53876e+02    2.77548e-06

           Step           Time
         131000      262.00000

   Energies (kJ/mol)
           Bond            U-B    Proper Dih.  Improper Dih.      CMAP Dih.
    1.74257e+02    6.27785e+02    4.17774e+02    1.86297e+01    3.64166e+01
          LJ-14     Coulomb-14        LJ (SR)   Coulomb (SR)   Coul. recip.
    8.75312e+01    3.12323e+03    6.99700e+04   -7.17837e+05    2.03176e+03
   COM Pull En.      Potential    Kinetic En.   Total Energy  Conserved En.
    3.35106e+00   -6.41346e+05    1.10553e+05   -5.30793e+05   -5.31271e+05
    Temperature Pressure (bar)   Constr. rmsd
    2.98439e+02    1.03072e+02    3.94576e-06

           Step           Time
         131500      263.00000

   Energies (kJ/mol)
           Bond            U-B    Proper Dih.  Improper Dih.      CMAP Dih.
    1.49235e+02    5.37253e+02    4.42058e+02    3.37839e+01    3.84859e+01
          LJ-14     Coulomb-14        LJ (SR)   Coulomb (SR)   Coul. recip.
    1.03349e+02    3.23575e+03    6.85082e+04   -7.17789e+05    2.03204e+03
   COM Pull En.      Potential    Kinetic En.   Total Energy  Conserved En.
    1.07457e+00   -6.42708e+05    1.10784e+05   -5.31923e+05   -5.31138e+05
    Temperature Pressure (bar)   Constr. rmsd
    2.99062e+02   -1.23118e+02    4.00218e-06

           Step           Time
         132000      264.00000

   Energies (kJ/mol)
           Bond            U-B    Proper Dih.  Improper Dih.      CMAP Dih.
    1.86340e+02    6.12245e+02    4.10797e+02    2.88963e+01    1.78545e+01
          LJ-14     Coulomb-14        LJ (SR)   Coulomb (SR)   Coul. recip.
    9.26845e+01    3.13254e+03    6.92666e+04   -7.18764e+05    2.03360e+03
   COM Pull En.      Potential    Kinetic En.   Total Energy  Conserved En.
    2.77966e-02   -6.42983e+05    1.11437e+05   -5.31546e+05   -5.31082e+05
    Temperature Pressure (bar)   Constr. rmsd
    3.00824e+02   -5.13354e+01    2.58114e-06

           Step           Time
         132500      265.00000

   Energies (kJ/mol)
           Bond            U-B    Proper Dih.  Improper Dih.      CMAP Dih.
    1.35016e+02    5.94845e+02    4.00257e+02    2.05845e+01    7.03616e+00
          LJ-14     Coulomb-14        LJ (SR)   Coulomb (SR)   Coul. recip.
    9.23443e+01    3.18766e+03    6.98573e+04   -7.18697e+05    1.99306e+03
   COM Pull En.      Potential    Kinetic En.   Total Energy  Conserved En.
    1.04487e+00   -6.42408e+05    1.09930e+05   -5.32478e+05   -5.31045e+05
    Temperature Pressure (bar)   Constr. rmsd
    2.96757e+02    1.12834e+02    3.65563e-06

           Step           Time
         133000      266.00000

   Energies (kJ/mol)
           Bond            U-B    Proper Dih.  Improper Dih.      CMAP Dih.
    1.48321e+02    5.26955e+02    4.01464e+02    1.43655e+01    6.82112e+01
          LJ-14     Coulomb-14        LJ (SR)   Coulomb (SR)   Coul. recip.
    1.05935e+02    3.24667e+03    6.84098e+04   -7.17567e+05    2.09979e+03
   COM Pull En.      Potential    Kinetic En.   Total Energy  Conserved En.
    3.33950e+00   -6.42542e+05    1.10051e+05   -5.32492e+05   -5.31003e+05
    Temperature Pressure (bar)   Constr. rmsd
    2.97083e+02   -9.22677e+01    2.78338e-06

           Step           Time
         133500      267.00000

   Energies (kJ/mol)
           Bond            U-B    Proper Dih.  Improper Dih.      CMAP Dih.
    1.41679e+02    6.19544e+02    4.49096e+02    2.40013e+01   -8.86301e+00
          LJ-14     Coulomb-14        LJ (SR)   Coulomb (SR)   Coul. recip.
    1.21579e+02    3.17245e+03    7.01612e+04   -7.18845e+05    2.00310e+03
   COM Pull En.      Potential    Kinetic En.   Total Energy  Conserved En.
    3.16722e+00   -6.42158e+05    1.10826e+05   -5.31333e+05   -5.31206e+05
    Temperature Pressure (bar)   Constr. rmsd
    2.99174e+02    1.41211e+02    2.51436e-06

           Step           Time
         134000      268.00000

   Energies (kJ/mol)
           Bond            U-B    Proper Dih.  Improper Dih.      CMAP Dih.
    1.43925e+02    5.81812e+02    4.34622e+02    2.23829e+01    2.17065e+01
          LJ-14     Coulomb-14        LJ (SR)   Coulomb (SR)   Coul. recip.
    1.04672e+02    3.21303e+03    6.93505e+04   -7.19186e+05    2.00525e+03
   COM Pull En.      Potential    Kinetic En.   Total Energy  Conserved En.
    3.15795e-01   -6.43308e+05    1.11830e+05   -5.31478e+05   -5.31222e+05
    Temperature Pressure (bar)   Constr. rmsd
    3.01886e+02   -5.09681e+01    2.72113e-06

           Step           Time
         134500      269.00000

   Energies (kJ/mol)
           Bond            U-B    Proper Dih.  Improper Dih.      CMAP Dih.
    1.39689e+02    5.86936e+02    4.33907e+02    2.60039e+01    1.45569e+01
          LJ-14     Coulomb-14        LJ (SR)   Coulomb (SR)   Coul. recip.
    9.73250e+01    3.13999e+03    6.92070e+04   -7.17842e+05    2.01725e+03
   COM Pull En.      Potential    Kinetic En.   Total Energy  Conserved En.
    1.92025e-01   -6.42179e+05    1.10915e+05   -5.31264e+05   -5.31383e+05
    Temperature Pressure (bar)   Constr. rmsd
    2.99415e+02   -4.88132e+01    3.32592e-06

Writing checkpoint, step 134960 at Tue Jun 23 17:14:34 2026


           Step           Time
         135000      270.00000

   Energies (kJ/mol)
           Bond            U-B    Proper Dih.  Improper Dih.      CMAP Dih.
    1.42619e+02    6.00795e+02    4.31882e+02    3.17404e+01    3.55112e+01
          LJ-14     Coulomb-14        LJ (SR)   Coulomb (SR)   Coul. recip.
    9.47002e+01    3.15932e+03    6.90099e+04   -7.17354e+05    1.97469e+03
   COM Pull En.      Potential    Kinetic En.   Total Energy  Conserved En.
    1.03051e+00   -6.41872e+05    1.10697e+05   -5.31174e+05   -5.31282e+05
    Temperature Pressure (bar)   Constr. rmsd
    2.98827e+02   -7.03030e+01    3.33934e-06

           Step           Time
         135500      271.00000

   Energies (kJ/mol)
           Bond            U-B    Proper Dih.  Improper Dih.      CMAP Dih.
    1.35114e+02    5.93825e+02    4.69680e+02    2.44130e+01    1.24857e-01
          LJ-14     Coulomb-14        LJ (SR)   Coulomb (SR)   Coul. recip.
    1.14082e+02    3.17846e+03    6.79434e+04   -7.16017e+05    2.01537e+03
   COM Pull En.      Potential    Kinetic En.   Total Energy  Conserved En.
    2.66343e+00   -6.41540e+05    1.11686e+05   -5.29854e+05   -5.31280e+05
    Temperature Pressure (bar)   Constr. rmsd
    3.01497e+02   -1.05755e+02    3.65715e-06

           Step           Time
         136000      272.00000

   Energies (kJ/mol)
           Bond            U-B    Proper Dih.  Improper Dih.      CMAP Dih.
    1.17276e+02    6.04637e+02    4.16816e+02    3.33891e+01    5.22000e+01
          LJ-14     Coulomb-14        LJ (SR)   Coulomb (SR)   Coul. recip.
    9.99459e+01    3.16767e+03    6.90473e+04   -7.16863e+05    2.02451e+03
   COM Pull En.      Potential    Kinetic En.   Total Energy  Conserved En.
    8.93239e-01   -6.41299e+05    1.10526e+05   -5.30773e+05   -5.31186e+05
    Temperature Pressure (bar)   Constr. rmsd
    2.98364e+02    1.61470e+01    3.85830e-06

           Step           Time
         136500      273.00000

   Energies (kJ/mol)
           Bond            U-B    Proper Dih.  Improper Dih.      CMAP Dih.
    1.46636e+02    5.23287e+02    4.77810e+02    2.43842e+01    4.38748e+01
          LJ-14     Coulomb-14        LJ (SR)   Coulomb (SR)   Coul. recip.
    1.14270e+02    3.21224e+03    6.91575e+04   -7.17927e+05    1.96577e+03
   COM Pull En.      Potential    Kinetic En.   Total Energy  Conserved En.
    2.16646e+00   -6.42259e+05    1.10737e+05   -5.31522e+05   -5.31170e+05
    Temperature Pressure (bar)   Constr. rmsd
    2.98935e+02    6.41144e+01    2.31187e-06

           Step           Time
         137000      274.00000

   Energies (kJ/mol)
           Bond            U-B    Proper Dih.  Improper Dih.      CMAP Dih.
    1.05804e+02    5.89154e+02    4.52485e+02    4.14177e+01    3.95237e+01
          LJ-14     Coulomb-14        LJ (SR)   Coulomb (SR)   Coul. recip.
    1.06331e+02    3.21139e+03    6.99134e+04   -7.18771e+05    2.05825e+03
   COM Pull En.      Potential    Kinetic En.   Total Energy  Conserved En.
    2.66683e-02   -6.42253e+05    1.10465e+05   -5.31788e+05   -5.31321e+05
    Temperature Pressure (bar)   Constr. rmsd
    2.98201e+02    1.08543e+02    3.24482e-06

           Step           Time
         137500      275.00000

   Energies (kJ/mol)
           Bond            U-B    Proper Dih.  Improper Dih.      CMAP Dih.
    1.33652e+02    5.52595e+02    4.24024e+02    1.76667e+01    8.77893e+01
          LJ-14     Coulomb-14        LJ (SR)   Coulomb (SR)   Coul. recip.
    8.50775e+01    3.17780e+03    7.01349e+04   -7.19377e+05    1.93724e+03
   COM Pull En.      Potential    Kinetic En.   Total Energy  Conserved En.
    1.28324e-01   -6.42826e+05    1.10820e+05   -5.32006e+05   -5.31266e+05
    Temperature Pressure (bar)   Constr. rmsd
    2.99160e+02    6.23754e+01    3.49574e-06

           Step           Time
         138000      276.00000

   Energies (kJ/mol)
           Bond            U-B    Proper Dih.  Improper Dih.      CMAP Dih.
    1.32011e+02    6.01220e+02    4.40355e+02    3.01279e+01    3.09526e+01
          LJ-14     Coulomb-14        LJ (SR)   Coulomb (SR)   Coul. recip.
    1.20234e+02    3.15789e+03    7.00640e+04   -7.18973e+05    2.03478e+03
   COM Pull En.      Potential    Kinetic En.   Total Energy  Conserved En.
    1.03118e-02   -6.42361e+05    1.11133e+05   -5.31228e+05   -5.31472e+05
    Temperature Pressure (bar)   Constr. rmsd
    3.00004e+02    5.41790e+01    2.52575e-06

           Step           Time
         138500      277.00000

   Energies (kJ/mol)
           Bond            U-B    Proper Dih.  Improper Dih.      CMAP Dih.
    1.59513e+02    6.25292e+02    4.61022e+02    2.31821e+01    3.18877e+01
          LJ-14     Coulomb-14        LJ (SR)   Coulomb (SR)   Coul. recip.
    9.44501e+01    3.14110e+03    6.95295e+04   -7.18260e+05    2.00292e+03
   COM Pull En.      Potential    Kinetic En.   Total Energy  Conserved En.
    3.40885e-01   -6.42190e+05    1.10753e+05   -5.31438e+05   -5.31556e+05
    Temperature Pressure (bar)   Constr. rmsd
    2.98977e+02   -2.39350e+01    3.89371e-06

           Step           Time
         139000      278.00000

   Energies (kJ/mol)
           Bond            U-B    Proper Dih.  Improper Dih.      CMAP Dih.
    1.42601e+02    5.65034e+02    4.54657e+02    2.18791e+01    4.07002e+01
          LJ-14     Coulomb-14        LJ (SR)   Coulomb (SR)   Coul. recip.
    1.05284e+02    3.15762e+03    7.00594e+04   -7.19017e+05    1.95204e+03
   COM Pull En.      Potential    Kinetic En.   Total Energy  Conserved En.
    1.45819e-01   -6.42518e+05    1.10584e+05   -5.31934e+05   -5.31598e+05
    Temperature Pressure (bar)   Constr. rmsd
    2.98521e+02    2.89290e+01    2.49849e-06

           Step           Time
         139500      279.00000

   Energies (kJ/mol)
           Bond            U-B    Proper Dih.  Improper Dih.      CMAP Dih.
    1.72118e+02    5.13226e+02    4.58220e+02    3.25607e+01    3.77533e+01
          LJ-14     Coulomb-14        LJ (SR)   Coulomb (SR)   Coul. recip.
    1.04536e+02    3.17713e+03    6.96594e+04   -7.18693e+05    1.97659e+03
   COM Pull En.      Potential    Kinetic En.   Total Energy  Conserved En.
    1.82295e+00   -6.42560e+05    1.10140e+05   -5.32420e+05   -5.31507e+05
    Temperature Pressure (bar)   Constr. rmsd
    2.97324e+02   -4.91354e+01    2.77298e-06

           Step           Time
         140000      280.00000

   Energies (kJ/mol)
           Bond            U-B    Proper Dih.  Improper Dih.      CMAP Dih.
    1.92724e+02    5.70755e+02    4.25726e+02    2.13706e+01    2.09738e+01
          LJ-14     Coulomb-14        LJ (SR)   Coulomb (SR)   Coul. recip.
    1.04842e+02    3.15663e+03    6.84633e+04   -7.17446e+05    1.99780e+03
   COM Pull En.      Potential    Kinetic En.   Total Energy  Conserved En.
    8.67836e-01   -6.42491e+05    1.11279e+05   -5.31213e+05   -5.31314e+05
    Temperature Pressure (bar)   Constr. rmsd
    3.00397e+02   -1.49761e+02    2.78547e-06

           Step           Time
         140500      281.00000

   Energies (kJ/mol)
           Bond            U-B    Proper Dih.  Improper Dih.      CMAP Dih.
    1.41986e+02    6.04294e+02    4.29091e+02    3.21103e+01    1.93249e+01
          LJ-14     Coulomb-14        LJ (SR)   Coulomb (SR)   Coul. recip.
    9.25724e+01    3.16569e+03    6.81676e+04   -7.16360e+05    2.07533e+03
   COM Pull En.      Potential    Kinetic En.   Total Energy  Conserved En.
    8.07482e-01   -6.41631e+05    1.09731e+05   -5.31900e+05   -5.31238e+05
    Temperature Pressure (bar)   Constr. rmsd
    2.96219e+02   -1.53482e+02    2.11570e-06

           Step           Time
         141000      282.00000

   Energies (kJ/mol)
           Bond            U-B    Proper Dih.  Improper Dih.      CMAP Dih.
    1.37333e+02    5.23730e+02    4.32441e+02    2.67559e+01    2.30780e+01
          LJ-14     Coulomb-14        LJ (SR)   Coulomb (SR)   Coul. recip.
    9.63601e+01    3.21397e+03    6.94939e+04   -7.18098e+05    2.03823e+03
   COM Pull En.      Potential    Kinetic En.   Total Energy  Conserved En.
    5.98035e-02   -6.42112e+05    1.10671e+05   -5.31441e+05   -5.31251e+05
    Temperature Pressure (bar)   Constr. rmsd
    2.98756e+02    4.51953e+01    3.77715e-06

           Step           Time
         141500      283.00000

   Energies (kJ/mol)
           Bond            U-B    Proper Dih.  Improper Dih.      CMAP Dih.
    1.48768e+02    6.20147e+02    4.50560e+02    1.63043e+01    5.47011e+00
          LJ-14     Coulomb-14        LJ (SR)   Coulomb (SR)   Coul. recip.
    1.10655e+02    3.15408e+03    6.83307e+04   -7.16881e+05    1.99112e+03
   COM Pull En.      Potential    Kinetic En.   Total Energy  Conserved En.
    1.15902e-02   -6.42053e+05    1.10807e+05   -5.31246e+05   -5.31191e+05
    Temperature Pressure (bar)   Constr. rmsd
    2.99125e+02   -1.09980e+02    2.63466e-06

           Step           Time
         142000      284.00000

   Energies (kJ/mol)
           Bond            U-B    Proper Dih.  Improper Dih.      CMAP Dih.
    1.42635e+02    5.77459e+02    4.25728e+02    3.11552e+01    1.58311e+01
          LJ-14     Coulomb-14        LJ (SR)   Coulomb (SR)   Coul. recip.
    1.13786e+02    3.19176e+03    6.98662e+04   -7.18800e+05    1.99906e+03
   COM Pull En.      Potential    Kinetic En.   Total Energy  Conserved En.
    9.28853e-01   -6.42435e+05    1.10748e+05   -5.31687e+05   -5.31327e+05
    Temperature Pressure (bar)   Constr. rmsd
    2.98965e+02    4.63300e+01    2.39520e-06

           Step           Time
         142500      285.00000

   Energies (kJ/mol)
           Bond            U-B    Proper Dih.  Improper Dih.      CMAP Dih.
    1.27959e+02    6.08924e+02    4.16421e+02    2.79308e+01    1.26882e+01
          LJ-14     Coulomb-14        LJ (SR)   Coulomb (SR)   Coul. recip.
    9.36914e+01    3.17627e+03    7.09382e+04   -7.19531e+05    2.04312e+03
   COM Pull En.      Potential    Kinetic En.   Total Energy  Conserved En.
    3.45682e-01   -6.42085e+05    1.10898e+05   -5.31187e+05   -5.31242e+05
    Temperature Pressure (bar)   Constr. rmsd
    2.99369e+02    2.82850e+02    3.39244e-06

           Step           Time
         143000      286.00000

   Energies (kJ/mol)
           Bond            U-B    Proper Dih.  Improper Dih.      CMAP Dih.
    1.61700e+02    5.89232e+02    4.42382e+02    4.82819e+01    1.50628e+01
          LJ-14     Coulomb-14        LJ (SR)   Coulomb (SR)   Coul. recip.
    1.01737e+02    3.18191e+03    6.92662e+04   -7.17853e+05    2.08056e+03
   COM Pull En.      Potential    Kinetic En.   Total Energy  Conserved En.
    4.68621e-01   -6.41965e+05    1.10698e+05   -5.31267e+05   -5.31340e+05
    Temperature Pressure (bar)   Constr. rmsd
    2.98830e+02   -2.41127e+01    2.65756e-06

           Step           Time
         143500      287.00000

   Energies (kJ/mol)
           Bond            U-B    Proper Dih.  Improper Dih.      CMAP Dih.
    1.24020e+02    5.79638e+02    4.62093e+02    4.00537e+01    2.67776e+01
          LJ-14     Coulomb-14        LJ (SR)   Coulomb (SR)   Coul. recip.
    1.09952e+02    3.23077e+03    6.88598e+04   -7.16694e+05    2.06431e+03
   COM Pull En.      Potential    Kinetic En.   Total Energy  Conserved En.
    1.03922e+00   -6.41196e+05    1.10749e+05   -5.30447e+05   -5.31274e+05
    Temperature Pressure (bar)   Constr. rmsd
    2.98966e+02    5.84693e+01    4.12395e-06

Writing checkpoint, step 143920 at Tue Jun 23 17:29:28 2026


           Step           Time
         144000      288.00000

   Energies (kJ/mol)
           Bond            U-B    Proper Dih.  Improper Dih.      CMAP Dih.
    1.62994e+02    6.02010e+02    4.37009e+02    3.80946e+01    3.76236e+00
          LJ-14     Coulomb-14        LJ (SR)   Coulomb (SR)   Coul. recip.
    1.00053e+02    3.16780e+03    6.90490e+04   -7.18112e+05    2.01087e+03
   COM Pull En.      Potential    Kinetic En.   Total Energy  Conserved En.
    1.74781e+00   -6.42539e+05    1.11205e+05   -5.31334e+05   -5.31327e+05
    Temperature Pressure (bar)   Constr. rmsd
    3.00198e+02   -2.21101e+01    2.65336e-06

           Step           Time
         144500      289.00000

   Energies (kJ/mol)
           Bond            U-B    Proper Dih.  Improper Dih.      CMAP Dih.
    1.32552e+02    6.30269e+02    4.67016e+02    4.48300e+01   -1.16149e+01
          LJ-14     Coulomb-14        LJ (SR)   Coulomb (SR)   Coul. recip.
    9.60315e+01    3.15681e+03    6.96680e+04   -7.18092e+05    2.03799e+03
   COM Pull En.      Potential    Kinetic En.   Total Energy  Conserved En.
    1.63311e+00   -6.41869e+05    1.09822e+05   -5.32047e+05   -5.31313e+05
    Temperature Pressure (bar)   Constr. rmsd
    2.96465e+02    3.61039e+01    3.25291e-06

           Step           Time
         145000      290.00000

   Energies (kJ/mol)
           Bond            U-B    Proper Dih.  Improper Dih.      CMAP Dih.
    1.57844e+02    5.74680e+02    4.66630e+02    3.49677e+01    1.41976e+01
          LJ-14     Coulomb-14        LJ (SR)   Coulomb (SR)   Coul. recip.
    1.02713e+02    3.20006e+03    6.91708e+04   -7.17526e+05    1.99586e+03
   COM Pull En.      Potential    Kinetic En.   Total Energy  Conserved En.
    1.81159e+00   -6.41806e+05    1.10790e+05   -5.31017e+05   -5.31490e+05
    Temperature Pressure (bar)   Constr. rmsd
    2.99077e+02   -9.04999e+01    3.00569e-06

           Step           Time
         145500      291.00000

   Energies (kJ/mol)
           Bond            U-B    Proper Dih.  Improper Dih.      CMAP Dih.
    1.65775e+02    5.59771e+02    4.43428e+02    1.82031e+01    4.44640e+01
          LJ-14     Coulomb-14        LJ (SR)   Coulomb (SR)   Coul. recip.
    1.17402e+02    3.22641e+03    6.95754e+04   -7.17269e+05    2.07059e+03
   COM Pull En.      Potential    Kinetic En.   Total Energy  Conserved En.
    1.99687e-01   -6.41048e+05    1.10354e+05   -5.30694e+05   -5.31431e+05
    Temperature Pressure (bar)   Constr. rmsd
    2.97900e+02    7.37768e+01    3.43622e-06

           Step           Time
         146000      292.00000

   Energies (kJ/mol)
           Bond            U-B    Proper Dih.  Improper Dih.      CMAP Dih.
    1.51797e+02    5.45626e+02    4.26224e+02    1.88094e+01    4.26850e+01
          LJ-14     Coulomb-14        LJ (SR)   Coulomb (SR)   Coul. recip.
    9.56159e+01    3.22640e+03    6.87173e+04   -7.16808e+05    1.98278e+03
   COM Pull En.      Potential    Kinetic En.   Total Energy  Conserved En.
    3.03285e+00   -6.41598e+05    1.09658e+05   -5.31939e+05   -5.31416e+05
    Temperature Pressure (bar)   Constr. rmsd
    2.96023e+02   -8.00338e+01    3.73664e-06

           Step           Time
         146500      293.00000

   Energies (kJ/mol)
           Bond            U-B    Proper Dih.  Improper Dih.      CMAP Dih.
    1.48848e+02    5.59044e+02    4.37605e+02    4.07347e+01    3.61550e+01
          LJ-14     Coulomb-14        LJ (SR)   Coulomb (SR)   Coul. recip.
    9.32278e+01    3.20895e+03    6.95741e+04   -7.18725e+05    1.96437e+03
   COM Pull En.      Potential    Kinetic En.   Total Energy  Conserved En.
    5.44998e+00   -6.42656e+05    1.09836e+05   -5.32820e+05   -5.31420e+05
    Temperature Pressure (bar)   Constr. rmsd
    2.96503e+02   -4.11645e+01    3.32927e-06

           Step           Time
         147000      294.00000

   Energies (kJ/mol)
           Bond            U-B    Proper Dih.  Improper Dih.      CMAP Dih.
    1.99772e+02    5.46184e+02    4.39800e+02    3.11803e+01    1.42187e+01
          LJ-14     Coulomb-14        LJ (SR)   Coulomb (SR)   Coul. recip.
    9.81859e+01    3.19085e+03    6.89774e+04   -7.17290e+05    2.01919e+03
   COM Pull En.      Potential    Kinetic En.   Total Energy  Conserved En.
    2.30625e+00   -6.41771e+05    1.09956e+05   -5.31815e+05   -5.31498e+05
    Temperature Pressure (bar)   Constr. rmsd
    2.96826e+02   -1.12699e+02    2.28564e-06

           Step           Time
         147500      295.00000

   Energies (kJ/mol)
           Bond            U-B    Proper Dih.  Improper Dih.      CMAP Dih.
    1.71114e+02    5.52220e+02    4.98538e+02    2.48263e+01    7.52463e+00
          LJ-14     Coulomb-14        LJ (SR)   Coulomb (SR)   Coul. recip.
    9.54273e+01    3.14268e+03    7.04674e+04   -7.19781e+05    2.04298e+03
   COM Pull En.      Potential    Kinetic En.   Total Energy  Conserved En.
    3.49858e+00   -6.42775e+05    1.10297e+05   -5.32478e+05   -5.31718e+05
    Temperature Pressure (bar)   Constr. rmsd
    2.97746e+02    3.16078e+01    3.12675e-06

           Step           Time
         148000      296.00000

   Energies (kJ/mol)
           Bond            U-B    Proper Dih.  Improper Dih.      CMAP Dih.
    1.58088e+02    5.84756e+02    4.18946e+02    2.92500e+01   -3.23101e+00
          LJ-14     Coulomb-14        LJ (SR)   Coulomb (SR)   Coul. recip.
    1.08672e+02    3.23165e+03    6.97257e+04   -7.19450e+05    1.95280e+03
   COM Pull En.      Potential    Kinetic En.   Total Energy  Conserved En.
    1.04518e+00   -6.43242e+05    1.10513e+05   -5.32729e+05   -5.31681e+05
    Temperature Pressure (bar)   Constr. rmsd
    2.98331e+02   -8.19903e+01    3.21120e-06

           Step           Time
         148500      297.00000

   Energies (kJ/mol)
           Bond            U-B    Proper Dih.  Improper Dih.      CMAP Dih.
    1.67151e+02    5.29005e+02    4.28883e+02    2.59883e+01    3.58715e+00
          LJ-14     Coulomb-14        LJ (SR)   Coulomb (SR)   Coul. recip.
    8.66025e+01    3.21659e+03    7.08909e+04   -7.21315e+05    2.09474e+03
   COM Pull En.      Potential    Kinetic En.   Total Energy  Conserved En.
    3.81977e+00   -6.43868e+05    1.11071e+05   -5.32797e+05   -5.31701e+05
    Temperature Pressure (bar)   Constr. rmsd
    2.99838e+02    1.39434e+01    2.96366e-06

           Step           Time
         149000      298.00000

   Energies (kJ/mol)
           Bond            U-B    Proper Dih.  Improper Dih.      CMAP Dih.
    1.68229e+02    5.79700e+02    4.20476e+02    1.69356e+01    1.93257e+01
          LJ-14     Coulomb-14        LJ (SR)   Coulomb (SR)   Coul. recip.
    9.41375e+01    3.20558e+03    6.97226e+04   -7.17805e+05    1.99914e+03
   COM Pull En.      Potential    Kinetic En.   Total Energy  Conserved En.
    6.67958e-01   -6.41578e+05    1.10023e+05   -5.31555e+05   -5.31798e+05
    Temperature Pressure (bar)   Constr. rmsd
    2.97008e+02   -1.93904e+01    2.86375e-06

           Step           Time
         149500      299.00000

   Energies (kJ/mol)
           Bond            U-B    Proper Dih.  Improper Dih.      CMAP Dih.
    1.82694e+02    5.87405e+02    4.36911e+02    3.92880e+01    1.17329e+01
          LJ-14     Coulomb-14        LJ (SR)   Coulomb (SR)   Coul. recip.
    1.09668e+02    3.15443e+03    6.97241e+04   -7.17918e+05    1.98733e+03
   COM Pull En.      Potential    Kinetic En.   Total Energy  Conserved En.
    1.60690e-02   -6.41685e+05    1.11401e+05   -5.30284e+05   -5.31756e+05
    Temperature Pressure (bar)   Constr. rmsd
    3.00727e+02   -1.57658e+01    3.31831e-06

           Step           Time
         150000      300.00000

   Energies (kJ/mol)
           Bond            U-B    Proper Dih.  Improper Dih.      CMAP Dih.
    1.38466e+02    5.56758e+02    4.27740e+02    3.32975e+01    3.17367e+01
          LJ-14     Coulomb-14        LJ (SR)   Coulomb (SR)   Coul. recip.
    1.01974e+02    3.19589e+03    6.91870e+04   -7.17433e+05    1.96975e+03
   COM Pull En.      Potential    Kinetic En.   Total Energy  Conserved En.
    1.17160e+00   -6.41789e+05    1.10479e+05   -5.31310e+05   -5.31811e+05
    Temperature Pressure (bar)   Constr. rmsd
    2.98240e+02   -1.21442e+02    3.99839e-06

           Step           Time
         150500      301.00000

   Energies (kJ/mol)
           Bond            U-B    Proper Dih.  Improper Dih.      CMAP Dih.
    1.32384e+02    5.12160e+02    4.41013e+02    2.51118e+01    3.70225e+00
          LJ-14     Coulomb-14        LJ (SR)   Coulomb (SR)   Coul. recip.
    1.24610e+02    3.19955e+03    6.79543e+04   -7.17633e+05    2.12676e+03
   COM Pull En.      Potential    Kinetic En.   Total Energy  Conserved En.
    6.35477e-03   -6.43114e+05    1.10518e+05   -5.32596e+05   -5.31747e+05
    Temperature Pressure (bar)   Constr. rmsd
    2.98344e+02   -3.07460e+02    4.16760e-06

           Step           Time
         151000      302.00000

   Energies (kJ/mol)
           Bond            U-B    Proper Dih.  Improper Dih.      CMAP Dih.
    1.42536e+02    5.39481e+02    4.45944e+02    1.31607e+01    6.07441e+00
          LJ-14     Coulomb-14        LJ (SR)   Coulomb (SR)   Coul. recip.
    8.92261e+01    3.14220e+03    6.97048e+04   -7.18480e+05    2.01204e+03
   COM Pull En.      Potential    Kinetic En.   Total Energy  Conserved En.
    1.04573e-02   -6.42385e+05    1.09469e+05   -5.32915e+05   -5.31768e+05
    Temperature Pressure (bar)   Constr. rmsd
    2.95513e+02   -7.20684e+01    3.83179e-06

           Step           Time
         151500      303.00000

   Energies (kJ/mol)
           Bond            U-B    Proper Dih.  Improper Dih.      CMAP Dih.
    1.56257e+02    5.47183e+02    4.31930e+02    2.47273e+01    2.73161e+01
          LJ-14     Coulomb-14        LJ (SR)   Coulomb (SR)   Coul. recip.
    1.08443e+02    3.21116e+03    7.12477e+04   -7.20380e+05    2.00483e+03
   COM Pull En.      Potential    Kinetic En.   Total Energy  Conserved En.
    2.99003e-03   -6.42620e+05    1.10349e+05   -5.32271e+05   -5.31823e+05
    Temperature Pressure (bar)   Constr. rmsd
    2.97888e+02    1.37527e+02    3.29947e-06

           Step           Time
         152000      304.00000

   Energies (kJ/mol)
           Bond            U-B    Proper Dih.  Improper Dih.      CMAP Dih.
    1.24562e+02    5.10132e+02    4.51208e+02    4.72056e+01    6.64936e+00
          LJ-14     Coulomb-14        LJ (SR)   Coulomb (SR)   Coul. recip.
    1.14496e+02    3.18767e+03    6.88268e+04   -7.17506e+05    2.01746e+03
   COM Pull En.      Potential    Kinetic En.   Total Energy  Conserved En.
    3.79283e-01   -6.42219e+05    1.09980e+05   -5.32239e+05   -5.31633e+05
    Temperature Pressure (bar)   Constr. rmsd
    2.96892e+02   -1.22028e+02    3.69343e-06

           Step           Time
         152500      305.00000

   Energies (kJ/mol)
           Bond            U-B    Proper Dih.  Improper Dih.      CMAP Dih.
    1.79745e+02    5.39753e+02    4.49717e+02    4.83963e+01    1.28785e+01
          LJ-14     Coulomb-14        LJ (SR)   Coulomb (SR)   Coul. recip.
    1.20430e+02    3.15584e+03    6.99793e+04   -7.19124e+05    2.04930e+03
   COM Pull En.      Potential    Kinetic En.   Total Energy  Conserved En.
    2.21642e+00   -6.42587e+05    1.10438e+05   -5.32148e+05   -5.31543e+05
    Temperature Pressure (bar)   Constr. rmsd
    2.98129e+02    5.90127e+01    3.68441e-06

Writing checkpoint, step 152960 at Tue Jun 23 17:44:36 2026


           Step           Time
         153000      306.00000

   Energies (kJ/mol)
           Bond            U-B    Proper Dih.  Improper Dih.      CMAP Dih.
    1.66867e+02    5.22846e+02    4.11351e+02    2.35928e+01    2.46797e+01
          LJ-14     Coulomb-14        LJ (SR)   Coulomb (SR)   Coul. recip.
    1.16110e+02    3.17391e+03    7.07338e+04   -7.19486e+05    1.96052e+03
   COM Pull En.      Potential    Kinetic En.   Total Energy  Conserved En.
    2.70478e-01   -6.42352e+05    1.11022e+05   -5.31330e+05   -5.31535e+05
    Temperature Pressure (bar)   Constr. rmsd
    2.99705e+02    1.14226e+02    3.43656e-06

           Step           Time
         153500      307.00000

   Energies (kJ/mol)
           Bond            U-B    Proper Dih.  Improper Dih.      CMAP Dih.
    1.56201e+02    4.95312e+02    4.34904e+02    2.32975e+01    9.05541e+00
          LJ-14     Coulomb-14        LJ (SR)   Coulomb (SR)   Coul. recip.
    1.11589e+02    3.18688e+03    6.92937e+04   -7.18436e+05    2.05559e+03
   COM Pull En.      Potential    Kinetic En.   Total Energy  Conserved En.
    6.32349e-06   -6.42670e+05    1.10617e+05   -5.32052e+05   -5.31397e+05
    Temperature Pressure (bar)   Constr. rmsd
    2.98612e+02   -2.59770e+01    3.26527e-06

           Step           Time
         154000      308.00000

   Energies (kJ/mol)
           Bond            U-B    Proper Dih.  Improper Dih.      CMAP Dih.
    1.82378e+02    5.83622e+02    4.11828e+02    2.90626e+01    5.37834e+00
          LJ-14     Coulomb-14        LJ (SR)   Coulomb (SR)   Coul. recip.
    1.08678e+02    3.21794e+03    7.02236e+04   -7.18807e+05    2.05176e+03
   COM Pull En.      Potential    Kinetic En.   Total Energy  Conserved En.
    7.55794e-01   -6.41992e+05    1.11106e+05   -5.30886e+05   -5.31437e+05
    Temperature Pressure (bar)   Constr. rmsd
    2.99931e+02    1.39788e+02    3.44204e-06

           Step           Time
         154500      309.00000

   Energies (kJ/mol)
           Bond            U-B    Proper Dih.  Improper Dih.      CMAP Dih.
    1.65023e+02    5.87891e+02    3.98086e+02    2.07248e+01   -1.49472e+01
          LJ-14     Coulomb-14        LJ (SR)   Coulomb (SR)   Coul. recip.
    1.01153e+02    3.19389e+03    6.98081e+04   -7.18578e+05    2.08343e+03
   COM Pull En.      Potential    Kinetic En.   Total Energy  Conserved En.
    1.85357e+00   -6.42233e+05    1.10965e+05   -5.31268e+05   -5.31423e+05
    Temperature Pressure (bar)   Constr. rmsd
    2.99551e+02    5.59515e+01    3.21118e-06

           Step           Time
         155000      310.00000

   Energies (kJ/mol)
           Bond            U-B    Proper Dih.  Improper Dih.      CMAP Dih.
    1.88664e+02    5.66625e+02    4.17991e+02    3.51232e+01    2.76735e+01
          LJ-14     Coulomb-14        LJ (SR)   Coulomb (SR)   Coul. recip.
    9.95979e+01    3.18353e+03    6.97768e+04   -7.18168e+05    2.01070e+03
   COM Pull En.      Potential    Kinetic En.   Total Energy  Conserved En.
    1.85484e+00   -6.41860e+05    1.10448e+05   -5.31411e+05   -5.31600e+05
    Temperature Pressure (bar)   Constr. rmsd
    2.98156e+02   -4.53940e+00    2.65477e-06

           Step           Time
         155500      311.00000

   Energies (kJ/mol)
           Bond            U-B    Proper Dih.  Improper Dih.      CMAP Dih.
    1.87407e+02    5.78915e+02    4.09613e+02    3.69709e+01   -2.32862e+01
          LJ-14     Coulomb-14        LJ (SR)   Coulomb (SR)   Coul. recip.
    9.29000e+01    3.12791e+03    7.06231e+04   -7.19234e+05    2.05148e+03
   COM Pull En.      Potential    Kinetic En.   Total Energy  Conserved En.
    2.72322e-01   -6.42149e+05    1.10675e+05   -5.31474e+05   -5.31794e+05
    Temperature Pressure (bar)   Constr. rmsd
    2.98768e+02    4.80680e+01    2.84616e-06

           Step           Time
         156000      312.00000

   Energies (kJ/mol)
           Bond            U-B    Proper Dih.  Improper Dih.      CMAP Dih.
    1.62567e+02    5.83480e+02    4.12810e+02    2.16171e+01   -4.18661e+00
          LJ-14     Coulomb-14        LJ (SR)   Coulomb (SR)   Coul. recip.
    9.48271e+01    3.18923e+03    6.89877e+04   -7.17722e+05    2.04724e+03
   COM Pull En.      Potential    Kinetic En.   Total Energy  Conserved En.
    4.29060e-01   -6.42226e+05    1.10514e+05   -5.31712e+05   -5.31763e+05
    Temperature Pressure (bar)   Constr. rmsd
    2.98334e+02   -1.63237e+02    3.64582e-06

           Step           Time
         156500      313.00000

   Energies (kJ/mol)
           Bond            U-B    Proper Dih.  Improper Dih.      CMAP Dih.
    1.50837e+02    5.43497e+02    4.12573e+02    2.01607e+01   -1.66502e+01
          LJ-14     Coulomb-14        LJ (SR)   Coulomb (SR)   Coul. recip.
    1.07593e+02    3.20355e+03    7.06921e+04   -7.20279e+05    2.08928e+03
   COM Pull En.      Potential    Kinetic En.   Total Energy  Conserved En.
    5.86182e-01   -6.43075e+05    1.10509e+05   -5.32566e+05   -5.31821e+05
    Temperature Pressure (bar)   Constr. rmsd
    2.98320e+02    4.49866e+01    2.93389e-06

           Step           Time
         157000      314.00000

   Energies (kJ/mol)
           Bond            U-B    Proper Dih.  Improper Dih.      CMAP Dih.
    1.37565e+02    5.52045e+02    4.05583e+02    1.41267e+01    1.12648e+01
          LJ-14     Coulomb-14        LJ (SR)   Coulomb (SR)   Coul. recip.
    1.04690e+02    3.20570e+03    6.97427e+04   -7.18828e+05    1.98950e+03
   COM Pull En.      Potential    Kinetic En.   Total Energy  Conserved En.
    1.45705e-01   -6.42665e+05    1.09772e+05   -5.32893e+05   -5.31707e+05
    Temperature Pressure (bar)   Constr. rmsd
    2.96330e+02   -5.32543e+01    2.62763e-06

           Step           Time
         157500      315.00000

   Energies (kJ/mol)
           Bond            U-B    Proper Dih.  Improper Dih.      CMAP Dih.
    1.79641e+02    5.67903e+02    3.91393e+02    1.74973e+01   -5.81075e+00
          LJ-14     Coulomb-14        LJ (SR)   Coulomb (SR)   Coul. recip.
    9.92098e+01    3.11698e+03    6.92815e+04   -7.19571e+05    1.95646e+03
   COM Pull En.      Potential    Kinetic En.   Total Energy  Conserved En.
    1.47539e+00   -6.43964e+05    1.10309e+05   -5.33655e+05   -5.31852e+05
    Temperature Pressure (bar)   Constr. rmsd
    2.97780e+02   -2.01834e+02    2.97995e-06

           Step           Time
         158000      316.00000

   Energies (kJ/mol)
           Bond            U-B    Proper Dih.  Improper Dih.      CMAP Dih.
    1.62836e+02    5.81122e+02    3.94469e+02    2.13955e+01   -5.27424e-01
          LJ-14     Coulomb-14        LJ (SR)   Coulomb (SR)   Coul. recip.
    9.93172e+01    3.16161e+03    7.01092e+04   -7.19991e+05    2.04199e+03
   COM Pull En.      Potential    Kinetic En.   Total Energy  Conserved En.
    6.07839e-02   -6.43419e+05    1.10033e+05   -5.33387e+05   -5.31825e+05
    Temperature Pressure (bar)   Constr. rmsd
    2.97033e+02   -5.08859e+01    3.22824e-06

           Step           Time
         158500      317.00000

   Energies (kJ/mol)
           Bond            U-B    Proper Dih.  Improper Dih.      CMAP Dih.
    1.45161e+02    5.95226e+02    3.75792e+02    1.47135e+01   -1.87436e+01
          LJ-14     Coulomb-14        LJ (SR)   Coulomb (SR)   Coul. recip.
    9.53983e+01    3.18552e+03    6.92157e+04   -7.18680e+05    1.94483e+03
   COM Pull En.      Potential    Kinetic En.   Total Energy  Conserved En.
    1.20117e-01   -6.43126e+05    1.10486e+05   -5.32640e+05   -5.31861e+05
    Temperature Pressure (bar)   Constr. rmsd
    2.98257e+02   -1.83468e+02    2.38438e-06

           Step           Time
         159000      318.00000

   Energies (kJ/mol)
           Bond            U-B    Proper Dih.  Improper Dih.      CMAP Dih.
    1.55177e+02    5.81217e+02    4.06517e+02    3.18577e+01   -1.72290e+01
          LJ-14     Coulomb-14        LJ (SR)   Coulomb (SR)   Coul. recip.
    1.05015e+02    3.16324e+03    6.89166e+04   -7.17801e+05    2.06808e+03
   COM Pull En.      Potential    Kinetic En.   Total Energy  Conserved En.
    1.40889e-02   -6.42391e+05    1.10077e+05   -5.32313e+05   -5.31703e+05
    Temperature Pressure (bar)   Constr. rmsd
    2.97154e+02   -1.75884e+02    2.84713e-06

           Step           Time
         159500      319.00000

   Energies (kJ/mol)
           Bond            U-B    Proper Dih.  Improper Dih.      CMAP Dih.
    1.71625e+02    5.65371e+02    3.92383e+02    1.70025e+01    2.07270e+01
          LJ-14     Coulomb-14        LJ (SR)   Coulomb (SR)   Coul. recip.
    1.27871e+02    3.20860e+03    6.94359e+04   -7.18180e+05    2.01708e+03
   COM Pull En.      Potential    Kinetic En.   Total Energy  Conserved En.
    1.12891e+00   -6.42222e+05    1.10714e+05   -5.31508e+05   -5.31688e+05
    Temperature Pressure (bar)   Constr. rmsd
    2.98873e+02   -8.81393e+01    2.56060e-06

           Step           Time
         160000      320.00000

   Energies (kJ/mol)
           Bond            U-B    Proper Dih.  Improper Dih.      CMAP Dih.
    1.75954e+02    5.26784e+02    4.28869e+02    1.84259e+01   -1.86321e+00
          LJ-14     Coulomb-14        LJ (SR)   Coulomb (SR)   Coul. recip.
    1.18472e+02    3.20205e+03    6.81642e+04   -7.17673e+05    1.96864e+03
   COM Pull En.      Potential    Kinetic En.   Total Energy  Conserved En.
    1.05177e-01   -6.43071e+05    1.10454e+05   -5.32617e+05   -5.31530e+05
    Temperature Pressure (bar)   Constr. rmsd
    2.98172e+02   -2.38845e+02    3.02812e-06

           Step           Time
         160500      321.00000

   Energies (kJ/mol)
           Bond            U-B    Proper Dih.  Improper Dih.      CMAP Dih.
    1.46927e+02    5.90709e+02    4.04885e+02    3.73284e+01    2.59098e+01
          LJ-14     Coulomb-14        LJ (SR)   Coulomb (SR)   Coul. recip.
    1.09523e+02    3.19528e+03    7.05218e+04   -7.20127e+05    2.03272e+03
   COM Pull En.      Potential    Kinetic En.   Total Energy  Conserved En.
    3.18976e+00   -6.43059e+05    1.10342e+05   -5.32718e+05   -5.31582e+05
    Temperature Pressure (bar)   Constr. rmsd
    2.97867e+02    9.45222e+01    3.37030e-06

           Step           Time
         161000      322.00000

   Energies (kJ/mol)
           Bond            U-B    Proper Dih.  Improper Dih.      CMAP Dih.
    1.34278e+02    5.94972e+02    4.17787e+02    1.64361e+01    1.87766e+01
          LJ-14     Coulomb-14        LJ (SR)   Coulomb (SR)   Coul. recip.
    1.01235e+02    3.19472e+03    6.91235e+04   -7.18479e+05    2.03470e+03
   COM Pull En.      Potential    Kinetic En.   Total Energy  Conserved En.
    3.76281e-01   -6.42842e+05    1.08922e+05   -5.33920e+05   -5.31666e+05
    Temperature Pressure (bar)   Constr. rmsd
    2.94034e+02   -1.52808e+02    3.41209e-06

           Step           Time
         161500      323.00000

   Energies (kJ/mol)
           Bond            U-B    Proper Dih.  Improper Dih.      CMAP Dih.
    1.34277e+02    5.31518e+02    4.28443e+02    2.07615e+01    4.76591e+00
          LJ-14     Coulomb-14        LJ (SR)   Coulomb (SR)   Coul. recip.
    1.07694e+02    3.19221e+03    7.02454e+04   -7.21383e+05    1.93226e+03
   COM Pull En.      Potential    Kinetic En.   Total Energy  Conserved En.
    8.49282e-01   -6.44785e+05    1.10196e+05   -5.34589e+05   -5.31534e+05
    Temperature Pressure (bar)   Constr. rmsd
    2.97473e+02   -3.72762e+01    2.46985e-06

Writing checkpoint, step 161920 at Tue Jun 23 17:59:26 2026


           Step           Time
         162000      324.00000

   Energies (kJ/mol)
           Bond            U-B    Proper Dih.  Improper Dih.      CMAP Dih.
    1.14916e+02    4.73081e+02    4.17006e+02    2.06950e+01    2.65153e+01
          LJ-14     Coulomb-14        LJ (SR)   Coulomb (SR)   Coul. recip.
    1.10113e+02    3.27098e+03    7.01496e+04   -7.20867e+05    1.99546e+03
   COM Pull En.      Potential    Kinetic En.   Total Energy  Conserved En.
    6.12162e-01   -6.44288e+05    1.10619e+05   -5.33669e+05   -5.31385e+05
    Temperature Pressure (bar)   Constr. rmsd
    2.98617e+02    3.14128e+01    2.25695e-06

           Step           Time
         162500      325.00000

   Energies (kJ/mol)
           Bond            U-B    Proper Dih.  Improper Dih.      CMAP Dih.
    1.58441e+02    5.07297e+02    4.32604e+02    2.10803e+01    1.07565e+01
          LJ-14     Coulomb-14        LJ (SR)   Coulomb (SR)   Coul. recip.
    1.21447e+02    3.24896e+03    6.95148e+04   -7.19585e+05    1.93596e+03
   COM Pull En.      Potential    Kinetic En.   Total Energy  Conserved En.
    1.21642e-01   -6.43633e+05    1.10662e+05   -5.32972e+05   -5.31296e+05
    Temperature Pressure (bar)   Constr. rmsd
    2.98731e+02   -1.05866e+01    2.23621e-06

           Step           Time
         163000      326.00000

   Energies (kJ/mol)
           Bond            U-B    Proper Dih.  Improper Dih.      CMAP Dih.
    1.55972e+02    4.73540e+02    4.13668e+02    3.91854e+01    2.55247e+01
          LJ-14     Coulomb-14        LJ (SR)   Coulomb (SR)   Coul. recip.
    1.24633e+02    3.20397e+03    7.14082e+04   -7.21382e+05    2.08537e+03
   COM Pull En.      Potential    Kinetic En.   Total Energy  Conserved En.
    1.58203e-01   -6.43452e+05    1.10839e+05   -5.32613e+05   -5.31431e+05
    Temperature Pressure (bar)   Constr. rmsd
    2.99209e+02    2.28949e+02    3.26221e-06

           Step           Time
         163500      327.00000

   Energies (kJ/mol)
           Bond            U-B    Proper Dih.  Improper Dih.      CMAP Dih.
    1.36637e+02    6.06002e+02    4.11401e+02    1.56954e+01    3.61201e+00
          LJ-14     Coulomb-14        LJ (SR)   Coulomb (SR)   Coul. recip.
    1.21934e+02    3.16249e+03    6.97507e+04   -7.19053e+05    1.99594e+03
   COM Pull En.      Potential    Kinetic En.   Total Energy  Conserved En.
    2.38941e-01   -6.42848e+05    1.10331e+05   -5.32517e+05   -5.31341e+05
    Temperature Pressure (bar)   Constr. rmsd
    2.97840e+02    2.18163e+01    2.56206e-06

           Step           Time
         164000      328.00000

   Energies (kJ/mol)
           Bond            U-B    Proper Dih.  Improper Dih.      CMAP Dih.
    1.45211e+02    5.95031e+02    4.05962e+02    1.97742e+01   -2.13995e+01
          LJ-14     Coulomb-14        LJ (SR)   Coulomb (SR)   Coul. recip.
    1.02594e+02    3.18990e+03    6.96294e+04   -7.18221e+05    2.02605e+03
   COM Pull En.      Potential    Kinetic En.   Total Energy  Conserved En.
    6.06580e-01   -6.42128e+05    1.09277e+05   -5.32850e+05   -5.31382e+05
    Temperature Pressure (bar)   Constr. rmsd
    2.94995e+02    2.81550e+01    3.69968e-06

           Step           Time
         164500      329.00000

   Energies (kJ/mol)
           Bond            U-B    Proper Dih.  Improper Dih.      CMAP Dih.
    1.15223e+02    5.43254e+02    4.24072e+02    2.43211e+01    1.44726e+01
          LJ-14     Coulomb-14        LJ (SR)   Coulomb (SR)   Coul. recip.
    1.15109e+02    3.22216e+03    6.93749e+04   -7.18924e+05    2.01794e+03
   COM Pull En.      Potential    Kinetic En.   Total Energy  Conserved En.
    2.74005e-01   -6.43072e+05    1.10033e+05   -5.33040e+05   -5.31376e+05
    Temperature Pressure (bar)   Constr. rmsd
    2.97034e+02    2.62654e+01    3.00333e-06

           Step           Time
         165000      330.00000

   Energies (kJ/mol)
           Bond            U-B    Proper Dih.  Improper Dih.      CMAP Dih.
    1.30899e+02    5.73325e+02    4.20634e+02    3.03104e+01    1.70616e+01
          LJ-14     Coulomb-14        LJ (SR)   Coulomb (SR)   Coul. recip.
    1.02710e+02    3.19634e+03    6.87293e+04   -7.17663e+05    2.08636e+03
   COM Pull En.      Potential    Kinetic En.   Total Energy  Conserved En.
    5.52906e+00   -6.42370e+05    1.09389e+05   -5.32982e+05   -5.31399e+05
    Temperature Pressure (bar)   Constr. rmsd
    2.95295e+02   -1.23311e+02    2.77275e-06

           Step           Time
         165500      331.00000

   Energies (kJ/mol)
           Bond            U-B    Proper Dih.  Improper Dih.      CMAP Dih.
    1.54192e+02    5.17969e+02    4.09586e+02    2.22272e+01    3.22023e+01
          LJ-14     Coulomb-14        LJ (SR)   Coulomb (SR)   Coul. recip.
    1.13885e+02    3.21933e+03    6.93302e+04   -7.19231e+05    2.06706e+03
   COM Pull En.      Potential    Kinetic En.   Total Energy  Conserved En.
    3.39643e+00   -6.43361e+05    1.09964e+05   -5.33397e+05   -5.31382e+05
    Temperature Pressure (bar)   Constr. rmsd
    2.96848e+02   -6.10533e+01    2.55887e-06

           Step           Time
         166000      332.00000

   Energies (kJ/mol)
           Bond            U-B    Proper Dih.  Improper Dih.      CMAP Dih.
    2.01393e+02    5.13162e+02    3.98735e+02    1.77298e+01    4.91134e+01
          LJ-14     Coulomb-14        LJ (SR)   Coulomb (SR)   Coul. recip.
    9.88285e+01    3.19046e+03    6.89382e+04   -7.18501e+05    1.98532e+03
   COM Pull En.      Potential    Kinetic En.   Total Energy  Conserved En.
    4.36919e-01   -6.43107e+05    1.09555e+05   -5.33552e+05   -5.31461e+05
    Temperature Pressure (bar)   Constr. rmsd
    2.95745e+02   -1.40611e+02    3.56574e-06

           Step           Time
         166500      333.00000

   Energies (kJ/mol)
           Bond            U-B    Proper Dih.  Improper Dih.      CMAP Dih.
    1.35442e+02    5.71525e+02    4.17994e+02    3.83889e+01   -1.43085e+01
          LJ-14     Coulomb-14        LJ (SR)   Coulomb (SR)   Coul. recip.
    1.18929e+02    3.19791e+03    7.04711e+04   -7.20574e+05    2.03068e+03
   COM Pull En.      Potential    Kinetic En.   Total Energy  Conserved En.
    7.96066e-01   -6.43606e+05    1.10700e+05   -5.32906e+05   -5.31532e+05
    Temperature Pressure (bar)   Constr. rmsd
    2.98835e+02    5.77738e+01    4.22747e-06

           Step           Time
         167000      334.00000

   Energies (kJ/mol)
           Bond            U-B    Proper Dih.  Improper Dih.      CMAP Dih.
    1.42707e+02    5.88438e+02    4.13952e+02    2.32747e+01    1.49396e+01
          LJ-14     Coulomb-14        LJ (SR)   Coulomb (SR)   Coul. recip.
    1.04331e+02    3.21495e+03    6.98360e+04   -7.19570e+05    2.04429e+03
   COM Pull En.      Potential    Kinetic En.   Total Energy  Conserved En.
    3.84944e-01   -6.43186e+05    1.10577e+05   -5.32609e+05   -5.31491e+05
    Temperature Pressure (bar)   Constr. rmsd
    2.98503e+02    1.51348e+01    2.71370e-06

           Step           Time
         167500      335.00000

   Energies (kJ/mol)
           Bond            U-B    Proper Dih.  Improper Dih.      CMAP Dih.
    1.58322e+02    6.28926e+02    3.87796e+02    1.73143e+01    2.42214e+01
          LJ-14     Coulomb-14        LJ (SR)   Coulomb (SR)   Coul. recip.
    9.79920e+01    3.18043e+03    7.10050e+04   -7.20290e+05    1.99538e+03
   COM Pull En.      Potential    Kinetic En.   Total Energy  Conserved En.
    2.45925e-02   -6.42795e+05    1.10615e+05   -5.32180e+05   -5.31500e+05
    Temperature Pressure (bar)   Constr. rmsd
    2.98604e+02    1.85003e+02    2.80418e-06

           Step           Time
         168000      336.00000

   Energies (kJ/mol)
           Bond            U-B    Proper Dih.  Improper Dih.      CMAP Dih.
    1.95524e+02    5.86579e+02    4.50477e+02    3.09446e+01   -2.20463e+01
          LJ-14     Coulomb-14        LJ (SR)   Coulomb (SR)   Coul. recip.
    9.98643e+01    3.14432e+03    6.95841e+04   -7.19238e+05    1.98825e+03
   COM Pull En.      Potential    Kinetic En.   Total Energy  Conserved En.
    1.09709e+00   -6.43178e+05    1.10704e+05   -5.32474e+05   -5.31436e+05
    Temperature Pressure (bar)   Constr. rmsd
    2.98847e+02   -5.88372e+01    2.46957e-06

           Step           Time
         168500      337.00000

   Energies (kJ/mol)
           Bond            U-B    Proper Dih.  Improper Dih.      CMAP Dih.
    1.32427e+02    5.06779e+02    4.27319e+02    2.36500e+01    1.20121e+01
          LJ-14     Coulomb-14        LJ (SR)   Coulomb (SR)   Coul. recip.
    1.26777e+02    3.20092e+03    6.91660e+04   -7.19230e+05    2.03245e+03
   COM Pull En.      Potential    Kinetic En.   Total Energy  Conserved En.
    1.16894e+00   -6.43600e+05    1.10692e+05   -5.32908e+05   -5.31643e+05
    Temperature Pressure (bar)   Constr. rmsd
    2.98813e+02   -1.04649e+02    2.62045e-06

           Step           Time
         169000      338.00000

   Energies (kJ/mol)
           Bond            U-B    Proper Dih.  Improper Dih.      CMAP Dih.
    1.08182e+02    5.37859e+02    4.48316e+02    2.01428e+01    2.08962e+01
          LJ-14     Coulomb-14        LJ (SR)   Coulomb (SR)   Coul. recip.
    1.10033e+02    3.18131e+03    7.01650e+04   -7.20064e+05    2.09058e+03
   COM Pull En.      Potential    Kinetic En.   Total Energy  Conserved En.
    2.70797e-01   -6.43382e+05    1.09857e+05   -5.33524e+05   -5.31506e+05
    Temperature Pressure (bar)   Constr. rmsd
    2.96560e+02    2.45081e+01    2.97771e-06

           Step           Time
         169500      339.00000

   Energies (kJ/mol)
           Bond            U-B    Proper Dih.  Improper Dih.      CMAP Dih.
    1.09517e+02    6.01960e+02    4.24390e+02    1.91396e+01    1.80427e+01
          LJ-14     Coulomb-14        LJ (SR)   Coulomb (SR)   Coul. recip.
    1.07339e+02    3.15205e+03    6.94747e+04   -7.19250e+05    2.02834e+03
   COM Pull En.      Potential    Kinetic En.   Total Energy  Conserved En.
    1.26439e-01   -6.43315e+05    1.11703e+05   -5.31612e+05   -5.31529e+05
    Temperature Pressure (bar)   Constr. rmsd
    3.01542e+02   -1.58672e+01    3.18220e-06

           Step           Time
         170000      340.00000

   Energies (kJ/mol)
           Bond            U-B    Proper Dih.  Improper Dih.      CMAP Dih.
    1.30628e+02    5.96880e+02    4.26435e+02    2.93999e+01   -1.52339e+01
          LJ-14     Coulomb-14        LJ (SR)   Coulomb (SR)   Coul. recip.
    1.05380e+02    3.19961e+03    6.92699e+04   -7.18458e+05    2.00758e+03
   COM Pull En.      Potential    Kinetic En.   Total Energy  Conserved En.
    3.47556e-01   -6.42707e+05    1.10254e+05   -5.32453e+05   -5.31631e+05
    Temperature Pressure (bar)   Constr. rmsd
    2.97631e+02   -6.28497e+01    2.97885e-06

           Step           Time
         170500      341.00000

   Energies (kJ/mol)
           Bond            U-B    Proper Dih.  Improper Dih.      CMAP Dih.
    1.55648e+02    5.95112e+02    4.12849e+02    2.57345e+01    2.67916e+00
          LJ-14     Coulomb-14        LJ (SR)   Coulomb (SR)   Coul. recip.
    1.07269e+02    3.19493e+03    6.87432e+04   -7.17470e+05    2.05453e+03
   COM Pull En.      Potential    Kinetic En.   Total Energy  Conserved En.
    6.61799e-03   -6.42178e+05    1.10733e+05   -5.31445e+05   -5.31560e+05
    Temperature Pressure (bar)   Constr. rmsd
    2.98924e+02   -7.11659e+01    3.40417e-06

           Step           Time
         171000      342.00000

   Energies (kJ/mol)
           Bond            U-B    Proper Dih.  Improper Dih.      CMAP Dih.
    1.93425e+02    5.51898e+02    4.33903e+02    3.39187e+01    6.36337e+00
          LJ-14     Coulomb-14        LJ (SR)   Coulomb (SR)   Coul. recip.
    8.53076e+01    3.16033e+03    6.88554e+04   -7.17340e+05    2.00871e+03
   COM Pull En.      Potential    Kinetic En.   Total Energy  Conserved En.
    2.19264e-02   -6.42011e+05    1.10306e+05   -5.31705e+05   -5.31596e+05
    Temperature Pressure (bar)   Constr. rmsd
    2.97772e+02   -1.22234e+02    3.43317e-06

Writing checkpoint, step 171040 at Tue Jun 23 18:14:34 2026


           Step           Time
         171500      343.00000

   Energies (kJ/mol)
           Bond            U-B    Proper Dih.  Improper Dih.      CMAP Dih.
    1.43860e+02    5.31425e+02    4.05511e+02    2.64604e+01    2.51644e+01
          LJ-14     Coulomb-14        LJ (SR)   Coulomb (SR)   Coul. recip.
    9.08409e+01    3.22567e+03    6.99223e+04   -7.19037e+05    2.05018e+03
   COM Pull En.      Potential    Kinetic En.   Total Energy  Conserved En.
    2.63452e-01   -6.42616e+05    1.10440e+05   -5.32176e+05   -5.31620e+05
    Temperature Pressure (bar)   Constr. rmsd
    2.98132e+02    3.82975e+01    3.70494e-06

           Step           Time
         172000      344.00000

   Energies (kJ/mol)
           Bond            U-B    Proper Dih.  Improper Dih.      CMAP Dih.
    1.45877e+02    5.92672e+02    4.46304e+02    1.83251e+01    1.58265e+01
          LJ-14     Coulomb-14        LJ (SR)   Coulomb (SR)   Coul. recip.
    9.83830e+01    3.15628e+03    6.93540e+04   -7.18722e+05    2.05144e+03
   COM Pull En.      Potential    Kinetic En.   Total Energy  Conserved En.
    1.53983e-01   -6.42843e+05    1.10781e+05   -5.32062e+05   -5.31661e+05
    Temperature Pressure (bar)   Constr. rmsd
    2.99053e+02   -9.19037e+01    3.21108e-06

           Step           Time
         172500      345.00000

   Energies (kJ/mol)
           Bond            U-B    Proper Dih.  Improper Dih.      CMAP Dih.
    1.80653e+02    5.46041e+02    4.27776e+02    2.16330e+01   -6.01538e+00
          LJ-14     Coulomb-14        LJ (SR)   Coulomb (SR)   Coul. recip.
    1.01608e+02    3.19137e+03    6.99596e+04   -7.19813e+05    1.99148e+03
   COM Pull En.      Potential    Kinetic En.   Total Energy  Conserved En.
    1.12739e-03   -6.43399e+05    1.11203e+05   -5.32196e+05   -5.31658e+05
    Temperature Pressure (bar)   Constr. rmsd
    3.00193e+02   -5.37660e+00    3.98973e-06

           Step           Time
         173000      346.00000

   Energies (kJ/mol)
           Bond            U-B    Proper Dih.  Improper Dih.      CMAP Dih.
    1.71916e+02    5.43990e+02    4.43974e+02    3.23959e+01    1.03899e+01
          LJ-14     Coulomb-14        LJ (SR)   Coulomb (SR)   Coul. recip.
    9.89658e+01    3.19071e+03    6.92645e+04   -7.18580e+05    1.93519e+03
   COM Pull En.      Potential    Kinetic En.   Total Energy  Conserved En.
    1.67232e-02   -6.42888e+05    1.09774e+05   -5.33115e+05   -5.31559e+05
    Temperature Pressure (bar)   Constr. rmsd
    2.96335e+02   -1.09172e+02    2.72085e-06

           Step           Time
         173500      347.00000

   Energies (kJ/mol)
           Bond            U-B    Proper Dih.  Improper Dih.      CMAP Dih.
    1.54651e+02    5.40081e+02    4.16783e+02    2.68386e+01   -2.80445e+00
          LJ-14     Coulomb-14        LJ (SR)   Coulomb (SR)   Coul. recip.
    1.03901e+02    3.17082e+03    6.85402e+04   -7.17896e+05    1.98731e+03
   COM Pull En.      Potential    Kinetic En.   Total Energy  Conserved En.
    3.57948e-02   -6.42958e+05    1.10450e+05   -5.32508e+05   -5.31759e+05
    Temperature Pressure (bar)   Constr. rmsd
    2.98161e+02   -1.87650e+02    2.15772e-06

           Step           Time
         174000      348.00000

   Energies (kJ/mol)
           Bond            U-B    Proper Dih.  Improper Dih.      CMAP Dih.
    1.12883e+02    5.94113e+02    4.31323e+02    2.14117e+01    3.60223e+00
          LJ-14     Coulomb-14        LJ (SR)   Coulomb (SR)   Coul. recip.
    1.23211e+02    3.25094e+03    7.09468e+04   -7.20082e+05    1.99873e+03
   COM Pull En.      Potential    Kinetic En.   Total Energy  Conserved En.
    2.67274e-01   -6.42599e+05    1.10888e+05   -5.31710e+05   -5.31790e+05
    Temperature Pressure (bar)   Constr. rmsd
    2.99344e+02    1.71997e+02    3.01074e-06

           Step           Time
         174500      349.00000

   Energies (kJ/mol)
           Bond            U-B    Proper Dih.  Improper Dih.      CMAP Dih.
    2.04848e+02    5.30367e+02    4.19416e+02    2.45550e+01    7.80786e+00
          LJ-14     Coulomb-14        LJ (SR)   Coulomb (SR)   Coul. recip.
    9.63148e+01    3.18017e+03    6.92176e+04   -7.18566e+05    1.93977e+03
   COM Pull En.      Potential    Kinetic En.   Total Energy  Conserved En.
    2.42380e+00   -6.42942e+05    1.10295e+05   -5.32648e+05   -5.31773e+05
    Temperature Pressure (bar)   Constr. rmsd
    2.97741e+02   -1.73837e+02    3.15689e-06

           Step           Time
         175000      350.00000

   Energies (kJ/mol)
           Bond            U-B    Proper Dih.  Improper Dih.      CMAP Dih.
    1.42218e+02    6.42062e+02    4.00626e+02    1.88627e+01    2.41088e+01
          LJ-14     Coulomb-14        LJ (SR)   Coulomb (SR)   Coul. recip.
    9.01979e+01    3.20928e+03    7.00343e+04   -7.19820e+05    1.96497e+03
   COM Pull En.      Potential    Kinetic En.   Total Energy  Conserved En.
    3.93807e+00   -6.43289e+05    1.10449e+05   -5.32841e+05   -5.31765e+05
    Temperature Pressure (bar)   Constr. rmsd
    2.98157e+02   -2.78559e+01    3.01484e-06

           Step           Time
         175500      351.00000

   Energies (kJ/mol)
           Bond            U-B    Proper Dih.  Improper Dih.      CMAP Dih.
    1.71740e+02    5.92686e+02    4.17341e+02    1.98220e+01   -8.10854e+00
          LJ-14     Coulomb-14        LJ (SR)   Coulomb (SR)   Coul. recip.
    8.95000e+01    3.16387e+03    6.97987e+04   -7.18198e+05    1.97926e+03
   COM Pull En.      Potential    Kinetic En.   Total Energy  Conserved En.
    5.99442e+00   -6.41967e+05    1.10937e+05   -5.31030e+05   -5.31710e+05
    Temperature Pressure (bar)   Constr. rmsd
    2.99474e+02    2.41807e+01    3.50563e-06

           Step           Time
         176000      352.00000

   Energies (kJ/mol)
           Bond            U-B    Proper Dih.  Improper Dih.      CMAP Dih.
    1.64714e+02    5.07369e+02    4.29510e+02    2.01266e+01    1.51866e+01
          LJ-14     Coulomb-14        LJ (SR)   Coulomb (SR)   Coul. recip.
    1.06916e+02    3.19815e+03    6.92275e+04   -7.17286e+05    1.99875e+03
   COM Pull En.      Potential    Kinetic En.   Total Energy  Conserved En.
    1.20222e+00   -6.41617e+05    1.10482e+05   -5.31134e+05   -5.31754e+05
    Temperature Pressure (bar)   Constr. rmsd
    2.98248e+02   -5.27926e+01    2.94559e-06

           Step           Time
         176500      353.00000

   Energies (kJ/mol)
           Bond            U-B    Proper Dih.  Improper Dih.      CMAP Dih.
    2.04861e+02    5.73720e+02    4.37928e+02    3.13466e+01    1.21063e+01
          LJ-14     Coulomb-14        LJ (SR)   Coulomb (SR)   Coul. recip.
    9.74338e+01    3.15994e+03    7.02443e+04   -7.18254e+05    2.02573e+03
   COM Pull En.      Potential    Kinetic En.   Total Energy  Conserved En.
    1.08032e+00   -6.41465e+05    1.10634e+05   -5.30831e+05   -5.31829e+05
    Temperature Pressure (bar)   Constr. rmsd
    2.98657e+02    9.92889e+01    2.79790e-06

           Step           Time
         177000      354.00000

   Energies (kJ/mol)
           Bond            U-B    Proper Dih.  Improper Dih.      CMAP Dih.
    1.58937e+02    5.69012e+02    4.47661e+02    2.21141e+01   -2.28732e+01
          LJ-14     Coulomb-14        LJ (SR)   Coulomb (SR)   Coul. recip.
    1.09545e+02    3.17609e+03    6.87065e+04   -7.16484e+05    2.03133e+03
   COM Pull En.      Potential    Kinetic En.   Total Energy  Conserved En.
    8.29391e-01   -6.41285e+05    1.10017e+05   -5.31268e+05   -5.31807e+05
    Temperature Pressure (bar)   Constr. rmsd
    2.96990e+02   -1.27518e+02    3.08986e-06

           Step           Time
         177500      355.00000

   Energies (kJ/mol)
           Bond            U-B    Proper Dih.  Improper Dih.      CMAP Dih.
    1.69450e+02    5.75539e+02    4.62621e+02    2.47162e+01   -5.50620e+00
          LJ-14     Coulomb-14        LJ (SR)   Coulomb (SR)   Coul. recip.
    1.05185e+02    3.24780e+03    6.93560e+04   -7.18102e+05    2.02151e+03
   COM Pull En.      Potential    Kinetic En.   Total Energy  Conserved En.
    1.41548e+00   -6.42144e+05    1.11097e+05   -5.31046e+05   -5.31885e+05
    Temperature Pressure (bar)   Constr. rmsd
    2.99907e+02   -1.18092e+02    2.67599e-06

           Step           Time
         178000      356.00000

   Energies (kJ/mol)
           Bond            U-B    Proper Dih.  Improper Dih.      CMAP Dih.
    1.65379e+02    6.17091e+02    4.27694e+02    1.85457e+01   -1.95041e+01
          LJ-14     Coulomb-14        LJ (SR)   Coulomb (SR)   Coul. recip.
    9.96768e+01    3.13955e+03    6.89557e+04   -7.17446e+05    2.00867e+03
   COM Pull En.      Potential    Kinetic En.   Total Energy  Conserved En.
    2.05168e+00   -6.42032e+05    1.10866e+05   -5.31166e+05   -5.31844e+05
    Temperature Pressure (bar)   Constr. rmsd
    2.99283e+02   -1.70854e+02    3.76849e-06

           Step           Time
         178500      357.00000

   Energies (kJ/mol)
           Bond            U-B    Proper Dih.  Improper Dih.      CMAP Dih.
    1.69098e+02    5.66031e+02    4.38457e+02    2.88402e+01    5.90353e-01
          LJ-14     Coulomb-14        LJ (SR)   Coulomb (SR)   Coul. recip.
    1.02102e+02    3.19592e+03    6.93304e+04   -7.17709e+05    2.07027e+03
   COM Pull En.      Potential    Kinetic En.   Total Energy  Conserved En.
    1.78357e+00   -6.41805e+05    1.10594e+05   -5.31211e+05   -5.31916e+05
    Temperature Pressure (bar)   Constr. rmsd
    2.98550e+02   -9.86383e+01    2.67891e-06

           Step           Time
         179000      358.00000

   Energies (kJ/mol)
           Bond            U-B    Proper Dih.  Improper Dih.      CMAP Dih.
    1.52356e+02    5.82281e+02    4.08365e+02    3.67242e+01   -1.91701e+01
          LJ-14     Coulomb-14        LJ (SR)   Coulomb (SR)   Coul. recip.
    1.07861e+02    3.16295e+03    6.94202e+04   -7.17796e+05    2.03241e+03
   COM Pull En.      Potential    Kinetic En.   Total Energy  Conserved En.
    1.89926e+00   -6.41910e+05    1.10288e+05   -5.31622e+05   -5.31737e+05
    Temperature Pressure (bar)   Constr. rmsd
    2.97723e+02   -4.85081e+01    4.03227e-06

           Step           Time
         179500      359.00000

   Energies (kJ/mol)
           Bond            U-B    Proper Dih.  Improper Dih.      CMAP Dih.
    1.68760e+02    5.39923e+02    3.96223e+02    2.30890e+01    2.81896e+01
          LJ-14     Coulomb-14        LJ (SR)   Coulomb (SR)   Coul. recip.
    9.17855e+01    3.19692e+03    7.02432e+04   -7.18985e+05    2.01439e+03
   COM Pull En.      Potential    Kinetic En.   Total Energy  Conserved En.
    1.13966e+00   -6.42281e+05    1.10676e+05   -5.31605e+05   -5.31858e+05
    Temperature Pressure (bar)   Constr. rmsd
    2.98771e+02    3.63560e+01    2.57713e-06

           Step           Time
         180000      360.00000

   Energies (kJ/mol)
           Bond            U-B    Proper Dih.  Improper Dih.      CMAP Dih.
    1.67488e+02    5.33532e+02    4.27887e+02    2.22687e+01    1.47589e+01
          LJ-14     Coulomb-14        LJ (SR)   Coulomb (SR)   Coul. recip.
    1.08794e+02    3.22576e+03    6.97583e+04   -7.18456e+05    2.00503e+03
   COM Pull En.      Potential    Kinetic En.   Total Energy  Conserved En.
    7.90763e-01   -6.42191e+05    1.10973e+05   -5.31218e+05   -5.31770e+05
    Temperature Pressure (bar)   Constr. rmsd
    2.99571e+02    3.22309e+01    3.21836e-06

Writing checkpoint, step 180080 at Tue Jun 23 18:29:37 2026


           Step           Time
         180500      361.00000

   Energies (kJ/mol)
           Bond            U-B    Proper Dih.  Improper Dih.      CMAP Dih.
    1.71422e+02    5.59513e+02    4.56199e+02    2.32471e+01    1.66028e+01
          LJ-14     Coulomb-14        LJ (SR)   Coulomb (SR)   Coul. recip.
    1.04236e+02    3.25401e+03    6.95627e+04   -7.17567e+05    2.00437e+03
   COM Pull En.      Potential    Kinetic En.   Total Energy  Conserved En.
    1.48988e+00   -6.41413e+05    1.10726e+05   -5.30687e+05   -5.31828e+05
    Temperature Pressure (bar)   Constr. rmsd
    2.98906e+02   -1.29436e+01    2.72360e-06

           Step           Time
         181000      362.00000

   Energies (kJ/mol)
           Bond            U-B    Proper Dih.  Improper Dih.      CMAP Dih.
    1.44213e+02    5.91721e+02    4.15844e+02    2.39176e+01    8.36500e+00
          LJ-14     Coulomb-14        LJ (SR)   Coulomb (SR)   Coul. recip.
    1.23840e+02    3.26380e+03    6.84459e+04   -7.17593e+05    1.97393e+03
   COM Pull En.      Potential    Kinetic En.   Total Energy  Conserved En.
    1.78032e+00   -6.42600e+05    1.10525e+05   -5.32075e+05   -5.31724e+05
    Temperature Pressure (bar)   Constr. rmsd
    2.98362e+02   -2.31629e+02    2.77220e-06

           Step           Time
         181500      363.00000

   Energies (kJ/mol)
           Bond            U-B    Proper Dih.  Improper Dih.      CMAP Dih.
    1.43994e+02    5.49953e+02    4.45086e+02    4.51753e+01   -1.73789e+00
          LJ-14     Coulomb-14        LJ (SR)   Coulomb (SR)   Coul. recip.
    1.08889e+02    3.21254e+03    7.03870e+04   -7.19903e+05    2.02044e+03
   COM Pull En.      Potential    Kinetic En.   Total Energy  Conserved En.
    3.29354e+00   -6.42988e+05    1.10839e+05   -5.32149e+05   -5.31800e+05
    Temperature Pressure (bar)   Constr. rmsd
    2.99211e+02    3.62636e+01    3.23255e-06

           Step           Time
         182000      364.00000

   Energies (kJ/mol)
           Bond            U-B    Proper Dih.  Improper Dih.      CMAP Dih.
    1.53103e+02    6.15908e+02    4.22398e+02    3.16810e+01    5.78131e-01
          LJ-14     Coulomb-14        LJ (SR)   Coulomb (SR)   Coul. recip.
    1.16357e+02    3.18013e+03    6.97897e+04   -7.19041e+05    1.98734e+03
   COM Pull En.      Potential    Kinetic En.   Total Energy  Conserved En.
    1.55458e+00   -6.42742e+05    1.10589e+05   -5.32153e+05   -5.31646e+05
    Temperature Pressure (bar)   Constr. rmsd
    2.98537e+02   -4.61321e+00    4.65949e-06

           Step           Time
         182500      365.00000

   Energies (kJ/mol)
           Bond            U-B    Proper Dih.  Improper Dih.      CMAP Dih.
    1.56349e+02    5.67980e+02    4.44745e+02    2.44348e+01    6.92036e+00
          LJ-14     Coulomb-14        LJ (SR)   Coulomb (SR)   Coul. recip.
    1.05435e+02    3.24836e+03    7.00618e+04   -7.18671e+05    1.98706e+03
   COM Pull En.      Potential    Kinetic En.   Total Energy  Conserved En.
    7.88691e-01   -6.42067e+05    1.10478e+05   -5.31590e+05   -5.31564e+05
    Temperature Pressure (bar)   Constr. rmsd
    2.98235e+02    1.09513e+02    3.61298e-06

           Step           Time
         183000      366.00000

   Energies (kJ/mol)
           Bond            U-B    Proper Dih.  Improper Dih.      CMAP Dih.
    1.71710e+02    5.32986e+02    4.03088e+02    2.68992e+01    6.80057e+00
          LJ-14     Coulomb-14        LJ (SR)   Coulomb (SR)   Coul. recip.
    1.03775e+02    3.18345e+03    6.86722e+04   -7.17586e+05    2.02559e+03
   COM Pull En.      Potential    Kinetic En.   Total Energy  Conserved En.
    5.36380e-01   -6.42460e+05    1.09686e+05   -5.32774e+05   -5.31591e+05
    Temperature Pressure (bar)   Constr. rmsd
    2.96097e+02   -1.47883e+02    3.09780e-06

           Step           Time
         183500      367.00000

   Energies (kJ/mol)
           Bond            U-B    Proper Dih.  Improper Dih.      CMAP Dih.
    1.54820e+02    6.01271e+02    4.12903e+02    3.49436e+01   -1.79664e+01
          LJ-14     Coulomb-14        LJ (SR)   Coulomb (SR)   Coul. recip.
    9.94069e+01    3.17059e+03    7.13939e+04   -7.21016e+05    2.02194e+03
   COM Pull En.      Potential    Kinetic En.   Total Energy  Conserved En.
    4.60355e-02   -6.43144e+05    1.10534e+05   -5.32610e+05   -5.31577e+05
    Temperature Pressure (bar)   Constr. rmsd
    2.98387e+02    2.07196e+02    2.50854e-06

           Step           Time
         184000      368.00000

   Energies (kJ/mol)
           Bond            U-B    Proper Dih.  Improper Dih.      CMAP Dih.
    1.24249e+02    5.48170e+02    4.20316e+02    2.33102e+01    4.42884e+00
          LJ-14     Coulomb-14        LJ (SR)   Coulomb (SR)   Coul. recip.
    1.14082e+02    3.22099e+03    6.92395e+04   -7.19127e+05    2.02114e+03
   COM Pull En.      Potential    Kinetic En.   Total Energy  Conserved En.
    1.91022e+00   -6.43409e+05    1.10753e+05   -5.32656e+05   -5.31692e+05
    Temperature Pressure (bar)   Constr. rmsd
    2.98978e+02   -1.29912e+02    2.99472e-06

           Step           Time
         184500      369.00000

   Energies (kJ/mol)
           Bond            U-B    Proper Dih.  Improper Dih.      CMAP Dih.
    1.49309e+02    5.40791e+02    4.48880e+02    2.59267e+01    2.76842e+01
          LJ-14     Coulomb-14        LJ (SR)   Coulomb (SR)   Coul. recip.
    1.08454e+02    3.19077e+03    7.07129e+04   -7.19596e+05    1.98493e+03
   COM Pull En.      Potential    Kinetic En.   Total Energy  Conserved En.
    7.03265e-01   -6.42406e+05    1.10229e+05   -5.32177e+05   -5.31564e+05
    Temperature Pressure (bar)   Constr. rmsd
    2.97562e+02    1.49807e+02    2.76749e-06

           Step           Time
         185000      370.00000

   Energies (kJ/mol)
           Bond            U-B    Proper Dih.  Improper Dih.      CMAP Dih.
    2.07334e+02    5.44741e+02    4.73496e+02    2.92654e+01    4.85163e+01
          LJ-14     Coulomb-14        LJ (SR)   Coulomb (SR)   Coul. recip.
    1.01771e+02    3.18689e+03    6.94721e+04   -7.19307e+05    1.97138e+03
   COM Pull En.      Potential    Kinetic En.   Total Energy  Conserved En.
    1.80008e-01   -6.43272e+05    1.11224e+05   -5.32048e+05   -5.31494e+05
    Temperature Pressure (bar)   Constr. rmsd
    3.00250e+02   -1.30842e+01    2.55618e-06

           Step           Time
         185500      371.00000

   Energies (kJ/mol)
           Bond            U-B    Proper Dih.  Improper Dih.      CMAP Dih.
    1.63642e+02    5.65972e+02    4.20069e+02    1.78421e+01    2.65088e+01
          LJ-14     Coulomb-14        LJ (SR)   Coulomb (SR)   Coul. recip.
    9.16770e+01    3.16573e+03    7.09092e+04   -7.20867e+05    2.03289e+03
   COM Pull En.      Potential    Kinetic En.   Total Energy  Conserved En.
    6.03369e+00   -6.43468e+05    1.10123e+05   -5.33345e+05   -5.31514e+05
    Temperature Pressure (bar)   Constr. rmsd
    2.97277e+02    1.13274e+02    3.12438e-06

           Step           Time
         186000      372.00000

   Energies (kJ/mol)
           Bond            U-B    Proper Dih.  Improper Dih.      CMAP Dih.
    1.66542e+02    5.07620e+02    4.40768e+02    3.23740e+01    2.37041e+01
          LJ-14     Coulomb-14        LJ (SR)   Coulomb (SR)   Coul. recip.
    1.09489e+02    3.23301e+03    6.99304e+04   -7.20102e+05    1.91187e+03
   COM Pull En.      Potential    Kinetic En.   Total Energy  Conserved En.
    3.10491e-02   -6.43746e+05    1.10559e+05   -5.33188e+05   -5.31451e+05
    Temperature Pressure (bar)   Constr. rmsd
    2.98454e+02    6.67022e+00    2.72281e-06

           Step           Time
         186500      373.00000

   Energies (kJ/mol)
           Bond            U-B    Proper Dih.  Improper Dih.      CMAP Dih.
    2.18936e+02    5.12091e+02    4.51529e+02    1.54216e+01    1.26816e+01
          LJ-14     Coulomb-14        LJ (SR)   Coulomb (SR)   Coul. recip.
    7.90018e+01    3.17312e+03    7.01783e+04   -7.19319e+05    2.10966e+03
   COM Pull En.      Potential    Kinetic En.   Total Energy  Conserved En.
    1.87787e-01   -6.42568e+05    1.10138e+05   -5.32431e+05   -5.31640e+05
    Temperature Pressure (bar)   Constr. rmsd
    2.97317e+02    2.75362e+01    3.31039e-06

           Step           Time
         187000      374.00000

   Energies (kJ/mol)
           Bond            U-B    Proper Dih.  Improper Dih.      CMAP Dih.
    1.85185e+02    5.68308e+02    4.22108e+02    2.86013e+01    1.63997e+01
          LJ-14     Coulomb-14        LJ (SR)   Coulomb (SR)   Coul. recip.
    1.01338e+02    3.23524e+03    6.86651e+04   -7.16891e+05    2.04365e+03
   COM Pull En.      Potential    Kinetic En.   Total Energy  Conserved En.
    1.85792e-01   -6.41625e+05    1.10008e+05   -5.31617e+05   -5.31526e+05
    Temperature Pressure (bar)   Constr. rmsd
    2.96967e+02   -1.00728e+02    2.83653e-06

           Step           Time
         187500      375.00000

   Energies (kJ/mol)
           Bond            U-B    Proper Dih.  Improper Dih.      CMAP Dih.
    2.20567e+02    5.13198e+02    4.57326e+02    4.17924e+01    5.12247e+01
          LJ-14     Coulomb-14        LJ (SR)   Coulomb (SR)   Coul. recip.
    9.09667e+01    3.22473e+03    7.00875e+04   -7.18703e+05    2.00599e+03
   COM Pull En.      Potential    Kinetic En.   Total Energy  Conserved En.
    6.00564e-02   -6.42010e+05    1.11426e+05   -5.30584e+05   -5.31281e+05
    Temperature Pressure (bar)   Constr. rmsd
    3.00794e+02    1.09157e+02    3.07459e-06

           Step           Time
         188000      376.00000

   Energies (kJ/mol)
           Bond            U-B    Proper Dih.  Improper Dih.      CMAP Dih.
    1.77382e+02    5.40058e+02    4.58166e+02    1.90808e+01    2.89498e+01
          LJ-14     Coulomb-14        LJ (SR)   Coulomb (SR)   Coul. recip.
    1.05167e+02    3.19785e+03    6.99728e+04   -7.19381e+05    2.01263e+03
   COM Pull En.      Potential    Kinetic En.   Total Energy  Conserved En.
    1.10243e+00   -6.42868e+05    1.11434e+05   -5.31434e+05   -5.31506e+05
    Temperature Pressure (bar)   Constr. rmsd
    3.00816e+02    8.41902e+01    3.31010e-06

           Step           Time
         188500      377.00000

   Energies (kJ/mol)
           Bond            U-B    Proper Dih.  Improper Dih.      CMAP Dih.
    1.62763e+02    5.69294e+02    4.80513e+02    3.44557e+01    9.31059e+00
          LJ-14     Coulomb-14        LJ (SR)   Coulomb (SR)   Coul. recip.
    9.41911e+01    3.17497e+03    6.90544e+04   -7.17863e+05    2.04943e+03
   COM Pull En.      Potential    Kinetic En.   Total Energy  Conserved En.
    2.61704e-01   -6.42234e+05    1.10067e+05   -5.32167e+05   -5.31444e+05
    Temperature Pressure (bar)   Constr. rmsd
    2.97126e+02   -5.57431e+01    2.96473e-06

           Step           Time
         189000      378.00000

   Energies (kJ/mol)
           Bond            U-B    Proper Dih.  Improper Dih.      CMAP Dih.
    1.80949e+02    5.32784e+02    4.37461e+02    3.39442e+01    1.69132e+01
          LJ-14     Coulomb-14        LJ (SR)   Coulomb (SR)   Coul. recip.
    1.20065e+02    3.24112e+03    7.06640e+04   -7.19981e+05    1.99216e+03
   COM Pull En.      Potential    Kinetic En.   Total Energy  Conserved En.
    5.51185e-01   -6.42761e+05    1.10306e+05   -5.32456e+05   -5.31404e+05
    Temperature Pressure (bar)   Constr. rmsd
    2.97771e+02    1.90906e+02    2.72371e-06

Writing checkpoint, step 189040 at Tue Jun 23 18:44:30 2026


           Step           Time
         189500      379.00000

   Energies (kJ/mol)
           Bond            U-B    Proper Dih.  Improper Dih.      CMAP Dih.
    1.91504e+02    5.46367e+02    4.35674e+02    2.89472e+01    8.01266e-01
          LJ-14     Coulomb-14        LJ (SR)   Coulomb (SR)   Coul. recip.
    1.16083e+02    3.22333e+03    6.99235e+04   -7.19965e+05    2.05491e+03
   COM Pull En.      Potential    Kinetic En.   Total Energy  Conserved En.
    2.27042e+00   -6.43441e+05    1.10910e+05   -5.32532e+05   -5.31502e+05
    Temperature Pressure (bar)   Constr. rmsd
    2.99401e+02    3.75058e+01    3.90061e-06

           Step           Time
         190000      380.00000

   Energies (kJ/mol)
           Bond            U-B    Proper Dih.  Improper Dih.      CMAP Dih.
    1.31177e+02    5.06240e+02    4.86413e+02    4.22416e+01   -7.55091e+00
          LJ-14     Coulomb-14        LJ (SR)   Coulomb (SR)   Coul. recip.
    1.19850e+02    3.23877e+03    6.96688e+04   -7.19801e+05    2.04874e+03
   COM Pull En.      Potential    Kinetic En.   Total Energy  Conserved En.
    8.85456e-01   -6.43565e+05    1.10345e+05   -5.33220e+05   -5.31450e+05
    Temperature Pressure (bar)   Constr. rmsd
    2.97877e+02   -3.65157e+01    3.15720e-06

           Step           Time
         190500      381.00000

   Energies (kJ/mol)
           Bond            U-B    Proper Dih.  Improper Dih.      CMAP Dih.
    1.68947e+02    5.56201e+02    4.25494e+02    4.21134e+01    5.98718e+01
          LJ-14     Coulomb-14        LJ (SR)   Coulomb (SR)   Coul. recip.
    9.31966e+01    3.19975e+03    7.06312e+04   -7.20304e+05    2.01767e+03
   COM Pull En.      Potential    Kinetic En.   Total Energy  Conserved En.
    1.02845e+00   -6.43109e+05    1.09952e+05   -5.33157e+05   -5.31377e+05
    Temperature Pressure (bar)   Constr. rmsd
    2.96816e+02    1.40425e+02    2.38062e-06

           Step           Time
         191000      382.00000

   Energies (kJ/mol)
           Bond            U-B    Proper Dih.  Improper Dih.      CMAP Dih.
    1.71634e+02    6.01224e+02    4.07947e+02    2.41646e+01    4.06067e+01
          LJ-14     Coulomb-14        LJ (SR)   Coulomb (SR)   Coul. recip.
    1.06615e+02    3.18307e+03    6.99906e+04   -7.19462e+05    2.02500e+03
   COM Pull En.      Potential    Kinetic En.   Total Energy  Conserved En.
    7.54368e-02   -6.42911e+05    1.09739e+05   -5.33172e+05   -5.31450e+05
    Temperature Pressure (bar)   Constr. rmsd
    2.96241e+02    5.09318e+01    2.44147e-06

           Step           Time
         191500      383.00000

   Energies (kJ/mol)
           Bond            U-B    Proper Dih.  Improper Dih.      CMAP Dih.
    1.48385e+02    5.49014e+02    4.08741e+02    2.00250e+01    6.28175e+01
          LJ-14     Coulomb-14        LJ (SR)   Coulomb (SR)   Coul. recip.
    9.76517e+01    3.16176e+03    7.01423e+04   -7.19732e+05    1.98734e+03
   COM Pull En.      Potential    Kinetic En.   Total Energy  Conserved En.
    2.68427e-01   -6.43154e+05    1.09778e+05   -5.33376e+05   -5.31435e+05
    Temperature Pressure (bar)   Constr. rmsd
    2.96346e+02    1.07664e+02    3.33886e-06

           Step           Time
         192000      384.00000

   Energies (kJ/mol)
           Bond            U-B    Proper Dih.  Improper Dih.      CMAP Dih.
    1.73760e+02    5.11167e+02    4.24527e+02    3.32274e+01    5.43539e+01
          LJ-14     Coulomb-14        LJ (SR)   Coulomb (SR)   Coul. recip.
    1.07486e+02    3.23161e+03    6.82305e+04   -7.17485e+05    1.97881e+03
   COM Pull En.      Potential    Kinetic En.   Total Energy  Conserved En.
    1.05917e-01   -6.42739e+05    1.09412e+05   -5.33327e+05   -5.31452e+05
    Temperature Pressure (bar)   Constr. rmsd
    2.95359e+02   -2.18719e+02    2.54616e-06

           Step           Time
         192500      385.00000

   Energies (kJ/mol)
           Bond            U-B    Proper Dih.  Improper Dih.      CMAP Dih.
    1.21219e+02    4.78197e+02    4.53765e+02    3.95023e+01    6.44967e+01
          LJ-14     Coulomb-14        LJ (SR)   Coulomb (SR)   Coul. recip.
    1.13487e+02    3.21377e+03    6.89840e+04   -7.19308e+05    2.05207e+03
   COM Pull En.      Potential    Kinetic En.   Total Energy  Conserved En.
    2.28172e-01   -6.43788e+05    1.10686e+05   -5.33102e+05   -5.31474e+05
    Temperature Pressure (bar)   Constr. rmsd
    2.98796e+02   -1.11025e+02    3.13855e-06

           Step           Time
         193000      386.00000

   Energies (kJ/mol)
           Bond            U-B    Proper Dih.  Improper Dih.      CMAP Dih.
    1.28290e+02    5.45990e+02    4.55338e+02    3.04022e+01   -1.07326e+01
          LJ-14     Coulomb-14        LJ (SR)   Coulomb (SR)   Coul. recip.
    1.06040e+02    3.21705e+03    7.01222e+04   -7.19936e+05    2.01952e+03
   COM Pull En.      Potential    Kinetic En.   Total Energy  Conserved En.
    1.07485e-01   -6.43321e+05    1.10881e+05   -5.32440e+05   -5.31490e+05
    Temperature Pressure (bar)   Constr. rmsd
    2.99323e+02    7.27755e+01    3.49307e-06

           Step           Time
         193500      387.00000

   Energies (kJ/mol)
           Bond            U-B    Proper Dih.  Improper Dih.      CMAP Dih.
    1.73814e+02    5.48528e+02    4.27126e+02    2.68922e+01   -4.01379e-01
          LJ-14     Coulomb-14        LJ (SR)   Coulomb (SR)   Coul. recip.
    1.04081e+02    3.21997e+03    7.03124e+04   -7.19197e+05    2.04815e+03
   COM Pull En.      Potential    Kinetic En.   Total Energy  Conserved En.
    6.98736e-02   -6.42336e+05    1.10583e+05   -5.31754e+05   -5.31630e+05
    Temperature Pressure (bar)   Constr. rmsd
    2.98518e+02    1.54149e+02    3.99774e-06

           Step           Time
         194000      388.00000

   Energies (kJ/mol)
           Bond            U-B    Proper Dih.  Improper Dih.      CMAP Dih.
    1.26106e+02    5.09715e+02    4.51554e+02    3.47236e+01    2.27258e+01
          LJ-14     Coulomb-14        LJ (SR)   Coulomb (SR)   Coul. recip.
    1.16484e+02    3.22927e+03    6.94885e+04   -7.18152e+05    2.08097e+03
   COM Pull En.      Potential    Kinetic En.   Total Energy  Conserved En.
    1.39267e-03   -6.42092e+05    1.09621e+05   -5.32471e+05   -5.31614e+05
    Temperature Pressure (bar)   Constr. rmsd
    2.95923e+02   -1.65177e+01    2.83794e-06

           Step           Time
         194500      389.00000

   Energies (kJ/mol)
           Bond            U-B    Proper Dih.  Improper Dih.      CMAP Dih.
    1.41151e+02    5.72948e+02    4.30683e+02    2.18397e+01    4.28935e+01
          LJ-14     Coulomb-14        LJ (SR)   Coulomb (SR)   Coul. recip.
    1.22863e+02    3.18602e+03    6.84325e+04   -7.16203e+05    2.01223e+03
   COM Pull En.      Potential    Kinetic En.   Total Energy  Conserved En.
    8.02516e-02   -6.41240e+05    1.09244e+05   -5.31996e+05   -5.31833e+05
    Temperature Pressure (bar)   Constr. rmsd
    2.94906e+02   -1.38785e+02    2.63729e-06

           Step           Time
         195000      390.00000

   Energies (kJ/mol)
           Bond            U-B    Proper Dih.  Improper Dih.      CMAP Dih.
    1.55704e+02    5.08812e+02    4.77820e+02    1.91635e+01   -1.53646e+01
          LJ-14     Coulomb-14        LJ (SR)   Coulomb (SR)   Coul. recip.
    1.07933e+02    3.19898e+03    7.01420e+04   -7.19334e+05    2.01386e+03
   COM Pull En.      Potential    Kinetic En.   Total Energy  Conserved En.
    2.35712e+00   -6.42723e+05    1.09817e+05   -5.32906e+05   -5.31804e+05
    Temperature Pressure (bar)   Constr. rmsd
    2.96450e+02   -9.94275e+00    3.17697e-06

           Step           Time
         195500      391.00000

   Energies (kJ/mol)
           Bond            U-B    Proper Dih.  Improper Dih.      CMAP Dih.
    1.32598e+02    5.78971e+02    4.41124e+02    3.11585e+01    5.86693e+00
          LJ-14     Coulomb-14        LJ (SR)   Coulomb (SR)   Coul. recip.
    9.16742e+01    3.19278e+03    6.89201e+04   -7.18633e+05    2.01478e+03
   COM Pull En.      Potential    Kinetic En.   Total Energy  Conserved En.
    7.43113e+00   -6.43216e+05    1.10218e+05   -5.32998e+05   -5.31814e+05
    Temperature Pressure (bar)   Constr. rmsd
    2.97534e+02   -1.71509e+02    3.10026e-06

           Step           Time
         196000      392.00000

   Energies (kJ/mol)
           Bond            U-B    Proper Dih.  Improper Dih.      CMAP Dih.
    1.34547e+02    4.85812e+02    4.58053e+02    2.34731e+01    1.22321e+01
          LJ-14     Coulomb-14        LJ (SR)   Coulomb (SR)   Coul. recip.
    1.13969e+02    3.31528e+03    6.93617e+04   -7.19553e+05    1.99342e+03
   COM Pull En.      Potential    Kinetic En.   Total Energy  Conserved En.
    2.01458e+00   -6.43652e+05    1.10638e+05   -5.33014e+05   -5.31773e+05
    Temperature Pressure (bar)   Constr. rmsd
    2.98669e+02   -1.22637e+02    2.67875e-06

           Step           Time
         196500      393.00000

   Energies (kJ/mol)
           Bond            U-B    Proper Dih.  Improper Dih.      CMAP Dih.
    1.33652e+02    5.89966e+02    4.36174e+02    2.38837e+01   -2.02214e+01
          LJ-14     Coulomb-14        LJ (SR)   Coulomb (SR)   Coul. recip.
    1.09623e+02    3.18179e+03    6.99303e+04   -7.19541e+05    2.02300e+03
   COM Pull En.      Potential    Kinetic En.   Total Energy  Conserved En.
    2.85996e+00   -6.43130e+05    1.10725e+05   -5.32405e+05   -5.31894e+05
    Temperature Pressure (bar)   Constr. rmsd
    2.98902e+02    6.87103e+00    2.83252e-06

           Step           Time
         197000      394.00000

   Energies (kJ/mol)
           Bond            U-B    Proper Dih.  Improper Dih.      CMAP Dih.
    1.84578e+02    5.84672e+02    4.40218e+02    3.65482e+01   -7.72726e+00
          LJ-14     Coulomb-14        LJ (SR)   Coulomb (SR)   Coul. recip.
    9.60787e+01    3.21812e+03    6.82216e+04   -7.17746e+05    2.02803e+03
   COM Pull En.      Potential    Kinetic En.   Total Energy  Conserved En.
    5.33177e-01   -6.42943e+05    1.10215e+05   -5.32728e+05   -5.31842e+05
    Temperature Pressure (bar)   Constr. rmsd
    2.97525e+02   -3.11090e+02    3.05283e-06

           Step           Time
         197500      395.00000

   Energies (kJ/mol)
           Bond            U-B    Proper Dih.  Improper Dih.      CMAP Dih.
    1.90061e+02    6.05099e+02    4.44553e+02    3.90091e+01    2.64753e-01
          LJ-14     Coulomb-14        LJ (SR)   Coulomb (SR)   Coul. recip.
    8.81540e+01    3.16961e+03    6.78039e+04   -7.16920e+05    2.04547e+03
   COM Pull En.      Potential    Kinetic En.   Total Energy  Conserved En.
    2.49928e+00   -6.42532e+05    1.10178e+05   -5.32354e+05   -5.31760e+05
    Temperature Pressure (bar)   Constr. rmsd
    2.97425e+02   -3.27673e+02    3.48646e-06

           Step           Time
         198000      396.00000

   Energies (kJ/mol)
           Bond            U-B    Proper Dih.  Improper Dih.      CMAP Dih.
    1.57927e+02    5.84143e+02    4.49265e+02    3.28507e+01    6.39125e+00
          LJ-14     Coulomb-14        LJ (SR)   Coulomb (SR)   Coul. recip.
    9.75054e+01    3.18841e+03    7.10094e+04   -7.20259e+05    2.08598e+03
   COM Pull En.      Potential    Kinetic En.   Total Energy  Conserved En.
    1.56662e+00   -6.42645e+05    1.10061e+05   -5.32584e+05   -5.31682e+05
    Temperature Pressure (bar)   Constr. rmsd
    2.97111e+02    1.43049e+02    3.68994e-06

Writing checkpoint, step 198080 at Tue Jun 23 18:59:31 2026


           Step           Time
         198500      397.00000

   Energies (kJ/mol)
           Bond            U-B    Proper Dih.  Improper Dih.      CMAP Dih.
    1.67156e+02    5.81873e+02    4.27453e+02    1.85347e+01    1.68576e+01
          LJ-14     Coulomb-14        LJ (SR)   Coulomb (SR)   Coul. recip.
    1.10276e+02    3.23399e+03    6.88942e+04   -7.16971e+05    2.05519e+03
   COM Pull En.      Potential    Kinetic En.   Total Energy  Conserved En.
    6.96261e-01   -6.41465e+05    1.09449e+05   -5.32016e+05   -5.31561e+05
    Temperature Pressure (bar)   Constr. rmsd
    2.95459e+02   -8.86274e+01    3.48584e-06

           Step           Time
         199000      398.00000

   Energies (kJ/mol)
           Bond            U-B    Proper Dih.  Improper Dih.      CMAP Dih.
    1.26084e+02    5.31938e+02    4.58686e+02    1.82124e+01   -5.61063e+00
          LJ-14     Coulomb-14        LJ (SR)   Coulomb (SR)   Coul. recip.
    1.25527e+02    3.25234e+03    6.98953e+04   -7.18205e+05    2.01771e+03
   COM Pull En.      Potential    Kinetic En.   Total Energy  Conserved En.
    3.50818e-01   -6.41785e+05    1.09460e+05   -5.32325e+05   -5.31576e+05
    Temperature Pressure (bar)   Constr. rmsd
    2.95487e+02    1.02962e+02    3.06879e-06

           Step           Time
         199500      399.00000

   Energies (kJ/mol)
           Bond            U-B    Proper Dih.  Improper Dih.      CMAP Dih.
    1.43146e+02    5.15073e+02    4.43059e+02    2.28445e+01   -5.63783e+00
          LJ-14     Coulomb-14        LJ (SR)   Coulomb (SR)   Coul. recip.
    1.14028e+02    3.26424e+03    6.96087e+04   -7.18492e+05    2.03945e+03
   COM Pull En.      Potential    Kinetic En.   Total Energy  Conserved En.
    1.02073e+00   -6.42346e+05    1.10542e+05   -5.31804e+05   -5.31596e+05
    Temperature Pressure (bar)   Constr. rmsd
    2.98408e+02    4.98176e+01    3.37603e-06

           Step           Time
         200000      400.00000

   Energies (kJ/mol)
           Bond            U-B    Proper Dih.  Improper Dih.      CMAP Dih.
    1.53544e+02    5.46636e+02    4.78839e+02    3.15349e+01    4.28952e+01
          LJ-14     Coulomb-14        LJ (SR)   Coulomb (SR)   Coul. recip.
    9.05553e+01    3.21128e+03    6.90468e+04   -7.16949e+05    1.94166e+03
   COM Pull En.      Potential    Kinetic En.   Total Energy  Conserved En.
    1.92956e+00   -6.41403e+05    1.10859e+05   -5.30544e+05   -5.31737e+05
    Temperature Pressure (bar)   Constr. rmsd
    2.99264e+02   -4.11524e+01    2.75609e-06

           Step           Time
         200500      401.00000

   Energies (kJ/mol)
           Bond            U-B    Proper Dih.  Improper Dih.      CMAP Dih.
    1.47750e+02    5.37797e+02    4.43862e+02    1.53946e+01    1.20650e+01
          LJ-14     Coulomb-14        LJ (SR)   Coulomb (SR)   Coul. recip.
    1.15188e+02    3.21501e+03    6.91216e+04   -7.17248e+05    2.01478e+03
   COM Pull En.      Potential    Kinetic En.   Total Energy  Conserved En.
    1.42634e+00   -6.41623e+05    1.10091e+05   -5.31532e+05   -5.31676e+05
    Temperature Pressure (bar)   Constr. rmsd
    2.97191e+02   -1.75992e+01    2.56775e-06

           Step           Time
         201000      402.00000

   Energies (kJ/mol)
           Bond            U-B    Proper Dih.  Improper Dih.      CMAP Dih.
    1.44018e+02    5.66617e+02    4.45035e+02    2.55703e+01    4.85159e+00
          LJ-14     Coulomb-14        LJ (SR)   Coulomb (SR)   Coul. recip.
    1.19978e+02    3.22282e+03    6.87077e+04   -7.16958e+05    2.00916e+03
   COM Pull En.      Potential    Kinetic En.   Total Energy  Conserved En.
    3.64036e-01   -6.41712e+05    1.10637e+05   -5.31075e+05   -5.31630e+05
    Temperature Pressure (bar)   Constr. rmsd
    2.98665e+02   -8.36637e+01    6.02543e-06

           Step           Time
         201500      403.00000

   Energies (kJ/mol)
           Bond            U-B    Proper Dih.  Improper Dih.      CMAP Dih.
    1.51117e+02    5.02188e+02    4.68717e+02    2.96371e+01    1.02822e+01
          LJ-14     Coulomb-14        LJ (SR)   Coulomb (SR)   Coul. recip.
    1.22627e+02    3.24277e+03    6.79122e+04   -7.16539e+05    2.03918e+03
   COM Pull En.      Potential    Kinetic En.   Total Energy  Conserved En.
    2.31165e-02   -6.42060e+05    1.10532e+05   -5.31528e+05   -5.31742e+05
    Temperature Pressure (bar)   Constr. rmsd
    2.98382e+02   -2.38229e+02    2.40779e-06

           Step           Time
         202000      404.00000

   Energies (kJ/mol)
           Bond            U-B    Proper Dih.  Improper Dih.      CMAP Dih.
    1.42466e+02    5.41020e+02    4.60197e+02    1.70050e+01    9.67977e+00
          LJ-14     Coulomb-14        LJ (SR)   Coulomb (SR)   Coul. recip.
    9.72397e+01    3.20975e+03    7.02554e+04   -7.20217e+05    1.92596e+03
   COM Pull En.      Potential    Kinetic En.   Total Energy  Conserved En.
    5.88317e-01   -6.43558e+05    1.11032e+05   -5.32526e+05   -5.31739e+05
    Temperature Pressure (bar)   Constr. rmsd
    2.99731e+02    3.63766e+00    2.38545e-06

           Step           Time
         202500      405.00000

   Energies (kJ/mol)
           Bond            U-B    Proper Dih.  Improper Dih.      CMAP Dih.
    1.55876e+02    6.04914e+02    4.27462e+02    2.63329e+01   -2.84084e+01
          LJ-14     Coulomb-14        LJ (SR)   Coulomb (SR)   Coul. recip.
    1.03337e+02    3.18224e+03    7.04381e+04   -7.20179e+05    2.01437e+03
   COM Pull En.      Potential    Kinetic En.   Total Energy  Conserved En.
    5.84935e-02   -6.43255e+05    1.10831e+05   -5.32424e+05   -5.31870e+05
    Temperature Pressure (bar)   Constr. rmsd
    2.99188e+02    6.76533e+01    2.58968e-06

           Step           Time
         203000      406.00000

   Energies (kJ/mol)
           Bond            U-B    Proper Dih.  Improper Dih.      CMAP Dih.
    1.52068e+02    5.68210e+02    4.39003e+02    4.58900e+01    4.62565e+00
          LJ-14     Coulomb-14        LJ (SR)   Coulomb (SR)   Coul. recip.
    1.06862e+02    3.21717e+03    6.99999e+04   -7.18393e+05    2.08809e+03
   COM Pull En.      Potential    Kinetic En.   Total Energy  Conserved En.
    5.17846e-01   -6.41771e+05    1.09857e+05   -5.31914e+05   -5.31936e+05
    Temperature Pressure (bar)   Constr. rmsd
    2.96560e+02    1.90304e+01    2.26491e-06

           Step           Time
         203500      407.00000

   Energies (kJ/mol)
           Bond            U-B    Proper Dih.  Improper Dih.      CMAP Dih.
    1.33156e+02    5.55390e+02    4.35571e+02    4.44547e+01    2.16048e+00
          LJ-14     Coulomb-14        LJ (SR)   Coulomb (SR)   Coul. recip.
    1.07511e+02    3.24954e+03    6.94344e+04   -7.18442e+05    1.98693e+03
   COM Pull En.      Potential    Kinetic En.   Total Energy  Conserved En.
    7.41376e-03   -6.42493e+05    1.10385e+05   -5.32107e+05   -5.31833e+05
    Temperature Pressure (bar)   Constr. rmsd
    2.97986e+02   -4.39159e+01    4.04475e-06

           Step           Time
         204000      408.00000

   Energies (kJ/mol)
           Bond            U-B    Proper Dih.  Improper Dih.      CMAP Dih.
    1.98368e+02    5.57823e+02    4.20618e+02    2.47518e+01    2.53385e+01
          LJ-14     Coulomb-14        LJ (SR)   Coulomb (SR)   Coul. recip.
    1.07611e+02    3.20751e+03    6.96520e+04   -7.17603e+05    2.03625e+03
   COM Pull En.      Potential    Kinetic En.   Total Energy  Conserved En.
    3.97697e-03   -6.41372e+05    1.10316e+05   -5.31056e+05   -5.31751e+05
    Temperature Pressure (bar)   Constr. rmsd
    2.97800e+02    2.23365e+01    3.01491e-06

           Step           Time
         204500      409.00000

   Energies (kJ/mol)
           Bond            U-B    Proper Dih.  Improper Dih.      CMAP Dih.
    1.92602e+02    5.31359e+02    4.64431e+02    1.71853e+01    1.01889e+00
          LJ-14     Coulomb-14        LJ (SR)   Coulomb (SR)   Coul. recip.
    9.81040e+01    3.11302e+03    6.98720e+04   -7.18736e+05    2.02225e+03
   COM Pull En.      Potential    Kinetic En.   Total Energy  Conserved En.
    2.23494e-01   -6.42424e+05    1.10493e+05   -5.31931e+05   -5.31827e+05
    Temperature Pressure (bar)   Constr. rmsd
    2.98277e+02   -1.55005e+01    3.75781e-06

           Step           Time
         205000      410.00000

   Energies (kJ/mol)
           Bond            U-B    Proper Dih.  Improper Dih.      CMAP Dih.
    1.42408e+02    5.70006e+02    4.25216e+02    2.83308e+01   -6.10810e+00
          LJ-14     Coulomb-14        LJ (SR)   Coulomb (SR)   Coul. recip.
    1.13533e+02    3.22301e+03    6.90751e+04   -7.17741e+05    2.04849e+03
   COM Pull En.      Potential    Kinetic En.   Total Energy  Conserved En.
    4.27458e-03   -6.42121e+05    1.10980e+05   -5.31141e+05   -5.31750e+05
    Temperature Pressure (bar)   Constr. rmsd
    2.99591e+02   -8.43189e+01    2.99499e-06

           Step           Time
         205500      411.00000

   Energies (kJ/mol)
           Bond            U-B    Proper Dih.  Improper Dih.      CMAP Dih.
    2.07702e+02    5.61555e+02    4.24351e+02    2.48330e+01    1.49114e+01
          LJ-14     Coulomb-14        LJ (SR)   Coulomb (SR)   Coul. recip.
    1.14454e+02    3.15749e+03    6.94039e+04   -7.17359e+05    1.97057e+03
   COM Pull En.      Potential    Kinetic En.   Total Energy  Conserved En.
    2.95778e-01   -6.41479e+05    1.09817e+05   -5.31662e+05   -5.31643e+05
    Temperature Pressure (bar)   Constr. rmsd
    2.96452e+02    2.34678e+01    4.23597e-06

           Step           Time
         206000      412.00000

   Energies (kJ/mol)
           Bond            U-B    Proper Dih.  Improper Dih.      CMAP Dih.
    1.68460e+02    5.49452e+02    4.62375e+02    2.25988e+01    1.15324e+01
          LJ-14     Coulomb-14        LJ (SR)   Coulomb (SR)   Coul. recip.
    9.17261e+01    3.16103e+03    6.87686e+04   -7.17462e+05    2.01449e+03
   COM Pull En.      Potential    Kinetic En.   Total Energy  Conserved En.
    7.62835e-02   -6.42212e+05    1.10747e+05   -5.31465e+05   -5.31691e+05
    Temperature Pressure (bar)   Constr. rmsd
    2.98961e+02   -1.34437e+02    3.42734e-06

           Step           Time
         206500      413.00000

   Energies (kJ/mol)
           Bond            U-B    Proper Dih.  Improper Dih.      CMAP Dih.
    1.37487e+02    6.08558e+02    4.14681e+02    2.15246e+01   -3.39076e+00
          LJ-14     Coulomb-14        LJ (SR)   Coulomb (SR)   Coul. recip.
    8.33792e+01    3.15130e+03    7.06566e+04   -7.19845e+05    2.06013e+03
   COM Pull En.      Potential    Kinetic En.   Total Energy  Conserved En.
    7.66555e-01   -6.42714e+05    1.10802e+05   -5.31912e+05   -5.31514e+05
    Temperature Pressure (bar)   Constr. rmsd
    2.99110e+02    1.65033e+02    4.11359e-06

           Step           Time
         207000      414.00000

   Energies (kJ/mol)
           Bond            U-B    Proper Dih.  Improper Dih.      CMAP Dih.
    1.54706e+02    5.72841e+02    4.60916e+02    2.01245e+01    1.80100e+00
          LJ-14     Coulomb-14        LJ (SR)   Coulomb (SR)   Coul. recip.
    9.68489e+01    3.21473e+03    6.99907e+04   -7.18854e+05    1.95527e+03
   COM Pull En.      Potential    Kinetic En.   Total Energy  Conserved En.
    1.01560e+00   -6.42385e+05    1.10546e+05   -5.31839e+05   -5.31612e+05
    Temperature Pressure (bar)   Constr. rmsd
    2.98420e+02    6.84626e+01    4.47350e-06

Writing checkpoint, step 207280 at Tue Jun 23 19:14:40 2026


           Step           Time
         207500      415.00000

   Energies (kJ/mol)
           Bond            U-B    Proper Dih.  Improper Dih.      CMAP Dih.
    1.43540e+02    5.48381e+02    4.16591e+02    2.25698e+01    4.61399e+01
          LJ-14     Coulomb-14        LJ (SR)   Coulomb (SR)   Coul. recip.
    9.77055e+01    3.14313e+03    7.05010e+04   -7.19859e+05    1.94818e+03
   COM Pull En.      Potential    Kinetic En.   Total Energy  Conserved En.
    6.23276e-01   -6.42991e+05    1.10073e+05   -5.32918e+05   -5.31629e+05
    Temperature Pressure (bar)   Constr. rmsd
    2.97143e+02    1.07561e+02    3.52497e-06

           Step           Time
         208000      416.00000

   Energies (kJ/mol)
           Bond            U-B    Proper Dih.  Improper Dih.      CMAP Dih.
    1.60885e+02    5.14945e+02    4.39974e+02    1.72008e+01   -1.53478e+00
          LJ-14     Coulomb-14        LJ (SR)   Coulomb (SR)   Coul. recip.
    9.92839e+01    3.19665e+03    7.02872e+04   -7.20114e+05    1.96548e+03
   COM Pull En.      Potential    Kinetic En.   Total Energy  Conserved En.
    1.03891e-03   -6.43434e+05    1.10325e+05   -5.33110e+05   -5.31639e+05
    Temperature Pressure (bar)   Constr. rmsd
    2.97822e+02    2.94339e+01    4.06644e-06

           Step           Time
         208500      417.00000

   Energies (kJ/mol)
           Bond            U-B    Proper Dih.  Improper Dih.      CMAP Dih.
    1.50429e+02    5.42347e+02    3.98293e+02    2.27163e+01   -2.34208e+00
          LJ-14     Coulomb-14        LJ (SR)   Coulomb (SR)   Coul. recip.
    1.06620e+02    3.20111e+03    7.07971e+04   -7.20318e+05    2.03419e+03
   COM Pull En.      Potential    Kinetic En.   Total Energy  Conserved En.
    1.84406e-02   -6.43067e+05    1.10230e+05   -5.32837e+05   -5.31623e+05
    Temperature Pressure (bar)   Constr. rmsd
    2.97567e+02    1.43696e+02    3.00267e-06

           Step           Time
         209000      418.00000

   Energies (kJ/mol)
           Bond            U-B    Proper Dih.  Improper Dih.      CMAP Dih.
    1.39202e+02    5.60017e+02    4.03711e+02    1.86176e+01   -4.98123e+00
          LJ-14     Coulomb-14        LJ (SR)   Coulomb (SR)   Coul. recip.
    1.01261e+02    3.17842e+03    6.95321e+04   -7.19192e+05    1.99477e+03
   COM Pull En.      Potential    Kinetic En.   Total Energy  Conserved En.
    1.33956e+00   -6.43267e+05    1.10312e+05   -5.32955e+05   -5.31441e+05
    Temperature Pressure (bar)   Constr. rmsd
    2.97787e+02    4.11902e-01    3.06508e-06

           Step           Time
         209500      419.00000

   Energies (kJ/mol)
           Bond            U-B    Proper Dih.  Improper Dih.      CMAP Dih.
    1.82075e+02    5.18491e+02    4.20108e+02    1.40751e+01    4.74596e+01
          LJ-14     Coulomb-14        LJ (SR)   Coulomb (SR)   Coul. recip.
    9.68117e+01    3.20475e+03    7.14169e+04   -7.21213e+05    2.04246e+03
   COM Pull En.      Potential    Kinetic En.   Total Energy  Conserved En.
    4.34707e-01   -6.43269e+05    1.09715e+05   -5.33554e+05   -5.31488e+05
    Temperature Pressure (bar)   Constr. rmsd
    2.96175e+02    2.48525e+02    2.82926e-06

           Step           Time
         210000      420.00000

   Energies (kJ/mol)
           Bond            U-B    Proper Dih.  Improper Dih.      CMAP Dih.
    1.79622e+02    5.68530e+02    4.61521e+02    1.24542e+01    4.45035e+00
          LJ-14     Coulomb-14        LJ (SR)   Coulomb (SR)   Coul. recip.
    1.11335e+02    3.14463e+03    6.97229e+04   -7.20634e+05    2.03870e+03
   COM Pull En.      Potential    Kinetic En.   Total Energy  Conserved En.
    2.24992e-01   -6.44390e+05    1.10643e+05   -5.33747e+05   -5.31408e+05
    Temperature Pressure (bar)   Constr. rmsd
    2.98681e+02    3.31245e+01    2.76929e-06

           Step           Time
         210500      421.00000

   Energies (kJ/mol)
           Bond            U-B    Proper Dih.  Improper Dih.      CMAP Dih.
    1.78693e+02    5.68801e+02    4.24724e+02    2.89370e+01    1.79872e+01
          LJ-14     Coulomb-14        LJ (SR)   Coulomb (SR)   Coul. recip.
    1.00888e+02    3.17796e+03    6.92098e+04   -7.19314e+05    1.98582e+03
   COM Pull En.      Potential    Kinetic En.   Total Energy  Conserved En.
    5.29824e-01   -6.43620e+05    1.09723e+05   -5.33897e+05   -5.31466e+05
    Temperature Pressure (bar)   Constr. rmsd
    2.96198e+02   -8.29877e+01    3.11122e-06

           Step           Time
         211000      422.00000

   Energies (kJ/mol)
           Bond            U-B    Proper Dih.  Improper Dih.      CMAP Dih.
    1.59886e+02    5.16945e+02    4.24819e+02    2.24230e+01    9.78015e+00
          LJ-14     Coulomb-14        LJ (SR)   Coulomb (SR)   Coul. recip.
    1.31068e+02    3.22253e+03    6.95134e+04   -7.19954e+05    1.96394e+03
   COM Pull En.      Potential    Kinetic En.   Total Energy  Conserved En.
    1.27045e+00   -6.43988e+05    1.10260e+05   -5.33728e+05   -5.31487e+05
    Temperature Pressure (bar)   Constr. rmsd
    2.97647e+02   -3.88981e+01    2.73880e-06

           Step           Time
         211500      423.00000

   Energies (kJ/mol)
           Bond            U-B    Proper Dih.  Improper Dih.      CMAP Dih.
    1.70020e+02    5.38134e+02    4.64151e+02    3.16344e+01    2.81791e+01
          LJ-14     Coulomb-14        LJ (SR)   Coulomb (SR)   Coul. recip.
    1.00618e+02    3.14983e+03    6.95310e+04   -7.19588e+05    2.07912e+03
   COM Pull En.      Potential    Kinetic En.   Total Energy  Conserved En.
    1.14627e+00   -6.43494e+05    1.10091e+05   -5.33403e+05   -5.31444e+05
    Temperature Pressure (bar)   Constr. rmsd
    2.97191e+02    5.85547e+00    3.64356e-06

           Step           Time
         212000      424.00000

   Energies (kJ/mol)
           Bond            U-B    Proper Dih.  Improper Dih.      CMAP Dih.
    1.83619e+02    5.72224e+02    4.69367e+02    3.36019e+01    6.16845e+00
          LJ-14     Coulomb-14        LJ (SR)   Coulomb (SR)   Coul. recip.
    8.31910e+01    3.19073e+03    6.93171e+04   -7.18149e+05    2.05230e+03
   COM Pull En.      Potential    Kinetic En.   Total Energy  Conserved En.
    3.02887e-02   -6.42240e+05    1.09204e+05   -5.33037e+05   -5.31405e+05
    Temperature Pressure (bar)   Constr. rmsd
    2.94795e+02   -1.63194e+01    3.36096e-06

           Step           Time
         212500      425.00000

   Energies (kJ/mol)
           Bond            U-B    Proper Dih.  Improper Dih.      CMAP Dih.
    1.21319e+02    5.72870e+02    4.56494e+02    2.22570e+01    5.31023e+00
          LJ-14     Coulomb-14        LJ (SR)   Coulomb (SR)   Coul. recip.
    1.16827e+02    3.18614e+03    7.00443e+04   -7.20119e+05    2.00279e+03
   COM Pull En.      Potential    Kinetic En.   Total Energy  Conserved En.
    4.37581e-02   -6.43590e+05    1.10505e+05   -5.33086e+05   -5.31481e+05
    Temperature Pressure (bar)   Constr. rmsd
    2.98308e+02    8.23424e+01    4.72928e-06

           Step           Time
         213000      426.00000

   Energies (kJ/mol)
           Bond            U-B    Proper Dih.  Improper Dih.      CMAP Dih.
    1.56832e+02    6.31561e+02    4.46877e+02    4.29645e+01   -2.32084e+01
          LJ-14     Coulomb-14        LJ (SR)   Coulomb (SR)   Coul. recip.
    1.09807e+02    3.16851e+03    7.00509e+04   -7.19872e+05    2.01856e+03
   COM Pull En.      Potential    Kinetic En.   Total Energy  Conserved En.
    8.34948e-02   -6.43269e+05    1.10776e+05   -5.32493e+05   -5.31690e+05
    Temperature Pressure (bar)   Constr. rmsd
    2.99039e+02    3.80471e+01    3.08586e-06

           Step           Time
         213500      427.00000

   Energies (kJ/mol)
           Bond            U-B    Proper Dih.  Improper Dih.      CMAP Dih.
    1.34658e+02    5.12238e+02    4.53285e+02    2.33692e+01   -2.02831e+00
          LJ-14     Coulomb-14        LJ (SR)   Coulomb (SR)   Coul. recip.
    1.20798e+02    3.29617e+03    6.95073e+04   -7.19237e+05    1.98926e+03
   COM Pull En.      Potential    Kinetic En.   Total Energy  Conserved En.
    1.19876e-01   -6.43202e+05    1.09939e+05   -5.33263e+05   -5.31512e+05
    Temperature Pressure (bar)   Constr. rmsd
    2.96781e+02   -1.09394e+01    2.72059e-06

           Step           Time
         214000      428.00000

   Energies (kJ/mol)
           Bond            U-B    Proper Dih.  Improper Dih.      CMAP Dih.
    1.71931e+02    6.10327e+02    4.14156e+02    3.65000e+01    6.30304e+00
          LJ-14     Coulomb-14        LJ (SR)   Coulomb (SR)   Coul. recip.
    1.08368e+02    3.18951e+03    7.05531e+04   -7.19800e+05    2.01215e+03
   COM Pull En.      Potential    Kinetic En.   Total Energy  Conserved En.
    1.28177e-01   -6.42697e+05    1.09785e+05   -5.32913e+05   -5.31457e+05
    Temperature Pressure (bar)   Constr. rmsd
    2.96364e+02    1.68901e+02    2.94947e-06

           Step           Time
         214500      429.00000

   Energies (kJ/mol)
           Bond            U-B    Proper Dih.  Improper Dih.      CMAP Dih.
    1.36054e+02    5.96866e+02    4.33369e+02    2.24234e+01    2.37982e+01
          LJ-14     Coulomb-14        LJ (SR)   Coulomb (SR)   Coul. recip.
    1.11658e+02    3.19810e+03    7.03915e+04   -7.19616e+05    2.01074e+03
   COM Pull En.      Potential    Kinetic En.   Total Energy  Conserved En.
    1.43196e+00   -6.42690e+05    1.10415e+05   -5.32275e+05   -5.31620e+05
    Temperature Pressure (bar)   Constr. rmsd
    2.98065e+02    1.91042e+02    2.72679e-06

           Step           Time
         215000      430.00000

   Energies (kJ/mol)
           Bond            U-B    Proper Dih.  Improper Dih.      CMAP Dih.
    1.86809e+02    5.30332e+02    4.54552e+02    2.31676e+01    9.22640e-01
          LJ-14     Coulomb-14        LJ (SR)   Coulomb (SR)   Coul. recip.
    1.04932e+02    3.20042e+03    6.93321e+04   -7.18368e+05    2.07047e+03
   COM Pull En.      Potential    Kinetic En.   Total Energy  Conserved En.
    5.36381e+00   -6.42458e+05    1.10716e+05   -5.31742e+05   -5.31746e+05
    Temperature Pressure (bar)   Constr. rmsd
    2.98880e+02   -6.41355e+01    2.94794e-06

           Step           Time
         215500      431.00000

   Energies (kJ/mol)
           Bond            U-B    Proper Dih.  Improper Dih.      CMAP Dih.
    1.56440e+02    5.24953e+02    4.65716e+02    2.93382e+01    6.35345e+01
          LJ-14     Coulomb-14        LJ (SR)   Coulomb (SR)   Coul. recip.
    1.12998e+02    3.22007e+03    6.96412e+04   -7.19032e+05    2.00083e+03
   COM Pull En.      Potential    Kinetic En.   Total Energy  Conserved En.
    4.73546e-01   -6.42816e+05    1.10925e+05   -5.31891e+05   -5.31709e+05
    Temperature Pressure (bar)   Constr. rmsd
    2.99444e+02   -3.07408e+01    2.89633e-06

           Step           Time
         216000      432.00000

   Energies (kJ/mol)
           Bond            U-B    Proper Dih.  Improper Dih.      CMAP Dih.
    9.47211e+01    6.12367e+02    4.21315e+02    2.90013e+01    7.85095e+00
          LJ-14     Coulomb-14        LJ (SR)   Coulomb (SR)   Coul. recip.
    1.30577e+02    3.25138e+03    6.95818e+04   -7.18524e+05    2.02282e+03
   COM Pull En.      Potential    Kinetic En.   Total Energy  Conserved En.
    2.55688e-03   -6.42372e+05    1.10241e+05   -5.32131e+05   -5.31767e+05
    Temperature Pressure (bar)   Constr. rmsd
    2.97595e+02    4.07598e+01    2.77826e-06

Writing checkpoint, step 216240 at Tue Jun 23 19:29:32 2026


           Step           Time
         216500      433.00000

   Energies (kJ/mol)
           Bond            U-B    Proper Dih.  Improper Dih.      CMAP Dih.
    1.63731e+02    5.77150e+02    4.19863e+02    2.82820e+01    1.48723e+01
          LJ-14     Coulomb-14        LJ (SR)   Coulomb (SR)   Coul. recip.
    9.61232e+01    3.20513e+03    6.99139e+04   -7.19259e+05    1.99557e+03
   COM Pull En.      Potential    Kinetic En.   Total Energy  Conserved En.
    1.21589e-01   -6.42844e+05    1.10886e+05   -5.31958e+05   -5.31738e+05
    Temperature Pressure (bar)   Constr. rmsd
    2.99337e+02    1.35301e+01    3.51316e-06

           Step           Time
         217000      434.00000

   Energies (kJ/mol)
           Bond            U-B    Proper Dih.  Improper Dih.      CMAP Dih.
    1.49928e+02    6.30864e+02    4.57272e+02    3.18825e+01   -2.96055e+01
          LJ-14     Coulomb-14        LJ (SR)   Coulomb (SR)   Coul. recip.
    8.31646e+01    3.21652e+03    6.93294e+04   -7.17617e+05    2.00375e+03
   COM Pull En.      Potential    Kinetic En.   Total Energy  Conserved En.
    2.10572e-07   -6.41744e+05    1.10194e+05   -5.31549e+05   -5.31591e+05
    Temperature Pressure (bar)   Constr. rmsd
    2.97470e+02   -7.23747e+00    2.98290e-06

           Step           Time
         217500      435.00000

   Energies (kJ/mol)
           Bond            U-B    Proper Dih.  Improper Dih.      CMAP Dih.
    1.41955e+02    6.06125e+02    4.23863e+02    2.57107e+01    1.11699e+01
          LJ-14     Coulomb-14        LJ (SR)   Coulomb (SR)   Coul. recip.
    1.11029e+02    3.22179e+03    6.76899e+04   -7.16147e+05    2.03654e+03
   COM Pull En.      Potential    Kinetic En.   Total Energy  Conserved En.
    3.38758e+00   -6.41875e+05    1.09720e+05   -5.32155e+05   -5.31571e+05
    Temperature Pressure (bar)   Constr. rmsd
    2.96189e+02   -2.27359e+02    4.28427e-06

           Step           Time
         218000      436.00000

   Energies (kJ/mol)
           Bond            U-B    Proper Dih.  Improper Dih.      CMAP Dih.
    1.41757e+02    5.20485e+02    4.73071e+02    2.35075e+01    7.55066e+00
          LJ-14     Coulomb-14        LJ (SR)   Coulomb (SR)   Coul. recip.
    1.23511e+02    3.20647e+03    6.82227e+04   -7.18233e+05    1.97142e+03
   COM Pull En.      Potential    Kinetic En.   Total Energy  Conserved En.
    4.26594e+00   -6.43538e+05    1.11005e+05   -5.32533e+05   -5.31656e+05
    Temperature Pressure (bar)   Constr. rmsd
    2.99658e+02   -1.81278e+02    2.82998e-06

           Step           Time
         218500      437.00000

   Energies (kJ/mol)
           Bond            U-B    Proper Dih.  Improper Dih.      CMAP Dih.
    1.49159e+02    5.48899e+02    4.31645e+02    2.20815e+01    1.79729e+01
          LJ-14     Coulomb-14        LJ (SR)   Coulomb (SR)   Coul. recip.
    1.22190e+02    3.21147e+03    6.93076e+04   -7.18824e+05    1.95324e+03
   COM Pull En.      Potential    Kinetic En.   Total Energy  Conserved En.
    5.29466e+00   -6.43055e+05    1.10029e+05   -5.33026e+05   -5.31626e+05
    Temperature Pressure (bar)   Constr. rmsd
    2.97023e+02    3.51055e+00    3.20148e-06

           Step           Time
         219000      438.00000

   Energies (kJ/mol)
           Bond            U-B    Proper Dih.  Improper Dih.      CMAP Dih.
    1.59928e+02    4.83410e+02    4.59806e+02    2.78813e+01   -1.12113e+01
          LJ-14     Coulomb-14        LJ (SR)   Coulomb (SR)   Coul. recip.
    1.15976e+02    3.21897e+03    6.99431e+04   -7.19503e+05    1.99268e+03
   COM Pull En.      Potential    Kinetic En.   Total Energy  Conserved En.
    1.35956e+00   -6.43111e+05    1.09638e+05   -5.33473e+05   -5.31539e+05
    Temperature Pressure (bar)   Constr. rmsd
    2.95968e+02    5.81884e+01    2.20264e-06

           Step           Time
         219500      439.00000

   Energies (kJ/mol)
           Bond            U-B    Proper Dih.  Improper Dih.      CMAP Dih.
    1.54747e+02    5.02108e+02    4.77347e+02    3.05832e+01    1.20789e+01
          LJ-14     Coulomb-14        LJ (SR)   Coulomb (SR)   Coul. recip.
    1.06702e+02    3.19894e+03    6.96028e+04   -7.19432e+05    2.03049e+03
   COM Pull En.      Potential    Kinetic En.   Total Energy  Conserved En.
    4.93160e-01   -6.43315e+05    1.09340e+05   -5.33975e+05   -5.31611e+05
    Temperature Pressure (bar)   Constr. rmsd
    2.95164e+02   -3.31219e+01    2.73770e-06

           Step           Time
         220000      440.00000

   Energies (kJ/mol)
           Bond            U-B    Proper Dih.  Improper Dih.      CMAP Dih.
    1.51609e+02    5.76757e+02    4.16846e+02    1.60811e+01   -1.49506e+01
          LJ-14     Coulomb-14        LJ (SR)   Coulomb (SR)   Coul. recip.
    1.23570e+02    3.21702e+03    6.98253e+04   -7.19589e+05    1.99880e+03
   COM Pull En.      Potential    Kinetic En.   Total Energy  Conserved En.
    2.76669e-01   -6.43278e+05    1.10620e+05   -5.32658e+05   -5.31555e+05
    Temperature Pressure (bar)   Constr. rmsd
    2.98618e+02    4.01796e+01    2.43830e-06

           Step           Time
         220500      441.00000

   Energies (kJ/mol)
           Bond            U-B    Proper Dih.  Improper Dih.      CMAP Dih.
    1.72202e+02    5.37594e+02    4.36059e+02    2.61375e+01   -1.88513e+01
          LJ-14     Coulomb-14        LJ (SR)   Coulomb (SR)   Coul. recip.
    1.01635e+02    3.18646e+03    7.01623e+04   -7.19780e+05    2.05142e+03
   COM Pull En.      Potential    Kinetic En.   Total Energy  Conserved En.
    1.03765e-01   -6.43125e+05    1.10646e+05   -5.32479e+05   -5.31522e+05
    Temperature Pressure (bar)   Constr. rmsd
    2.98690e+02    1.12974e+02    3.21415e-06

           Step           Time
         221000      442.00000

   Energies (kJ/mol)
           Bond            U-B    Proper Dih.  Improper Dih.      CMAP Dih.
    1.72985e+02    6.23622e+02    4.33028e+02    2.76545e+01   -2.47074e+01
          LJ-14     Coulomb-14        LJ (SR)   Coulomb (SR)   Coul. recip.
    1.05474e+02    3.13622e+03    7.06674e+04   -7.20151e+05    2.06805e+03
   COM Pull En.      Potential    Kinetic En.   Total Energy  Conserved En.
    4.01262e-04   -6.42941e+05    1.10246e+05   -5.32695e+05   -5.31532e+05
    Temperature Pressure (bar)   Constr. rmsd
    2.97611e+02    1.71435e+02    2.67023e-06

           Step           Time
         221500      443.00000

   Energies (kJ/mol)
           Bond            U-B    Proper Dih.  Improper Dih.      CMAP Dih.
    1.53842e+02    5.10382e+02    4.44645e+02    3.22380e+01   -1.54990e+01
          LJ-14     Coulomb-14        LJ (SR)   Coulomb (SR)   Coul. recip.
    1.09802e+02    3.23994e+03    7.13279e+04   -7.22344e+05    2.03967e+03
   COM Pull En.      Potential    Kinetic En.   Total Energy  Conserved En.
    3.31683e-01   -6.44501e+05    1.10704e+05   -5.33797e+05   -5.31577e+05
    Temperature Pressure (bar)   Constr. rmsd
    2.98846e+02    2.11217e+02    3.08584e-06

           Step           Time
         222000      444.00000

   Energies (kJ/mol)
           Bond            U-B    Proper Dih.  Improper Dih.      CMAP Dih.
    1.53684e+02    6.32158e+02    4.35764e+02    2.60421e+01   -1.21084e+01
          LJ-14     Coulomb-14        LJ (SR)   Coulomb (SR)   Coul. recip.
    9.08112e+01    3.15430e+03    6.94409e+04   -7.19357e+05    1.99786e+03
   COM Pull En.      Potential    Kinetic En.   Total Energy  Conserved En.
    7.07407e-04   -6.43438e+05    1.10017e+05   -5.33421e+05   -5.31545e+05
    Temperature Pressure (bar)   Constr. rmsd
    2.96991e+02   -6.24291e+01    2.77106e-06

           Step           Time
         222500      445.00000

   Energies (kJ/mol)
           Bond            U-B    Proper Dih.  Improper Dih.      CMAP Dih.
    1.12520e+02    5.82493e+02    4.47454e+02    2.89349e+01    3.16482e+00
          LJ-14     Coulomb-14        LJ (SR)   Coulomb (SR)   Coul. recip.
    1.23748e+02    3.25599e+03    7.05780e+04   -7.19712e+05    1.99598e+03
   COM Pull En.      Potential    Kinetic En.   Total Energy  Conserved En.
    6.72341e-01   -6.42583e+05    1.10971e+05   -5.31612e+05   -5.31615e+05
    Temperature Pressure (bar)   Constr. rmsd
    2.99567e+02    1.91795e+02    3.09047e-06

           Step           Time
         223000      446.00000

   Energies (kJ/mol)
           Bond            U-B    Proper Dih.  Improper Dih.      CMAP Dih.
    1.78723e+02    6.14537e+02    4.31026e+02    3.51196e+01   -1.25143e+00
          LJ-14     Coulomb-14        LJ (SR)   Coulomb (SR)   Coul. recip.
    1.03151e+02    3.15237e+03    6.87053e+04   -7.17214e+05    2.05331e+03
   COM Pull En.      Potential    Kinetic En.   Total Energy  Conserved En.
    1.80561e+00   -6.41940e+05    1.10717e+05   -5.31224e+05   -5.31621e+05
    Temperature Pressure (bar)   Constr. rmsd
    2.98880e+02   -6.63571e+01    2.60224e-06

           Step           Time
         223500      447.00000

   Energies (kJ/mol)
           Bond            U-B    Proper Dih.  Improper Dih.      CMAP Dih.
    1.52101e+02    5.49443e+02    4.54363e+02    3.69038e+01    7.57061e+00
          LJ-14     Coulomb-14        LJ (SR)   Coulomb (SR)   Coul. recip.
    9.16564e+01    3.17015e+03    6.98220e+04   -7.18352e+05    2.06554e+03
   COM Pull En.      Potential    Kinetic En.   Total Energy  Conserved En.
    3.85988e+00   -6.41998e+05    1.10738e+05   -5.31261e+05   -5.31932e+05
    Temperature Pressure (bar)   Constr. rmsd
    2.98937e+02    4.07718e+01    3.55862e-06

           Step           Time
         224000      448.00000

   Energies (kJ/mol)
           Bond            U-B    Proper Dih.  Improper Dih.      CMAP Dih.
    1.78620e+02    5.42675e+02    4.36629e+02    2.88288e+01    2.32057e+01
          LJ-14     Coulomb-14        LJ (SR)   Coulomb (SR)   Coul. recip.
    1.08132e+02    3.19048e+03    6.95032e+04   -7.18966e+05    1.97674e+03
   COM Pull En.      Potential    Kinetic En.   Total Energy  Conserved En.
    5.11508e+00   -6.42972e+05    1.11232e+05   -5.31740e+05   -5.31937e+05
    Temperature Pressure (bar)   Constr. rmsd
    3.00272e+02   -6.95745e+01    3.13854e-06

           Step           Time
         224500      449.00000

   Energies (kJ/mol)
           Bond            U-B    Proper Dih.  Improper Dih.      CMAP Dih.
    1.15340e+02    5.84346e+02    4.29193e+02    3.03732e+01    1.98288e+01
          LJ-14     Coulomb-14        LJ (SR)   Coulomb (SR)   Coul. recip.
    1.08151e+02    3.21350e+03    7.02714e+04   -7.19674e+05    2.01578e+03
   COM Pull En.      Potential    Kinetic En.   Total Energy  Conserved En.
    4.20498e+00   -6.42882e+05    1.09776e+05   -5.33106e+05   -5.31781e+05
    Temperature Pressure (bar)   Constr. rmsd
    2.96340e+02    5.34475e+01    2.52532e-06

           Step           Time
         225000      450.00000

   Energies (kJ/mol)
           Bond            U-B    Proper Dih.  Improper Dih.      CMAP Dih.
    1.68733e+02    5.67808e+02    4.78949e+02    3.59647e+01    8.36051e+00
          LJ-14     Coulomb-14        LJ (SR)   Coulomb (SR)   Coul. recip.
    9.14860e+01    3.17631e+03    7.00056e+04   -7.19164e+05    1.93423e+03
   COM Pull En.      Potential    Kinetic En.   Total Energy  Conserved En.
    3.26261e+00   -6.42693e+05    1.09905e+05   -5.32788e+05   -5.31771e+05
    Temperature Pressure (bar)   Constr. rmsd
    2.96690e+02    2.07431e+01    2.61324e-06

Writing checkpoint, step 225280 at Tue Jun 23 19:44:33 2026


           Step           Time
         225500      451.00000

   Energies (kJ/mol)
           Bond            U-B    Proper Dih.  Improper Dih.      CMAP Dih.
    1.65720e+02    5.49378e+02    4.42290e+02    2.91255e+01    2.48741e+01
          LJ-14     Coulomb-14        LJ (SR)   Coulomb (SR)   Coul. recip.
    1.02456e+02    3.17271e+03    6.95602e+04   -7.17961e+05    1.92654e+03
   COM Pull En.      Potential    Kinetic En.   Total Energy  Conserved En.
    2.15616e-01   -6.41987e+05    1.09947e+05   -5.32040e+05   -5.31737e+05
    Temperature Pressure (bar)   Constr. rmsd
    2.96801e+02   -1.81172e+01    3.33807e-06

           Step           Time
         226000      452.00000

   Energies (kJ/mol)
           Bond            U-B    Proper Dih.  Improper Dih.      CMAP Dih.
    1.75419e+02    5.02221e+02    4.47911e+02    1.45746e+01    8.32934e+00
          LJ-14     Coulomb-14        LJ (SR)   Coulomb (SR)   Coul. recip.
    1.11129e+02    3.24586e+03    6.94695e+04   -7.18666e+05    2.03876e+03
   COM Pull En.      Potential    Kinetic En.   Total Energy  Conserved En.
    1.05049e+00   -6.42652e+05    1.10508e+05   -5.32143e+05   -5.31762e+05
    Temperature Pressure (bar)   Constr. rmsd
    2.98317e+02   -3.04335e+01    2.50799e-06

           Step           Time
         226500      453.00000

   Energies (kJ/mol)
           Bond            U-B    Proper Dih.  Improper Dih.      CMAP Dih.
    1.43086e+02    5.32977e+02    4.20618e+02    2.75187e+01    3.85285e+01
          LJ-14     Coulomb-14        LJ (SR)   Coulomb (SR)   Coul. recip.
    9.70322e+01    3.25284e+03    7.04400e+04   -7.20145e+05    2.00616e+03
   COM Pull En.      Potential    Kinetic En.   Total Energy  Conserved En.
    2.25551e-02   -6.43186e+05    1.09875e+05   -5.33311e+05   -5.31896e+05
    Temperature Pressure (bar)   Constr. rmsd
    2.96607e+02    1.14542e+01    2.77452e-06

           Step           Time
         227000      454.00000

   Energies (kJ/mol)
           Bond            U-B    Proper Dih.  Improper Dih.      CMAP Dih.
    1.71791e+02    5.53315e+02    4.05788e+02    2.88570e+01    2.47275e+01
          LJ-14     Coulomb-14        LJ (SR)   Coulomb (SR)   Coul. recip.
    1.04778e+02    3.18566e+03    7.08184e+04   -7.21297e+05    2.01626e+03
   COM Pull En.      Potential    Kinetic En.   Total Energy  Conserved En.
    2.79020e-01   -6.43987e+05    1.11059e+05   -5.32928e+05   -5.31919e+05
    Temperature Pressure (bar)   Constr. rmsd
    2.99804e+02    4.95278e+01    2.31673e-06

           Step           Time
         227500      455.00000

   Energies (kJ/mol)
           Bond            U-B    Proper Dih.  Improper Dih.      CMAP Dih.
    1.51717e+02    5.83931e+02    4.33434e+02    2.01703e+01   -1.26038e+01
          LJ-14     Coulomb-14        LJ (SR)   Coulomb (SR)   Coul. recip.
    9.51154e+01    3.17358e+03    6.91560e+04   -7.18571e+05    2.08930e+03
   COM Pull En.      Potential    Kinetic En.   Total Energy  Conserved En.
    1.02406e-02   -6.42881e+05    1.09775e+05   -5.33106e+05   -5.31739e+05
    Temperature Pressure (bar)   Constr. rmsd
    2.96339e+02   -1.08352e+02    2.91096e-06

           Step           Time
         228000      456.00000

   Energies (kJ/mol)
           Bond            U-B    Proper Dih.  Improper Dih.      CMAP Dih.
    2.22142e+02    4.72439e+02    4.48876e+02    3.04982e+01    2.51642e+01
          LJ-14     Coulomb-14        LJ (SR)   Coulomb (SR)   Coul. recip.
    1.17278e+02    3.20740e+03    6.97125e+04   -7.17995e+05    2.06832e+03
   COM Pull En.      Potential    Kinetic En.   Total Energy  Conserved En.
    1.75563e+00   -6.41689e+05    1.09601e+05   -5.32088e+05   -5.31711e+05
    Temperature Pressure (bar)   Constr. rmsd
    2.95867e+02    8.60704e+01    2.90812e-06

           Step           Time
         228500      457.00000

   Energies (kJ/mol)
           Bond            U-B    Proper Dih.  Improper Dih.      CMAP Dih.
    1.90175e+02    5.41103e+02    4.36623e+02    3.15271e+01    4.42454e+01
          LJ-14     Coulomb-14        LJ (SR)   Coulomb (SR)   Coul. recip.
    1.03875e+02    3.19576e+03    7.01333e+04   -7.18961e+05    2.01372e+03
   COM Pull En.      Potential    Kinetic En.   Total Energy  Conserved En.
    5.78414e-01   -6.42270e+05    1.11159e+05   -5.31111e+05   -5.31719e+05
    Temperature Pressure (bar)   Constr. rmsd
    3.00074e+02    7.22755e+01    2.65995e-06

           Step           Time
         229000      458.00000

   Energies (kJ/mol)
           Bond            U-B    Proper Dih.  Improper Dih.      CMAP Dih.
    1.62430e+02    5.18238e+02    4.51368e+02    2.19173e+01    4.11462e+01
          LJ-14     Coulomb-14        LJ (SR)   Coulomb (SR)   Coul. recip.
    1.23786e+02    3.21664e+03    6.94365e+04   -7.17720e+05    1.98906e+03
   COM Pull En.      Potential    Kinetic En.   Total Energy  Conserved En.
    8.58968e-01   -6.41758e+05    1.11312e+05   -5.30445e+05   -5.31915e+05
    Temperature Pressure (bar)   Constr. rmsd
    3.00488e+02   -2.03622e+01    3.60385e-06

           Step           Time
         229500      459.00000

   Energies (kJ/mol)
           Bond            U-B    Proper Dih.  Improper Dih.      CMAP Dih.
    2.06286e+02    5.10013e+02    4.24386e+02    2.65574e+01    7.57918e+01
          LJ-14     Coulomb-14        LJ (SR)   Coulomb (SR)   Coul. recip.
    7.90335e+01    3.19923e+03    6.83733e+04   -7.16392e+05    2.02478e+03
   COM Pull En.      Potential    Kinetic En.   Total Energy  Conserved En.
    6.13897e-01   -6.41472e+05    1.10362e+05   -5.31110e+05   -5.31815e+05
    Temperature Pressure (bar)   Constr. rmsd
    2.97922e+02   -1.98143e+02    2.04986e-06

           Step           Time
         230000      460.00000

   Energies (kJ/mol)
           Bond            U-B    Proper Dih.  Improper Dih.      CMAP Dih.
    1.97238e+02    5.18004e+02    4.43659e+02    2.15549e+01    5.18754e+01
          LJ-14     Coulomb-14        LJ (SR)   Coulomb (SR)   Coul. recip.
    1.16441e+02    3.27299e+03    6.98729e+04   -7.18350e+05    1.98248e+03
   COM Pull En.      Potential    Kinetic En.   Total Energy  Conserved En.
    7.68386e-03   -6.41873e+05    1.11306e+05   -5.30567e+05   -5.31856e+05
    Temperature Pressure (bar)   Constr. rmsd
    3.00471e+02    4.16493e+01    3.03410e-06

           Step           Time
         230500      461.00000

   Energies (kJ/mol)
           Bond            U-B    Proper Dih.  Improper Dih.      CMAP Dih.
    1.83383e+02    5.69206e+02    4.44767e+02    3.37170e+01    3.56991e+01
          LJ-14     Coulomb-14        LJ (SR)   Coulomb (SR)   Coul. recip.
    9.23466e+01    3.22233e+03    6.86833e+04   -7.16216e+05    2.02898e+03
   COM Pull En.      Potential    Kinetic En.   Total Energy  Conserved En.
    1.35269e+00   -6.40921e+05    1.10747e+05   -5.30175e+05   -5.31629e+05
    Temperature Pressure (bar)   Constr. rmsd
    2.98961e+02   -3.27343e+01    3.17685e-06

           Step           Time
         231000      462.00000

   Energies (kJ/mol)
           Bond            U-B    Proper Dih.  Improper Dih.      CMAP Dih.
    1.52102e+02    5.28475e+02    4.55304e+02    4.07631e+01    3.63761e+01
          LJ-14     Coulomb-14        LJ (SR)   Coulomb (SR)   Coul. recip.
    1.03914e+02    3.19796e+03    6.82669e+04   -7.15194e+05    2.07802e+03
   COM Pull En.      Potential    Kinetic En.   Total Energy  Conserved En.
    1.02414e+00   -6.40334e+05    1.11119e+05   -5.29215e+05   -5.31674e+05
    Temperature Pressure (bar)   Constr. rmsd
    2.99965e+02   -9.49848e+01    3.81741e-06

           Step           Time
         231500      463.00000

   Energies (kJ/mol)
           Bond            U-B    Proper Dih.  Improper Dih.      CMAP Dih.
    1.50178e+02    5.42085e+02    4.55763e+02    3.37204e+01    1.96711e+01
          LJ-14     Coulomb-14        LJ (SR)   Coulomb (SR)   Coul. recip.
    9.95500e+01    3.20372e+03    7.00426e+04   -7.17474e+05    2.03674e+03
   COM Pull En.      Potential    Kinetic En.   Total Energy  Conserved En.
    1.28309e-01   -6.40890e+05    1.11734e+05   -5.29156e+05   -5.31721e+05
    Temperature Pressure (bar)   Constr. rmsd
    3.01626e+02    1.45158e+02    3.04620e-06

           Step           Time
         232000      464.00000

   Energies (kJ/mol)
           Bond            U-B    Proper Dih.  Improper Dih.      CMAP Dih.
    1.54699e+02    5.68380e+02    4.56816e+02    3.77366e+01    1.98036e+01
          LJ-14     Coulomb-14        LJ (SR)   Coulomb (SR)   Coul. recip.
    1.12032e+02    3.21250e+03    6.91008e+04   -7.16253e+05    2.03270e+03
   COM Pull En.      Potential    Kinetic En.   Total Energy  Conserved En.
    2.08671e-01   -6.40557e+05    1.11428e+05   -5.29130e+05   -5.31730e+05
    Temperature Pressure (bar)   Constr. rmsd
    3.00799e+02    4.59912e+01    3.74786e-06

           Step           Time
         232500      465.00000

   Energies (kJ/mol)
           Bond            U-B    Proper Dih.  Improper Dih.      CMAP Dih.
    2.10976e+02    5.11057e+02    4.34877e+02    2.80662e+01    2.41916e+01
          LJ-14     Coulomb-14        LJ (SR)   Coulomb (SR)   Coul. recip.
    1.00691e+02    3.20028e+03    6.86431e+04   -7.17203e+05    1.95826e+03
   COM Pull En.      Potential    Kinetic En.   Total Energy  Conserved En.
    5.91461e-01   -6.42091e+05    1.11471e+05   -5.30620e+05   -5.31849e+05
    Temperature Pressure (bar)   Constr. rmsd
    3.00915e+02   -1.11080e+02    2.44879e-06

           Step           Time
         233000      466.00000

   Energies (kJ/mol)
           Bond            U-B    Proper Dih.  Improper Dih.      CMAP Dih.
    1.28271e+02    4.94588e+02    4.68276e+02    3.97989e+01    3.74080e+01
          LJ-14     Coulomb-14        LJ (SR)   Coulomb (SR)   Coul. recip.
    1.20155e+02    3.27986e+03    6.92603e+04   -7.17539e+05    2.00244e+03
   COM Pull En.      Potential    Kinetic En.   Total Energy  Conserved En.
    2.74321e-01   -6.41708e+05    1.10259e+05   -5.31449e+05   -5.31789e+05
    Temperature Pressure (bar)   Constr. rmsd
    2.97644e+02    2.39564e+01    2.34546e-06

           Step           Time
         233500      467.00000

   Energies (kJ/mol)
           Bond            U-B    Proper Dih.  Improper Dih.      CMAP Dih.
    1.25097e+02    5.18504e+02    4.66074e+02    2.96338e+01    5.47312e+01
          LJ-14     Coulomb-14        LJ (SR)   Coulomb (SR)   Coul. recip.
    1.00318e+02    3.20727e+03    7.04937e+04   -7.20095e+05    1.96401e+03
   COM Pull En.      Potential    Kinetic En.   Total Energy  Conserved En.
    1.27871e+00   -6.43134e+05    1.10882e+05   -5.32252e+05   -5.31800e+05
    Temperature Pressure (bar)   Constr. rmsd
    2.99326e+02    9.70641e+01    2.60254e-06

           Step           Time
         234000      468.00000

   Energies (kJ/mol)
           Bond            U-B    Proper Dih.  Improper Dih.      CMAP Dih.
    1.74283e+02    4.98609e+02    4.75947e+02    4.19986e+01    4.58800e+01
          LJ-14     Coulomb-14        LJ (SR)   Coulomb (SR)   Coul. recip.
    1.00515e+02    3.21574e+03    6.92636e+04   -7.18147e+05    2.08392e+03
   COM Pull En.      Potential    Kinetic En.   Total Energy  Conserved En.
    1.60636e+00   -6.42245e+05    1.09947e+05   -5.32298e+05   -5.32004e+05
    Temperature Pressure (bar)   Constr. rmsd
    2.96803e+02   -1.15756e+02    3.71550e-06

Writing checkpoint, step 234320 at Tue Jun 23 19:59:34 2026


           Step           Time
         234500      469.00000

   Energies (kJ/mol)
           Bond            U-B    Proper Dih.  Improper Dih.      CMAP Dih.
    1.57891e+02    5.19111e+02    4.68781e+02    2.12242e+01    2.94915e+01
          LJ-14     Coulomb-14        LJ (SR)   Coulomb (SR)   Coul. recip.
    1.07607e+02    3.24972e+03    7.01944e+04   -7.18745e+05    1.98528e+03
   COM Pull En.      Potential    Kinetic En.   Total Energy  Conserved En.
    1.73966e+00   -6.42010e+05    1.10150e+05   -5.31860e+05   -5.31859e+05
    Temperature Pressure (bar)   Constr. rmsd
    2.97350e+02    7.02039e+01    2.84624e-06

           Step           Time
         235000      470.00000

   Energies (kJ/mol)
           Bond            U-B    Proper Dih.  Improper Dih.      CMAP Dih.
    1.81651e+02    4.63487e+02    4.46114e+02    2.58921e+01    6.70615e+01
          LJ-14     Coulomb-14        LJ (SR)   Coulomb (SR)   Coul. recip.
    1.26005e+02    3.27859e+03    6.91151e+04   -7.18309e+05    2.07043e+03
   COM Pull En.      Potential    Kinetic En.   Total Energy  Conserved En.
    4.00249e-01   -6.42534e+05    1.10867e+05   -5.31667e+05   -5.31777e+05
    Temperature Pressure (bar)   Constr. rmsd
    2.99287e+02   -7.21643e+01    2.97099e-06

           Step           Time
         235500      471.00000

   Energies (kJ/mol)
           Bond            U-B    Proper Dih.  Improper Dih.      CMAP Dih.
    1.50073e+02    5.45003e+02    4.40600e+02    2.30391e+01    4.20358e+01
          LJ-14     Coulomb-14        LJ (SR)   Coulomb (SR)   Coul. recip.
    8.57733e+01    3.16435e+03    7.08832e+04   -7.20014e+05    2.03785e+03
   COM Pull En.      Potential    Kinetic En.   Total Energy  Conserved En.
    4.54555e-01   -6.42641e+05    1.10277e+05   -5.32364e+05   -5.31844e+05
    Temperature Pressure (bar)   Constr. rmsd
    2.97693e+02    1.57400e+02    2.66750e-06

           Step           Time
         236000      472.00000

   Energies (kJ/mol)
           Bond            U-B    Proper Dih.  Improper Dih.      CMAP Dih.
    1.48985e+02    4.77875e+02    4.85483e+02    4.14979e+01    3.13526e+01
          LJ-14     Coulomb-14        LJ (SR)   Coulomb (SR)   Coul. recip.
    1.22005e+02    3.20674e+03    6.90832e+04   -7.16165e+05    2.01388e+03
   COM Pull En.      Potential    Kinetic En.   Total Energy  Conserved En.
    9.35547e-02   -6.40554e+05    1.09957e+05   -5.30598e+05   -5.31848e+05
    Temperature Pressure (bar)   Constr. rmsd
    2.96828e+02    3.52060e+01    3.31159e-06

           Step           Time
         236500      473.00000

   Energies (kJ/mol)
           Bond            U-B    Proper Dih.  Improper Dih.      CMAP Dih.
    1.29528e+02    6.00176e+02    4.34834e+02    2.91786e+01    4.98440e+01
          LJ-14     Coulomb-14        LJ (SR)   Coulomb (SR)   Coul. recip.
    1.07827e+02    3.20931e+03    6.98928e+04   -7.18092e+05    2.09306e+03
   COM Pull En.      Potential    Kinetic En.   Total Energy  Conserved En.
    7.15307e-01   -6.41545e+05    1.10679e+05   -5.30866e+05   -5.31910e+05
    Temperature Pressure (bar)   Constr. rmsd
    2.98778e+02    4.54187e+01    3.50367e-06

           Step           Time
         237000      474.00000

   Energies (kJ/mol)
           Bond            U-B    Proper Dih.  Improper Dih.      CMAP Dih.
    1.48598e+02    5.84021e+02    4.39168e+02    2.69941e+01    4.05020e+01
          LJ-14     Coulomb-14        LJ (SR)   Coulomb (SR)   Coul. recip.
    9.44077e+01    3.16888e+03    6.90212e+04   -7.17513e+05    2.04106e+03
   COM Pull En.      Potential    Kinetic En.   Total Energy  Conserved En.
    1.44893e+00   -6.41947e+05    1.11207e+05   -5.30740e+05   -5.32016e+05
    Temperature Pressure (bar)   Constr. rmsd
    3.00203e+02   -9.48586e+01    3.15732e-06

           Step           Time
         237500      475.00000

   Energies (kJ/mol)
           Bond            U-B    Proper Dih.  Improper Dih.      CMAP Dih.
    1.56110e+02    5.81653e+02    4.36133e+02    2.97681e+01   -6.71953e-01
          LJ-14     Coulomb-14        LJ (SR)   Coulomb (SR)   Coul. recip.
    9.82229e+01    3.17070e+03    6.95569e+04   -7.17848e+05    1.99321e+03
   COM Pull En.      Potential    Kinetic En.   Total Energy  Conserved En.
    1.39575e+00   -6.41825e+05    1.11082e+05   -5.30743e+05   -5.32006e+05
    Temperature Pressure (bar)   Constr. rmsd
    2.99866e+02   -3.18884e+01    3.10140e-06

           Step           Time
         238000      476.00000

   Energies (kJ/mol)
           Bond            U-B    Proper Dih.  Improper Dih.      CMAP Dih.
    1.40607e+02    5.44434e+02    4.29419e+02    3.35199e+01    4.09509e+01
          LJ-14     Coulomb-14        LJ (SR)   Coulomb (SR)   Coul. recip.
    1.14445e+02    3.25629e+03    7.05464e+04   -7.17762e+05    2.03056e+03
   COM Pull En.      Potential    Kinetic En.   Total Energy  Conserved En.
    2.96704e-02   -6.40625e+05    1.10777e+05   -5.29848e+05   -5.32001e+05
    Temperature Pressure (bar)   Constr. rmsd
    2.99043e+02    1.79060e+02    2.87568e-06

           Step           Time
         238500      477.00000

   Energies (kJ/mol)
           Bond            U-B    Proper Dih.  Improper Dih.      CMAP Dih.
    1.61367e+02    4.59028e+02    4.63090e+02    1.90223e+01    1.61736e+01
          LJ-14     Coulomb-14        LJ (SR)   Coulomb (SR)   Coul. recip.
    1.22734e+02    3.27303e+03    6.91616e+04   -7.17508e+05    2.10037e+03
   COM Pull En.      Potential    Kinetic En.   Total Energy  Conserved En.
    1.34796e-03   -6.41732e+05    1.11290e+05   -5.30442e+05   -5.32020e+05
    Temperature Pressure (bar)   Constr. rmsd
    3.00428e+02   -1.01222e+02    4.75863e-06

           Step           Time
         239000      478.00000

   Energies (kJ/mol)
           Bond            U-B    Proper Dih.  Improper Dih.      CMAP Dih.
    1.72266e+02    5.96666e+02    4.89076e+02    2.05830e+01    8.24349e+00
          LJ-14     Coulomb-14        LJ (SR)   Coulomb (SR)   Coul. recip.
    1.25271e+02    3.21074e+03    6.97699e+04   -7.17692e+05    1.99421e+03
   COM Pull En.      Potential    Kinetic En.   Total Energy  Conserved En.
    1.60528e-02   -6.41305e+05    1.10572e+05   -5.30734e+05   -5.32110e+05
    Temperature Pressure (bar)   Constr. rmsd
    2.98488e+02    3.15415e+01    3.14689e-06

           Step           Time
         239500      479.00000

   Energies (kJ/mol)
           Bond            U-B    Proper Dih.  Improper Dih.      CMAP Dih.
    1.74285e+02    5.99083e+02    4.17488e+02    3.33751e+01    8.83794e+00
          LJ-14     Coulomb-14        LJ (SR)   Coulomb (SR)   Coul. recip.
    9.22335e+01    3.15644e+03    6.85797e+04   -7.16799e+05    1.97863e+03
   COM Pull En.      Potential    Kinetic En.   Total Energy  Conserved En.
    5.66372e-01   -6.41758e+05    1.10488e+05   -5.31270e+05   -5.32123e+05
    Temperature Pressure (bar)   Constr. rmsd
    2.98263e+02   -2.08882e+02    3.17853e-06

           Step           Time
         240000      480.00000

   Energies (kJ/mol)
           Bond            U-B    Proper Dih.  Improper Dih.      CMAP Dih.
    1.52952e+02    5.63969e+02    4.45102e+02    1.39992e+01    1.87775e+01
          LJ-14     Coulomb-14        LJ (SR)   Coulomb (SR)   Coul. recip.
    1.06771e+02    3.19594e+03    6.99829e+04   -7.19184e+05    2.05482e+03
   COM Pull En.      Potential    Kinetic En.   Total Energy  Conserved En.
    6.31651e-01   -6.42649e+05    1.10084e+05   -5.32565e+05   -5.32075e+05
    Temperature Pressure (bar)   Constr. rmsd
    2.97172e+02    5.41790e-01    2.98951e-06

           Step           Time
         240500      481.00000

   Energies (kJ/mol)
           Bond            U-B    Proper Dih.  Improper Dih.      CMAP Dih.
    1.32072e+02    5.88743e+02    4.38830e+02    1.26701e+01    2.88658e+01
          LJ-14     Coulomb-14        LJ (SR)   Coulomb (SR)   Coul. recip.
    1.13291e+02    3.25638e+03    6.99011e+04   -7.20382e+05    1.98100e+03
   COM Pull En.      Potential    Kinetic En.   Total Energy  Conserved En.
    1.17552e-03   -6.43929e+05    1.11208e+05   -5.32721e+05   -5.31956e+05
    Temperature Pressure (bar)   Constr. rmsd
    3.00206e+02   -3.07409e+01    3.24023e-06

           Step           Time
         241000      482.00000

   Energies (kJ/mol)
           Bond            U-B    Proper Dih.  Improper Dih.      CMAP Dih.
    1.63309e+02    5.68562e+02    4.67104e+02    3.30224e+01    2.39417e+01
          LJ-14     Coulomb-14        LJ (SR)   Coulomb (SR)   Coul. recip.
    9.26347e+01    3.21526e+03    6.90218e+04   -7.18371e+05    2.03185e+03
   COM Pull En.      Potential    Kinetic En.   Total Energy  Conserved En.
    1.65067e+00   -6.42752e+05    1.10283e+05   -5.32468e+05   -5.32013e+05
    Temperature Pressure (bar)   Constr. rmsd
    2.97710e+02   -1.21439e+02    3.54867e-06

           Step           Time
         241500      483.00000

   Energies (kJ/mol)
           Bond            U-B    Proper Dih.  Improper Dih.      CMAP Dih.
    1.42102e+02    5.74666e+02    4.57911e+02    2.34576e+01    3.74331e+00
          LJ-14     Coulomb-14        LJ (SR)   Coulomb (SR)   Coul. recip.
    9.53812e+01    3.17133e+03    6.95649e+04   -7.18704e+05    1.99132e+03
   COM Pull En.      Potential    Kinetic En.   Total Energy  Conserved En.
    9.89933e-03   -6.42680e+05    1.09652e+05   -5.33028e+05   -5.31967e+05
    Temperature Pressure (bar)   Constr. rmsd
    2.96006e+02   -3.92684e+01    3.74688e-06

           Step           Time
         242000      484.00000

   Energies (kJ/mol)
           Bond            U-B    Proper Dih.  Improper Dih.      CMAP Dih.
    1.76519e+02    5.75885e+02    4.70977e+02    3.51931e+01    4.50566e+00
          LJ-14     Coulomb-14        LJ (SR)   Coulomb (SR)   Coul. recip.
    9.44103e+01    3.13923e+03    6.89668e+04   -7.18323e+05    1.97714e+03
   COM Pull En.      Potential    Kinetic En.   Total Energy  Conserved En.
    9.48442e-01   -6.42881e+05    1.09885e+05   -5.32996e+05   -5.31940e+05
    Temperature Pressure (bar)   Constr. rmsd
    2.96636e+02   -1.42271e+02    3.75908e-06

           Step           Time
         242500      485.00000

   Energies (kJ/mol)
           Bond            U-B    Proper Dih.  Improper Dih.      CMAP Dih.
    1.45568e+02    5.36640e+02    4.66704e+02    3.03223e+01   -3.78299e+00
          LJ-14     Coulomb-14        LJ (SR)   Coulomb (SR)   Coul. recip.
    1.13180e+02    3.24662e+03    6.99455e+04   -7.20302e+05    1.96141e+03
   COM Pull En.      Potential    Kinetic En.   Total Energy  Conserved En.
    1.48019e+00   -6.43858e+05    1.09832e+05   -5.34027e+05   -5.31838e+05
    Temperature Pressure (bar)   Constr. rmsd
    2.96491e+02   -5.64895e+01    2.52632e-06

           Step           Time
         243000      486.00000

   Energies (kJ/mol)
           Bond            U-B    Proper Dih.  Improper Dih.      CMAP Dih.
    1.26734e+02    5.33087e+02    4.40292e+02    2.07266e+01   -3.47806e+00
          LJ-14     Coulomb-14        LJ (SR)   Coulomb (SR)   Coul. recip.
    9.54971e+01    3.21224e+03    7.06563e+04   -7.21098e+05    1.95803e+03
   COM Pull En.      Potential    Kinetic En.   Total Energy  Conserved En.
    2.41016e-01   -6.44058e+05    1.09434e+05   -5.34624e+05   -5.31864e+05
    Temperature Pressure (bar)   Constr. rmsd
    2.95417e+02    3.84562e+01    2.54299e-06

Writing checkpoint, step 243360 at Tue Jun 23 20:14:35 2026


           Step           Time
         243500      487.00000

   Energies (kJ/mol)
           Bond            U-B    Proper Dih.  Improper Dih.      CMAP Dih.
    1.50220e+02    5.89757e+02    4.10770e+02    3.01814e+01    2.81507e+01
          LJ-14     Coulomb-14        LJ (SR)   Coulomb (SR)   Coul. recip.
    8.49027e+01    3.16091e+03    7.04643e+04   -7.20927e+05    2.07320e+03
   COM Pull En.      Potential    Kinetic En.   Total Energy  Conserved En.
    4.92805e-01   -6.43934e+05    1.10118e+05   -5.33817e+05   -5.31838e+05
    Temperature Pressure (bar)   Constr. rmsd
    2.97263e+02    2.08448e+01    2.74956e-06

           Step           Time
         244000      488.00000

   Energies (kJ/mol)
           Bond            U-B    Proper Dih.  Improper Dih.      CMAP Dih.
    1.23922e+02    5.59388e+02    4.54112e+02    1.82955e+01   -3.33448e+00
          LJ-14     Coulomb-14        LJ (SR)   Coulomb (SR)   Coul. recip.
    1.12237e+02    3.23693e+03    6.92109e+04   -7.19665e+05    2.07307e+03
   COM Pull En.      Potential    Kinetic En.   Total Energy  Conserved En.
    7.07564e-01   -6.43879e+05    1.09657e+05   -5.34221e+05   -5.31642e+05
    Temperature Pressure (bar)   Constr. rmsd
    2.96021e+02   -6.62498e+01    3.02647e-06

           Step           Time
         244500      489.00000

   Energies (kJ/mol)
           Bond            U-B    Proper Dih.  Improper Dih.      CMAP Dih.
    1.69017e+02    5.39483e+02    4.43137e+02    3.44392e+01    2.09390e+00
          LJ-14     Coulomb-14        LJ (SR)   Coulomb (SR)   Coul. recip.
    1.04048e+02    3.19868e+03    6.95457e+04   -7.20773e+05    2.05143e+03
   COM Pull En.      Potential    Kinetic En.   Total Energy  Conserved En.
    4.73698e-01   -6.44685e+05    1.10022e+05   -5.34662e+05   -5.31507e+05
    Temperature Pressure (bar)   Constr. rmsd
    2.97005e+02   -7.28518e+01    3.02568e-06

           Step           Time
         245000      490.00000

   Energies (kJ/mol)
           Bond            U-B    Proper Dih.  Improper Dih.      CMAP Dih.
    1.23299e+02    5.69160e+02    4.09021e+02    2.62201e+01    4.40468e+00
          LJ-14     Coulomb-14        LJ (SR)   Coulomb (SR)   Coul. recip.
    8.78016e+01    3.23928e+03    6.98559e+04   -7.20718e+05    1.95393e+03
   COM Pull En.      Potential    Kinetic En.   Total Energy  Conserved En.
    3.38401e-01   -6.44449e+05    1.09987e+05   -5.34462e+05   -5.31512e+05
    Temperature Pressure (bar)   Constr. rmsd
    2.96910e+02    2.89097e+01    3.11761e-06

           Step           Time
         245500      491.00000

   Energies (kJ/mol)
           Bond            U-B    Proper Dih.  Improper Dih.      CMAP Dih.
    1.72199e+02    5.05263e+02    4.25320e+02    2.25789e+01    3.07253e+01
          LJ-14     Coulomb-14        LJ (SR)   Coulomb (SR)   Coul. recip.
    1.02719e+02    3.19988e+03    7.01890e+04   -7.20375e+05    1.91836e+03
   COM Pull En.      Potential    Kinetic En.   Total Energy  Conserved En.
    5.63347e-01   -6.43808e+05    1.10034e+05   -5.33774e+05   -5.31514e+05
    Temperature Pressure (bar)   Constr. rmsd
    2.97036e+02    7.86193e+01    2.96666e-06

           Step           Time
         246000      492.00000

   Energies (kJ/mol)
           Bond            U-B    Proper Dih.  Improper Dih.      CMAP Dih.
    1.56923e+02    5.13871e+02    4.33166e+02    2.36803e+01    2.68426e+01
          LJ-14     Coulomb-14        LJ (SR)   Coulomb (SR)   Coul. recip.
    1.00827e+02    3.19047e+03    6.93907e+04   -7.19973e+05    2.06203e+03
   COM Pull En.      Potential    Kinetic En.   Total Energy  Conserved En.
    2.90571e+00   -6.44071e+05    1.10574e+05   -5.33498e+05   -5.31525e+05
    Temperature Pressure (bar)   Constr. rmsd
    2.98494e+02   -2.83099e+01    2.48314e-06

           Step           Time
         246500      493.00000

   Energies (kJ/mol)
           Bond            U-B    Proper Dih.  Improper Dih.      CMAP Dih.
    1.26353e+02    5.70910e+02    4.56799e+02    3.22117e+01    6.99612e+00
          LJ-14     Coulomb-14        LJ (SR)   Coulomb (SR)   Coul. recip.
    1.11971e+02    3.20538e+03    6.97955e+04   -7.19907e+05    2.02889e+03
   COM Pull En.      Potential    Kinetic En.   Total Energy  Conserved En.
    4.69696e+00   -6.43567e+05    1.10406e+05   -5.33162e+05   -5.31430e+05
    Temperature Pressure (bar)   Constr. rmsd
    2.98041e+02    8.56475e+01    2.75377e-06

           Step           Time
         247000      494.00000

   Energies (kJ/mol)
           Bond            U-B    Proper Dih.  Improper Dih.      CMAP Dih.
    1.44714e+02    5.86781e+02    4.21401e+02    2.64769e+01    1.71842e+01
          LJ-14     Coulomb-14        LJ (SR)   Coulomb (SR)   Coul. recip.
    9.12919e+01    3.15775e+03    7.01933e+04   -7.20422e+05    2.08614e+03
   COM Pull En.      Potential    Kinetic En.   Total Energy  Conserved En.
    1.52367e-01   -6.43697e+05    1.10543e+05   -5.33154e+05   -5.31311e+05
    Temperature Pressure (bar)   Constr. rmsd
    2.98411e+02    1.53959e+02    3.03635e-06

           Step           Time
         247500      495.00000

   Energies (kJ/mol)
           Bond            U-B    Proper Dih.  Improper Dih.      CMAP Dih.
    1.73847e+02    5.68150e+02    4.24175e+02    3.38540e+01   -9.54845e-01
          LJ-14     Coulomb-14        LJ (SR)   Coulomb (SR)   Coul. recip.
    9.94392e+01    3.18836e+03    6.95839e+04   -7.19214e+05    1.98763e+03
   COM Pull En.      Potential    Kinetic En.   Total Energy  Conserved En.
    3.42731e+00   -6.43152e+05    1.10927e+05   -5.32225e+05   -5.31282e+05
    Temperature Pressure (bar)   Constr. rmsd
    2.99448e+02    7.44160e+01    3.57369e-06

           Step           Time
         248000      496.00000

   Energies (kJ/mol)
           Bond            U-B    Proper Dih.  Improper Dih.      CMAP Dih.
    1.66896e+02    5.67606e+02    4.29174e+02    1.39674e+01    1.77456e+01
          LJ-14     Coulomb-14        LJ (SR)   Coulomb (SR)   Coul. recip.
    8.93168e+01    3.18746e+03    7.04358e+04   -7.19345e+05    2.06508e+03
   COM Pull En.      Potential    Kinetic En.   Total Energy  Conserved En.
    4.62854e-01   -6.42371e+05    1.09772e+05   -5.32600e+05   -5.31327e+05
    Temperature Pressure (bar)   Constr. rmsd
    2.96330e+02    2.66860e+02    2.83670e-06

           Step           Time
         248500      497.00000

   Energies (kJ/mol)
           Bond            U-B    Proper Dih.  Improper Dih.      CMAP Dih.
    1.62841e+02    6.03401e+02    4.39842e+02    1.96117e+01   -3.10842e+00
          LJ-14     Coulomb-14        LJ (SR)   Coulomb (SR)   Coul. recip.
    1.04990e+02    3.18001e+03    6.96060e+04   -7.19570e+05    2.05127e+03
   COM Pull En.      Potential    Kinetic En.   Total Energy  Conserved En.
    4.50872e-02   -6.43405e+05    1.11254e+05   -5.32151e+05   -5.31508e+05
    Temperature Pressure (bar)   Constr. rmsd
    3.00330e+02    6.07865e+01    2.75564e-06

           Step           Time
         249000      498.00000

   Energies (kJ/mol)
           Bond            U-B    Proper Dih.  Improper Dih.      CMAP Dih.
    1.42155e+02    5.66156e+02    4.52024e+02    2.15606e+01   -1.84347e+00
          LJ-14     Coulomb-14        LJ (SR)   Coulomb (SR)   Coul. recip.
    1.17875e+02    3.23715e+03    6.92934e+04   -7.18788e+05    2.01439e+03
   COM Pull En.      Potential    Kinetic En.   Total Energy  Conserved En.
    3.97392e-01   -6.42945e+05    1.11155e+05   -5.31790e+05   -5.31578e+05
    Temperature Pressure (bar)   Constr. rmsd
    3.00064e+02    1.98719e+01    3.44740e-06

           Step           Time
         249500      499.00000

   Energies (kJ/mol)
           Bond            U-B    Proper Dih.  Improper Dih.      CMAP Dih.
    1.23280e+02    5.60526e+02    4.60122e+02    1.51279e+01   -1.46206e+01
          LJ-14     Coulomb-14        LJ (SR)   Coulomb (SR)   Coul. recip.
    1.22357e+02    3.26380e+03    6.86879e+04   -7.17283e+05    1.99408e+03
   COM Pull En.      Potential    Kinetic En.   Total Energy  Conserved En.
    4.04168e+00   -6.42066e+05    1.10390e+05   -5.31676e+05   -5.31782e+05
    Temperature Pressure (bar)   Constr. rmsd
    2.97998e+02   -4.36255e+01    3.08060e-06

           Step           Time
         250000      500.00000

   Energies (kJ/mol)
           Bond            U-B    Proper Dih.  Improper Dih.      CMAP Dih.
    1.60930e+02    5.16242e+02    4.63368e+02    4.07719e+01   -2.83883e+00
          LJ-14     Coulomb-14        LJ (SR)   Coulomb (SR)   Coul. recip.
    1.34773e+02    3.19878e+03    6.90011e+04   -7.17605e+05    1.97271e+03
   COM Pull En.      Potential    Kinetic En.   Total Energy  Conserved En.
    3.02362e+00   -6.42117e+05    1.11141e+05   -5.30976e+05   -5.31882e+05
    Temperature Pressure (bar)   Constr. rmsd
    3.00025e+02   -6.61199e+01    3.18951e-06

           Step           Time
         250500      501.00000

   Energies (kJ/mol)
           Bond            U-B    Proper Dih.  Improper Dih.      CMAP Dih.
    1.52978e+02    5.34968e+02    4.51796e+02    3.00546e+01   -1.54678e+00
          LJ-14     Coulomb-14        LJ (SR)   Coulomb (SR)   Coul. recip.
    1.16696e+02    3.18291e+03    6.90281e+04   -7.18598e+05    2.08398e+03
   COM Pull En.      Potential    Kinetic En.   Total Energy  Conserved En.
    3.56072e-04   -6.43018e+05    1.11522e+05   -5.31496e+05   -5.31814e+05
    Temperature Pressure (bar)   Constr. rmsd
    3.01054e+02   -6.35597e+01    4.09108e-06

           Step           Time
         251000      502.00000

   Energies (kJ/mol)
           Bond            U-B    Proper Dih.  Improper Dih.      CMAP Dih.
    1.67300e+02    5.05290e+02    4.83542e+02    2.43155e+01   -9.76969e+00
          LJ-14     Coulomb-14        LJ (SR)   Coulomb (SR)   Coul. recip.
    1.18127e+02    3.28359e+03    6.89504e+04   -7.17499e+05    2.08668e+03
   COM Pull En.      Potential    Kinetic En.   Total Energy  Conserved En.
    8.98552e-02   -6.41890e+05    1.10522e+05   -5.31368e+05   -5.31887e+05
    Temperature Pressure (bar)   Constr. rmsd
    2.98353e+02   -1.01795e+02    3.68945e-06

           Step           Time
         251500      503.00000

   Energies (kJ/mol)
           Bond            U-B    Proper Dih.  Improper Dih.      CMAP Dih.
    1.61075e+02    5.38583e+02    4.43308e+02    1.90746e+01    2.76918e+01
          LJ-14     Coulomb-14        LJ (SR)   Coulomb (SR)   Coul. recip.
    1.03369e+02    3.20778e+03    6.96208e+04   -7.18186e+05    1.98353e+03
   COM Pull En.      Potential    Kinetic En.   Total Energy  Conserved En.
    2.47395e-02   -6.42081e+05    1.10216e+05   -5.31865e+05   -5.31952e+05
    Temperature Pressure (bar)   Constr. rmsd
    2.97528e+02   -1.01798e+01    3.06925e-06

           Step           Time
         252000      504.00000

   Energies (kJ/mol)
           Bond            U-B    Proper Dih.  Improper Dih.      CMAP Dih.
    1.45114e+02    5.38711e+02    4.72784e+02    2.48514e+01   -5.55767e+00
          LJ-14     Coulomb-14        LJ (SR)   Coulomb (SR)   Coul. recip.
    9.35576e+01    3.21660e+03    7.06140e+04   -7.19704e+05    1.99758e+03
   COM Pull En.      Potential    Kinetic En.   Total Energy  Conserved En.
    5.32604e-01   -6.42606e+05    1.10585e+05   -5.32021e+05   -5.31966e+05
    Temperature Pressure (bar)   Constr. rmsd
    2.98525e+02    9.56239e+01    3.80474e-06

Writing checkpoint, step 252320 at Tue Jun 23 20:29:31 2026


           Step           Time
         252500      505.00000

   Energies (kJ/mol)
           Bond            U-B    Proper Dih.  Improper Dih.      CMAP Dih.
    1.36750e+02    5.37020e+02    4.47434e+02    3.04954e+01    2.13075e+01
          LJ-14     Coulomb-14        LJ (SR)   Coulomb (SR)   Coul. recip.
    1.23984e+02    3.22474e+03    7.02526e+04   -7.19562e+05    2.08236e+03
   COM Pull En.      Potential    Kinetic En.   Total Energy  Conserved En.
    2.63465e-02   -6.42706e+05    1.11226e+05   -5.31480e+05   -5.32152e+05
    Temperature Pressure (bar)   Constr. rmsd
    3.00255e+02    4.69354e+01    3.07296e-06

           Step           Time
         253000      506.00000

   Energies (kJ/mol)
           Bond            U-B    Proper Dih.  Improper Dih.      CMAP Dih.
    1.74525e+02    5.52821e+02    4.36114e+02    3.10071e+01    2.34536e+01
          LJ-14     Coulomb-14        LJ (SR)   Coulomb (SR)   Coul. recip.
    8.69240e+01    3.21159e+03    7.02183e+04   -7.18440e+05    2.02655e+03
   COM Pull En.      Potential    Kinetic En.   Total Energy  Conserved En.
    1.02175e-01   -6.41678e+05    1.10094e+05   -5.31584e+05   -5.32126e+05
    Temperature Pressure (bar)   Constr. rmsd
    2.97200e+02    3.78811e+01    3.74581e-06

           Step           Time
         253500      507.00000

   Energies (kJ/mol)
           Bond            U-B    Proper Dih.  Improper Dih.      CMAP Dih.
    1.40436e+02    5.77360e+02    4.17912e+02    2.41654e+01    1.79272e+01
          LJ-14     Coulomb-14        LJ (SR)   Coulomb (SR)   Coul. recip.
    1.11351e+02    3.24379e+03    6.96804e+04   -7.17988e+05    2.06260e+03
   COM Pull En.      Potential    Kinetic En.   Total Energy  Conserved En.
    1.39187e+00   -6.41711e+05    1.10337e+05   -5.31374e+05   -5.32056e+05
    Temperature Pressure (bar)   Constr. rmsd
    2.97856e+02   -4.25652e+01    3.10460e-06

           Step           Time
         254000      508.00000

   Energies (kJ/mol)
           Bond            U-B    Proper Dih.  Improper Dih.      CMAP Dih.
    1.55452e+02    5.82649e+02    4.53982e+02    3.10491e+01    3.21696e+00
          LJ-14     Coulomb-14        LJ (SR)   Coulomb (SR)   Coul. recip.
    1.08656e+02    3.23585e+03    7.03706e+04   -7.19592e+05    1.97699e+03
   COM Pull En.      Potential    Kinetic En.   Total Energy  Conserved En.
    2.24606e-01   -6.42673e+05    1.11216e+05   -5.31458e+05   -5.31868e+05
    Temperature Pressure (bar)   Constr. rmsd
    3.00227e+02    4.02654e+01    3.79298e-06

           Step           Time
         254500      509.00000

   Energies (kJ/mol)
           Bond            U-B    Proper Dih.  Improper Dih.      CMAP Dih.
    1.97998e+02    5.87068e+02    4.37742e+02    2.46528e+01    3.21668e+01
          LJ-14     Coulomb-14        LJ (SR)   Coulomb (SR)   Coul. recip.
    9.83659e+01    3.21160e+03    7.03553e+04   -7.19947e+05    1.95310e+03
   COM Pull En.      Potential    Kinetic En.   Total Energy  Conserved En.
    8.34958e-02   -6.43049e+05    1.11456e+05   -5.31593e+05   -5.31834e+05
    Temperature Pressure (bar)   Constr. rmsd
    3.00876e+02    6.14949e+01    3.05626e-06

           Step           Time
         255000      510.00000

   Energies (kJ/mol)
           Bond            U-B    Proper Dih.  Improper Dih.      CMAP Dih.
    1.49562e+02    6.45232e+02    4.12514e+02    3.19973e+01    1.92380e+01
          LJ-14     Coulomb-14        LJ (SR)   Coulomb (SR)   Coul. recip.
    1.02993e+02    3.15962e+03    7.09462e+04   -7.20697e+05    1.99807e+03
   COM Pull En.      Potential    Kinetic En.   Total Energy  Conserved En.
    2.06684e-02   -6.43232e+05    1.10670e+05   -5.32561e+05   -5.31879e+05
    Temperature Pressure (bar)   Constr. rmsd
    2.98755e+02    1.48753e+02    3.11279e-06

           Step           Time
         255500      511.00000

   Energies (kJ/mol)
           Bond            U-B    Proper Dih.  Improper Dih.      CMAP Dih.
    1.84518e+02    5.68847e+02    4.32605e+02    2.76346e+01    2.14452e+01
          LJ-14     Coulomb-14        LJ (SR)   Coulomb (SR)   Coul. recip.
    1.17311e+02    3.18827e+03    6.99988e+04   -7.18874e+05    1.93570e+03
   COM Pull En.      Potential    Kinetic En.   Total Energy  Conserved En.
    2.67088e-01   -6.42399e+05    1.09866e+05   -5.32532e+05   -5.31912e+05
    Temperature Pressure (bar)   Constr. rmsd
    2.96585e+02    2.67656e+01    3.08087e-06

           Step           Time
         256000      512.00000

   Energies (kJ/mol)
           Bond            U-B    Proper Dih.  Improper Dih.      CMAP Dih.
    1.56641e+02    5.59890e+02    3.98055e+02    3.36667e+01    3.23914e+01
          LJ-14     Coulomb-14        LJ (SR)   Coulomb (SR)   Coul. recip.
    1.00127e+02    3.23678e+03    6.91149e+04   -7.18082e+05    1.97327e+03
   COM Pull En.      Potential    Kinetic En.   Total Energy  Conserved En.
    5.90603e-02   -6.42476e+05    1.10076e+05   -5.32401e+05   -5.31882e+05
    Temperature Pressure (bar)   Constr. rmsd
    2.97150e+02   -6.94670e+01    4.01043e-06

           Step           Time
         256500      513.00000

   Energies (kJ/mol)
           Bond            U-B    Proper Dih.  Improper Dih.      CMAP Dih.
    1.54140e+02    5.11025e+02    4.88900e+02    2.80024e+01   -9.66053e+00
          LJ-14     Coulomb-14        LJ (SR)   Coulomb (SR)   Coul. recip.
    1.03504e+02    3.22031e+03    6.94990e+04   -7.18217e+05    2.02700e+03
   COM Pull En.      Potential    Kinetic En.   Total Energy  Conserved En.
    2.62991e-01   -6.42195e+05    1.10023e+05   -5.32172e+05   -5.31947e+05
    Temperature Pressure (bar)   Constr. rmsd
    2.97008e+02   -6.20954e+01    4.72378e-06

           Step           Time
         257000      514.00000

   Energies (kJ/mol)
           Bond            U-B    Proper Dih.  Improper Dih.      CMAP Dih.
    1.76032e+02    6.30388e+02    4.30541e+02    3.53374e+01    8.23565e+00
          LJ-14     Coulomb-14        LJ (SR)   Coulomb (SR)   Coul. recip.
    9.34369e+01    3.11805e+03    7.08815e+04   -7.19725e+05    2.08794e+03
   COM Pull En.      Potential    Kinetic En.   Total Energy  Conserved En.
    5.50899e-01   -6.42263e+05    1.10767e+05   -5.31496e+05   -5.31874e+05
    Temperature Pressure (bar)   Constr. rmsd
    2.99017e+02    1.61333e+02    3.54749e-06

           Step           Time
         257500      515.00000

   Energies (kJ/mol)
           Bond            U-B    Proper Dih.  Improper Dih.      CMAP Dih.
    1.66481e+02    5.58145e+02    4.36748e+02    2.52786e+01    6.99057e+00
          LJ-14     Coulomb-14        LJ (SR)   Coulomb (SR)   Coul. recip.
    1.12488e+02    3.22713e+03    6.83196e+04   -7.17127e+05    2.06712e+03
   COM Pull En.      Potential    Kinetic En.   Total Energy  Conserved En.
    4.34585e-01   -6.42207e+05    1.10093e+05   -5.32114e+05   -5.31863e+05
    Temperature Pressure (bar)   Constr. rmsd
    2.97196e+02   -1.74091e+02    2.80831e-06

           Step           Time
         258000      516.00000

   Energies (kJ/mol)
           Bond            U-B    Proper Dih.  Improper Dih.      CMAP Dih.
    1.44269e+02    5.46970e+02    4.42826e+02    3.09268e+01    1.67291e+01
          LJ-14     Coulomb-14        LJ (SR)   Coulomb (SR)   Coul. recip.
    9.61405e+01    3.21533e+03    7.00713e+04   -7.19680e+05    1.99844e+03
   COM Pull En.      Potential    Kinetic En.   Total Energy  Conserved En.
    1.56417e+00   -6.43115e+05    1.10001e+05   -5.33114e+05   -5.31795e+05
    Temperature Pressure (bar)   Constr. rmsd
    2.96948e+02    6.98593e+01    3.03288e-06

           Step           Time
         258500      517.00000

   Energies (kJ/mol)
           Bond            U-B    Proper Dih.  Improper Dih.      CMAP Dih.
    1.31962e+02    6.06031e+02    4.27882e+02    2.71439e+01    3.02078e+00
          LJ-14     Coulomb-14        LJ (SR)   Coulomb (SR)   Coul. recip.
    1.13280e+02    3.17443e+03    7.00585e+04   -7.20578e+05    2.05368e+03
   COM Pull En.      Potential    Kinetic En.   Total Energy  Conserved En.
    6.04678e-02   -6.43982e+05    1.10458e+05   -5.33524e+05   -5.31799e+05
    Temperature Pressure (bar)   Constr. rmsd
    2.98182e+02    4.38482e+01    3.63313e-06

           Step           Time
         259000      518.00000

   Energies (kJ/mol)
           Bond            U-B    Proper Dih.  Improper Dih.      CMAP Dih.
    1.78568e+02    5.93837e+02    4.22024e+02    2.44909e+01    3.88248e+00
          LJ-14     Coulomb-14        LJ (SR)   Coulomb (SR)   Coul. recip.
    1.10522e+02    3.20601e+03    7.12784e+04   -7.20762e+05    2.00011e+03
   COM Pull En.      Potential    Kinetic En.   Total Energy  Conserved En.
    5.98190e-01   -6.42943e+05    1.10719e+05   -5.32225e+05   -5.31896e+05
    Temperature Pressure (bar)   Constr. rmsd
    2.98885e+02    2.03713e+02    2.56360e-06

           Step           Time
         259500      519.00000

   Energies (kJ/mol)
           Bond            U-B    Proper Dih.  Improper Dih.      CMAP Dih.
    2.01518e+02    5.64707e+02    4.27932e+02    2.27536e+01    1.52243e+01
          LJ-14     Coulomb-14        LJ (SR)   Coulomb (SR)   Coul. recip.
    9.89691e+01    3.15429e+03    6.95229e+04   -7.17705e+05    2.04407e+03
   COM Pull En.      Potential    Kinetic En.   Total Energy  Conserved En.
    1.95719e-02   -6.41653e+05    1.10171e+05   -5.31482e+05   -5.31806e+05
    Temperature Pressure (bar)   Constr. rmsd
    2.97406e+02    5.13643e+00    3.96145e-06

           Step           Time
         260000      520.00000

   Energies (kJ/mol)
           Bond            U-B    Proper Dih.  Improper Dih.      CMAP Dih.
    1.63330e+02    5.84569e+02    4.71359e+02    2.10127e+01    1.93605e+01
          LJ-14     Coulomb-14        LJ (SR)   Coulomb (SR)   Coul. recip.
    1.20311e+02    3.17737e+03    7.09430e+04   -7.19195e+05    2.00572e+03
   COM Pull En.      Potential    Kinetic En.   Total Energy  Conserved En.
    7.89816e-03   -6.41689e+05    1.11079e+05   -5.30610e+05   -5.31696e+05
    Temperature Pressure (bar)   Constr. rmsd
    2.99859e+02    2.85719e+02    3.80939e-06

           Step           Time
         260500      521.00000

   Energies (kJ/mol)
           Bond            U-B    Proper Dih.  Improper Dih.      CMAP Dih.
    1.94197e+02    5.14970e+02    4.64263e+02    2.76394e+01    1.32605e+01
          LJ-14     Coulomb-14        LJ (SR)   Coulomb (SR)   Coul. recip.
    1.17050e+02    3.18248e+03    6.85709e+04   -7.18151e+05    2.03218e+03
   COM Pull En.      Potential    Kinetic En.   Total Energy  Conserved En.
    2.77883e-01   -6.43034e+05    1.11995e+05   -5.31038e+05   -5.31601e+05
    Temperature Pressure (bar)   Constr. rmsd
    3.02332e+02   -1.09360e+02    6.36942e-06

           Step           Time
         261000      522.00000

   Energies (kJ/mol)
           Bond            U-B    Proper Dih.  Improper Dih.      CMAP Dih.
    1.39599e+02    5.74171e+02    4.51232e+02    2.68155e+01    8.94800e+00
          LJ-14     Coulomb-14        LJ (SR)   Coulomb (SR)   Coul. recip.
    1.16228e+02    3.19918e+03    6.95576e+04   -7.19283e+05    1.98514e+03
   COM Pull En.      Potential    Kinetic En.   Total Energy  Conserved En.
    3.23477e-01   -6.43224e+05    1.10904e+05   -5.32320e+05   -5.31552e+05
    Temperature Pressure (bar)   Constr. rmsd
    2.99386e+02    2.21635e+01    2.49035e-06

Writing checkpoint, step 261360 at Tue Jun 23 20:44:30 2026


           Step           Time
         261500      523.00000

   Energies (kJ/mol)
           Bond            U-B    Proper Dih.  Improper Dih.      CMAP Dih.
    1.66589e+02    5.54404e+02    4.18722e+02    2.06998e+01    3.54925e+01
          LJ-14     Coulomb-14        LJ (SR)   Coulomb (SR)   Coul. recip.
    9.92855e+01    3.19180e+03    6.96545e+04   -7.19531e+05    1.92570e+03
   COM Pull En.      Potential    Kinetic En.   Total Energy  Conserved En.
    3.94661e-01   -6.43464e+05    1.10847e+05   -5.32616e+05   -5.31527e+05
    Temperature Pressure (bar)   Constr. rmsd
    2.99233e+02    6.24180e+01    2.70348e-06

           Step           Time
         262000      524.00000

   Energies (kJ/mol)
           Bond            U-B    Proper Dih.  Improper Dih.      CMAP Dih.
    1.64056e+02    5.22739e+02    4.21712e+02    2.02046e+01    2.26419e+01
          LJ-14     Coulomb-14        LJ (SR)   Coulomb (SR)   Coul. recip.
    1.13608e+02    3.21018e+03    6.95350e+04   -7.19466e+05    1.99473e+03
   COM Pull En.      Potential    Kinetic En.   Total Energy  Conserved En.
    5.80559e-02   -6.43461e+05    1.10120e+05   -5.33341e+05   -5.31619e+05
    Temperature Pressure (bar)   Constr. rmsd
    2.97269e+02    3.18208e+01    2.74172e-06

           Step           Time
         262500      525.00000

   Energies (kJ/mol)
           Bond            U-B    Proper Dih.  Improper Dih.      CMAP Dih.
    1.56719e+02    5.86765e+02    4.41204e+02    2.21120e+01    1.86918e+01
          LJ-14     Coulomb-14        LJ (SR)   Coulomb (SR)   Coul. recip.
    8.35630e+01    3.15722e+03    7.08264e+04   -7.21973e+05    1.97743e+03
   COM Pull En.      Potential    Kinetic En.   Total Energy  Conserved En.
    1.40822e-01   -6.44703e+05    1.10393e+05   -5.34310e+05   -5.31578e+05
    Temperature Pressure (bar)   Constr. rmsd
    2.98006e+02    1.08473e+02    2.57846e-06

           Step           Time
         263000      526.00000

   Energies (kJ/mol)
           Bond            U-B    Proper Dih.  Improper Dih.      CMAP Dih.
    1.43849e+02    4.78550e+02    4.61431e+02    1.42002e+01    2.01030e+01
          LJ-14     Coulomb-14        LJ (SR)   Coulomb (SR)   Coul. recip.
    1.17712e+02    3.21360e+03    7.14451e+04   -7.21460e+05    2.02266e+03
   COM Pull En.      Potential    Kinetic En.   Total Energy  Conserved En.
    2.15212e-01   -6.43543e+05    1.09131e+05   -5.34412e+05   -5.31800e+05
    Temperature Pressure (bar)   Constr. rmsd
    2.94600e+02    2.10959e+02    2.78805e-06

           Step           Time
         263500      527.00000

   Energies (kJ/mol)
           Bond            U-B    Proper Dih.  Improper Dih.      CMAP Dih.
    1.31740e+02    5.18231e+02    4.15594e+02    1.43689e+01    4.17411e+01
          LJ-14     Coulomb-14        LJ (SR)   Coulomb (SR)   Coul. recip.
    9.82590e+01    3.24134e+03    7.07052e+04   -7.21301e+05    2.06387e+03
   COM Pull En.      Potential    Kinetic En.   Total Energy  Conserved En.
    1.53171e+00   -6.44069e+05    1.09659e+05   -5.34410e+05   -5.31903e+05
    Temperature Pressure (bar)   Constr. rmsd
    2.96026e+02    4.34776e+01    2.69306e-06

           Step           Time
         264000      528.00000

   Energies (kJ/mol)
           Bond            U-B    Proper Dih.  Improper Dih.      CMAP Dih.
    1.49324e+02    5.31901e+02    4.38386e+02    2.76793e+01    3.70078e+01
          LJ-14     Coulomb-14        LJ (SR)   Coulomb (SR)   Coul. recip.
    1.13040e+02    3.25030e+03    7.02787e+04   -7.20294e+05    1.96953e+03
   COM Pull En.      Potential    Kinetic En.   Total Energy  Conserved En.
    4.98997e-04   -6.43498e+05    1.09898e+05   -5.33600e+05   -5.31998e+05
    Temperature Pressure (bar)   Constr. rmsd
    2.96670e+02   -2.70558e+00    2.70163e-06

           Step           Time
         264500      529.00000

   Energies (kJ/mol)
           Bond            U-B    Proper Dih.  Improper Dih.      CMAP Dih.
    1.41324e+02    5.37724e+02    4.72639e+02    3.50957e+01    7.75424e-01
          LJ-14     Coulomb-14        LJ (SR)   Coulomb (SR)   Coul. recip.
    8.48124e+01    3.17399e+03    6.99854e+04   -7.18572e+05    2.05688e+03
   COM Pull En.      Potential    Kinetic En.   Total Energy  Conserved En.
    8.73341e-02   -6.42083e+05    1.09127e+05   -5.32956e+05   -5.32015e+05
    Temperature Pressure (bar)   Constr. rmsd
    2.94588e+02    6.03534e+00    2.49864e-06

           Step           Time
         265000      530.00000

   Energies (kJ/mol)
           Bond            U-B    Proper Dih.  Improper Dih.      CMAP Dih.
    1.71556e+02    5.80424e+02    4.67173e+02    3.49383e+01    2.37715e+01
          LJ-14     Coulomb-14        LJ (SR)   Coulomb (SR)   Coul. recip.
    9.48578e+01    3.14903e+03    6.96698e+04   -7.18692e+05    2.05315e+03
   COM Pull En.      Potential    Kinetic En.   Total Energy  Conserved En.
    4.26618e-01   -6.42447e+05    1.10007e+05   -5.32440e+05   -5.32033e+05
    Temperature Pressure (bar)   Constr. rmsd
    2.96964e+02   -1.66441e+01    3.30250e-06

           Step           Time
         265500      531.00000

   Energies (kJ/mol)
           Bond            U-B    Proper Dih.  Improper Dih.      CMAP Dih.
    1.80999e+02    4.82893e+02    4.40345e+02    2.95862e+01    4.21605e+01
          LJ-14     Coulomb-14        LJ (SR)   Coulomb (SR)   Coul. recip.
    9.88652e+01    3.20874e+03    6.92665e+04   -7.18894e+05    2.06889e+03
   COM Pull En.      Potential    Kinetic En.   Total Energy  Conserved En.
    6.85141e-02   -6.43075e+05    1.10994e+05   -5.32081e+05   -5.32024e+05
    Temperature Pressure (bar)   Constr. rmsd
    2.99628e+02   -1.08654e+02    3.79531e-06

           Step           Time
         266000      532.00000

   Energies (kJ/mol)
           Bond            U-B    Proper Dih.  Improper Dih.      CMAP Dih.
    1.69026e+02    5.69870e+02    4.32132e+02    2.37202e+01    1.97689e+00
          LJ-14     Coulomb-14        LJ (SR)   Coulomb (SR)   Coul. recip.
    1.08369e+02    3.23836e+03    6.84008e+04   -7.18151e+05    1.96354e+03
   COM Pull En.      Potential    Kinetic En.   Total Energy  Conserved En.
    2.87075e-01   -6.43243e+05    1.10722e+05   -5.32521e+05   -5.31972e+05
    Temperature Pressure (bar)   Constr. rmsd
    2.98894e+02   -2.15154e+02    2.77666e-06

           Step           Time
         266500      533.00000

   Energies (kJ/mol)
           Bond            U-B    Proper Dih.  Improper Dih.      CMAP Dih.
    1.35219e+02    6.04066e+02    4.79183e+02    2.77253e+01    1.39398e+00
          LJ-14     Coulomb-14        LJ (SR)   Coulomb (SR)   Coul. recip.
    9.32627e+01    3.18018e+03    6.99233e+04   -7.19879e+05    1.92130e+03
   COM Pull En.      Potential    Kinetic En.   Total Energy  Conserved En.
    3.39021e-01   -6.43513e+05    1.10955e+05   -5.32558e+05   -5.31861e+05
    Temperature Pressure (bar)   Constr. rmsd
    2.99525e+02    5.69084e+00    2.53664e-06

           Step           Time
         267000      534.00000

   Energies (kJ/mol)
           Bond            U-B    Proper Dih.  Improper Dih.      CMAP Dih.
    1.80500e+02    5.16496e+02    4.47059e+02    2.75623e+01    2.08844e+01
          LJ-14     Coulomb-14        LJ (SR)   Coulomb (SR)   Coul. recip.
    8.52052e+01    3.17892e+03    6.95486e+04   -7.19612e+05    2.05452e+03
   COM Pull En.      Potential    Kinetic En.   Total Energy  Conserved En.
    1.14526e+00   -6.43552e+05    1.10837e+05   -5.32715e+05   -5.31761e+05
    Temperature Pressure (bar)   Constr. rmsd
    2.99204e+02   -6.83240e+01    3.24599e-06

           Step           Time
         267500      535.00000

   Energies (kJ/mol)
           Bond            U-B    Proper Dih.  Improper Dih.      CMAP Dih.
    9.25227e+01    5.07553e+02    4.43620e+02    4.60651e+01    3.88924e+00
          LJ-14     Coulomb-14        LJ (SR)   Coulomb (SR)   Coul. recip.
    1.13148e+02    3.25434e+03    6.98166e+04   -7.21187e+05    2.03725e+03
   COM Pull En.      Potential    Kinetic En.   Total Energy  Conserved En.
    1.00282e+00   -6.44871e+05    1.10702e+05   -5.34169e+05   -5.31744e+05
    Temperature Pressure (bar)   Constr. rmsd
    2.98840e+02   -9.35970e+01    2.73502e-06

           Step           Time
         268000      536.00000

   Energies (kJ/mol)
           Bond            U-B    Proper Dih.  Improper Dih.      CMAP Dih.
    1.34467e+02    5.68280e+02    4.18514e+02    2.05856e+01    1.86586e+01
          LJ-14     Coulomb-14        LJ (SR)   Coulomb (SR)   Coul. recip.
    1.08911e+02    3.17748e+03    6.85043e+04   -7.18752e+05    1.97253e+03
   COM Pull En.      Potential    Kinetic En.   Total Energy  Conserved En.
    3.50463e+00   -6.43825e+05    1.09595e+05   -5.34230e+05   -5.31609e+05
    Temperature Pressure (bar)   Constr. rmsd
    2.95851e+02   -1.50998e+02    2.42372e-06

           Step           Time
         268500      537.00000

   Energies (kJ/mol)
           Bond            U-B    Proper Dih.  Improper Dih.      CMAP Dih.
    1.60841e+02    5.63874e+02    4.22607e+02    2.50159e+01    1.61462e+01
          LJ-14     Coulomb-14        LJ (SR)   Coulomb (SR)   Coul. recip.
    8.92927e+01    3.17538e+03    6.99521e+04   -7.19899e+05    2.00497e+03
   COM Pull En.      Potential    Kinetic En.   Total Energy  Conserved En.
    2.16664e+00   -6.43486e+05    1.09472e+05   -5.34014e+05   -5.31613e+05
    Temperature Pressure (bar)   Constr. rmsd
    2.95521e+02    3.74832e+01    2.24254e-06

           Step           Time
         269000      538.00000

   Energies (kJ/mol)
           Bond            U-B    Proper Dih.  Improper Dih.      CMAP Dih.
    1.29977e+02    4.95987e+02    4.60327e+02    2.34930e+01   -3.32321e+00
          LJ-14     Coulomb-14        LJ (SR)   Coulomb (SR)   Coul. recip.
    1.09894e+02    3.20015e+03    7.05820e+04   -7.21742e+05    1.93234e+03
   COM Pull En.      Potential    Kinetic En.   Total Energy  Conserved En.
    3.03759e+00   -6.44808e+05    1.10115e+05   -5.34692e+05   -5.31700e+05
    Temperature Pressure (bar)   Constr. rmsd
    2.97257e+02    7.39407e+01    3.17789e-06

           Step           Time
         269500      539.00000

   Energies (kJ/mol)
           Bond            U-B    Proper Dih.  Improper Dih.      CMAP Dih.
    1.41824e+02    5.39660e+02    4.40736e+02    1.87095e+01    1.56561e+01
          LJ-14     Coulomb-14        LJ (SR)   Coulomb (SR)   Coul. recip.
    1.00358e+02    3.16375e+03    7.02811e+04   -7.20715e+05    2.01679e+03
   COM Pull En.      Potential    Kinetic En.   Total Energy  Conserved En.
    4.33396e+00   -6.43992e+05    1.09982e+05   -5.34010e+05   -5.31822e+05
    Temperature Pressure (bar)   Constr. rmsd
    2.96896e+02    2.08256e+01    3.49332e-06

           Step           Time
         270000      540.00000

   Energies (kJ/mol)
           Bond            U-B    Proper Dih.  Improper Dih.      CMAP Dih.
    1.59851e+02    5.78582e+02    4.44358e+02    2.14163e+01   -1.25056e+01
          LJ-14     Coulomb-14        LJ (SR)   Coulomb (SR)   Coul. recip.
    1.01223e+02    3.16106e+03    6.99901e+04   -7.20005e+05    2.04248e+03
   COM Pull En.      Potential    Kinetic En.   Total Energy  Conserved En.
    4.39431e+00   -6.43514e+05    1.09891e+05   -5.33622e+05   -5.31787e+05
    Temperature Pressure (bar)   Constr. rmsd
    2.96652e+02    1.21287e+00    5.40563e-06

Writing checkpoint, step 270480 at Tue Jun 23 20:59:34 2026


           Step           Time
         270500      541.00000

   Energies (kJ/mol)
           Bond            U-B    Proper Dih.  Improper Dih.      CMAP Dih.
    1.68662e+02    5.30816e+02    4.33677e+02    1.50998e+01   -4.48233e+00
          LJ-14     Coulomb-14        LJ (SR)   Coulomb (SR)   Coul. recip.
    9.90288e+01    3.17146e+03    7.06810e+04   -7.21024e+05    2.00568e+03
   COM Pull En.      Potential    Kinetic En.   Total Energy  Conserved En.
    4.79986e+00   -6.43918e+05    1.09623e+05   -5.34294e+05   -5.31882e+05
    Temperature Pressure (bar)   Constr. rmsd
    2.95928e+02    6.93004e+01    3.15052e-06

           Step           Time
         271000      542.00000

   Energies (kJ/mol)
           Bond            U-B    Proper Dih.  Improper Dih.      CMAP Dih.
    1.38631e+02    5.89997e+02    4.34526e+02    3.06711e+01    3.05179e+01
          LJ-14     Coulomb-14        LJ (SR)   Coulomb (SR)   Coul. recip.
    1.07136e+02    3.16792e+03    7.00188e+04   -7.20078e+05    2.01048e+03
   COM Pull En.      Potential    Kinetic En.   Total Energy  Conserved En.
    8.51919e+00   -6.43541e+05    1.09848e+05   -5.33693e+05   -5.31897e+05
    Temperature Pressure (bar)   Constr. rmsd
    2.96534e+02    1.76473e+01    2.23791e-06

           Step           Time
         271500      543.00000

   Energies (kJ/mol)
           Bond            U-B    Proper Dih.  Improper Dih.      CMAP Dih.
    2.05809e+02    5.53242e+02    4.71146e+02    3.04593e+01   -2.88215e+00
          LJ-14     Coulomb-14        LJ (SR)   Coulomb (SR)   Coul. recip.
    1.11572e+02    3.19349e+03    6.91982e+04   -7.19170e+05    2.02472e+03
   COM Pull En.      Potential    Kinetic En.   Total Energy  Conserved En.
    2.32550e+00   -6.43382e+05    1.10684e+05   -5.32698e+05   -5.31681e+05
    Temperature Pressure (bar)   Constr. rmsd
    2.98791e+02   -7.15862e+01    3.34965e-06

           Step           Time
         272000      544.00000

   Energies (kJ/mol)
           Bond            U-B    Proper Dih.  Improper Dih.      CMAP Dih.
    1.89334e+02    5.65536e+02    4.75472e+02    1.87365e+01   -1.26692e+01
          LJ-14     Coulomb-14        LJ (SR)   Coulomb (SR)   Coul. recip.
    1.03072e+02    3.19416e+03    6.99697e+04   -7.19449e+05    1.98897e+03
   COM Pull En.      Potential    Kinetic En.   Total Energy  Conserved En.
    6.32511e+00   -6.42951e+05    1.10102e+05   -5.32848e+05   -5.31638e+05
    Temperature Pressure (bar)   Constr. rmsd
    2.97222e+02    8.50925e+01    2.71511e-06

           Step           Time
         272500      545.00000

   Energies (kJ/mol)
           Bond            U-B    Proper Dih.  Improper Dih.      CMAP Dih.
    1.28451e+02    5.43778e+02    4.36519e+02    1.77894e+01    4.26327e+01
          LJ-14     Coulomb-14        LJ (SR)   Coulomb (SR)   Coul. recip.
    1.05987e+02    3.22048e+03    6.88185e+04   -7.19407e+05    1.98508e+03
   COM Pull En.      Potential    Kinetic En.   Total Energy  Conserved En.
    3.90469e+00   -6.44104e+05    1.11541e+05   -5.32562e+05   -5.31760e+05
    Temperature Pressure (bar)   Constr. rmsd
    3.01107e+02   -1.32789e+02    3.35976e-06

           Step           Time
         273000      546.00000

   Energies (kJ/mol)
           Bond            U-B    Proper Dih.  Improper Dih.      CMAP Dih.
    1.20020e+02    5.75264e+02    4.28001e+02    2.34688e+01    1.68845e+01
          LJ-14     Coulomb-14        LJ (SR)   Coulomb (SR)   Coul. recip.
    1.00123e+02    3.17828e+03    7.07272e+04   -7.19941e+05    2.04161e+03
   COM Pull En.      Potential    Kinetic En.   Total Energy  Conserved En.
    1.12044e-01   -6.42730e+05    1.10640e+05   -5.32090e+05   -5.31636e+05
    Temperature Pressure (bar)   Constr. rmsd
    2.98673e+02    2.23983e+02    3.20405e-06

           Step           Time
         273500      547.00000

   Energies (kJ/mol)
           Bond            U-B    Proper Dih.  Improper Dih.      CMAP Dih.
    1.48634e+02    6.04661e+02    4.36218e+02    3.30884e+01    9.32850e+00
          LJ-14     Coulomb-14        LJ (SR)   Coulomb (SR)   Coul. recip.
    9.43135e+01    3.12474e+03    6.96814e+04   -7.18748e+05    1.98543e+03
   COM Pull En.      Potential    Kinetic En.   Total Energy  Conserved En.
    2.15199e-01   -6.42630e+05    1.09905e+05   -5.32725e+05   -5.31672e+05
    Temperature Pressure (bar)   Constr. rmsd
    2.96688e+02    6.18267e+01    2.72470e-06

           Step           Time
         274000      548.00000

   Energies (kJ/mol)
           Bond            U-B    Proper Dih.  Improper Dih.      CMAP Dih.
    1.39357e+02    5.99629e+02    4.27917e+02    2.33808e+01   -6.82958e+00
          LJ-14     Coulomb-14        LJ (SR)   Coulomb (SR)   Coul. recip.
    1.32209e+02    3.18428e+03    6.99623e+04   -7.19373e+05    1.97726e+03
   COM Pull En.      Potential    Kinetic En.   Total Energy  Conserved En.
    5.22419e-03   -6.42934e+05    1.10035e+05   -5.32899e+05   -5.31627e+05
    Temperature Pressure (bar)   Constr. rmsd
    2.97040e+02    1.48953e+02    2.58037e-06

           Step           Time
         274500      549.00000

   Energies (kJ/mol)
           Bond            U-B    Proper Dih.  Improper Dih.      CMAP Dih.
    1.54680e+02    5.83625e+02    4.47307e+02    2.85288e+01   -5.16309e+00
          LJ-14     Coulomb-14        LJ (SR)   Coulomb (SR)   Coul. recip.
    9.57143e+01    3.17795e+03    7.01248e+04   -7.19140e+05    1.96731e+03
   COM Pull En.      Potential    Kinetic En.   Total Energy  Conserved En.
    6.12339e-02   -6.42565e+05    1.09953e+05   -5.32612e+05   -5.31608e+05
    Temperature Pressure (bar)   Constr. rmsd
    2.96818e+02    1.29351e+02    3.45121e-06

           Step           Time
         275000      550.00000

   Energies (kJ/mol)
           Bond            U-B    Proper Dih.  Improper Dih.      CMAP Dih.
    1.39554e+02    5.65106e+02    4.48043e+02    2.99622e+01    1.37045e+01
          LJ-14     Coulomb-14        LJ (SR)   Coulomb (SR)   Coul. recip.
    1.12919e+02    3.23298e+03    6.96074e+04   -7.19531e+05    2.01198e+03
   COM Pull En.      Potential    Kinetic En.   Total Energy  Conserved En.
    6.55569e-01   -6.43368e+05    1.11275e+05   -5.32093e+05   -5.31748e+05
    Temperature Pressure (bar)   Constr. rmsd
    3.00387e+02    3.52905e+01    3.46056e-06

           Step           Time
         275500      551.00000

   Energies (kJ/mol)
           Bond            U-B    Proper Dih.  Improper Dih.      CMAP Dih.
    1.62659e+02    5.79088e+02    4.59415e+02    4.11166e+01   -1.78680e-01
          LJ-14     Coulomb-14        LJ (SR)   Coulomb (SR)   Coul. recip.
    9.75079e+01    3.21642e+03    6.91192e+04   -7.17412e+05    2.02497e+03
   COM Pull En.      Potential    Kinetic En.   Total Energy  Conserved En.
    7.31762e-01   -6.41711e+05    1.10194e+05   -5.31517e+05   -5.31792e+05
    Temperature Pressure (bar)   Constr. rmsd
    2.97470e+02    1.62370e+00    3.97083e-06

           Step           Time
         276000      552.00000

   Energies (kJ/mol)
           Bond            U-B    Proper Dih.  Improper Dih.      CMAP Dih.
    1.75027e+02    5.22725e+02    4.42893e+02    2.58110e+01    1.65129e+00
          LJ-14     Coulomb-14        LJ (SR)   Coulomb (SR)   Coul. recip.
    9.60044e+01    3.18937e+03    6.98184e+04   -7.18820e+05    2.04470e+03
   COM Pull En.      Potential    Kinetic En.   Total Energy  Conserved En.
    1.27721e+00   -6.42502e+05    1.10889e+05   -5.31613e+05   -5.31783e+05
    Temperature Pressure (bar)   Constr. rmsd
    2.99344e+02    1.05781e+02    2.73831e-06

           Step           Time
         276500      553.00000

   Energies (kJ/mol)
           Bond            U-B    Proper Dih.  Improper Dih.      CMAP Dih.
    1.59488e+02    5.62497e+02    4.74952e+02    3.05964e+01    1.41881e+01
          LJ-14     Coulomb-14        LJ (SR)   Coulomb (SR)   Coul. recip.
    1.14193e+02    3.15529e+03    6.88057e+04   -7.17056e+05    1.95434e+03
   COM Pull En.      Potential    Kinetic En.   Total Energy  Conserved En.
    1.03944e+00   -6.41784e+05    1.11751e+05   -5.30033e+05   -5.31921e+05
    Temperature Pressure (bar)   Constr. rmsd
    3.01673e+02   -5.56501e+01    3.61668e-06

           Step           Time
         277000      554.00000

   Energies (kJ/mol)
           Bond            U-B    Proper Dih.  Improper Dih.      CMAP Dih.
    1.71196e+02    5.93519e+02    4.30529e+02    1.65078e+01    3.61234e+01
          LJ-14     Coulomb-14        LJ (SR)   Coulomb (SR)   Coul. recip.
    1.00558e+02    3.15742e+03    6.90739e+04   -7.16572e+05    2.02137e+03
   COM Pull En.      Potential    Kinetic En.   Total Energy  Conserved En.
    1.99589e+00   -6.40969e+05    1.10337e+05   -5.30631e+05   -5.31914e+05
    Temperature Pressure (bar)   Constr. rmsd
    2.97856e+02   -6.08348e+00    2.86547e-06

           Step           Time
         277500      555.00000

   Energies (kJ/mol)
           Bond            U-B    Proper Dih.  Improper Dih.      CMAP Dih.
    2.14142e+02    5.58064e+02    4.30309e+02    2.74520e+01    2.21111e+01
          LJ-14     Coulomb-14        LJ (SR)   Coulomb (SR)   Coul. recip.
    9.36766e+01    3.17287e+03    6.99855e+04   -7.19074e+05    1.98270e+03
   COM Pull En.      Potential    Kinetic En.   Total Energy  Conserved En.
    4.32174e-01   -6.42587e+05    1.11661e+05   -5.30926e+05   -5.31840e+05
    Temperature Pressure (bar)   Constr. rmsd
    3.01429e+02    3.68178e+01    2.34987e-06

           Step           Time
         278000      556.00000

   Energies (kJ/mol)
           Bond            U-B    Proper Dih.  Improper Dih.      CMAP Dih.
    1.46029e+02    5.42633e+02    4.27794e+02    1.98383e+01   -5.15991e-01
          LJ-14     Coulomb-14        LJ (SR)   Coulomb (SR)   Coul. recip.
    1.19769e+02    3.25299e+03    6.84452e+04   -7.18532e+05    1.95451e+03
   COM Pull En.      Potential    Kinetic En.   Total Energy  Conserved En.
    1.19320e+00   -6.43623e+05    1.10309e+05   -5.33314e+05   -5.31863e+05
    Temperature Pressure (bar)   Constr. rmsd
    2.97779e+02   -1.87605e+02    2.89766e-06

           Step           Time
         278500      557.00000

   Energies (kJ/mol)
           Bond            U-B    Proper Dih.  Improper Dih.      CMAP Dih.
    1.37213e+02    6.19714e+02    4.50376e+02    3.28254e+01    1.75248e+00
          LJ-14     Coulomb-14        LJ (SR)   Coulomb (SR)   Coul. recip.
    1.26236e+02    3.23786e+03    6.94103e+04   -7.19224e+05    1.95246e+03
   COM Pull En.      Potential    Kinetic En.   Total Energy  Conserved En.
    2.49739e+00   -6.43253e+05    1.09414e+05   -5.33839e+05   -5.31883e+05
    Temperature Pressure (bar)   Constr. rmsd
    2.95364e+02   -2.90907e+01    2.20094e-06

           Step           Time
         279000      558.00000

   Energies (kJ/mol)
           Bond            U-B    Proper Dih.  Improper Dih.      CMAP Dih.
    1.39561e+02    5.95284e+02    4.52256e+02    2.27838e+01   -2.15779e+00
          LJ-14     Coulomb-14        LJ (SR)   Coulomb (SR)   Coul. recip.
    1.06230e+02    3.16283e+03    6.98587e+04   -7.19252e+05    2.05198e+03
   COM Pull En.      Potential    Kinetic En.   Total Energy  Conserved En.
    9.66039e-03   -6.42865e+05    1.10773e+05   -5.32092e+05   -5.31900e+05
    Temperature Pressure (bar)   Constr. rmsd
    2.99032e+02    5.88665e+01    3.40394e-06

           Step           Time
         279500      559.00000

   Energies (kJ/mol)
           Bond            U-B    Proper Dih.  Improper Dih.      CMAP Dih.
    1.68191e+02    5.07812e+02    4.61264e+02    2.71692e+01    3.37050e+01
          LJ-14     Coulomb-14        LJ (SR)   Coulomb (SR)   Coul. recip.
    1.15119e+02    3.24267e+03    6.94936e+04   -7.19025e+05    2.00228e+03
   COM Pull En.      Potential    Kinetic En.   Total Energy  Conserved En.
    3.19477e+00   -6.42970e+05    1.10550e+05   -5.32420e+05   -5.31934e+05
    Temperature Pressure (bar)   Constr. rmsd
    2.98429e+02    2.03205e+00    2.87216e-06

Writing checkpoint, step 279520 at Tue Jun 23 21:14:34 2026


           Step           Time
         280000      560.00000

   Energies (kJ/mol)
           Bond            U-B    Proper Dih.  Improper Dih.      CMAP Dih.
    1.54047e+02    6.20541e+02    4.32915e+02    4.81937e+01    1.30465e+01
          LJ-14     Coulomb-14        LJ (SR)   Coulomb (SR)   Coul. recip.
    1.16038e+02    3.18400e+03    6.96223e+04   -7.19067e+05    2.00802e+03
   COM Pull En.      Potential    Kinetic En.   Total Energy  Conserved En.
    2.71038e-01   -6.42867e+05    1.10661e+05   -5.32207e+05   -5.31872e+05
    Temperature Pressure (bar)   Constr. rmsd
    2.98729e+02   -8.87224e+00    2.45657e-06

           Step           Time
         280500      561.00000

   Energies (kJ/mol)
           Bond            U-B    Proper Dih.  Improper Dih.      CMAP Dih.
    1.51550e+02    5.71005e+02    4.24224e+02    3.87422e+01    1.51892e+01
          LJ-14     Coulomb-14        LJ (SR)   Coulomb (SR)   Coul. recip.
    9.86173e+01    3.21281e+03    6.99721e+04   -7.18944e+05    1.97766e+03
   COM Pull En.      Potential    Kinetic En.   Total Energy  Conserved En.
    3.35248e-01   -6.42482e+05    1.10968e+05   -5.31514e+05   -5.31839e+05
    Temperature Pressure (bar)   Constr. rmsd
    2.99558e+02    9.61474e+01    3.06752e-06

           Step           Time
         281000      562.00000

   Energies (kJ/mol)
           Bond            U-B    Proper Dih.  Improper Dih.      CMAP Dih.
    1.72415e+02    5.85450e+02    4.48282e+02    3.26270e+01    2.00712e+01
          LJ-14     Coulomb-14        LJ (SR)   Coulomb (SR)   Coul. recip.
    8.87067e+01    3.15920e+03    6.92633e+04   -7.18354e+05    2.00511e+03
   COM Pull En.      Potential    Kinetic En.   Total Energy  Conserved En.
    1.42124e+00   -6.42578e+05    1.10227e+05   -5.32351e+05   -5.31825e+05
    Temperature Pressure (bar)   Constr. rmsd
    2.97557e+02    3.51579e+00    2.66171e-06

           Step           Time
         281500      563.00000

   Energies (kJ/mol)
           Bond            U-B    Proper Dih.  Improper Dih.      CMAP Dih.
    1.58169e+02    6.25562e+02    4.29436e+02    2.88652e+01   -5.35000e+00
          LJ-14     Coulomb-14        LJ (SR)   Coulomb (SR)   Coul. recip.
    9.28296e+01    3.15588e+03    7.05678e+04   -7.20336e+05    2.04422e+03
   COM Pull En.      Potential    Kinetic En.   Total Energy  Conserved En.
    1.18419e+00   -6.43238e+05    1.10165e+05   -5.33073e+05   -5.31788e+05
    Temperature Pressure (bar)   Constr. rmsd
    2.97392e+02    1.28656e+02    3.64183e-06

           Step           Time
         282000      564.00000

   Energies (kJ/mol)
           Bond            U-B    Proper Dih.  Improper Dih.      CMAP Dih.
    1.49253e+02    5.70123e+02    4.45531e+02    3.26462e+01    4.82141e+00
          LJ-14     Coulomb-14        LJ (SR)   Coulomb (SR)   Coul. recip.
    1.10904e+02    3.22119e+03    6.99043e+04   -7.20798e+05    1.92404e+03
   COM Pull En.      Potential    Kinetic En.   Total Energy  Conserved En.
    1.99001e+00   -6.44433e+05    1.11345e+05   -5.33088e+05   -5.31762e+05
    Temperature Pressure (bar)   Constr. rmsd
    3.00577e+02    2.54479e+01    2.82629e-06

           Step           Time
         282500      565.00000

   Energies (kJ/mol)
           Bond            U-B    Proper Dih.  Improper Dih.      CMAP Dih.
    1.30969e+02    6.28460e+02    4.48776e+02    1.62032e+01    1.35977e+01
          LJ-14     Coulomb-14        LJ (SR)   Coulomb (SR)   Coul. recip.
    9.63637e+01    3.19898e+03    7.01374e+04   -7.20136e+05    1.97279e+03
   COM Pull En.      Potential    Kinetic En.   Total Energy  Conserved En.
    5.73905e+00   -6.43487e+05    1.09475e+05   -5.34012e+05   -5.31918e+05
    Temperature Pressure (bar)   Constr. rmsd
    2.95528e+02    4.07133e+00    2.97716e-06

           Step           Time
         283000      566.00000

   Energies (kJ/mol)
           Bond            U-B    Proper Dih.  Improper Dih.      CMAP Dih.
    1.88952e+02    5.64009e+02    4.26300e+02    2.41189e+01    4.62720e+01
          LJ-14     Coulomb-14        LJ (SR)   Coulomb (SR)   Coul. recip.
    1.26027e+02    3.22724e+03    6.95277e+04   -7.18942e+05    1.94520e+03
   COM Pull En.      Potential    Kinetic En.   Total Energy  Conserved En.
    3.08824e+00   -6.42863e+05    1.10091e+05   -5.32772e+05   -5.32018e+05
    Temperature Pressure (bar)   Constr. rmsd
    2.97190e+02   -1.92244e+01    4.09119e-06

           Step           Time
         283500      567.00000

   Energies (kJ/mol)
           Bond            U-B    Proper Dih.  Improper Dih.      CMAP Dih.
    1.91488e+02    5.20905e+02    4.34080e+02    1.94809e+01    4.37865e+01
          LJ-14     Coulomb-14        LJ (SR)   Coulomb (SR)   Coul. recip.
    1.00831e+02    3.20599e+03    7.06899e+04   -7.18924e+05    2.00120e+03
   COM Pull En.      Potential    Kinetic En.   Total Energy  Conserved En.
    4.89519e-02   -6.41716e+05    1.09476e+05   -5.32241e+05   -5.32136e+05
    Temperature Pressure (bar)   Constr. rmsd
    2.95530e+02    1.30487e+02    2.54781e-06

           Step           Time
         284000      568.00000

   Energies (kJ/mol)
           Bond            U-B    Proper Dih.  Improper Dih.      CMAP Dih.
    1.69708e+02    6.03987e+02    4.42252e+02    1.51020e+01    4.29554e+00
          LJ-14     Coulomb-14        LJ (SR)   Coulomb (SR)   Coul. recip.
    1.00471e+02    3.18934e+03    7.00730e+04   -7.19443e+05    1.97420e+03
   COM Pull En.      Potential    Kinetic En.   Total Energy  Conserved En.
    2.36237e+00   -6.42868e+05    1.11030e+05   -5.31838e+05   -5.32107e+05
    Temperature Pressure (bar)   Constr. rmsd
    2.99726e+02    3.84543e+01    2.99744e-06

           Step           Time
         284500      569.00000

   Energies (kJ/mol)
           Bond            U-B    Proper Dih.  Improper Dih.      CMAP Dih.
    1.62534e+02    5.89497e+02    4.57066e+02    4.55449e+01    1.00647e+01
          LJ-14     Coulomb-14        LJ (SR)   Coulomb (SR)   Coul. recip.
    1.10936e+02    3.20402e+03    6.97198e+04   -7.18435e+05    2.00814e+03
   COM Pull En.      Potential    Kinetic En.   Total Energy  Conserved En.
    7.06104e-01   -6.42127e+05    1.10707e+05   -5.31420e+05   -5.32117e+05
    Temperature Pressure (bar)   Constr. rmsd
    2.98855e+02    1.93961e+01    2.73190e-06

           Step           Time
         285000      570.00000

   Energies (kJ/mol)
           Bond            U-B    Proper Dih.  Improper Dih.      CMAP Dih.
    2.01058e+02    5.83530e+02    4.32281e+02    2.22008e+01    6.38216e+01
          LJ-14     Coulomb-14        LJ (SR)   Coulomb (SR)   Coul. recip.
    1.01968e+02    3.18812e+03    6.86444e+04   -7.17321e+05    2.04627e+03
   COM Pull En.      Potential    Kinetic En.   Total Energy  Conserved En.
    1.15862e+00   -6.42036e+05    1.10483e+05   -5.31554e+05   -5.32083e+05
    Temperature Pressure (bar)   Constr. rmsd
    2.98249e+02   -1.39259e+02    3.66246e-06

           Step           Time
         285500      571.00000

   Energies (kJ/mol)
           Bond            U-B    Proper Dih.  Improper Dih.      CMAP Dih.
    1.38134e+02    5.51052e+02    5.20059e+02    2.70376e+01    2.08298e+01
          LJ-14     Coulomb-14        LJ (SR)   Coulomb (SR)   Coul. recip.
    1.08501e+02    3.22159e+03    6.88059e+04   -7.16971e+05    1.97184e+03
   COM Pull En.      Potential    Kinetic En.   Total Energy  Conserved En.
    1.08098e+00   -6.41605e+05    1.09888e+05   -5.31716e+05   -5.32057e+05
    Temperature Pressure (bar)   Constr. rmsd
    2.96644e+02   -9.43800e+01    3.61766e-06

           Step           Time
         286000      572.00000

   Energies (kJ/mol)
           Bond            U-B    Proper Dih.  Improper Dih.      CMAP Dih.
    1.85671e+02    5.46628e+02    4.40109e+02    2.62014e+01    3.12038e+01
          LJ-14     Coulomb-14        LJ (SR)   Coulomb (SR)   Coul. recip.
    1.03612e+02    3.21217e+03    6.95187e+04   -7.18767e+05    2.04628e+03
   COM Pull En.      Potential    Kinetic En.   Total Energy  Conserved En.
    3.52151e+00   -6.42652e+05    1.10992e+05   -5.31660e+05   -5.32065e+05
    Temperature Pressure (bar)   Constr. rmsd
    2.99625e+02   -5.07987e+01    2.76563e-06

           Step           Time
         286500      573.00000

   Energies (kJ/mol)
           Bond            U-B    Proper Dih.  Improper Dih.      CMAP Dih.
    1.79134e+02    5.75720e+02    4.27186e+02    4.14051e+01    4.56348e+01
          LJ-14     Coulomb-14        LJ (SR)   Coulomb (SR)   Coul. recip.
    8.97094e+01    3.17077e+03    6.92750e+04   -7.17452e+05    2.03473e+03
   COM Pull En.      Potential    Kinetic En.   Total Energy  Conserved En.
    1.67375e+00   -6.41611e+05    1.10193e+05   -5.31418e+05   -5.32152e+05
    Temperature Pressure (bar)   Constr. rmsd
    2.97466e+02   -9.38121e+01    3.78076e-06

           Step           Time
         287000      574.00000

   Energies (kJ/mol)
           Bond            U-B    Proper Dih.  Improper Dih.      CMAP Dih.
    1.49223e+02    5.14120e+02    4.56253e+02    1.63916e+01    3.24342e+01
          LJ-14     Coulomb-14        LJ (SR)   Coulomb (SR)   Coul. recip.
    1.14353e+02    3.21763e+03    7.00219e+04   -7.18747e+05    2.01234e+03
   COM Pull En.      Potential    Kinetic En.   Total Energy  Conserved En.
    2.97160e-01   -6.42212e+05    1.10507e+05   -5.31705e+05   -5.32123e+05
    Temperature Pressure (bar)   Constr. rmsd
    2.98314e+02    8.45578e+01    3.21941e-06

           Step           Time
         287500      575.00000

   Energies (kJ/mol)
           Bond            U-B    Proper Dih.  Improper Dih.      CMAP Dih.
    1.57598e+02    6.00761e+02    4.35356e+02    3.63824e+01    3.75608e+01
          LJ-14     Coulomb-14        LJ (SR)   Coulomb (SR)   Coul. recip.
    9.82531e+01    3.13699e+03    6.85392e+04   -7.16777e+05    2.02814e+03
   COM Pull En.      Potential    Kinetic En.   Total Energy  Conserved En.
    1.99247e-01   -6.41707e+05    1.10779e+05   -5.30928e+05   -5.32133e+05
    Temperature Pressure (bar)   Constr. rmsd
    2.99049e+02   -1.50565e+02    2.94516e-06

           Step           Time
         288000      576.00000

   Energies (kJ/mol)
           Bond            U-B    Proper Dih.  Improper Dih.      CMAP Dih.
    1.63943e+02    5.66559e+02    4.33574e+02    3.48674e+01    2.30344e+01
          LJ-14     Coulomb-14        LJ (SR)   Coulomb (SR)   Coul. recip.
    1.02149e+02    3.17568e+03    6.87445e+04   -7.16846e+05    2.08506e+03
   COM Pull En.      Potential    Kinetic En.   Total Energy  Conserved En.
    1.30826e-02   -6.41517e+05    1.10786e+05   -5.30731e+05   -5.32197e+05
    Temperature Pressure (bar)   Constr. rmsd
    2.99067e+02   -1.17041e+02    2.89445e-06

           Step           Time
         288500      577.00000

   Energies (kJ/mol)
           Bond            U-B    Proper Dih.  Improper Dih.      CMAP Dih.
    1.17469e+02    6.06125e+02    4.15096e+02    2.66118e+01    4.19534e+01
          LJ-14     Coulomb-14        LJ (SR)   Coulomb (SR)   Coul. recip.
    1.13870e+02    3.17878e+03    6.96083e+04   -7.17608e+05    2.03570e+03
   COM Pull En.      Potential    Kinetic En.   Total Energy  Conserved En.
    6.64471e-02   -6.41464e+05    1.10707e+05   -5.30757e+05   -5.32369e+05
    Temperature Pressure (bar)   Constr. rmsd
    2.98854e+02   -2.49174e+01    3.26991e-06

Writing checkpoint, step 288560 at Tue Jun 23 21:29:35 2026


           Step           Time
         289000      578.00000

   Energies (kJ/mol)
           Bond            U-B    Proper Dih.  Improper Dih.      CMAP Dih.
    1.97638e+02    5.42776e+02    4.00996e+02    2.61011e+01    2.71119e+01
          LJ-14     Coulomb-14        LJ (SR)   Coulomb (SR)   Coul. recip.
    1.01199e+02    3.16042e+03    6.86295e+04   -7.16804e+05    2.05487e+03
   COM Pull En.      Potential    Kinetic En.   Total Energy  Conserved En.
    2.10304e-01   -6.41663e+05    1.11226e+05   -5.30437e+05   -5.32251e+05
    Temperature Pressure (bar)   Constr. rmsd
    3.00254e+02   -2.01147e+02    4.41837e-06

           Step           Time
         289500      579.00000

   Energies (kJ/mol)
           Bond            U-B    Proper Dih.  Improper Dih.      CMAP Dih.
    1.87008e+02    5.96237e+02    4.59797e+02    2.47309e+01   -5.12939e+00
          LJ-14     Coulomb-14        LJ (SR)   Coulomb (SR)   Coul. recip.
    8.98866e+01    3.16140e+03    7.00908e+04   -7.18903e+05    2.03848e+03
   COM Pull En.      Potential    Kinetic En.   Total Energy  Conserved En.
    8.58342e-02   -6.42260e+05    1.11531e+05   -5.30729e+05   -5.32142e+05
    Temperature Pressure (bar)   Constr. rmsd
    3.01078e+02    3.80557e+01    3.70199e-06

           Step           Time
         290000      580.00000

   Energies (kJ/mol)
           Bond            U-B    Proper Dih.  Improper Dih.      CMAP Dih.
    1.52570e+02    5.91529e+02    4.23145e+02    2.13293e+01    3.12938e+01
          LJ-14     Coulomb-14        LJ (SR)   Coulomb (SR)   Coul. recip.
    1.17520e+02    3.19886e+03    6.89729e+04   -7.16258e+05    1.96574e+03
   COM Pull En.      Potential    Kinetic En.   Total Energy  Conserved En.
    2.93872e-01   -6.40783e+05    1.10145e+05   -5.30637e+05   -5.32088e+05
    Temperature Pressure (bar)   Constr. rmsd
    2.97338e+02   -7.58935e+00    2.88062e-06

           Step           Time
         290500      581.00000

   Energies (kJ/mol)
           Bond            U-B    Proper Dih.  Improper Dih.      CMAP Dih.
    1.34482e+02    5.15396e+02    4.44105e+02    1.87144e+01    3.59015e+00
          LJ-14     Coulomb-14        LJ (SR)   Coulomb (SR)   Coul. recip.
    1.12035e+02    3.20862e+03    6.88633e+04   -7.17217e+05    2.05521e+03
   COM Pull En.      Potential    Kinetic En.   Total Energy  Conserved En.
    8.80197e-01   -6.41861e+05    1.10252e+05   -5.31609e+05   -5.32223e+05
    Temperature Pressure (bar)   Constr. rmsd
    2.97627e+02   -9.00403e+01    2.65879e-06

           Step           Time
         291000      582.00000

   Energies (kJ/mol)
           Bond            U-B    Proper Dih.  Improper Dih.      CMAP Dih.
    1.36740e+02    5.60394e+02    4.45376e+02    2.42950e+01    1.13947e+01
          LJ-14     Coulomb-14        LJ (SR)   Coulomb (SR)   Coul. recip.
    1.13413e+02    3.20376e+03    6.82107e+04   -7.16513e+05    2.08812e+03
   COM Pull En.      Potential    Kinetic En.   Total Energy  Conserved En.
    1.92074e-02   -6.41719e+05    1.10653e+05   -5.31066e+05   -5.32148e+05
    Temperature Pressure (bar)   Constr. rmsd
    2.98707e+02   -1.83977e+02    3.08839e-06

           Step           Time
         291500      583.00000

   Energies (kJ/mol)
           Bond            U-B    Proper Dih.  Improper Dih.      CMAP Dih.
    1.40463e+02    5.58607e+02    4.26763e+02    3.23119e+01    3.02573e+00
          LJ-14     Coulomb-14        LJ (SR)   Coulomb (SR)   Coul. recip.
    1.10053e+02    3.21591e+03    6.93917e+04   -7.18844e+05    2.01619e+03
   COM Pull En.      Potential    Kinetic En.   Total Energy  Conserved En.
    2.18276e-01   -6.42949e+05    1.10316e+05   -5.32633e+05   -5.32162e+05
    Temperature Pressure (bar)   Constr. rmsd
    2.97798e+02   -6.86625e+01    2.64521e-06

           Step           Time
         292000      584.00000

   Energies (kJ/mol)
           Bond            U-B    Proper Dih.  Improper Dih.      CMAP Dih.
    1.54054e+02    5.41154e+02    4.22410e+02    2.88906e+01    3.16107e+00
          LJ-14     Coulomb-14        LJ (SR)   Coulomb (SR)   Coul. recip.
    9.88950e+01    3.24250e+03    7.00587e+04   -7.19790e+05    2.06504e+03
   COM Pull En.      Potential    Kinetic En.   Total Energy  Conserved En.
    4.71778e-01   -6.43175e+05    1.09674e+05   -5.33501e+05   -5.32310e+05
    Temperature Pressure (bar)   Constr. rmsd
    2.96064e+02   -5.03521e+01    3.40883e-06

           Step           Time
         292500      585.00000

   Energies (kJ/mol)
           Bond            U-B    Proper Dih.  Improper Dih.      CMAP Dih.
    1.80957e+02    5.23740e+02    4.48207e+02    2.07255e+01    4.48072e+01
          LJ-14     Coulomb-14        LJ (SR)   Coulomb (SR)   Coul. recip.
    9.29726e+01    3.17055e+03    7.03061e+04   -7.20329e+05    2.00637e+03
   COM Pull En.      Potential    Kinetic En.   Total Energy  Conserved En.
    7.21094e-03   -6.43534e+05    1.10696e+05   -5.32838e+05   -5.32210e+05
    Temperature Pressure (bar)   Constr. rmsd
    2.98825e+02    5.48348e+00    3.27743e-06

           Step           Time
         293000      586.00000

   Energies (kJ/mol)
           Bond            U-B    Proper Dih.  Improper Dih.      CMAP Dih.
    1.16117e+02    5.73597e+02    4.52598e+02    2.41150e+01    4.32552e+01
          LJ-14     Coulomb-14        LJ (SR)   Coulomb (SR)   Coul. recip.
    1.03618e+02    3.23311e+03    7.07190e+04   -7.20518e+05    2.05481e+03
   COM Pull En.      Potential    Kinetic En.   Total Energy  Conserved En.
    1.55206e-02   -6.43198e+05    1.10516e+05   -5.32682e+05   -5.32232e+05
    Temperature Pressure (bar)   Constr. rmsd
    2.98339e+02    7.17410e+01    3.74564e-06

           Step           Time
         293500      587.00000

   Energies (kJ/mol)
           Bond            U-B    Proper Dih.  Improper Dih.      CMAP Dih.
    1.76802e+02    6.01595e+02    4.11367e+02    3.11172e+01    2.73036e+01
          LJ-14     Coulomb-14        LJ (SR)   Coulomb (SR)   Coul. recip.
    7.88756e+01    3.13200e+03    6.96385e+04   -7.19212e+05    2.10572e+03
   COM Pull En.      Potential    Kinetic En.   Total Energy  Conserved En.
    2.29317e-03   -6.43009e+05    1.10657e+05   -5.32352e+05   -5.32252e+05
    Temperature Pressure (bar)   Constr. rmsd
    2.98719e+02   -9.00952e+01    3.29676e-06

           Step           Time
         294000      588.00000

   Energies (kJ/mol)
           Bond            U-B    Proper Dih.  Improper Dih.      CMAP Dih.
    1.64061e+02    5.29429e+02    4.47749e+02    2.75001e+01    3.69830e+01
          LJ-14     Coulomb-14        LJ (SR)   Coulomb (SR)   Coul. recip.
    9.27633e+01    3.21326e+03    6.98707e+04   -7.19680e+05    2.00449e+03
   COM Pull En.      Potential    Kinetic En.   Total Energy  Conserved En.
    3.55653e-01   -6.43293e+05    1.10871e+05   -5.32422e+05   -5.32114e+05
    Temperature Pressure (bar)   Constr. rmsd
    2.99297e+02   -2.87257e+01    3.50267e-06

           Step           Time
         294500      589.00000

   Energies (kJ/mol)
           Bond            U-B    Proper Dih.  Improper Dih.      CMAP Dih.
    1.50990e+02    5.42161e+02    4.42498e+02    4.73950e+01    4.96811e+00
          LJ-14     Coulomb-14        LJ (SR)   Coulomb (SR)   Coul. recip.
    1.03929e+02    3.20451e+03    7.05814e+04   -7.20147e+05    1.94569e+03
   COM Pull En.      Potential    Kinetic En.   Total Energy  Conserved En.
    1.34503e-03   -6.43123e+05    1.09748e+05   -5.33375e+05   -5.32144e+05
    Temperature Pressure (bar)   Constr. rmsd
    2.96265e+02    9.93843e+01    3.32336e-06

           Step           Time
         295000      590.00000

   Energies (kJ/mol)
           Bond            U-B    Proper Dih.  Improper Dih.      CMAP Dih.
    1.36234e+02    5.68541e+02    4.30518e+02    3.78400e+01    2.42499e+01
          LJ-14     Coulomb-14        LJ (SR)   Coulomb (SR)   Coul. recip.
    1.18391e+02    3.17404e+03    6.87628e+04   -7.17708e+05    2.02826e+03
   COM Pull En.      Potential    Kinetic En.   Total Energy  Conserved En.
    1.64523e+00   -6.42426e+05    1.09931e+05   -5.32495e+05   -5.32123e+05
    Temperature Pressure (bar)   Constr. rmsd
    2.96758e+02   -8.67822e+01    3.82172e-06

           Step           Time
         295500      591.00000

   Energies (kJ/mol)
           Bond            U-B    Proper Dih.  Improper Dih.      CMAP Dih.
    1.70312e+02    5.73220e+02    4.08498e+02    2.25188e+01    9.74986e+00
          LJ-14     Coulomb-14        LJ (SR)   Coulomb (SR)   Coul. recip.
    9.18768e+01    3.17264e+03    6.90545e+04   -7.18147e+05    1.99976e+03
   COM Pull En.      Potential    Kinetic En.   Total Energy  Conserved En.
    4.75693e-01   -6.42644e+05    1.10963e+05   -5.31681e+05   -5.32051e+05
    Temperature Pressure (bar)   Constr. rmsd
    2.99544e+02   -5.92567e+01    3.32818e-06

           Step           Time
         296000      592.00000

   Energies (kJ/mol)
           Bond            U-B    Proper Dih.  Improper Dih.      CMAP Dih.
    1.52964e+02    4.93765e+02    4.17374e+02    2.12091e+01    5.30455e+01
          LJ-14     Coulomb-14        LJ (SR)   Coulomb (SR)   Coul. recip.
    9.53498e+01    3.22327e+03    6.89223e+04   -7.18072e+05    1.97418e+03
   COM Pull En.      Potential    Kinetic En.   Total Energy  Conserved En.
    1.79077e-02   -6.42718e+05    1.10627e+05   -5.32091e+05   -5.32141e+05
    Temperature Pressure (bar)   Constr. rmsd
    2.98638e+02   -1.19474e+02    3.19655e-06

           Step           Time
         296500      593.00000

   Energies (kJ/mol)
           Bond            U-B    Proper Dih.  Improper Dih.      CMAP Dih.
    1.23511e+02    5.18250e+02    4.33861e+02    1.92824e+01    1.99372e+01
          LJ-14     Coulomb-14        LJ (SR)   Coulomb (SR)   Coul. recip.
    1.10306e+02    3.24363e+03    6.96183e+04   -7.18511e+05    1.95179e+03
   COM Pull En.      Potential    Kinetic En.   Total Energy  Conserved En.
    2.13101e+00   -6.42470e+05    1.10186e+05   -5.32285e+05   -5.32018e+05
    Temperature Pressure (bar)   Constr. rmsd
    2.97446e+02   -1.34736e+00    3.74069e-06

           Step           Time
         297000      594.00000

   Energies (kJ/mol)
           Bond            U-B    Proper Dih.  Improper Dih.      CMAP Dih.
    1.15453e+02    5.85314e+02    4.44082e+02    2.65554e+01   -1.69688e+01
          LJ-14     Coulomb-14        LJ (SR)   Coulomb (SR)   Coul. recip.
    1.03963e+02    3.20546e+03    6.95066e+04   -7.18440e+05    1.98664e+03
   COM Pull En.      Potential    Kinetic En.   Total Energy  Conserved En.
    1.36348e-03   -6.42482e+05    1.10622e+05   -5.31860e+05   -5.31903e+05
    Temperature Pressure (bar)   Constr. rmsd
    2.98626e+02    5.94856e+01    2.57785e-06

           Step           Time
         297500      595.00000

   Energies (kJ/mol)
           Bond            U-B    Proper Dih.  Improper Dih.      CMAP Dih.
    1.66901e+02    5.58883e+02    4.22911e+02    2.67053e+01   -2.53257e+01
          LJ-14     Coulomb-14        LJ (SR)   Coulomb (SR)   Coul. recip.
    9.75938e+01    3.18237e+03    6.94033e+04   -7.19118e+05    2.00621e+03
   COM Pull En.      Potential    Kinetic En.   Total Energy  Conserved En.
    1.09125e+00   -6.43278e+05    1.10375e+05   -5.32903e+05   -5.31772e+05
    Temperature Pressure (bar)   Constr. rmsd
    2.97957e+02   -5.64037e+01    2.93972e-06

Writing checkpoint, step 297520 at Tue Jun 23 21:44:26 2026


           Step           Time
         298000      596.00000

   Energies (kJ/mol)
           Bond            U-B    Proper Dih.  Improper Dih.      CMAP Dih.
    1.48881e+02    5.76026e+02    4.03835e+02    1.63851e+01    9.17185e+00
          LJ-14     Coulomb-14        LJ (SR)   Coulomb (SR)   Coul. recip.
    1.03021e+02    3.23540e+03    6.93619e+04   -7.18902e+05    1.96497e+03
   COM Pull En.      Potential    Kinetic En.   Total Energy  Conserved En.
    2.87691e+00   -6.43080e+05    1.10078e+05   -5.33002e+05   -5.31736e+05
    Temperature Pressure (bar)   Constr. rmsd
    2.97156e+02    1.46899e+01    2.58409e-06

           Step           Time
         298500      597.00000

   Energies (kJ/mol)
           Bond            U-B    Proper Dih.  Improper Dih.      CMAP Dih.
    1.76436e+02    5.18869e+02    4.54359e+02    2.43851e+01   -2.23475e-01
          LJ-14     Coulomb-14        LJ (SR)   Coulomb (SR)   Coul. recip.
    9.34882e+01    3.17502e+03    6.96017e+04   -7.20423e+05    1.97200e+03
   COM Pull En.      Potential    Kinetic En.   Total Energy  Conserved En.
    7.20708e-01   -6.44406e+05    1.10105e+05   -5.34301e+05   -5.31731e+05
    Temperature Pressure (bar)   Constr. rmsd
    2.97229e+02   -2.08960e+01    3.07535e-06

           Step           Time
         299000      598.00000

   Energies (kJ/mol)
           Bond            U-B    Proper Dih.  Improper Dih.      CMAP Dih.
    1.70750e+02    5.99822e+02    4.31563e+02    1.52597e+01    7.62934e+00
          LJ-14     Coulomb-14        LJ (SR)   Coulomb (SR)   Coul. recip.
    9.38781e+01    3.14250e+03    6.93615e+04   -7.19302e+05    2.02018e+03
   COM Pull En.      Potential    Kinetic En.   Total Energy  Conserved En.
    6.36325e-01   -6.43458e+05    1.10084e+05   -5.33374e+05   -5.31721e+05
    Temperature Pressure (bar)   Constr. rmsd
    2.97172e+02   -3.34509e+01    2.42367e-06

           Step           Time
         299500      599.00000

   Energies (kJ/mol)
           Bond            U-B    Proper Dih.  Improper Dih.      CMAP Dih.
    1.48862e+02    5.86012e+02    4.21923e+02    2.92168e+01   -1.59303e+01
          LJ-14     Coulomb-14        LJ (SR)   Coulomb (SR)   Coul. recip.
    1.07352e+02    3.21827e+03    7.01289e+04   -7.19713e+05    2.01837e+03
   COM Pull En.      Potential    Kinetic En.   Total Energy  Conserved En.
    3.26849e-02   -6.43070e+05    1.09829e+05   -5.33241e+05   -5.31843e+05
    Temperature Pressure (bar)   Constr. rmsd
    2.96483e+02    8.15343e+01    2.88392e-06

           Step           Time
         300000      600.00000

   Energies (kJ/mol)
           Bond            U-B    Proper Dih.  Improper Dih.      CMAP Dih.
    1.50644e+02    5.50867e+02    4.01447e+02    2.58826e+01    2.37556e+01
          LJ-14     Coulomb-14        LJ (SR)   Coulomb (SR)   Coul. recip.
    1.09028e+02    3.18177e+03    6.93370e+04   -7.19994e+05    1.98312e+03
   COM Pull En.      Potential    Kinetic En.   Total Energy  Conserved En.
    3.08114e+00   -6.44228e+05    1.10040e+05   -5.34188e+05   -5.31911e+05
    Temperature Pressure (bar)   Constr. rmsd
    2.97055e+02   -4.55598e+01    2.34395e-06

           Step           Time
         300500      601.00000

   Energies (kJ/mol)
           Bond            U-B    Proper Dih.  Improper Dih.      CMAP Dih.
    1.23801e+02    5.83104e+02    4.12890e+02    2.96194e+01    3.80595e+01
          LJ-14     Coulomb-14        LJ (SR)   Coulomb (SR)   Coul. recip.
    1.01266e+02    3.20605e+03    6.93744e+04   -7.19579e+05    2.03782e+03
   COM Pull En.      Potential    Kinetic En.   Total Energy  Conserved En.
    1.08966e+00   -6.43671e+05    1.09812e+05   -5.33860e+05   -5.31899e+05
    Temperature Pressure (bar)   Constr. rmsd
    2.96437e+02   -6.49407e+01    3.16060e-06

           Step           Time
         301000      602.00000

   Energies (kJ/mol)
           Bond            U-B    Proper Dih.  Improper Dih.      CMAP Dih.
    1.60788e+02    5.61963e+02    4.29023e+02    1.81339e+01    6.86708e+00
          LJ-14     Coulomb-14        LJ (SR)   Coulomb (SR)   Coul. recip.
    1.21774e+02    3.24243e+03    6.96492e+04   -7.20329e+05    1.97098e+03
   COM Pull En.      Potential    Kinetic En.   Total Energy  Conserved En.
    2.91273e+00   -6.44165e+05    1.10816e+05   -5.33349e+05   -5.31849e+05
    Temperature Pressure (bar)   Constr. rmsd
    2.99149e+02   -3.51911e+01    2.48481e-06

           Step           Time
         301500      603.00000

   Energies (kJ/mol)
           Bond            U-B    Proper Dih.  Improper Dih.      CMAP Dih.
    1.36058e+02    5.26502e+02    4.39412e+02    2.73932e+01    1.92978e+01
          LJ-14     Coulomb-14        LJ (SR)   Coulomb (SR)   Coul. recip.
    1.16854e+02    3.20064e+03    7.00917e+04   -7.19767e+05    1.95621e+03
   COM Pull En.      Potential    Kinetic En.   Total Energy  Conserved En.
    6.19989e-01   -6.43253e+05    1.09738e+05   -5.33515e+05   -5.31994e+05
    Temperature Pressure (bar)   Constr. rmsd
    2.96238e+02    6.94226e+01    2.79767e-06

           Step           Time
         302000      604.00000

   Energies (kJ/mol)
           Bond            U-B    Proper Dih.  Improper Dih.      CMAP Dih.
    1.77191e+02    5.95168e+02    4.42070e+02    2.33337e+01    9.69347e+00
          LJ-14     Coulomb-14        LJ (SR)   Coulomb (SR)   Coul. recip.
    8.61204e+01    3.18167e+03    6.98394e+04   -7.19578e+05    2.04360e+03
   COM Pull En.      Potential    Kinetic En.   Total Energy  Conserved En.
    9.27532e-01   -6.43179e+05    1.10011e+05   -5.33168e+05   -5.31813e+05
    Temperature Pressure (bar)   Constr. rmsd
    2.96975e+02    1.75177e+01    3.19482e-06

           Step           Time
         302500      605.00000

   Energies (kJ/mol)
           Bond            U-B    Proper Dih.  Improper Dih.      CMAP Dih.
    1.63441e+02    5.75687e+02    4.38181e+02    2.16377e+01    2.13870e+01
          LJ-14     Coulomb-14        LJ (SR)   Coulomb (SR)   Coul. recip.
    9.75700e+01    3.21366e+03    6.90361e+04   -7.18101e+05    1.94961e+03
   COM Pull En.      Potential    Kinetic En.   Total Energy  Conserved En.
    2.61822e+00   -6.42581e+05    1.10897e+05   -5.31684e+05   -5.32017e+05
    Temperature Pressure (bar)   Constr. rmsd
    2.99366e+02   -5.32714e+01    3.03478e-06

           Step           Time
         303000      606.00000

   Energies (kJ/mol)
           Bond            U-B    Proper Dih.  Improper Dih.      CMAP Dih.
    1.70263e+02    6.47622e+02    4.38838e+02    4.29945e+01   -1.40644e+01
          LJ-14     Coulomb-14        LJ (SR)   Coulomb (SR)   Coul. recip.
    1.14391e+02    3.16900e+03    6.89047e+04   -7.17334e+05    1.94176e+03
   COM Pull En.      Potential    Kinetic En.   Total Energy  Conserved En.
    9.19981e-02   -6.41918e+05    1.10181e+05   -5.31738e+05   -5.32140e+05
    Temperature Pressure (bar)   Constr. rmsd
    2.97433e+02   -1.05733e+02    3.07022e-06

           Step           Time
         303500      607.00000

   Energies (kJ/mol)
           Bond            U-B    Proper Dih.  Improper Dih.      CMAP Dih.
    1.51608e+02    5.63327e+02    4.61079e+02    1.54988e+01    7.72604e+00
          LJ-14     Coulomb-14        LJ (SR)   Coulomb (SR)   Coul. recip.
    1.01075e+02    3.21144e+03    7.08678e+04   -7.20268e+05    2.05049e+03
   COM Pull En.      Potential    Kinetic En.   Total Energy  Conserved En.
    1.07198e-01   -6.42838e+05    1.10429e+05   -5.32409e+05   -5.32258e+05
    Temperature Pressure (bar)   Constr. rmsd
    2.98103e+02    9.58277e+01    2.99432e-06

           Step           Time
         304000      608.00000

   Energies (kJ/mol)
           Bond            U-B    Proper Dih.  Improper Dih.      CMAP Dih.
    1.21437e+02    5.81114e+02    4.18007e+02    2.74674e+01    3.78754e+01
          LJ-14     Coulomb-14        LJ (SR)   Coulomb (SR)   Coul. recip.
    1.00295e+02    3.22574e+03    7.04847e+04   -7.21306e+05    1.93824e+03
   COM Pull En.      Potential    Kinetic En.   Total Energy  Conserved En.
    2.58962e-01   -6.44370e+05    1.11044e+05   -5.33327e+05   -5.32162e+05
    Temperature Pressure (bar)   Constr. rmsd
    2.99763e+02    2.17568e+01    2.28697e-06

           Step           Time
         304500      609.00000

   Energies (kJ/mol)
           Bond            U-B    Proper Dih.  Improper Dih.      CMAP Dih.
    1.38843e+02    5.77388e+02    4.34039e+02    1.79378e+01    9.50308e+00
          LJ-14     Coulomb-14        LJ (SR)   Coulomb (SR)   Coul. recip.
    9.04129e+01    3.20456e+03    6.97722e+04   -7.18459e+05    1.99839e+03
   COM Pull En.      Potential    Kinetic En.   Total Energy  Conserved En.
    1.65163e+00   -6.42214e+05    1.09644e+05   -5.32571e+05   -5.32217e+05
    Temperature Pressure (bar)   Constr. rmsd
    2.95983e+02   -1.46671e+01    3.98251e-06

           Step           Time
         305000      610.00000

   Energies (kJ/mol)
           Bond            U-B    Proper Dih.  Improper Dih.      CMAP Dih.
    1.37418e+02    5.29324e+02    4.29716e+02    2.79097e+01    2.81514e+01
          LJ-14     Coulomb-14        LJ (SR)   Coulomb (SR)   Coul. recip.
    1.00637e+02    3.21048e+03    6.93882e+04   -7.19573e+05    2.03296e+03
   COM Pull En.      Potential    Kinetic En.   Total Energy  Conserved En.
    2.37744e-01   -6.43688e+05    1.10595e+05   -5.33093e+05   -5.32174e+05
    Temperature Pressure (bar)   Constr. rmsd
    2.98551e+02   -1.60686e+02    3.52829e-06

           Step           Time
         305500      611.00000

   Energies (kJ/mol)
           Bond            U-B    Proper Dih.  Improper Dih.      CMAP Dih.
    1.90709e+02    5.56004e+02    4.13317e+02    2.24267e+01    1.99129e+01
          LJ-14     Coulomb-14        LJ (SR)   Coulomb (SR)   Coul. recip.
    9.44117e+01    3.15352e+03    7.09479e+04   -7.20495e+05    1.98094e+03
   COM Pull En.      Potential    Kinetic En.   Total Energy  Conserved En.
    8.87607e-01   -6.43115e+05    1.10230e+05   -5.32886e+05   -5.32212e+05
    Temperature Pressure (bar)   Constr. rmsd
    2.97566e+02    1.33851e+02    2.98142e-06

           Step           Time
         306000      612.00000

   Energies (kJ/mol)
           Bond            U-B    Proper Dih.  Improper Dih.      CMAP Dih.
    1.31418e+02    5.69577e+02    4.44144e+02    2.27680e+01    1.16777e+01
          LJ-14     Coulomb-14        LJ (SR)   Coulomb (SR)   Coul. recip.
    9.99752e+01    3.20403e+03    6.90243e+04   -7.18984e+05    1.92851e+03
   COM Pull En.      Potential    Kinetic En.   Total Energy  Conserved En.
    3.97825e-01   -6.43547e+05    1.10491e+05   -5.33056e+05   -5.32327e+05
    Temperature Pressure (bar)   Constr. rmsd
    2.98272e+02   -1.63737e+02    3.03878e-06

           Step           Time
         306500      613.00000

   Energies (kJ/mol)
           Bond            U-B    Proper Dih.  Improper Dih.      CMAP Dih.
    1.50508e+02    5.46904e+02    4.25667e+02    3.79648e+01    2.14682e+01
          LJ-14     Coulomb-14        LJ (SR)   Coulomb (SR)   Coul. recip.
    1.01460e+02    3.17381e+03    6.99368e+04   -7.19618e+05    2.04537e+03
   COM Pull En.      Potential    Kinetic En.   Total Energy  Conserved En.
    2.78200e-01   -6.43178e+05    1.09693e+05   -5.33485e+05   -5.32353e+05
    Temperature Pressure (bar)   Constr. rmsd
    2.96116e+02   -5.93394e+01    2.70973e-06

Writing checkpoint, step 306640 at Tue Jun 23 21:59:37 2026


           Step           Time
         307000      614.00000

   Energies (kJ/mol)
           Bond            U-B    Proper Dih.  Improper Dih.      CMAP Dih.
    1.14507e+02    5.27734e+02    4.56631e+02    3.11217e+01    1.06636e+01
          LJ-14     Coulomb-14        LJ (SR)   Coulomb (SR)   Coul. recip.
    1.07984e+02    3.20635e+03    7.00161e+04   -7.21000e+05    1.98690e+03
   COM Pull En.      Potential    Kinetic En.   Total Energy  Conserved En.
    1.28561e+00   -6.44541e+05    1.10336e+05   -5.34205e+05   -5.32244e+05
    Temperature Pressure (bar)   Constr. rmsd
    2.97853e+02   -6.64900e+01    3.56337e-06

           Step           Time
         307500      615.00000

   Energies (kJ/mol)
           Bond            U-B    Proper Dih.  Improper Dih.      CMAP Dih.
    1.69074e+02    5.89664e+02    4.32720e+02    1.99592e+01   -1.56887e+00
          LJ-14     Coulomb-14        LJ (SR)   Coulomb (SR)   Coul. recip.
    9.39918e+01    3.14481e+03    7.08092e+04   -7.21325e+05    1.98095e+03
   COM Pull En.      Potential    Kinetic En.   Total Energy  Conserved En.
    1.63527e+00   -6.44084e+05    1.10244e+05   -5.33840e+05   -5.32307e+05
    Temperature Pressure (bar)   Constr. rmsd
    2.97604e+02    2.43558e+01    2.69728e-06

           Step           Time
         308000      616.00000

   Energies (kJ/mol)
           Bond            U-B    Proper Dih.  Improper Dih.      CMAP Dih.
    2.30388e+02    5.34325e+02    4.35596e+02    3.94437e+01    1.28657e+01
          LJ-14     Coulomb-14        LJ (SR)   Coulomb (SR)   Coul. recip.
    9.58311e+01    3.17726e+03    6.89756e+04   -7.18280e+05    2.06460e+03
   COM Pull En.      Potential    Kinetic En.   Total Energy  Conserved En.
    1.10417e-01   -6.42714e+05    1.09881e+05   -5.32833e+05   -5.32269e+05
    Temperature Pressure (bar)   Constr. rmsd
    2.96625e+02   -1.46045e+02    2.95476e-06

           Step           Time
         308500      617.00000

   Energies (kJ/mol)
           Bond            U-B    Proper Dih.  Improper Dih.      CMAP Dih.
    1.18032e+02    5.26360e+02    4.40734e+02    2.98943e+01    3.38439e+01
          LJ-14     Coulomb-14        LJ (SR)   Coulomb (SR)   Coul. recip.
    1.10884e+02    3.25128e+03    7.00690e+04   -7.20263e+05    1.94374e+03
   COM Pull En.      Potential    Kinetic En.   Total Energy  Conserved En.
    7.21056e-01   -6.43739e+05    1.11090e+05   -5.32648e+05   -5.32228e+05
    Temperature Pressure (bar)   Constr. rmsd
    2.99889e+02    4.20070e+00    3.62345e-06

           Step           Time
         309000      618.00000

   Energies (kJ/mol)
           Bond            U-B    Proper Dih.  Improper Dih.      CMAP Dih.
    1.06821e+02    5.96102e+02    4.58999e+02    3.37589e+01    1.53053e+01
          LJ-14     Coulomb-14        LJ (SR)   Coulomb (SR)   Coul. recip.
    1.00843e+02    3.18957e+03    7.02514e+04   -7.19717e+05    2.02701e+03
   COM Pull En.      Potential    Kinetic En.   Total Energy  Conserved En.
    2.67387e+00   -6.42935e+05    1.10137e+05   -5.32798e+05   -5.32296e+05
    Temperature Pressure (bar)   Constr. rmsd
    2.97314e+02    9.29323e+00    2.53839e-06

           Step           Time
         309500      619.00000

   Energies (kJ/mol)
           Bond            U-B    Proper Dih.  Improper Dih.      CMAP Dih.
    1.66397e+02    6.35654e+02    4.38578e+02    2.83407e+01    7.62066e+00
          LJ-14     Coulomb-14        LJ (SR)   Coulomb (SR)   Coul. recip.
    8.68921e+01    3.13174e+03    6.94019e+04   -7.19002e+05    1.97770e+03
   COM Pull En.      Potential    Kinetic En.   Total Energy  Conserved En.
    4.20282e-03   -6.43127e+05    1.10719e+05   -5.32408e+05   -5.32239e+05
    Temperature Pressure (bar)   Constr. rmsd
    2.98887e+02   -1.54823e+02    2.49013e-06

           Step           Time
         310000      620.00000

   Energies (kJ/mol)
           Bond            U-B    Proper Dih.  Improper Dih.      CMAP Dih.
    1.58799e+02    5.44889e+02    4.56438e+02    2.69317e+01    5.96234e+01
          LJ-14     Coulomb-14        LJ (SR)   Coulomb (SR)   Coul. recip.
    9.22239e+01    3.20041e+03    6.91502e+04   -7.18397e+05    1.98464e+03
   COM Pull En.      Potential    Kinetic En.   Total Energy  Conserved En.
    9.43083e-01   -6.42722e+05    1.09932e+05   -5.32790e+05   -5.32344e+05
    Temperature Pressure (bar)   Constr. rmsd
    2.96761e+02   -1.64586e+02    2.84624e-06

           Step           Time
         310500      621.00000

   Energies (kJ/mol)
           Bond            U-B    Proper Dih.  Improper Dih.      CMAP Dih.
    1.47799e+02    4.86805e+02    4.07933e+02    2.99310e+01    3.88281e+01
          LJ-14     Coulomb-14        LJ (SR)   Coulomb (SR)   Coul. recip.
    1.06544e+02    3.19770e+03    6.83099e+04   -7.17304e+05    2.04268e+03
   COM Pull En.      Potential    Kinetic En.   Total Energy  Conserved En.
    7.02864e-03   -6.42536e+05    1.09625e+05   -5.32910e+05   -5.32276e+05
    Temperature Pressure (bar)   Constr. rmsd
    2.95934e+02   -2.66884e+02    2.66558e-06

           Step           Time
         311000      622.00000

   Energies (kJ/mol)
           Bond            U-B    Proper Dih.  Improper Dih.      CMAP Dih.
    1.51744e+02    5.58744e+02    4.07443e+02    2.91571e+01    3.45933e+01
          LJ-14     Coulomb-14        LJ (SR)   Coulomb (SR)   Coul. recip.
    9.88433e+01    3.22259e+03    6.91243e+04   -7.18208e+05    1.94528e+03
   COM Pull En.      Potential    Kinetic En.   Total Energy  Conserved En.
    2.25894e+00   -6.42633e+05    1.09817e+05   -5.32816e+05   -5.32297e+05
    Temperature Pressure (bar)   Constr. rmsd
    2.96451e+02   -1.31605e+02    2.87017e-06

           Step           Time
         311500      623.00000

   Energies (kJ/mol)
           Bond            U-B    Proper Dih.  Improper Dih.      CMAP Dih.
    1.28466e+02    6.02169e+02    4.08386e+02    3.23345e+01    7.45613e+00
          LJ-14     Coulomb-14        LJ (SR)   Coulomb (SR)   Coul. recip.
    1.08130e+02    3.25216e+03    7.01261e+04   -7.19944e+05    1.97156e+03
   COM Pull En.      Potential    Kinetic En.   Total Energy  Conserved En.
    5.36064e-01   -6.43306e+05    1.09972e+05   -5.33334e+05   -5.32244e+05
    Temperature Pressure (bar)   Constr. rmsd
    2.96869e+02    1.45834e+01    3.32893e-06

           Step           Time
         312000      624.00000

   Energies (kJ/mol)
           Bond            U-B    Proper Dih.  Improper Dih.      CMAP Dih.
    1.56489e+02    5.03954e+02    4.35009e+02    2.64768e+01    1.26745e+01
          LJ-14     Coulomb-14        LJ (SR)   Coulomb (SR)   Coul. recip.
    9.97631e+01    3.22909e+03    6.82373e+04   -7.17888e+05    2.02714e+03
   COM Pull En.      Potential    Kinetic En.   Total Energy  Conserved En.
    9.38021e-01   -6.43160e+05    1.10057e+05   -5.33102e+05   -5.32301e+05
    Temperature Pressure (bar)   Constr. rmsd
    2.97100e+02   -3.00525e+02    3.56535e-06

           Step           Time
         312500      625.00000

   Energies (kJ/mol)
           Bond            U-B    Proper Dih.  Improper Dih.      CMAP Dih.
    1.48352e+02    4.98416e+02    4.43881e+02    2.61909e+01   -9.31477e-01
          LJ-14     Coulomb-14        LJ (SR)   Coulomb (SR)   Coul. recip.
    1.02345e+02    3.24006e+03    6.94218e+04   -7.19679e+05    2.08524e+03
   COM Pull En.      Potential    Kinetic En.   Total Energy  Conserved En.
    1.51256e-01   -6.43714e+05    1.10003e+05   -5.33711e+05   -5.32230e+05
    Temperature Pressure (bar)   Constr. rmsd
    2.96953e+02   -1.38786e+02    2.91184e-06

           Step           Time
         313000      626.00000

   Energies (kJ/mol)
           Bond            U-B    Proper Dih.  Improper Dih.      CMAP Dih.
    1.64395e+02    5.10815e+02    4.36243e+02    2.62721e+01    1.82136e+01
          LJ-14     Coulomb-14        LJ (SR)   Coulomb (SR)   Coul. recip.
    1.07160e+02    3.21615e+03    6.90788e+04   -7.18911e+05    2.01650e+03
   COM Pull En.      Potential    Kinetic En.   Total Energy  Conserved En.
    6.42371e-01   -6.43336e+05    1.09852e+05   -5.33484e+05   -5.32324e+05
    Temperature Pressure (bar)   Constr. rmsd
    2.96546e+02   -2.07395e+02    2.25867e-06

           Step           Time
         313500      627.00000

   Energies (kJ/mol)
           Bond            U-B    Proper Dih.  Improper Dih.      CMAP Dih.
    1.46567e+02    5.60335e+02    4.24696e+02    2.64895e+01    1.13916e+01
          LJ-14     Coulomb-14        LJ (SR)   Coulomb (SR)   Coul. recip.
    1.08936e+02    3.19963e+03    7.00130e+04   -7.19807e+05    1.97729e+03
   COM Pull En.      Potential    Kinetic En.   Total Energy  Conserved En.
    1.09983e+00   -6.43338e+05    1.10565e+05   -5.32773e+05   -5.32223e+05
    Temperature Pressure (bar)   Constr. rmsd
    2.98472e+02   -2.13712e+01    2.98755e-06

           Step           Time
         314000      628.00000

   Energies (kJ/mol)
           Bond            U-B    Proper Dih.  Improper Dih.      CMAP Dih.
    1.48380e+02    5.61286e+02    4.32421e+02    2.86927e+01    1.44825e+01
          LJ-14     Coulomb-14        LJ (SR)   Coulomb (SR)   Coul. recip.
    1.11668e+02    3.23449e+03    6.87142e+04   -7.16928e+05    2.04660e+03
   COM Pull En.      Potential    Kinetic En.   Total Energy  Conserved En.
    1.08532e+00   -6.41634e+05    1.10306e+05   -5.31328e+05   -5.32164e+05
    Temperature Pressure (bar)   Constr. rmsd
    2.97771e+02   -5.91910e+01    3.38494e-06

           Step           Time
         314500      629.00000

   Energies (kJ/mol)
           Bond            U-B    Proper Dih.  Improper Dih.      CMAP Dih.
    1.57442e+02    6.17671e+02    4.51948e+02    2.55038e+01    1.22083e+00
          LJ-14     Coulomb-14        LJ (SR)   Coulomb (SR)   Coul. recip.
    1.02230e+02    3.19627e+03    6.98854e+04   -7.17087e+05    1.99194e+03
   COM Pull En.      Potential    Kinetic En.   Total Energy  Conserved En.
    4.48908e+00   -6.40653e+05    1.10552e+05   -5.30101e+05   -5.32099e+05
    Temperature Pressure (bar)   Constr. rmsd
    2.98436e+02    1.13349e+02    2.93186e-06

           Step           Time
         315000      630.00000

   Energies (kJ/mol)
           Bond            U-B    Proper Dih.  Improper Dih.      CMAP Dih.
    1.30031e+02    5.16258e+02    4.36166e+02    3.46214e+01    2.53433e+01
          LJ-14     Coulomb-14        LJ (SR)   Coulomb (SR)   Coul. recip.
    1.27164e+02    3.27800e+03    6.90680e+04   -7.17361e+05    2.05044e+03
   COM Pull En.      Potential    Kinetic En.   Total Energy  Conserved En.
    1.23206e+00   -6.41694e+05    1.10871e+05   -5.30822e+05   -5.32154e+05
    Temperature Pressure (bar)   Constr. rmsd
    2.99298e+02   -2.89477e+01    3.38334e-06

           Step           Time
         315500      631.00000

   Energies (kJ/mol)
           Bond            U-B    Proper Dih.  Improper Dih.      CMAP Dih.
    1.51698e+02    5.72085e+02    4.19478e+02    2.53155e+01   -1.17899e+01
          LJ-14     Coulomb-14        LJ (SR)   Coulomb (SR)   Coul. recip.
    9.87614e+01    3.16288e+03    6.78891e+04   -7.16627e+05    2.03365e+03
   COM Pull En.      Potential    Kinetic En.   Total Energy  Conserved En.
    2.32634e-01   -6.42286e+05    1.10065e+05   -5.32221e+05   -5.32247e+05
    Temperature Pressure (bar)   Constr. rmsd
    2.97121e+02   -2.64136e+02    3.15670e-06

Writing checkpoint, step 315680 at Tue Jun 23 22:14:39 2026


           Step           Time
         316000      632.00000

   Energies (kJ/mol)
           Bond            U-B    Proper Dih.  Improper Dih.      CMAP Dih.
    1.47014e+02    5.36575e+02    4.35464e+02    2.08710e+01   -1.72635e+01
          LJ-14     Coulomb-14        LJ (SR)   Coulomb (SR)   Coul. recip.
    1.21679e+02    3.27076e+03    6.87678e+04   -7.18040e+05    2.02370e+03
   COM Pull En.      Potential    Kinetic En.   Total Energy  Conserved En.
    2.99143e-01   -6.42733e+05    1.10612e+05   -5.32121e+05   -5.32273e+05
    Temperature Pressure (bar)   Constr. rmsd
    2.98597e+02   -1.55644e+02    2.95060e-06

           Step           Time
         316500      633.00000

   Energies (kJ/mol)
           Bond            U-B    Proper Dih.  Improper Dih.      CMAP Dih.
    1.35872e+02    5.73356e+02    4.30438e+02    2.71312e+01    1.67485e+01
          LJ-14     Coulomb-14        LJ (SR)   Coulomb (SR)   Coul. recip.
    1.10897e+02    3.22614e+03    7.00434e+04   -7.19342e+05    1.98550e+03
   COM Pull En.      Potential    Kinetic En.   Total Energy  Conserved En.
    2.08226e-01   -6.42793e+05    1.10369e+05   -5.32424e+05   -5.32060e+05
    Temperature Pressure (bar)   Constr. rmsd
    2.97940e+02    5.19107e+01    2.54277e-06

           Step           Time
         317000      634.00000

   Energies (kJ/mol)
           Bond            U-B    Proper Dih.  Improper Dih.      CMAP Dih.
    1.41421e+02    6.12781e+02    4.36504e+02    2.69499e+01    1.43342e+01
          LJ-14     Coulomb-14        LJ (SR)   Coulomb (SR)   Coul. recip.
    9.62522e+01    3.21883e+03    6.93928e+04   -7.17423e+05    2.01886e+03
   COM Pull En.      Potential    Kinetic En.   Total Energy  Conserved En.
    2.05209e+00   -6.41463e+05    1.09941e+05   -5.31521e+05   -5.32174e+05
    Temperature Pressure (bar)   Constr. rmsd
    2.96787e+02    1.29090e+01    1.88568e-06

           Step           Time
         317500      635.00000

   Energies (kJ/mol)
           Bond            U-B    Proper Dih.  Improper Dih.      CMAP Dih.
    1.52881e+02    6.40598e+02    3.95913e+02    1.31867e+01    2.72722e+01
          LJ-14     Coulomb-14        LJ (SR)   Coulomb (SR)   Coul. recip.
    9.48713e+01    3.16200e+03    6.92911e+04   -7.19454e+05    2.04168e+03
   COM Pull En.      Potential    Kinetic En.   Total Energy  Conserved En.
    2.39143e+00   -6.43632e+05    1.11595e+05   -5.32037e+05   -5.32109e+05
    Temperature Pressure (bar)   Constr. rmsd
    3.01251e+02   -6.79001e+01    2.86012e-06

           Step           Time
         318000      636.00000

   Energies (kJ/mol)
           Bond            U-B    Proper Dih.  Improper Dih.      CMAP Dih.
    1.47247e+02    5.28845e+02    4.08862e+02    2.48982e+01    3.89198e+01
          LJ-14     Coulomb-14        LJ (SR)   Coulomb (SR)   Coul. recip.
    1.02246e+02    3.20614e+03    6.93175e+04   -7.18666e+05    2.00486e+03
   COM Pull En.      Potential    Kinetic En.   Total Energy  Conserved En.
    1.58804e+00   -6.42885e+05    1.10521e+05   -5.32364e+05   -5.32110e+05
    Temperature Pressure (bar)   Constr. rmsd
    2.98352e+02    1.83685e+01    3.44810e-06

           Step           Time
         318500      637.00000

   Energies (kJ/mol)
           Bond            U-B    Proper Dih.  Improper Dih.      CMAP Dih.
    1.69604e+02    5.53220e+02    4.24825e+02    2.13187e+01    1.09681e+01
          LJ-14     Coulomb-14        LJ (SR)   Coulomb (SR)   Coul. recip.
    1.07736e+02    3.22042e+03    7.09005e+04   -7.19637e+05    1.98554e+03
   COM Pull En.      Potential    Kinetic En.   Total Energy  Conserved En.
    2.93247e+00   -6.42240e+05    1.10152e+05   -5.32088e+05   -5.32078e+05
    Temperature Pressure (bar)   Constr. rmsd
    2.97355e+02    1.99552e+02    3.35209e-06

           Step           Time
         319000      638.00000

   Energies (kJ/mol)
           Bond            U-B    Proper Dih.  Improper Dih.      CMAP Dih.
    1.58500e+02    6.07370e+02    4.11343e+02    2.94593e+01    1.51758e+01
          LJ-14     Coulomb-14        LJ (SR)   Coulomb (SR)   Coul. recip.
    9.50296e+01    3.16307e+03    7.12547e+04   -7.19658e+05    1.98437e+03
   COM Pull En.      Potential    Kinetic En.   Total Energy  Conserved En.
    1.67769e+00   -6.41937e+05    1.09728e+05   -5.32209e+05   -5.32068e+05
    Temperature Pressure (bar)   Constr. rmsd
    2.96212e+02    2.71502e+02    3.03798e-06

           Step           Time
         319500      639.00000

   Energies (kJ/mol)
           Bond            U-B    Proper Dih.  Improper Dih.      CMAP Dih.
    1.65107e+02    5.39756e+02    4.30977e+02    2.65291e+01   -1.64485e+01
          LJ-14     Coulomb-14        LJ (SR)   Coulomb (SR)   Coul. recip.
    1.01360e+02    3.17462e+03    6.80275e+04   -7.18033e+05    1.95288e+03
   COM Pull En.      Potential    Kinetic En.   Total Energy  Conserved En.
    3.59229e-01   -6.43630e+05    1.11225e+05   -5.32405e+05   -5.31975e+05
    Temperature Pressure (bar)   Constr. rmsd
    3.00252e+02   -1.98031e+02    2.54191e-06

           Step           Time
         320000      640.00000

   Energies (kJ/mol)
           Bond            U-B    Proper Dih.  Improper Dih.      CMAP Dih.
    1.50632e+02    6.45083e+02    4.34547e+02    2.20097e+01   -1.05455e+01
          LJ-14     Coulomb-14        LJ (SR)   Coulomb (SR)   Coul. recip.
    1.05342e+02    3.18883e+03    6.96350e+04   -7.18570e+05    1.96324e+03
   COM Pull En.      Potential    Kinetic En.   Total Energy  Conserved En.
    9.20491e-01   -6.42435e+05    1.10986e+05   -5.31449e+05   -5.31943e+05
    Temperature Pressure (bar)   Constr. rmsd
    2.99606e+02    5.04831e+01    3.84431e-06

           Step           Time
         320500      641.00000

   Energies (kJ/mol)
           Bond            U-B    Proper Dih.  Improper Dih.      CMAP Dih.
    1.74806e+02    5.14744e+02    4.50613e+02    3.43665e+01   -7.70898e+00
          LJ-14     Coulomb-14        LJ (SR)   Coulomb (SR)   Coul. recip.
    1.11541e+02    3.25335e+03    7.05816e+04   -7.20154e+05    2.02708e+03
   COM Pull En.      Potential    Kinetic En.   Total Energy  Conserved En.
    7.17347e-01   -6.43012e+05    1.10740e+05   -5.32272e+05   -5.32029e+05
    Temperature Pressure (bar)   Constr. rmsd
    2.98943e+02    1.60502e+02    3.07226e-06

           Step           Time
         321000      642.00000

   Energies (kJ/mol)
           Bond            U-B    Proper Dih.  Improper Dih.      CMAP Dih.
    1.81095e+02    5.88875e+02    4.63365e+02    2.97140e+01   -1.17824e+01
          LJ-14     Coulomb-14        LJ (SR)   Coulomb (SR)   Coul. recip.
    1.05518e+02    3.20483e+03    6.94395e+04   -7.17962e+05    2.02667e+03
   COM Pull En.      Potential    Kinetic En.   Total Energy  Conserved En.
    2.94239e-01   -6.41934e+05    1.10889e+05   -5.31045e+05   -5.32120e+05
    Temperature Pressure (bar)   Constr. rmsd
    2.99345e+02   -1.83872e+01    4.62422e-06

           Step           Time
         321500      643.00000

   Energies (kJ/mol)
           Bond            U-B    Proper Dih.  Improper Dih.      CMAP Dih.
    1.64351e+02    5.95833e+02    4.19913e+02    3.97666e+01   -6.06284e+00
          LJ-14     Coulomb-14        LJ (SR)   Coulomb (SR)   Coul. recip.
    1.11437e+02    3.22092e+03    6.97999e+04   -7.18234e+05    2.03872e+03
   COM Pull En.      Potential    Kinetic En.   Total Energy  Conserved En.
    8.36289e-02   -6.41849e+05    1.11518e+05   -5.30331e+05   -5.32144e+05
    Temperature Pressure (bar)   Constr. rmsd
    3.01045e+02    9.60266e+01    5.14708e-06

           Step           Time
         322000      644.00000

   Energies (kJ/mol)
           Bond            U-B    Proper Dih.  Improper Dih.      CMAP Dih.
    1.57190e+02    5.43822e+02    3.95264e+02    3.28229e+01    1.83306e+01
          LJ-14     Coulomb-14        LJ (SR)   Coulomb (SR)   Coul. recip.
    1.04770e+02    3.18897e+03    6.83994e+04   -7.17964e+05    2.02315e+03
   COM Pull En.      Potential    Kinetic En.   Total Energy  Conserved En.
    2.62531e-02   -6.43100e+05    1.11089e+05   -5.32011e+05   -5.31924e+05
    Temperature Pressure (bar)   Constr. rmsd
    2.99885e+02   -1.54046e+02    3.80386e-06

           Step           Time
         322500      645.00000

   Energies (kJ/mol)
           Bond            U-B    Proper Dih.  Improper Dih.      CMAP Dih.
    1.47259e+02    5.32000e+02    4.44735e+02    1.64350e+01   -2.20133e+01
          LJ-14     Coulomb-14        LJ (SR)   Coulomb (SR)   Coul. recip.
    1.02297e+02    3.23400e+03    6.95329e+04   -7.18890e+05    1.92787e+03
   COM Pull En.      Potential    Kinetic En.   Total Energy  Conserved En.
    5.73294e-01   -6.42974e+05    1.10142e+05   -5.32832e+05   -5.31951e+05
    Temperature Pressure (bar)   Constr. rmsd
    2.97328e+02   -9.05802e-01    2.67804e-06

           Step           Time
         323000      646.00000

   Energies (kJ/mol)
           Bond            U-B    Proper Dih.  Improper Dih.      CMAP Dih.
    1.66358e+02    5.40509e+02    4.09366e+02    2.98352e+01   -2.47869e+01
          LJ-14     Coulomb-14        LJ (SR)   Coulomb (SR)   Coul. recip.
    9.77132e+01    3.19168e+03    6.95448e+04   -7.18832e+05    1.94217e+03
   COM Pull En.      Potential    Kinetic En.   Total Energy  Conserved En.
    6.33065e-01   -6.42933e+05    1.10179e+05   -5.32754e+05   -5.31951e+05
    Temperature Pressure (bar)   Constr. rmsd
    2.97428e+02    2.66660e+01    3.91450e-06

           Step           Time
         323500      647.00000

   Energies (kJ/mol)
           Bond            U-B    Proper Dih.  Improper Dih.      CMAP Dih.
    1.55483e+02    5.49355e+02    4.11447e+02    2.90985e+01   -6.01925e+00
          LJ-14     Coulomb-14        LJ (SR)   Coulomb (SR)   Coul. recip.
    1.07813e+02    3.21631e+03    6.96968e+04   -7.19550e+05    2.02444e+03
   COM Pull En.      Potential    Kinetic En.   Total Energy  Conserved En.
    6.82077e-01   -6.43364e+05    1.10862e+05   -5.32502e+05   -5.32031e+05
    Temperature Pressure (bar)   Constr. rmsd
    2.99273e+02    7.81121e+00    3.20067e-06

           Step           Time
         324000      648.00000

   Energies (kJ/mol)
           Bond            U-B    Proper Dih.  Improper Dih.      CMAP Dih.
    1.23451e+02    6.19252e+02    3.99205e+02    2.51649e+01   -6.85951e+00
          LJ-14     Coulomb-14        LJ (SR)   Coulomb (SR)   Coul. recip.
    1.07135e+02    3.23273e+03    6.96757e+04   -7.19415e+05    1.94969e+03
   COM Pull En.      Potential    Kinetic En.   Total Energy  Conserved En.
    7.19613e-01   -6.43289e+05    1.10465e+05   -5.32823e+05   -5.32113e+05
    Temperature Pressure (bar)   Constr. rmsd
    2.98202e+02   -7.81539e+00    2.98876e-06

           Step           Time
         324500      649.00000

   Energies (kJ/mol)
           Bond            U-B    Proper Dih.  Improper Dih.      CMAP Dih.
    1.42179e+02    5.83371e+02    3.95375e+02    2.77459e+01   -3.67556e-01
          LJ-14     Coulomb-14        LJ (SR)   Coulomb (SR)   Coul. recip.
    1.09126e+02    3.23185e+03    6.96354e+04   -7.19464e+05    1.98785e+03
   COM Pull En.      Potential    Kinetic En.   Total Energy  Conserved En.
    3.10703e-01   -6.43351e+05    1.10830e+05   -5.32521e+05   -5.32115e+05
    Temperature Pressure (bar)   Constr. rmsd
    2.99185e+02    2.44824e+01    3.91468e-06

Writing checkpoint, step 324560 at Tue Jun 23 22:29:33 2026


           Step           Time
         325000      650.00000

   Energies (kJ/mol)
           Bond            U-B    Proper Dih.  Improper Dih.      CMAP Dih.
    1.41965e+02    5.99850e+02    4.05426e+02    2.95709e+01    1.83723e+01
          LJ-14     Coulomb-14        LJ (SR)   Coulomb (SR)   Coul. recip.
    1.23253e+02    3.18141e+03    6.94200e+04   -7.19347e+05    2.09244e+03
   COM Pull En.      Potential    Kinetic En.   Total Energy  Conserved En.
    2.82729e-02   -6.43334e+05    1.09774e+05   -5.33560e+05   -5.32153e+05
    Temperature Pressure (bar)   Constr. rmsd
    2.96337e+02   -4.61308e+01    3.00919e-06

           Step           Time
         325500      651.00000

   Energies (kJ/mol)
           Bond            U-B    Proper Dih.  Improper Dih.      CMAP Dih.
    1.63044e+02    5.77818e+02    4.29127e+02    3.14846e+01   -1.09973e+01
          LJ-14     Coulomb-14        LJ (SR)   Coulomb (SR)   Coul. recip.
    1.00781e+02    3.19602e+03    7.02818e+04   -7.20155e+05    2.06539e+03
   COM Pull En.      Potential    Kinetic En.   Total Energy  Conserved En.
    5.32109e-02   -6.43321e+05    1.09760e+05   -5.33561e+05   -5.32209e+05
    Temperature Pressure (bar)   Constr. rmsd
    2.96298e+02    1.44682e+01    2.38898e-06

           Step           Time
         326000      652.00000

   Energies (kJ/mol)
           Bond            U-B    Proper Dih.  Improper Dih.      CMAP Dih.
    1.66806e+02    5.86295e+02    4.28711e+02    2.19089e+01   -7.88637e+00
          LJ-14     Coulomb-14        LJ (SR)   Coulomb (SR)   Coul. recip.
    8.54944e+01    3.17265e+03    6.90408e+04   -7.19281e+05    1.98861e+03
   COM Pull En.      Potential    Kinetic En.   Total Energy  Conserved En.
    7.81324e-01   -6.43796e+05    1.10758e+05   -5.33039e+05   -5.32194e+05
    Temperature Pressure (bar)   Constr. rmsd
    2.98991e+02   -1.51786e+02    2.60366e-06

           Step           Time
         326500      653.00000

   Energies (kJ/mol)
           Bond            U-B    Proper Dih.  Improper Dih.      CMAP Dih.
    1.39157e+02    5.34294e+02    4.03136e+02    2.22326e+01    1.63156e+01
          LJ-14     Coulomb-14        LJ (SR)   Coulomb (SR)   Coul. recip.
    9.18017e+01    3.20079e+03    6.84235e+04   -7.18445e+05    1.94368e+03
   COM Pull En.      Potential    Kinetic En.   Total Energy  Conserved En.
    3.86380e-02   -6.43670e+05    1.09765e+05   -5.33905e+05   -5.32277e+05
    Temperature Pressure (bar)   Constr. rmsd
    2.96311e+02   -2.27907e+02    4.73945e-06

           Step           Time
         327000      654.00000

   Energies (kJ/mol)
           Bond            U-B    Proper Dih.  Improper Dih.      CMAP Dih.
    1.57704e+02    5.67014e+02    4.24993e+02    3.40329e+01    1.44147e+01
          LJ-14     Coulomb-14        LJ (SR)   Coulomb (SR)   Coul. recip.
    8.57158e+01    3.17194e+03    6.94437e+04   -7.18635e+05    2.02607e+03
   COM Pull En.      Potential    Kinetic En.   Total Energy  Conserved En.
    2.66555e+00   -6.42706e+05    1.10057e+05   -5.32649e+05   -5.32247e+05
    Temperature Pressure (bar)   Constr. rmsd
    2.97100e+02   -7.60046e+01    3.29766e-06

           Step           Time
         327500      655.00000

   Energies (kJ/mol)
           Bond            U-B    Proper Dih.  Improper Dih.      CMAP Dih.
    2.01862e+02    5.92789e+02    4.33057e+02    2.17946e+01    5.18175e+00
          LJ-14     Coulomb-14        LJ (SR)   Coulomb (SR)   Coul. recip.
    9.43214e+01    3.19968e+03    6.97012e+04   -7.18435e+05    2.05380e+03
   COM Pull En.      Potential    Kinetic En.   Total Energy  Conserved En.
    3.00095e-01   -6.42131e+05    1.10813e+05   -5.31319e+05   -5.32381e+05
    Temperature Pressure (bar)   Constr. rmsd
    2.99139e+02    2.65369e+01    2.76966e-06

           Step           Time
         328000      656.00000

   Energies (kJ/mol)
           Bond            U-B    Proper Dih.  Improper Dih.      CMAP Dih.
    1.90179e+02    5.60024e+02    4.36906e+02    3.64529e+01    1.93023e+01
          LJ-14     Coulomb-14        LJ (SR)   Coulomb (SR)   Coul. recip.
    9.30071e+01    3.18919e+03    6.87572e+04   -7.17146e+05    2.06143e+03
   COM Pull En.      Potential    Kinetic En.   Total Energy  Conserved En.
    2.16079e+00   -6.41800e+05    1.10353e+05   -5.31447e+05   -5.32293e+05
    Temperature Pressure (bar)   Constr. rmsd
    2.97898e+02   -1.36582e+02    2.94496e-06

           Step           Time
         328500      657.00000

   Energies (kJ/mol)
           Bond            U-B    Proper Dih.  Improper Dih.      CMAP Dih.
    1.55801e+02    6.39965e+02    4.40673e+02    2.00819e+01   -2.59888e+01
          LJ-14     Coulomb-14        LJ (SR)   Coulomb (SR)   Coul. recip.
    9.70701e+01    3.22281e+03    6.99021e+04   -7.18858e+05    2.00839e+03
   COM Pull En.      Potential    Kinetic En.   Total Energy  Conserved En.
    4.27454e+00   -6.42393e+05    1.10728e+05   -5.31665e+05   -5.32055e+05
    Temperature Pressure (bar)   Constr. rmsd
    2.98910e+02    4.87065e+01    2.22689e-06

           Step           Time
         329000      658.00000

   Energies (kJ/mol)
           Bond            U-B    Proper Dih.  Improper Dih.      CMAP Dih.
    1.40323e+02    5.19139e+02    4.54775e+02    3.97880e+01   -9.51328e+00
          LJ-14     Coulomb-14        LJ (SR)   Coulomb (SR)   Coul. recip.
    1.07437e+02    3.24388e+03    7.12319e+04   -7.21127e+05    2.09637e+03
   COM Pull En.      Potential    Kinetic En.   Total Energy  Conserved En.
    9.93197e-01   -6.43302e+05    1.10566e+05   -5.32736e+05   -5.31972e+05
    Temperature Pressure (bar)   Constr. rmsd
    2.98475e+02    2.50361e+02    5.16477e-06

           Step           Time
         329500      659.00000

   Energies (kJ/mol)
           Bond            U-B    Proper Dih.  Improper Dih.      CMAP Dih.
    1.48736e+02    6.08004e+02    4.27855e+02    1.47572e+01    2.17485e+00
          LJ-14     Coulomb-14        LJ (SR)   Coulomb (SR)   Coul. recip.
    9.41840e+01    3.18161e+03    7.15504e+04   -7.21492e+05    2.06254e+03
   COM Pull En.      Potential    Kinetic En.   Total Energy  Conserved En.
    3.78720e+00   -6.43398e+05    1.10352e+05   -5.33046e+05   -5.32141e+05
    Temperature Pressure (bar)   Constr. rmsd
    2.97896e+02    2.48429e+02    2.33546e-06

           Step           Time
         330000      660.00000

   Energies (kJ/mol)
           Bond            U-B    Proper Dih.  Improper Dih.      CMAP Dih.
    1.62570e+02    6.14925e+02    4.59969e+02    2.06138e+01   -2.02826e+01
          LJ-14     Coulomb-14        LJ (SR)   Coulomb (SR)   Coul. recip.
    1.15800e+02    3.15401e+03    7.09077e+04   -7.20312e+05    2.04577e+03
   COM Pull En.      Potential    Kinetic En.   Total Energy  Conserved En.
    3.09153e+00   -6.42848e+05    1.10603e+05   -5.32245e+05   -5.32243e+05
    Temperature Pressure (bar)   Constr. rmsd
    2.98573e+02    1.25111e+02    2.96632e-06

           Step           Time
         330500      661.00000

   Energies (kJ/mol)
           Bond            U-B    Proper Dih.  Improper Dih.      CMAP Dih.
    1.56000e+02    6.82412e+02    4.25568e+02    2.53293e+01   -2.97343e+01
          LJ-14     Coulomb-14        LJ (SR)   Coulomb (SR)   Coul. recip.
    9.67869e+01    3.20460e+03    6.87105e+04   -7.16692e+05    1.99457e+03
   COM Pull En.      Potential    Kinetic En.   Total Energy  Conserved En.
    2.57826e+00   -6.41423e+05    1.09911e+05   -5.31512e+05   -5.32203e+05
    Temperature Pressure (bar)   Constr. rmsd
    2.96706e+02   -7.13033e+01    2.91546e-06

           Step           Time
         331000      662.00000

   Energies (kJ/mol)
           Bond            U-B    Proper Dih.  Improper Dih.      CMAP Dih.
    1.39971e+02    5.94866e+02    4.26436e+02    2.32636e+01   -1.15969e+00
          LJ-14     Coulomb-14        LJ (SR)   Coulomb (SR)   Coul. recip.
    1.20288e+02    3.23969e+03    6.95285e+04   -7.17924e+05    2.02136e+03
   COM Pull En.      Potential    Kinetic En.   Total Energy  Conserved En.
    3.70705e-02   -6.41830e+05    1.10532e+05   -5.31298e+05   -5.32182e+05
    Temperature Pressure (bar)   Constr. rmsd
    2.98383e+02    6.43676e+01    4.69123e-06

           Step           Time
         331500      663.00000

   Energies (kJ/mol)
           Bond            U-B    Proper Dih.  Improper Dih.      CMAP Dih.
    1.40298e+02    5.39323e+02    4.56628e+02    3.06570e+01   -1.90586e+00
          LJ-14     Coulomb-14        LJ (SR)   Coulomb (SR)   Coul. recip.
    1.01991e+02    3.21120e+03    6.91785e+04   -7.17978e+05    2.05458e+03
   COM Pull En.      Potential    Kinetic En.   Total Energy  Conserved En.
    3.23698e-01   -6.42266e+05    1.10651e+05   -5.31615e+05   -5.32309e+05
    Temperature Pressure (bar)   Constr. rmsd
    2.98703e+02   -4.08595e+01    2.96826e-06

           Step           Time
         332000      664.00000

   Energies (kJ/mol)
           Bond            U-B    Proper Dih.  Improper Dih.      CMAP Dih.
    1.16002e+02    5.79512e+02    4.07267e+02    2.46193e+01    8.95505e+00
          LJ-14     Coulomb-14        LJ (SR)   Coulomb (SR)   Coul. recip.
    1.09528e+02    3.23266e+03    6.93211e+04   -7.18749e+05    1.99535e+03
   COM Pull En.      Potential    Kinetic En.   Total Energy  Conserved En.
    2.11486e+00   -6.42952e+05    1.11030e+05   -5.31922e+05   -5.32180e+05
    Temperature Pressure (bar)   Constr. rmsd
    2.99725e+02    6.20103e+00    2.73798e-06

           Step           Time
         332500      665.00000

   Energies (kJ/mol)
           Bond            U-B    Proper Dih.  Improper Dih.      CMAP Dih.
    1.65843e+02    5.86219e+02    4.09270e+02    1.70970e+01   -2.34990e+00
          LJ-14     Coulomb-14        LJ (SR)   Coulomb (SR)   Coul. recip.
    1.11049e+02    3.15497e+03    6.93893e+04   -7.16683e+05    2.07246e+03
   COM Pull En.      Potential    Kinetic En.   Total Energy  Conserved En.
    1.21399e+00   -6.40778e+05    1.09983e+05   -5.30794e+05   -5.32179e+05
    Temperature Pressure (bar)   Constr. rmsd
    2.96900e+02    3.08589e+01    4.11291e-06

           Step           Time
         333000      666.00000

   Energies (kJ/mol)
           Bond            U-B    Proper Dih.  Improper Dih.      CMAP Dih.
    1.65348e+02    5.31052e+02    4.43915e+02    3.70848e+01    1.90531e+01
          LJ-14     Coulomb-14        LJ (SR)   Coulomb (SR)   Coul. recip.
    1.01633e+02    3.24284e+03    6.92846e+04   -7.17889e+05    1.97931e+03
   COM Pull En.      Potential    Kinetic En.   Total Energy  Conserved En.
    7.75779e-01   -6.42084e+05    1.11351e+05   -5.30733e+05   -5.32251e+05
    Temperature Pressure (bar)   Constr. rmsd
    3.00593e+02    2.03619e+01    3.61756e-06

           Step           Time
         333500      667.00000

   Energies (kJ/mol)
           Bond            U-B    Proper Dih.  Improper Dih.      CMAP Dih.
    1.64965e+02    6.27459e+02    4.46632e+02    3.77013e+01   -4.68406e+01
          LJ-14     Coulomb-14        LJ (SR)   Coulomb (SR)   Coul. recip.
    9.81170e+01    3.16996e+03    6.99050e+04   -7.18442e+05    1.97230e+03
   COM Pull En.      Potential    Kinetic En.   Total Energy  Conserved En.
    1.17205e-02   -6.42066e+05    1.10775e+05   -5.31291e+05   -5.32239e+05
    Temperature Pressure (bar)   Constr. rmsd
    2.99037e+02    4.21215e+01    4.00676e-06

Writing checkpoint, step 333520 at Tue Jun 23 22:44:32 2026


           Step           Time
         334000      668.00000

   Energies (kJ/mol)
           Bond            U-B    Proper Dih.  Improper Dih.      CMAP Dih.
    1.35559e+02    5.34797e+02    4.23900e+02    3.94359e+01    4.62321e+00
          LJ-14     Coulomb-14        LJ (SR)   Coulomb (SR)   Coul. recip.
    1.17756e+02    3.24357e+03    6.98343e+04   -7.18820e+05    2.06212e+03
   COM Pull En.      Potential    Kinetic En.   Total Energy  Conserved En.
    9.41237e-01   -6.42424e+05    1.10420e+05   -5.32004e+05   -5.32163e+05
    Temperature Pressure (bar)   Constr. rmsd
    2.98079e+02    6.11413e+01    3.43079e-06

           Step           Time
         334500      669.00000

   Energies (kJ/mol)
           Bond            U-B    Proper Dih.  Improper Dih.      CMAP Dih.
    1.95040e+02    5.45387e+02    4.20679e+02    2.27551e+01    1.21403e+01
          LJ-14     Coulomb-14        LJ (SR)   Coulomb (SR)   Coul. recip.
    1.01932e+02    3.22681e+03    6.88221e+04   -7.17672e+05    2.01511e+03
   COM Pull En.      Potential    Kinetic En.   Total Energy  Conserved En.
    6.10016e-02   -6.42310e+05    1.10499e+05   -5.31811e+05   -5.32256e+05
    Temperature Pressure (bar)   Constr. rmsd
    2.98293e+02   -1.10495e+02    3.45715e-06

           Step           Time
         335000      670.00000

   Energies (kJ/mol)
           Bond            U-B    Proper Dih.  Improper Dih.      CMAP Dih.
    1.76943e+02    5.28547e+02    4.38896e+02    2.81260e+01    1.15390e+01
          LJ-14     Coulomb-14        LJ (SR)   Coulomb (SR)   Coul. recip.
    8.77715e+01    3.17117e+03    6.94561e+04   -7.17538e+05    2.02306e+03
   COM Pull En.      Potential    Kinetic En.   Total Energy  Conserved En.
    5.71661e-02   -6.41616e+05    1.10178e+05   -5.31439e+05   -5.32273e+05
    Temperature Pressure (bar)   Constr. rmsd
    2.97425e+02   -3.00189e+01    2.63613e-06

           Step           Time
         335500      671.00000

   Energies (kJ/mol)
           Bond            U-B    Proper Dih.  Improper Dih.      CMAP Dih.
    1.38083e+02    5.71099e+02    4.21751e+02    2.55198e+01    4.27339e+01
          LJ-14     Coulomb-14        LJ (SR)   Coulomb (SR)   Coul. recip.
    9.73623e+01    3.17925e+03    7.04810e+04   -7.19062e+05    1.98465e+03
   COM Pull En.      Potential    Kinetic En.   Total Energy  Conserved En.
    1.01974e+00   -6.42120e+05    1.09765e+05   -5.32355e+05   -5.32294e+05
    Temperature Pressure (bar)   Constr. rmsd
    2.96311e+02    1.22624e+02    2.81125e-06

           Step           Time
         336000      672.00000

   Energies (kJ/mol)
           Bond            U-B    Proper Dih.  Improper Dih.      CMAP Dih.
    1.64573e+02    5.34312e+02    4.25661e+02    2.68957e+01    1.73807e+01
          LJ-14     Coulomb-14        LJ (SR)   Coulomb (SR)   Coul. recip.
    1.11747e+02    3.22088e+03    6.92372e+04   -7.18006e+05    2.08312e+03
   COM Pull En.      Potential    Kinetic En.   Total Energy  Conserved En.
    4.33566e-02   -6.42184e+05    1.10935e+05   -5.31249e+05   -5.32276e+05
    Temperature Pressure (bar)   Constr. rmsd
    2.99469e+02   -5.20925e+01    3.14198e-06

           Step           Time
         336500      673.00000

   Energies (kJ/mol)
           Bond            U-B    Proper Dih.  Improper Dih.      CMAP Dih.
    1.62837e+02    5.41046e+02    4.30054e+02    3.51469e+01    4.35759e+00
          LJ-14     Coulomb-14        LJ (SR)   Coulomb (SR)   Coul. recip.
    1.13459e+02    3.19032e+03    6.95377e+04   -7.18951e+05    2.02579e+03
   COM Pull En.      Potential    Kinetic En.   Total Energy  Conserved En.
    5.26570e-02   -6.42910e+05    1.10919e+05   -5.31991e+05   -5.32378e+05
    Temperature Pressure (bar)   Constr. rmsd
    2.99426e+02   -5.29104e+01    3.11113e-06

           Step           Time
         337000      674.00000

   Energies (kJ/mol)
           Bond            U-B    Proper Dih.  Improper Dih.      CMAP Dih.
    1.82800e+02    6.01206e+02    4.23916e+02    2.38461e+01   -3.51363e+00
          LJ-14     Coulomb-14        LJ (SR)   Coulomb (SR)   Coul. recip.
    1.08816e+02    3.17716e+03    7.05243e+04   -7.19776e+05    2.06561e+03
   COM Pull En.      Potential    Kinetic En.   Total Energy  Conserved En.
    7.32102e-02   -6.42672e+05    1.10357e+05   -5.32315e+05   -5.32409e+05
    Temperature Pressure (bar)   Constr. rmsd
    2.97909e+02    4.59465e+01    2.92821e-06

           Step           Time
         337500      675.00000

   Energies (kJ/mol)
           Bond            U-B    Proper Dih.  Improper Dih.      CMAP Dih.
    1.50487e+02    5.23597e+02    4.33714e+02    2.00749e+01    9.57089e+00
          LJ-14     Coulomb-14        LJ (SR)   Coulomb (SR)   Coul. recip.
    1.09947e+02    3.19259e+03    6.97210e+04   -7.20026e+05    1.98953e+03
   COM Pull En.      Potential    Kinetic En.   Total Energy  Conserved En.
    7.24604e-01   -6.43874e+05    1.11505e+05   -5.32369e+05   -5.32239e+05
    Temperature Pressure (bar)   Constr. rmsd
    3.01009e+02   -3.49317e+01    3.98905e-06

           Step           Time
         338000      676.00000

   Energies (kJ/mol)
           Bond            U-B    Proper Dih.  Improper Dih.      CMAP Dih.
    2.10175e+02    5.78085e+02    4.22641e+02    1.67433e+01    1.23007e+01
          LJ-14     Coulomb-14        LJ (SR)   Coulomb (SR)   Coul. recip.
    9.28010e+01    3.14846e+03    6.92681e+04   -7.18593e+05    2.00480e+03
   COM Pull En.      Potential    Kinetic En.   Total Energy  Conserved En.
    1.87375e-01   -6.42838e+05    1.10424e+05   -5.32414e+05   -5.32294e+05
    Temperature Pressure (bar)   Constr. rmsd
    2.98091e+02   -1.05096e+02    2.95986e-06

           Step           Time
         338500      677.00000

   Energies (kJ/mol)
           Bond            U-B    Proper Dih.  Improper Dih.      CMAP Dih.
    1.54296e+02    6.42617e+02    4.06566e+02    4.64033e+01    3.54520e+01
          LJ-14     Coulomb-14        LJ (SR)   Coulomb (SR)   Coul. recip.
    9.95294e+01    3.15587e+03    6.98971e+04   -7.19165e+05    2.04045e+03
   COM Pull En.      Potential    Kinetic En.   Total Energy  Conserved En.
    6.77308e-02   -6.42687e+05    1.09694e+05   -5.32993e+05   -5.32149e+05
    Temperature Pressure (bar)   Constr. rmsd
    2.96118e+02    5.48280e+01    2.68924e-06

           Step           Time
         339000      678.00000

   Energies (kJ/mol)
           Bond            U-B    Proper Dih.  Improper Dih.      CMAP Dih.
    1.39168e+02    5.64929e+02    4.45284e+02    1.95767e+01    8.21066e+00
          LJ-14     Coulomb-14        LJ (SR)   Coulomb (SR)   Coul. recip.
    1.00362e+02    3.18762e+03    6.94724e+04   -7.18564e+05    1.96644e+03
   COM Pull En.      Potential    Kinetic En.   Total Energy  Conserved En.
    2.92146e-02   -6.42660e+05    1.10539e+05   -5.32120e+05   -5.32300e+05
    Temperature Pressure (bar)   Constr. rmsd
    2.98401e+02   -6.99759e+00    4.49271e-06

           Step           Time
         339500      679.00000

   Energies (kJ/mol)
           Bond            U-B    Proper Dih.  Improper Dih.      CMAP Dih.
    1.97758e+02    5.80231e+02    4.22532e+02    2.54200e+01    2.29777e+01
          LJ-14     Coulomb-14        LJ (SR)   Coulomb (SR)   Coul. recip.
    9.32605e+01    3.14660e+03    7.14252e+04   -7.20243e+05    1.97469e+03
   COM Pull En.      Potential    Kinetic En.   Total Energy  Conserved En.
    8.01713e-01   -6.42353e+05    1.09634e+05   -5.32719e+05   -5.32170e+05
    Temperature Pressure (bar)   Constr. rmsd
    2.95958e+02    2.44573e+02    3.70067e-06

           Step           Time
         340000      680.00000

   Energies (kJ/mol)
           Bond            U-B    Proper Dih.  Improper Dih.      CMAP Dih.
    1.72798e+02    5.42300e+02    3.84485e+02    3.46485e+01    3.77811e+01
          LJ-14     Coulomb-14        LJ (SR)   Coulomb (SR)   Coul. recip.
    1.00762e+02    3.21215e+03    6.91020e+04   -7.19055e+05    1.91591e+03
   COM Pull En.      Potential    Kinetic En.   Total Energy  Conserved En.
    2.00248e-01   -6.43552e+05    1.10147e+05   -5.33405e+05   -5.32024e+05
    Temperature Pressure (bar)   Constr. rmsd
    2.97341e+02   -7.39235e+01    3.37983e-06

           Step           Time
         340500      681.00000

   Energies (kJ/mol)
           Bond            U-B    Proper Dih.  Improper Dih.      CMAP Dih.
    1.45899e+02    4.97383e+02    3.96327e+02    2.08964e+01    5.30990e+01
          LJ-14     Coulomb-14        LJ (SR)   Coulomb (SR)   Coul. recip.
    1.06282e+02    3.25206e+03    6.98894e+04   -7.20681e+05    1.97134e+03
   COM Pull En.      Potential    Kinetic En.   Total Energy  Conserved En.
    2.94127e+00   -6.44345e+05    1.10820e+05   -5.33525e+05   -5.31971e+05
    Temperature Pressure (bar)   Constr. rmsd
    2.99160e+02   -1.33030e+01    3.85120e-06

           Step           Time
         341000      682.00000

   Energies (kJ/mol)
           Bond            U-B    Proper Dih.  Improper Dih.      CMAP Dih.
    2.09682e+02    5.29141e+02    3.92756e+02    2.53516e+01   -6.34560e-01
          LJ-14     Coulomb-14        LJ (SR)   Coulomb (SR)   Coul. recip.
    9.77424e+01    3.12827e+03    6.95802e+04   -7.19203e+05    1.99596e+03
   COM Pull En.      Potential    Kinetic En.   Total Energy  Conserved En.
    1.73007e+00   -6.43243e+05    1.10282e+05   -5.32961e+05   -5.31945e+05
    Temperature Pressure (bar)   Constr. rmsd
    2.97708e+02    8.87616e+01    3.12083e-06

           Step           Time
         341500      683.00000

   Energies (kJ/mol)
           Bond            U-B    Proper Dih.  Improper Dih.      CMAP Dih.
    1.77329e+02    5.69976e+02    4.13810e+02    1.81888e+01    3.90492e+01
          LJ-14     Coulomb-14        LJ (SR)   Coulomb (SR)   Coul. recip.
    8.32505e+01    3.14433e+03    6.97436e+04   -7.19692e+05    1.96839e+03
   COM Pull En.      Potential    Kinetic En.   Total Energy  Conserved En.
    4.50267e+00   -6.43529e+05    1.10983e+05   -5.32546e+05   -5.31980e+05
    Temperature Pressure (bar)   Constr. rmsd
    2.99599e+02    3.11452e+01    3.11477e-06

           Step           Time
         342000      684.00000

   Energies (kJ/mol)
           Bond            U-B    Proper Dih.  Improper Dih.      CMAP Dih.
    1.17065e+02    5.17628e+02    4.20701e+02    2.73675e+01    3.09552e+01
          LJ-14     Coulomb-14        LJ (SR)   Coulomb (SR)   Coul. recip.
    1.19223e+02    3.19781e+03    6.99332e+04   -7.20749e+05    2.01795e+03
   COM Pull En.      Potential    Kinetic En.   Total Energy  Conserved En.
    2.81392e-01   -6.44367e+05    1.10296e+05   -5.34071e+05   -5.31905e+05
    Temperature Pressure (bar)   Constr. rmsd
    2.97743e+02    6.16402e+01    2.63930e-06

           Step           Time
         342500      685.00000

   Energies (kJ/mol)
           Bond            U-B    Proper Dih.  Improper Dih.      CMAP Dih.
    1.39456e+02    5.85454e+02    4.24859e+02    2.00256e+01   -1.86865e+01
          LJ-14     Coulomb-14        LJ (SR)   Coulomb (SR)   Coul. recip.
    1.15946e+02    3.18692e+03    6.94799e+04   -7.18390e+05    2.03424e+03
   COM Pull En.      Potential    Kinetic En.   Total Energy  Conserved En.
    1.87512e-01   -6.42421e+05    1.09930e+05   -5.32491e+05   -5.32004e+05
    Temperature Pressure (bar)   Constr. rmsd
    2.96757e+02    8.15991e+01    2.97477e-06

Writing checkpoint, step 342560 at Tue Jun 23 22:59:35 2026


           Step           Time
         343000      686.00000

   Energies (kJ/mol)
           Bond            U-B    Proper Dih.  Improper Dih.      CMAP Dih.
    1.52675e+02    6.22350e+02    4.09893e+02    3.26753e+01    5.82336e+01
          LJ-14     Coulomb-14        LJ (SR)   Coulomb (SR)   Coul. recip.
    1.09450e+02    3.19013e+03    6.87054e+04   -7.18238e+05    1.96144e+03
   COM Pull En.      Potential    Kinetic En.   Total Energy  Conserved En.
    1.23523e+00   -6.42994e+05    1.10800e+05   -5.32195e+05   -5.32004e+05
    Temperature Pressure (bar)   Constr. rmsd
    2.99104e+02   -3.74248e+01    2.72675e-06

           Step           Time
         343500      687.00000

   Energies (kJ/mol)
           Bond            U-B    Proper Dih.  Improper Dih.      CMAP Dih.
    1.70437e+02    5.76170e+02    3.92753e+02    2.54843e+01    1.69591e+01
          LJ-14     Coulomb-14        LJ (SR)   Coulomb (SR)   Coul. recip.
    9.32058e+01    3.17652e+03    7.02963e+04   -7.19521e+05    2.00120e+03
   COM Pull En.      Potential    Kinetic En.   Total Energy  Conserved En.
    9.92713e-01   -6.42771e+05    1.10311e+05   -5.32459e+05   -5.32076e+05
    Temperature Pressure (bar)   Constr. rmsd
    2.97786e+02    1.12581e+02    3.56426e-06

           Step           Time
         344000      688.00000

   Energies (kJ/mol)
           Bond            U-B    Proper Dih.  Improper Dih.      CMAP Dih.
    1.51046e+02    5.70880e+02    4.17411e+02    3.33666e+01    3.29634e+01
          LJ-14     Coulomb-14        LJ (SR)   Coulomb (SR)   Coul. recip.
    1.00244e+02    3.25299e+03    6.81608e+04   -7.16370e+05    2.06074e+03
   COM Pull En.      Potential    Kinetic En.   Total Energy  Conserved En.
    5.59429e-01   -6.41589e+05    1.10611e+05   -5.30979e+05   -5.32216e+05
    Temperature Pressure (bar)   Constr. rmsd
    2.98594e+02   -1.55831e+02    3.50685e-06

           Step           Time
         344500      689.00000

   Energies (kJ/mol)
           Bond            U-B    Proper Dih.  Improper Dih.      CMAP Dih.
    1.49502e+02    5.90821e+02    4.18411e+02    3.42231e+01   -4.94992e+00
          LJ-14     Coulomb-14        LJ (SR)   Coulomb (SR)   Coul. recip.
    1.13809e+02    3.20344e+03    6.95177e+04   -7.18197e+05    2.01578e+03
   COM Pull En.      Potential    Kinetic En.   Total Energy  Conserved En.
    1.82333e+00   -6.42156e+05    1.11442e+05   -5.30714e+05   -5.32455e+05
    Temperature Pressure (bar)   Constr. rmsd
    3.00839e+02   -2.75269e+01    3.21107e-06

           Step           Time
         345000      690.00000

   Energies (kJ/mol)
           Bond            U-B    Proper Dih.  Improper Dih.      CMAP Dih.
    1.67923e+02    5.35354e+02    4.12064e+02    1.70316e+01    3.45826e+01
          LJ-14     Coulomb-14        LJ (SR)   Coulomb (SR)   Coul. recip.
    1.10066e+02    3.23244e+03    6.92866e+04   -7.18516e+05    2.00474e+03
   COM Pull En.      Potential    Kinetic En.   Total Energy  Conserved En.
    9.10650e+00   -6.42707e+05    1.11521e+05   -5.31186e+05   -5.32442e+05
    Temperature Pressure (bar)   Constr. rmsd
    3.01051e+02   -9.67186e+01    4.42882e-06

           Step           Time
         345500      691.00000

   Energies (kJ/mol)
           Bond            U-B    Proper Dih.  Improper Dih.      CMAP Dih.
    1.24828e+02    5.87592e+02    3.98977e+02    1.71373e+01    2.66950e+01
          LJ-14     Coulomb-14        LJ (SR)   Coulomb (SR)   Coul. recip.
    1.01943e+02    3.21208e+03    7.07552e+04   -7.19432e+05    1.99461e+03
   COM Pull En.      Potential    Kinetic En.   Total Energy  Conserved En.
    3.45681e+00   -6.42210e+05    1.10287e+05   -5.31922e+05   -5.32309e+05
    Temperature Pressure (bar)   Constr. rmsd
    2.97721e+02    1.92216e+02    3.07515e-06

           Step           Time
         346000      692.00000

   Energies (kJ/mol)
           Bond            U-B    Proper Dih.  Improper Dih.      CMAP Dih.
    1.35460e+02    5.94775e+02    4.13646e+02    3.22152e+01    1.22701e+00
          LJ-14     Coulomb-14        LJ (SR)   Coulomb (SR)   Coul. recip.
    1.03805e+02    3.24409e+03    6.83694e+04   -7.18034e+05    2.05639e+03
   COM Pull En.      Potential    Kinetic En.   Total Energy  Conserved En.
    4.37518e-01   -6.43083e+05    1.11518e+05   -5.31565e+05   -5.32391e+05
    Temperature Pressure (bar)   Constr. rmsd
    3.01042e+02   -2.11187e+02    3.63806e-06

           Step           Time
         346500      693.00000

   Energies (kJ/mol)
           Bond            U-B    Proper Dih.  Improper Dih.      CMAP Dih.
    1.56488e+02    5.64085e+02    4.15539e+02    2.38899e+01   -1.87762e+01
          LJ-14     Coulomb-14        LJ (SR)   Coulomb (SR)   Coul. recip.
    1.08266e+02    3.16005e+03    6.98251e+04   -7.18984e+05    1.95894e+03
   COM Pull En.      Potential    Kinetic En.   Total Energy  Conserved En.
    2.04751e+00   -6.42788e+05    1.10499e+05   -5.32289e+05   -5.32346e+05
    Temperature Pressure (bar)   Constr. rmsd
    2.98292e+02   -1.21718e+01    3.28972e-06

           Step           Time
         347000      694.00000

   Energies (kJ/mol)
           Bond            U-B    Proper Dih.  Improper Dih.      CMAP Dih.
    1.72324e+02    6.31098e+02    3.79290e+02    1.78662e+01   -2.12517e+01
          LJ-14     Coulomb-14        LJ (SR)   Coulomb (SR)   Coul. recip.
    9.45186e+01    3.13078e+03    6.97280e+04   -7.19116e+05    1.96554e+03
   COM Pull En.      Potential    Kinetic En.   Total Energy  Conserved En.
    3.19673e-01   -6.43018e+05    1.09840e+05   -5.33178e+05   -5.32293e+05
    Temperature Pressure (bar)   Constr. rmsd
    2.96513e+02   -2.57978e+01    3.04937e-06

           Step           Time
         347500      695.00000

   Energies (kJ/mol)
           Bond            U-B    Proper Dih.  Improper Dih.      CMAP Dih.
    1.71966e+02    5.45430e+02    4.16857e+02    4.33593e+01   -1.86429e+01
          LJ-14     Coulomb-14        LJ (SR)   Coulomb (SR)   Coul. recip.
    8.25717e+01    3.16365e+03    7.02749e+04   -7.19917e+05    2.01032e+03
   COM Pull En.      Potential    Kinetic En.   Total Energy  Conserved En.
    1.00389e-01   -6.43227e+05    1.09313e+05   -5.33913e+05   -5.32219e+05
    Temperature Pressure (bar)   Constr. rmsd
    2.95092e+02    2.17975e+01    3.48581e-06

           Step           Time
         348000      696.00000

   Energies (kJ/mol)
           Bond            U-B    Proper Dih.  Improper Dih.      CMAP Dih.
    1.71623e+02    5.42967e+02    4.21804e+02    2.10868e+01    6.30392e+00
          LJ-14     Coulomb-14        LJ (SR)   Coulomb (SR)   Coul. recip.
    1.20051e+02    3.24342e+03    6.99898e+04   -7.20035e+05    2.07861e+03
   COM Pull En.      Potential    Kinetic En.   Total Energy  Conserved En.
    1.35564e+00   -6.43438e+05    1.09673e+05   -5.33765e+05   -5.32296e+05
    Temperature Pressure (bar)   Constr. rmsd
    2.96063e+02    1.90178e+01    2.65607e-06

           Step           Time
         348500      697.00000

   Energies (kJ/mol)
           Bond            U-B    Proper Dih.  Improper Dih.      CMAP Dih.
    1.51671e+02    5.84395e+02    4.01632e+02    2.38752e+01    1.76839e+01
          LJ-14     Coulomb-14        LJ (SR)   Coulomb (SR)   Coul. recip.
    1.03333e+02    3.17794e+03    7.03520e+04   -7.20743e+05    1.95592e+03
   COM Pull En.      Potential    Kinetic En.   Total Energy  Conserved En.
    5.77454e-02   -6.43974e+05    1.10348e+05   -5.33626e+05   -5.32363e+05
    Temperature Pressure (bar)   Constr. rmsd
    2.97886e+02    4.84542e+01    2.89336e-06

           Step           Time
         349000      698.00000

   Energies (kJ/mol)
           Bond            U-B    Proper Dih.  Improper Dih.      CMAP Dih.
    1.25656e+02    5.12479e+02    4.39223e+02    3.36074e+01    1.47835e+01
          LJ-14     Coulomb-14        LJ (SR)   Coulomb (SR)   Coul. recip.
    1.25429e+02    3.26052e+03    6.96959e+04   -7.19722e+05    2.00999e+03
   COM Pull En.      Potential    Kinetic En.   Total Energy  Conserved En.
    9.82487e-01   -6.43504e+05    1.09560e+05   -5.33944e+05   -5.32413e+05
    Temperature Pressure (bar)   Constr. rmsd
    2.95757e+02   -3.07188e+01    2.54039e-06

           Step           Time
         349500      699.00000

   Energies (kJ/mol)
           Bond            U-B    Proper Dih.  Improper Dih.      CMAP Dih.
    1.61266e+02    5.29547e+02    4.04551e+02    2.40434e+01   -1.15701e+01
          LJ-14     Coulomb-14        LJ (SR)   Coulomb (SR)   Coul. recip.
    9.69430e+01    3.20537e+03    7.07489e+04   -7.20816e+05    1.99287e+03
   COM Pull En.      Potential    Kinetic En.   Total Energy  Conserved En.
    1.50622e-04   -6.43664e+05    1.09674e+05   -5.33991e+05   -5.32300e+05
    Temperature Pressure (bar)   Constr. rmsd
    2.96064e+02    8.92208e+01    2.87364e-06

           Step           Time
         350000      700.00000

   Energies (kJ/mol)
           Bond            U-B    Proper Dih.  Improper Dih.      CMAP Dih.
    1.47867e+02    5.26984e+02    4.29551e+02    1.59092e+01   -2.48479e+00
          LJ-14     Coulomb-14        LJ (SR)   Coulomb (SR)   Coul. recip.
    1.08707e+02    3.19206e+03    6.80313e+04   -7.17425e+05    1.96315e+03
   COM Pull En.      Potential    Kinetic En.   Total Energy  Conserved En.
    1.60672e-01   -6.43012e+05    1.09601e+05   -5.33411e+05   -5.32346e+05
    Temperature Pressure (bar)   Constr. rmsd
    2.95868e+02   -2.74585e+02    3.18144e-06

           Step           Time
         350500      701.00000

   Energies (kJ/mol)
           Bond            U-B    Proper Dih.  Improper Dih.      CMAP Dih.
    1.74110e+02    5.28506e+02    4.10398e+02    3.07246e+01   -1.11513e+01
          LJ-14     Coulomb-14        LJ (SR)   Coulomb (SR)   Coul. recip.
    9.95373e+01    3.21888e+03    6.99543e+04   -7.19192e+05    2.00370e+03
   COM Pull En.      Potential    Kinetic En.   Total Energy  Conserved En.
    8.05864e-02   -6.42783e+05    1.10174e+05   -5.32608e+05   -5.32278e+05
    Temperature Pressure (bar)   Constr. rmsd
    2.97416e+02    3.74273e+01    2.79975e-06

           Step           Time
         351000      702.00000

   Energies (kJ/mol)
           Bond            U-B    Proper Dih.  Improper Dih.      CMAP Dih.
    1.58950e+02    5.62511e+02    3.85622e+02    1.75627e+01   -6.80325e+00
          LJ-14     Coulomb-14        LJ (SR)   Coulomb (SR)   Coul. recip.
    1.14422e+02    3.17939e+03    7.04059e+04   -7.19554e+05    1.96012e+03
   COM Pull En.      Potential    Kinetic En.   Total Energy  Conserved En.
    7.74444e-01   -6.42775e+05    1.10437e+05   -5.32338e+05   -5.32184e+05
    Temperature Pressure (bar)   Constr. rmsd
    2.98125e+02    1.53394e+02    3.37726e-06

Writing checkpoint, step 351440 at Tue Jun 23 23:14:27 2026


           Step           Time
         351500      703.00000

   Energies (kJ/mol)
           Bond            U-B    Proper Dih.  Improper Dih.      CMAP Dih.
    1.14083e+02    5.60749e+02    4.05993e+02    3.27294e+01   -1.11023e+01
          LJ-14     Coulomb-14        LJ (SR)   Coulomb (SR)   Coul. recip.
    1.25799e+02    3.23804e+03    6.88563e+04   -7.17765e+05    2.08868e+03
   COM Pull En.      Potential    Kinetic En.   Total Energy  Conserved En.
    4.92562e+00   -6.42348e+05    1.10760e+05   -5.31589e+05   -5.32294e+05
    Temperature Pressure (bar)   Constr. rmsd
    2.98996e+02   -5.83874e+01    3.06345e-06

           Step           Time
         352000      704.00000

   Energies (kJ/mol)
           Bond            U-B    Proper Dih.  Improper Dih.      CMAP Dih.
    1.38775e+02    5.84960e+02    4.21465e+02    1.99137e+01    1.13912e+01
          LJ-14     Coulomb-14        LJ (SR)   Coulomb (SR)   Coul. recip.
    1.15876e+02    3.22692e+03    6.91237e+04   -7.18297e+05    1.94908e+03
   COM Pull En.      Potential    Kinetic En.   Total Energy  Conserved En.
    2.06282e+00   -6.42703e+05    1.11070e+05   -5.31633e+05   -5.32526e+05
    Temperature Pressure (bar)   Constr. rmsd
    2.99833e+02   -8.95892e+01    2.94804e-06

           Step           Time
         352500      705.00000

   Energies (kJ/mol)
           Bond            U-B    Proper Dih.  Improper Dih.      CMAP Dih.
    1.97802e+02    5.87576e+02    3.86506e+02    2.21528e+01    8.50424e+00
          LJ-14     Coulomb-14        LJ (SR)   Coulomb (SR)   Coul. recip.
    9.13098e+01    3.17944e+03    7.02010e+04   -7.19034e+05    2.03173e+03
   COM Pull En.      Potential    Kinetic En.   Total Energy  Conserved En.
    4.20457e-01   -6.42327e+05    1.10738e+05   -5.31589e+05   -5.32633e+05
    Temperature Pressure (bar)   Constr. rmsd
    2.98937e+02    2.91092e+01    3.36239e-06

           Step           Time
         353000      706.00000

   Energies (kJ/mol)
           Bond            U-B    Proper Dih.  Improper Dih.      CMAP Dih.
    1.57303e+02    5.87644e+02    4.32104e+02    2.40684e+01   -3.25592e+01
          LJ-14     Coulomb-14        LJ (SR)   Coulomb (SR)   Coul. recip.
    1.20981e+02    3.20552e+03    6.84795e+04   -7.17162e+05    2.05953e+03
   COM Pull En.      Potential    Kinetic En.   Total Energy  Conserved En.
    1.10083e+00   -6.42127e+05    1.10892e+05   -5.31235e+05   -5.32483e+05
    Temperature Pressure (bar)   Constr. rmsd
    2.99353e+02   -2.12616e+02    3.26735e-06

           Step           Time
         353500      707.00000

   Energies (kJ/mol)
           Bond            U-B    Proper Dih.  Improper Dih.      CMAP Dih.
    1.64956e+02    5.64440e+02    4.31224e+02    2.28478e+01    2.11364e+00
          LJ-14     Coulomb-14        LJ (SR)   Coulomb (SR)   Coul. recip.
    1.06585e+02    3.17266e+03    6.88313e+04   -7.18026e+05    2.03580e+03
   COM Pull En.      Potential    Kinetic En.   Total Energy  Conserved En.
    1.79826e-01   -6.42694e+05    1.09845e+05   -5.32849e+05   -5.32502e+05
    Temperature Pressure (bar)   Constr. rmsd
    2.96526e+02   -1.61406e+02    3.05108e-06

           Step           Time
         354000      708.00000

   Energies (kJ/mol)
           Bond            U-B    Proper Dih.  Improper Dih.      CMAP Dih.
    1.88189e+02    5.55796e+02    4.32117e+02    2.84175e+01    2.72130e+00
          LJ-14     Coulomb-14        LJ (SR)   Coulomb (SR)   Coul. recip.
    1.11895e+02    3.14435e+03    6.79345e+04   -7.18224e+05    1.93302e+03
   COM Pull En.      Potential    Kinetic En.   Total Energy  Conserved En.
    1.12872e+00   -6.43892e+05    1.10608e+05   -5.33284e+05   -5.32380e+05
    Temperature Pressure (bar)   Constr. rmsd
    2.98587e+02   -3.60218e+02    2.31676e-06

           Step           Time
         354500      709.00000

   Energies (kJ/mol)
           Bond            U-B    Proper Dih.  Improper Dih.      CMAP Dih.
    1.83352e+02    5.43524e+02    3.85446e+02    3.87899e+01    5.61604e+00
          LJ-14     Coulomb-14        LJ (SR)   Coulomb (SR)   Coul. recip.
    9.80961e+01    3.16730e+03    6.97988e+04   -7.19647e+05    2.04477e+03
   COM Pull En.      Potential    Kinetic En.   Total Energy  Conserved En.
    7.22287e-02   -6.43381e+05    1.09897e+05   -5.33484e+05   -5.32292e+05
    Temperature Pressure (bar)   Constr. rmsd
    2.96668e+02   -2.58157e+01    3.13335e-06

           Step           Time
         355000      710.00000

   Energies (kJ/mol)
           Bond            U-B    Proper Dih.  Improper Dih.      CMAP Dih.
    1.51876e+02    5.28966e+02    4.30659e+02    2.50200e+01   -2.08070e+01
          LJ-14     Coulomb-14        LJ (SR)   Coulomb (SR)   Coul. recip.
    1.05829e+02    3.21578e+03    6.95631e+04   -7.19429e+05    2.00623e+03
   COM Pull En.      Potential    Kinetic En.   Total Energy  Conserved En.
    1.54842e-03   -6.43422e+05    1.09985e+05   -5.33437e+05   -5.32217e+05
    Temperature Pressure (bar)   Constr. rmsd
    2.96906e+02   -4.92923e+01    3.06190e-06

           Step           Time
         355500      711.00000

   Energies (kJ/mol)
           Bond            U-B    Proper Dih.  Improper Dih.      CMAP Dih.
    1.25628e+02    5.00785e+02    4.13908e+02    2.84754e+01    1.17304e+01
          LJ-14     Coulomb-14        LJ (SR)   Coulomb (SR)   Coul. recip.
    1.16072e+02    3.19854e+03    6.87111e+04   -7.18566e+05    2.04018e+03
   COM Pull En.      Potential    Kinetic En.   Total Energy  Conserved En.
    1.90205e-03   -6.43420e+05    1.09846e+05   -5.33574e+05   -5.32199e+05
    Temperature Pressure (bar)   Constr. rmsd
    2.96531e+02   -1.06991e+02    3.12765e-06

           Step           Time
         356000      712.00000

   Energies (kJ/mol)
           Bond            U-B    Proper Dih.  Improper Dih.      CMAP Dih.
    1.39286e+02    5.85130e+02    4.09200e+02    2.13242e+01    2.10429e+01
          LJ-14     Coulomb-14        LJ (SR)   Coulomb (SR)   Coul. recip.
    1.01724e+02    3.15429e+03    7.13356e+04   -7.20870e+05    1.94163e+03
   COM Pull En.      Potential    Kinetic En.   Total Energy  Conserved En.
    8.70012e-02   -6.43160e+05    1.10373e+05   -5.32787e+05   -5.32235e+05
    Temperature Pressure (bar)   Constr. rmsd
    2.97953e+02    2.48812e+02    3.47028e-06

           Step           Time
         356500      713.00000

   Energies (kJ/mol)
           Bond            U-B    Proper Dih.  Improper Dih.      CMAP Dih.
    1.75916e+02    5.47966e+02    4.26208e+02    1.45155e+01    7.46539e+00
          LJ-14     Coulomb-14        LJ (SR)   Coulomb (SR)   Coul. recip.
    9.39418e+01    3.13798e+03    7.10862e+04   -7.19592e+05    2.00015e+03
   COM Pull En.      Potential    Kinetic En.   Total Energy  Conserved En.
    4.34168e-03   -6.42102e+05    1.10703e+05   -5.31399e+05   -5.32369e+05
    Temperature Pressure (bar)   Constr. rmsd
    2.98843e+02    1.78369e+02    3.99981e-06

           Step           Time
         357000      714.00000

   Energies (kJ/mol)
           Bond            U-B    Proper Dih.  Improper Dih.      CMAP Dih.
    1.73374e+02    6.04353e+02    4.25274e+02    1.90243e+01   -1.88440e+01
          LJ-14     Coulomb-14        LJ (SR)   Coulomb (SR)   Coul. recip.
    9.25853e+01    3.12226e+03    6.89366e+04   -7.16904e+05    2.06647e+03
   COM Pull En.      Potential    Kinetic En.   Total Energy  Conserved En.
    5.78757e-02   -6.41483e+05    1.11017e+05   -5.30465e+05   -5.32333e+05
    Temperature Pressure (bar)   Constr. rmsd
    2.99692e+02   -7.73601e+01    3.37508e-06

           Step           Time
         357500      715.00000

   Energies (kJ/mol)
           Bond            U-B    Proper Dih.  Improper Dih.      CMAP Dih.
    1.68894e+02    5.88006e+02    4.33106e+02    4.25381e+01   -6.89560e+00
          LJ-14     Coulomb-14        LJ (SR)   Coulomb (SR)   Coul. recip.
    9.20072e+01    3.11770e+03    6.91644e+04   -7.18241e+05    2.04404e+03
   COM Pull En.      Potential    Kinetic En.   Total Energy  Conserved En.
    1.02552e+00   -6.42596e+05    1.11516e+05   -5.31080e+05   -5.32399e+05
    Temperature Pressure (bar)   Constr. rmsd
    3.01038e+02   -6.74240e+01    3.60272e-06

           Step           Time
         358000      716.00000

   Energies (kJ/mol)
           Bond            U-B    Proper Dih.  Improper Dih.      CMAP Dih.
    1.67024e+02    5.92645e+02    3.88039e+02    1.86188e+01    1.23513e+01
          LJ-14     Coulomb-14        LJ (SR)   Coulomb (SR)   Coul. recip.
    9.40887e+01    3.15907e+03    7.01371e+04   -7.19459e+05    1.99534e+03
   COM Pull En.      Potential    Kinetic En.   Total Energy  Conserved En.
    1.17155e+00   -6.42893e+05    1.10960e+05   -5.31933e+05   -5.32605e+05
    Temperature Pressure (bar)   Constr. rmsd
    2.99537e+02   -2.11997e+01    2.69610e-06

           Step           Time
         358500      717.00000

   Energies (kJ/mol)
           Bond            U-B    Proper Dih.  Improper Dih.      CMAP Dih.
    1.66110e+02    5.78646e+02    4.16218e+02    1.58730e+01    6.35028e+00
          LJ-14     Coulomb-14        LJ (SR)   Coulomb (SR)   Coul. recip.
    9.04242e+01    3.15424e+03    7.00476e+04   -7.19154e+05    2.03306e+03
   COM Pull En.      Potential    Kinetic En.   Total Energy  Conserved En.
    2.46526e-01   -6.42645e+05    1.10614e+05   -5.32031e+05   -5.32592e+05
    Temperature Pressure (bar)   Constr. rmsd
    2.98602e+02    2.32660e+01    3.74645e-06

           Step           Time
         359000      718.00000

   Energies (kJ/mol)
           Bond            U-B    Proper Dih.  Improper Dih.      CMAP Dih.
    1.66041e+02    5.92352e+02    3.96207e+02    2.38352e+01    2.27885e-01
          LJ-14     Coulomb-14        LJ (SR)   Coulomb (SR)   Coul. recip.
    9.85953e+01    3.14714e+03    6.94431e+04   -7.18180e+05    1.96604e+03
   COM Pull En.      Potential    Kinetic En.   Total Energy  Conserved En.
    2.99439e-01   -6.42346e+05    1.09991e+05   -5.32355e+05   -5.32408e+05
    Temperature Pressure (bar)   Constr. rmsd
    2.96920e+02   -3.36184e+01    3.47060e-06

           Step           Time
         359500      719.00000

   Energies (kJ/mol)
           Bond            U-B    Proper Dih.  Improper Dih.      CMAP Dih.
    1.74313e+02    5.89798e+02    4.28781e+02    1.50158e+01   -5.02780e+00
          LJ-14     Coulomb-14        LJ (SR)   Coulomb (SR)   Coul. recip.
    1.04509e+02    3.18452e+03    6.85859e+04   -7.17086e+05    2.01547e+03
   COM Pull En.      Potential    Kinetic En.   Total Energy  Conserved En.
    3.53324e-02   -6.41993e+05    1.10441e+05   -5.31552e+05   -5.32402e+05
    Temperature Pressure (bar)   Constr. rmsd
    2.98137e+02   -1.05918e+02    3.77810e-06

           Step           Time
         360000      720.00000

   Energies (kJ/mol)
           Bond            U-B    Proper Dih.  Improper Dih.      CMAP Dih.
    1.58235e+02    6.21291e+02    4.13035e+02    3.65267e+01   -9.00656e-01
          LJ-14     Coulomb-14        LJ (SR)   Coulomb (SR)   Coul. recip.
    9.00138e+01    3.20856e+03    6.94957e+04   -7.18264e+05    2.05137e+03
   COM Pull En.      Potential    Kinetic En.   Total Energy  Conserved En.
    4.84761e-02   -6.42190e+05    1.10211e+05   -5.31979e+05   -5.32422e+05
    Temperature Pressure (bar)   Constr. rmsd
    2.97516e+02   -1.99883e+01    3.41525e-06

           Step           Time
         360500      721.00000

   Energies (kJ/mol)
           Bond            U-B    Proper Dih.  Improper Dih.      CMAP Dih.
    1.40200e+02    5.42530e+02    4.18361e+02    2.02523e+01   -7.53719e+00
          LJ-14     Coulomb-14        LJ (SR)   Coulomb (SR)   Coul. recip.
    1.20671e+02    3.17838e+03    6.97785e+04   -7.20018e+05    1.97669e+03
   COM Pull En.      Potential    Kinetic En.   Total Energy  Conserved En.
    8.74115e-01   -6.43849e+05    1.10297e+05   -5.33552e+05   -5.32294e+05
    Temperature Pressure (bar)   Constr. rmsd
    2.97747e+02   -4.63805e+01    2.87648e-06

Writing checkpoint, step 360560 at Tue Jun 23 23:29:38 2026


           Step           Time
         361000      722.00000

   Energies (kJ/mol)
           Bond            U-B    Proper Dih.  Improper Dih.      CMAP Dih.
    1.30114e+02    6.01632e+02    4.13563e+02    2.11052e+01   -2.49005e+01
          LJ-14     Coulomb-14        LJ (SR)   Coulomb (SR)   Coul. recip.
    1.17241e+02    3.18321e+03    6.94105e+04   -7.19412e+05    2.02939e+03
   COM Pull En.      Potential    Kinetic En.   Total Energy  Conserved En.
    9.41179e-01   -6.43530e+05    1.10714e+05   -5.32815e+05   -5.32229e+05
    Temperature Pressure (bar)   Constr. rmsd
    2.98874e+02    9.90813e+00    2.70581e-06

           Step           Time
         361500      723.00000

   Energies (kJ/mol)
           Bond            U-B    Proper Dih.  Improper Dih.      CMAP Dih.
    1.74530e+02    5.70928e+02    4.07612e+02    1.89170e+01   -5.38680e+00
          LJ-14     Coulomb-14        LJ (SR)   Coulomb (SR)   Coul. recip.
    1.00736e+02    3.18957e+03    6.91957e+04   -7.18878e+05    1.95543e+03
   COM Pull En.      Potential    Kinetic En.   Total Energy  Conserved En.
    5.22480e-01   -6.43270e+05    1.09879e+05   -5.33391e+05   -5.32320e+05
    Temperature Pressure (bar)   Constr. rmsd
    2.96620e+02   -1.26899e+02    2.50077e-06

           Step           Time
         362000      724.00000

   Energies (kJ/mol)
           Bond            U-B    Proper Dih.  Improper Dih.      CMAP Dih.
    1.18480e+02    5.25912e+02    4.15641e+02    1.40810e+01   -4.11291e+00
          LJ-14     Coulomb-14        LJ (SR)   Coulomb (SR)   Coul. recip.
    1.15280e+02    3.18884e+03    7.08664e+04   -7.20441e+05    2.00961e+03
   COM Pull En.      Potential    Kinetic En.   Total Energy  Conserved En.
    1.28824e-01   -6.43191e+05    1.09673e+05   -5.33517e+05   -5.32273e+05
    Temperature Pressure (bar)   Constr. rmsd
    2.96063e+02    1.83868e+02    3.23835e-06

           Step           Time
         362500      725.00000

   Energies (kJ/mol)
           Bond            U-B    Proper Dih.  Improper Dih.      CMAP Dih.
    1.45088e+02    5.37811e+02    4.13206e+02    2.95741e+01   -1.15831e+01
          LJ-14     Coulomb-14        LJ (SR)   Coulomb (SR)   Coul. recip.
    9.81926e+01    3.22053e+03    7.00701e+04   -7.19255e+05    1.92024e+03
   COM Pull En.      Potential    Kinetic En.   Total Energy  Conserved En.
    2.37648e+00   -6.42829e+05    1.10497e+05   -5.32332e+05   -5.32167e+05
    Temperature Pressure (bar)   Constr. rmsd
    2.98288e+02    1.30357e+02    3.36987e-06

           Step           Time
         363000      726.00000

   Energies (kJ/mol)
           Bond            U-B    Proper Dih.  Improper Dih.      CMAP Dih.
    1.36575e+02    5.33271e+02    4.10840e+02    3.39452e+01   -1.83065e+00
          LJ-14     Coulomb-14        LJ (SR)   Coulomb (SR)   Coul. recip.
    9.67330e+01    3.16964e+03    6.95636e+04   -7.19087e+05    1.97002e+03
   COM Pull En.      Potential    Kinetic En.   Total Energy  Conserved En.
    1.72621e+00   -6.43172e+05    1.10865e+05   -5.32308e+05   -5.32087e+05
    Temperature Pressure (bar)   Constr. rmsd
    2.99279e+02    1.76070e+01    2.71142e-06

           Step           Time
         363500      727.00000

   Energies (kJ/mol)
           Bond            U-B    Proper Dih.  Improper Dih.      CMAP Dih.
    1.48295e+02    6.19210e+02    4.21773e+02    3.02804e+01   -6.83855e+00
          LJ-14     Coulomb-14        LJ (SR)   Coulomb (SR)   Coul. recip.
    8.42124e+01    3.18149e+03    7.03772e+04   -7.19060e+05    2.00994e+03
   COM Pull En.      Potential    Kinetic En.   Total Energy  Conserved En.
    3.70103e-01   -6.42194e+05    1.09636e+05   -5.32558e+05   -5.32097e+05
    Temperature Pressure (bar)   Constr. rmsd
    2.95963e+02    2.07224e+02    2.79524e-06

           Step           Time
         364000      728.00000

   Energies (kJ/mol)
           Bond            U-B    Proper Dih.  Improper Dih.      CMAP Dih.
    1.90875e+02    5.28843e+02    4.07630e+02    2.88397e+01    1.50694e+01
          LJ-14     Coulomb-14        LJ (SR)   Coulomb (SR)   Coul. recip.
    9.04645e+01    3.15935e+03    7.01707e+04   -7.20809e+05    1.99028e+03
   COM Pull En.      Potential    Kinetic En.   Total Energy  Conserved En.
    2.17360e+00   -6.44224e+05    1.10958e+05   -5.33266e+05   -5.32155e+05
    Temperature Pressure (bar)   Constr. rmsd
    2.99532e+02    1.72104e+01    2.64629e-06

           Step           Time
         364500      729.00000

   Energies (kJ/mol)
           Bond            U-B    Proper Dih.  Improper Dih.      CMAP Dih.
    1.83456e+02    5.65422e+02    4.49891e+02    5.10930e+01   -1.50309e+01
          LJ-14     Coulomb-14        LJ (SR)   Coulomb (SR)   Coul. recip.
    1.01146e+02    3.16138e+03    6.99259e+04   -7.18711e+05    1.98982e+03
   COM Pull En.      Potential    Kinetic En.   Total Energy  Conserved En.
    2.39566e-01   -6.42298e+05    1.09688e+05   -5.32610e+05   -5.32043e+05
    Temperature Pressure (bar)   Constr. rmsd
    2.96103e+02    1.21439e+02    3.39785e-06

           Step           Time
         365000      730.00000

   Energies (kJ/mol)
           Bond            U-B    Proper Dih.  Improper Dih.      CMAP Dih.
    1.59763e+02    5.81227e+02    4.50106e+02    3.04609e+01   -2.55199e+01
          LJ-14     Coulomb-14        LJ (SR)   Coulomb (SR)   Coul. recip.
    1.03217e+02    3.17723e+03    6.96969e+04   -7.19086e+05    2.02401e+03
   COM Pull En.      Potential    Kinetic En.   Total Energy  Conserved En.
    9.19315e-01   -6.42888e+05    1.10592e+05   -5.32296e+05   -5.31927e+05
    Temperature Pressure (bar)   Constr. rmsd
    2.98543e+02    8.72123e+01    2.87049e-06

           Step           Time
         365500      731.00000

   Energies (kJ/mol)
           Bond            U-B    Proper Dih.  Improper Dih.      CMAP Dih.
    1.46583e+02    6.07050e+02    4.36271e+02    2.37039e+01   -7.18305e+00
          LJ-14     Coulomb-14        LJ (SR)   Coulomb (SR)   Coul. recip.
    9.98146e+01    3.17998e+03    6.94249e+04   -7.18497e+05    2.00193e+03
   COM Pull En.      Potential    Kinetic En.   Total Energy  Conserved En.
    2.92030e-01   -6.42584e+05    1.10350e+05   -5.32234e+05   -5.31996e+05
    Temperature Pressure (bar)   Constr. rmsd
    2.97890e+02    3.83338e+01    3.74624e-06

           Step           Time
         366000      732.00000

   Energies (kJ/mol)
           Bond            U-B    Proper Dih.  Improper Dih.      CMAP Dih.
    1.67516e+02    5.99465e+02    4.40885e+02    2.09298e+01   -3.92447e+01
          LJ-14     Coulomb-14        LJ (SR)   Coulomb (SR)   Coul. recip.
    1.17198e+02    3.19469e+03    7.04981e+04   -7.19933e+05    1.97397e+03
   COM Pull En.      Potential    Kinetic En.   Total Energy  Conserved En.
    8.60581e-02   -6.42959e+05    1.11125e+05   -5.31834e+05   -5.31927e+05
    Temperature Pressure (bar)   Constr. rmsd
    2.99983e+02    2.19822e+02    3.98984e-06

           Step           Time
         366500      733.00000

   Energies (kJ/mol)
           Bond            U-B    Proper Dih.  Improper Dih.      CMAP Dih.
    2.04574e+02    5.73662e+02    4.05180e+02    3.07628e+01   -1.33383e+01
          LJ-14     Coulomb-14        LJ (SR)   Coulomb (SR)   Coul. recip.
    9.70628e+01    3.13845e+03    7.12166e+04   -7.21665e+05    2.00339e+03
   COM Pull En.      Potential    Kinetic En.   Total Energy  Conserved En.
    8.37994e-02   -6.44009e+05    1.10576e+05   -5.33433e+05   -5.31888e+05
    Temperature Pressure (bar)   Constr. rmsd
    2.98501e+02    2.91361e+02    3.60229e-06

           Step           Time
         367000      734.00000

   Energies (kJ/mol)
           Bond            U-B    Proper Dih.  Improper Dih.      CMAP Dih.
    1.46349e+02    5.53195e+02    4.43938e+02    2.19429e+01   -5.15560e+00
          LJ-14     Coulomb-14        LJ (SR)   Coulomb (SR)   Coul. recip.
    9.86997e+01    3.15407e+03    6.94946e+04   -7.19585e+05    2.02349e+03
   COM Pull En.      Potential    Kinetic En.   Total Energy  Conserved En.
    4.38450e-01   -6.43653e+05    1.10400e+05   -5.33253e+05   -5.32012e+05
    Temperature Pressure (bar)   Constr. rmsd
    2.98025e+02    7.06752e+01    3.05262e-06

           Step           Time
         367500      735.00000

   Energies (kJ/mol)
           Bond            U-B    Proper Dih.  Improper Dih.      CMAP Dih.
    1.39322e+02    5.85188e+02    4.24763e+02    2.26367e+01   -2.41486e+01
          LJ-14     Coulomb-14        LJ (SR)   Coulomb (SR)   Coul. recip.
    1.07978e+02    3.22625e+03    7.16815e+04   -7.22448e+05    2.07601e+03
   COM Pull En.      Potential    Kinetic En.   Total Energy  Conserved En.
    1.21510e+00   -6.44207e+05    1.10134e+05   -5.34073e+05   -5.32209e+05
    Temperature Pressure (bar)   Constr. rmsd
    2.97306e+02    2.36137e+02    2.97330e-06

           Step           Time
         368000      736.00000

   Energies (kJ/mol)
           Bond            U-B    Proper Dih.  Improper Dih.      CMAP Dih.
    1.78031e+02    5.37838e+02    4.45959e+02    1.94623e+01    2.07359e+01
          LJ-14     Coulomb-14        LJ (SR)   Coulomb (SR)   Coul. recip.
    9.85040e+01    3.16203e+03    7.06666e+04   -7.20958e+05    2.00745e+03
   COM Pull En.      Potential    Kinetic En.   Total Energy  Conserved En.
    6.02726e-02   -6.43822e+05    1.10127e+05   -5.33695e+05   -5.32154e+05
    Temperature Pressure (bar)   Constr. rmsd
    2.97288e+02    1.72527e+02    2.80200e-06

           Step           Time
         368500      737.00000

   Energies (kJ/mol)
           Bond            U-B    Proper Dih.  Improper Dih.      CMAP Dih.
    1.46169e+02    5.68532e+02    4.28702e+02    2.04525e+01    2.28564e+00
          LJ-14     Coulomb-14        LJ (SR)   Coulomb (SR)   Coul. recip.
    1.08033e+02    3.17248e+03    7.02186e+04   -7.20412e+05    2.03430e+03
   COM Pull En.      Potential    Kinetic En.   Total Energy  Conserved En.
    5.00802e-01   -6.43712e+05    1.10072e+05   -5.33640e+05   -5.32132e+05
    Temperature Pressure (bar)   Constr. rmsd
    2.97140e+02    9.91834e+01    3.33855e-06

           Step           Time
         369000      738.00000

   Energies (kJ/mol)
           Bond            U-B    Proper Dih.  Improper Dih.      CMAP Dih.
    1.24440e+02    5.33919e+02    4.18903e+02    2.41214e+01    1.93519e+01
          LJ-14     Coulomb-14        LJ (SR)   Coulomb (SR)   Coul. recip.
    1.25179e+02    3.22603e+03    7.05222e+04   -7.21037e+05    1.96812e+03
   COM Pull En.      Potential    Kinetic En.   Total Energy  Conserved En.
    5.03668e+00   -6.44069e+05    1.10129e+05   -5.33940e+05   -5.32102e+05
    Temperature Pressure (bar)   Constr. rmsd
    2.97293e+02    1.60826e+02    2.67657e-06

           Step           Time
         369500      739.00000

   Energies (kJ/mol)
           Bond            U-B    Proper Dih.  Improper Dih.      CMAP Dih.
    1.27289e+02    5.56520e+02    4.19542e+02    2.46712e+01    1.77775e+01
          LJ-14     Coulomb-14        LJ (SR)   Coulomb (SR)   Coul. recip.
    1.05424e+02    3.21419e+03    7.11831e+04   -7.21172e+05    2.06807e+03
   COM Pull En.      Potential    Kinetic En.   Total Energy  Conserved En.
    1.93971e+00   -6.43453e+05    1.10008e+05   -5.33445e+05   -5.32156e+05
    Temperature Pressure (bar)   Constr. rmsd
    2.96967e+02    2.17920e+02    2.54658e-06

Writing checkpoint, step 369520 at Tue Jun 23 23:44:34 2026


           Step           Time
         370000      740.00000

   Energies (kJ/mol)
           Bond            U-B    Proper Dih.  Improper Dih.      CMAP Dih.
    1.59442e+02    6.07601e+02    4.36174e+02    3.20368e+01   -7.28341e+00
          LJ-14     Coulomb-14        LJ (SR)   Coulomb (SR)   Coul. recip.
    8.98279e+01    3.16735e+03    6.86744e+04   -7.17881e+05    1.98742e+03
   COM Pull En.      Potential    Kinetic En.   Total Energy  Conserved En.
    2.76223e-01   -6.42734e+05    1.10425e+05   -5.32308e+05   -5.32253e+05
    Temperature Pressure (bar)   Constr. rmsd
    2.98094e+02   -9.98404e+01    2.73832e-06

           Step           Time
         370500      741.00000

   Energies (kJ/mol)
           Bond            U-B    Proper Dih.  Improper Dih.      CMAP Dih.
    2.09989e+02    5.69645e+02    4.46550e+02    2.14934e+01    1.30809e+01
          LJ-14     Coulomb-14        LJ (SR)   Coulomb (SR)   Coul. recip.
    1.03828e+02    3.14280e+03    6.92353e+04   -7.17295e+05    2.07644e+03
   COM Pull En.      Potential    Kinetic En.   Total Energy  Conserved En.
    2.90389e+00   -6.41473e+05    1.09734e+05   -5.31738e+05   -5.32294e+05
    Temperature Pressure (bar)   Constr. rmsd
    2.96228e+02   -9.82787e+00    4.40361e-06

           Step           Time
         371000      742.00000

   Energies (kJ/mol)
           Bond            U-B    Proper Dih.  Improper Dih.      CMAP Dih.
    1.75708e+02    5.62658e+02    4.14014e+02    2.90234e+01    1.54979e+01
          LJ-14     Coulomb-14        LJ (SR)   Coulomb (SR)   Coul. recip.
    9.72649e+01    3.19200e+03    7.00318e+04   -7.19357e+05    2.00731e+03
   COM Pull En.      Potential    Kinetic En.   Total Energy  Conserved En.
    6.75554e+00   -6.42825e+05    1.10304e+05   -5.32521e+05   -5.32458e+05
    Temperature Pressure (bar)   Constr. rmsd
    2.97766e+02    1.79272e+01    2.44268e-06

           Step           Time
         371500      743.00000

   Energies (kJ/mol)
           Bond            U-B    Proper Dih.  Improper Dih.      CMAP Dih.
    1.44266e+02    5.86259e+02    4.15065e+02    2.59432e+01    1.36377e+01
          LJ-14     Coulomb-14        LJ (SR)   Coulomb (SR)   Coul. recip.
    9.55748e+01    3.17482e+03    7.00048e+04   -7.20700e+05    2.05599e+03
   COM Pull En.      Potential    Kinetic En.   Total Energy  Conserved En.
    1.37954e+00   -6.44182e+05    1.10348e+05   -5.33834e+05   -5.32371e+05
    Temperature Pressure (bar)   Constr. rmsd
    2.97886e+02   -4.92608e+01    3.09157e-06

           Step           Time
         372000      744.00000

   Energies (kJ/mol)
           Bond            U-B    Proper Dih.  Improper Dih.      CMAP Dih.
    1.69083e+02    5.64214e+02    3.79880e+02    2.36691e+01    3.78627e+01
          LJ-14     Coulomb-14        LJ (SR)   Coulomb (SR)   Coul. recip.
    8.97858e+01    3.18341e+03    7.05217e+04   -7.21534e+05    2.03903e+03
   COM Pull En.      Potential    Kinetic En.   Total Energy  Conserved En.
    1.68479e+00   -6.44524e+05    1.10221e+05   -5.34303e+05   -5.32321e+05
    Temperature Pressure (bar)   Constr. rmsd
    2.97542e+02   -9.07822e-02    2.95671e-06

           Step           Time
         372500      745.00000

   Energies (kJ/mol)
           Bond            U-B    Proper Dih.  Improper Dih.      CMAP Dih.
    1.58612e+02    6.22046e+02    3.84359e+02    2.80478e+01   -1.11996e+01
          LJ-14     Coulomb-14        LJ (SR)   Coulomb (SR)   Coul. recip.
    9.13514e+01    3.12105e+03    6.98008e+04   -7.19342e+05    2.01348e+03
   COM Pull En.      Potential    Kinetic En.   Total Energy  Conserved En.
    7.16240e-01   -6.43133e+05    1.09437e+05   -5.33696e+05   -5.32345e+05
    Temperature Pressure (bar)   Constr. rmsd
    2.95426e+02    8.15211e+00    2.63632e-06

           Step           Time
         373000      746.00000

   Energies (kJ/mol)
           Bond            U-B    Proper Dih.  Improper Dih.      CMAP Dih.
    1.51046e+02    5.97821e+02    4.10695e+02    2.23967e+01    3.09050e+01
          LJ-14     Coulomb-14        LJ (SR)   Coulomb (SR)   Coul. recip.
    8.67252e+01    3.14600e+03    6.93176e+04   -7.18573e+05    2.02657e+03
   COM Pull En.      Potential    Kinetic En.   Total Energy  Conserved En.
    3.59556e-01   -6.42783e+05    1.10081e+05   -5.32702e+05   -5.32425e+05
    Temperature Pressure (bar)   Constr. rmsd
    2.97165e+02   -9.39251e+01    2.22561e-06

           Step           Time
         373500      747.00000

   Energies (kJ/mol)
           Bond            U-B    Proper Dih.  Improper Dih.      CMAP Dih.
    1.45084e+02    6.05387e+02    3.92833e+02    2.60924e+01   -2.32748e+00
          LJ-14     Coulomb-14        LJ (SR)   Coulomb (SR)   Coul. recip.
    9.82172e+01    3.16093e+03    6.91580e+04   -7.19652e+05    1.94608e+03
   COM Pull En.      Potential    Kinetic En.   Total Energy  Conserved En.
    2.53086e+00   -6.44119e+05    1.10210e+05   -5.33909e+05   -5.32466e+05
    Temperature Pressure (bar)   Constr. rmsd
    2.97513e+02   -1.54369e+02    2.64851e-06

           Step           Time
         374000      748.00000

   Energies (kJ/mol)
           Bond            U-B    Proper Dih.  Improper Dih.      CMAP Dih.
    1.29235e+02    5.99796e+02    4.18253e+02    2.58681e+01    2.32386e+01
          LJ-14     Coulomb-14        LJ (SR)   Coulomb (SR)   Coul. recip.
    9.87231e+01    3.14200e+03    6.92967e+04   -7.17950e+05    2.03706e+03
   COM Pull En.      Potential    Kinetic En.   Total Energy  Conserved En.
    3.12985e+00   -6.42176e+05    1.09624e+05   -5.32553e+05   -5.32255e+05
    Temperature Pressure (bar)   Constr. rmsd
    2.95930e+02   -5.43139e+00    3.03998e-06

           Step           Time
         374500      749.00000

   Energies (kJ/mol)
           Bond            U-B    Proper Dih.  Improper Dih.      CMAP Dih.
    1.42560e+02    5.37886e+02    4.44642e+02    2.27352e+01   -1.05763e+01
          LJ-14     Coulomb-14        LJ (SR)   Coulomb (SR)   Coul. recip.
    9.76129e+01    3.17371e+03    6.95417e+04   -7.18681e+05    1.96900e+03
   COM Pull En.      Potential    Kinetic En.   Total Energy  Conserved En.
    1.36326e+00   -6.42760e+05    1.10844e+05   -5.31916e+05   -5.32270e+05
    Temperature Pressure (bar)   Constr. rmsd
    2.99225e+02   -1.12142e+01    3.20567e-06

           Step           Time
         375000      750.00000

   Energies (kJ/mol)
           Bond            U-B    Proper Dih.  Improper Dih.      CMAP Dih.
    1.20586e+02    5.18251e+02    3.92620e+02    1.47535e+01    3.85841e+01
          LJ-14     Coulomb-14        LJ (SR)   Coulomb (SR)   Coul. recip.
    9.78417e+01    3.18613e+03    7.01160e+04   -7.19980e+05    1.98791e+03
   COM Pull En.      Potential    Kinetic En.   Total Energy  Conserved En.
    1.13082e-01   -6.43507e+05    1.09950e+05   -5.33557e+05   -5.32214e+05
    Temperature Pressure (bar)   Constr. rmsd
    2.96810e+02    5.78421e+01    3.06982e-06

           Step           Time
         375500      751.00000

   Energies (kJ/mol)
           Bond            U-B    Proper Dih.  Improper Dih.      CMAP Dih.
    1.22990e+02    5.59616e+02    4.11109e+02    3.13657e+01    4.18727e+01
          LJ-14     Coulomb-14        LJ (SR)   Coulomb (SR)   Coul. recip.
    1.05001e+02    3.19820e+03    6.98377e+04   -7.20086e+05    2.09120e+03
   COM Pull En.      Potential    Kinetic En.   Total Energy  Conserved En.
    4.06325e-02   -6.43687e+05    1.09914e+05   -5.33772e+05   -5.32269e+05
    Temperature Pressure (bar)   Constr. rmsd
    2.96714e+02    1.85504e+01    3.07852e-06

           Step           Time
         376000      752.00000

   Energies (kJ/mol)
           Bond            U-B    Proper Dih.  Improper Dih.      CMAP Dih.
    1.58346e+02    5.53449e+02    4.22628e+02    2.73561e+01   -7.90997e+00
          LJ-14     Coulomb-14        LJ (SR)   Coulomb (SR)   Coul. recip.
    9.76753e+01    3.17228e+03    6.94779e+04   -7.20639e+05    2.03701e+03
   COM Pull En.      Potential    Kinetic En.   Total Energy  Conserved En.
    3.56204e-02   -6.44700e+05    1.11046e+05   -5.33654e+05   -5.32275e+05
    Temperature Pressure (bar)   Constr. rmsd
    2.99769e+02   -9.37442e+01    2.70131e-06

           Step           Time
         376500      753.00000

   Energies (kJ/mol)
           Bond            U-B    Proper Dih.  Improper Dih.      CMAP Dih.
    1.55367e+02    5.91455e+02    4.35171e+02    1.42972e+01    7.12099e+00
          LJ-14     Coulomb-14        LJ (SR)   Coulomb (SR)   Coul. recip.
    9.26548e+01    3.14777e+03    6.93225e+04   -7.19057e+05    2.02717e+03
   COM Pull En.      Potential    Kinetic En.   Total Energy  Conserved En.
    1.00238e-02   -6.43263e+05    1.10295e+05   -5.32968e+05   -5.32348e+05
    Temperature Pressure (bar)   Constr. rmsd
    2.97742e+02   -3.35867e+01    3.08518e-06

           Step           Time
         377000      754.00000

   Energies (kJ/mol)
           Bond            U-B    Proper Dih.  Improper Dih.      CMAP Dih.
    1.40837e+02    5.86728e+02    4.21191e+02    3.16782e+01    2.73818e+01
          LJ-14     Coulomb-14        LJ (SR)   Coulomb (SR)   Coul. recip.
    9.75368e+01    3.12748e+03    6.94723e+04   -7.18893e+05    2.01942e+03
   COM Pull En.      Potential    Kinetic En.   Total Energy  Conserved En.
    3.82621e-01   -6.42968e+05    1.10535e+05   -5.32433e+05   -5.32411e+05
    Temperature Pressure (bar)   Constr. rmsd
    2.98391e+02   -4.94918e+01    3.39860e-06

           Step           Time
         377500      755.00000

   Energies (kJ/mol)
           Bond            U-B    Proper Dih.  Improper Dih.      CMAP Dih.
    1.58213e+02    6.09422e+02    4.17993e+02    2.30453e+01    1.97023e+01
          LJ-14     Coulomb-14        LJ (SR)   Coulomb (SR)   Coul. recip.
    9.13645e+01    3.16153e+03    6.83708e+04   -7.17334e+05    1.97594e+03
   COM Pull En.      Potential    Kinetic En.   Total Energy  Conserved En.
    2.00821e+00   -6.42504e+05    1.10387e+05   -5.32117e+05   -5.32373e+05
    Temperature Pressure (bar)   Constr. rmsd
    2.97989e+02   -1.62067e+02    2.87079e-06

           Step           Time
         378000      756.00000

   Energies (kJ/mol)
           Bond            U-B    Proper Dih.  Improper Dih.      CMAP Dih.
    1.41495e+02    5.05943e+02    4.11487e+02    1.72381e+01    3.43433e+01
          LJ-14     Coulomb-14        LJ (SR)   Coulomb (SR)   Coul. recip.
    1.08772e+02    3.21517e+03    6.97635e+04   -7.19054e+05    1.94803e+03
   COM Pull En.      Potential    Kinetic En.   Total Energy  Conserved En.
    2.50973e+00   -6.42905e+05    1.10576e+05   -5.32329e+05   -5.32305e+05
    Temperature Pressure (bar)   Constr. rmsd
    2.98500e+02    4.90719e+01    2.96328e-06

           Step           Time
         378500      757.00000

   Energies (kJ/mol)
           Bond            U-B    Proper Dih.  Improper Dih.      CMAP Dih.
    1.89671e+02    5.32305e+02    4.52698e+02    2.88618e+01    6.79017e+00
          LJ-14     Coulomb-14        LJ (SR)   Coulomb (SR)   Coul. recip.
    1.00651e+02    3.16066e+03    6.83820e+04   -7.16258e+05    1.92542e+03
   COM Pull En.      Potential    Kinetic En.   Total Energy  Conserved En.
    1.48485e+00   -6.41477e+05    1.11147e+05   -5.30330e+05   -5.32384e+05
    Temperature Pressure (bar)   Constr. rmsd
    3.00042e+02   -1.43356e+02    3.04945e-06

Writing checkpoint, step 378560 at Tue Jun 23 23:59:37 2026


           Step           Time
         379000      758.00000

   Energies (kJ/mol)
           Bond            U-B    Proper Dih.  Improper Dih.      CMAP Dih.
    1.53941e+02    6.72958e+02    3.96326e+02    4.19594e+01   -1.67554e+01
          LJ-14     Coulomb-14        LJ (SR)   Coulomb (SR)   Coul. recip.
    1.18804e+02    3.14512e+03    6.89969e+04   -7.17270e+05    2.01432e+03
   COM Pull En.      Potential    Kinetic En.   Total Energy  Conserved En.
    2.90900e+00   -6.41744e+05    1.11428e+05   -5.30316e+05   -5.32298e+05
    Temperature Pressure (bar)   Constr. rmsd
    3.00800e+02   -1.58930e-01    2.94874e-06

           Step           Time
         379500      759.00000

   Energies (kJ/mol)
           Bond            U-B    Proper Dih.  Improper Dih.      CMAP Dih.
    1.31951e+02    5.43398e+02    4.57157e+02    2.48368e+01    7.33648e-01
          LJ-14     Coulomb-14        LJ (SR)   Coulomb (SR)   Coul. recip.
    1.21470e+02    3.19196e+03    7.03636e+04   -7.19713e+05    2.03350e+03
   COM Pull En.      Potential    Kinetic En.   Total Energy  Conserved En.
    4.44654e-01   -6.42844e+05    1.11175e+05   -5.31669e+05   -5.32372e+05
    Temperature Pressure (bar)   Constr. rmsd
    3.00117e+02    1.07170e+02    2.67908e-06

           Step           Time
         380000      760.00000

   Energies (kJ/mol)
           Bond            U-B    Proper Dih.  Improper Dih.      CMAP Dih.
    1.59978e+02    5.82947e+02    4.50263e+02    3.15941e+01   -7.81365e+00
          LJ-14     Coulomb-14        LJ (SR)   Coulomb (SR)   Coul. recip.
    1.06940e+02    3.17873e+03    6.89008e+04   -7.17652e+05    1.99056e+03
   COM Pull En.      Potential    Kinetic En.   Total Energy  Conserved En.
    6.34866e-03   -6.42258e+05    1.10717e+05   -5.31541e+05   -5.32258e+05
    Temperature Pressure (bar)   Constr. rmsd
    2.98880e+02   -4.40031e+01    2.71447e-06

           Step           Time
         380500      761.00000

   Energies (kJ/mol)
           Bond            U-B    Proper Dih.  Improper Dih.      CMAP Dih.
    1.16568e+02    4.94766e+02    4.25379e+02    3.17128e+01   -3.05405e-02
          LJ-14     Coulomb-14        LJ (SR)   Coulomb (SR)   Coul. recip.
    1.31355e+02    3.26933e+03    6.96703e+04   -7.17713e+05    1.96645e+03
   COM Pull En.      Potential    Kinetic En.   Total Energy  Conserved En.
    3.67051e-01   -6.41606e+05    1.09943e+05   -5.31664e+05   -5.32294e+05
    Temperature Pressure (bar)   Constr. rmsd
    2.96791e+02    1.16065e+02    4.15282e-06

           Step           Time
         381000      762.00000

   Energies (kJ/mol)
           Bond            U-B    Proper Dih.  Improper Dih.      CMAP Dih.
    1.41671e+02    5.15531e+02    4.10959e+02    3.04564e+01    2.24689e+01
          LJ-14     Coulomb-14        LJ (SR)   Coulomb (SR)   Coul. recip.
    1.09618e+02    3.22966e+03    7.02438e+04   -7.20352e+05    1.98783e+03
   COM Pull En.      Potential    Kinetic En.   Total Energy  Conserved En.
    5.41426e-01   -6.43660e+05    1.11534e+05   -5.32126e+05   -5.32404e+05
    Temperature Pressure (bar)   Constr. rmsd
    3.01086e+02    5.19811e+01    3.56035e-06

           Step           Time
         381500      763.00000

   Energies (kJ/mol)
           Bond            U-B    Proper Dih.  Improper Dih.      CMAP Dih.
    1.73220e+02    5.58117e+02    4.14525e+02    2.34868e+01    3.27602e+01
          LJ-14     Coulomb-14        LJ (SR)   Coulomb (SR)   Coul. recip.
    1.07717e+02    3.22187e+03    6.86909e+04   -7.17732e+05    2.06444e+03
   COM Pull En.      Potential    Kinetic En.   Total Energy  Conserved En.
    3.41563e-01   -6.42445e+05    1.10929e+05   -5.31516e+05   -5.32362e+05
    Temperature Pressure (bar)   Constr. rmsd
    2.99454e+02   -1.26088e+02    2.94366e-06

           Step           Time
         382000      764.00000

   Energies (kJ/mol)
           Bond            U-B    Proper Dih.  Improper Dih.      CMAP Dih.
    1.39131e+02    5.57228e+02    4.26602e+02    3.04444e+01    2.51524e+01
          LJ-14     Coulomb-14        LJ (SR)   Coulomb (SR)   Coul. recip.
    1.12335e+02    3.21885e+03    6.80863e+04   -7.16204e+05    2.01419e+03
   COM Pull En.      Potential    Kinetic En.   Total Energy  Conserved En.
    6.93641e-02   -6.41593e+05    1.10312e+05   -5.31281e+05   -5.32378e+05
    Temperature Pressure (bar)   Constr. rmsd
    2.97788e+02   -1.80457e+02    4.07006e-06

           Step           Time
         382500      765.00000

   Energies (kJ/mol)
           Bond            U-B    Proper Dih.  Improper Dih.      CMAP Dih.
    1.73398e+02    5.82401e+02    4.34392e+02    2.80582e+01    1.08821e+01
          LJ-14     Coulomb-14        LJ (SR)   Coulomb (SR)   Coul. recip.
    8.94255e+01    3.17399e+03    6.90199e+04   -7.17587e+05    2.00034e+03
   COM Pull En.      Potential    Kinetic En.   Total Energy  Conserved En.
    9.14621e-02   -6.42075e+05    1.10761e+05   -5.31314e+05   -5.32402e+05
    Temperature Pressure (bar)   Constr. rmsd
    2.98999e+02   -6.57065e+01    2.61847e-06

           Step           Time
         383000      766.00000

   Energies (kJ/mol)
           Bond            U-B    Proper Dih.  Improper Dih.      CMAP Dih.
    1.66552e+02    5.99079e+02    4.46314e+02    2.75628e+01   -2.99968e+01
          LJ-14     Coulomb-14        LJ (SR)   Coulomb (SR)   Coul. recip.
    8.86773e+01    3.17923e+03    6.97329e+04   -7.18123e+05    2.02975e+03
   COM Pull En.      Potential    Kinetic En.   Total Energy  Conserved En.
    1.84952e-04   -6.41882e+05    1.10797e+05   -5.31085e+05   -5.32426e+05
    Temperature Pressure (bar)   Constr. rmsd
    2.99097e+02    1.19825e+01    4.06380e-06

           Step           Time
         383500      767.00000

   Energies (kJ/mol)
           Bond            U-B    Proper Dih.  Improper Dih.      CMAP Dih.
    1.83407e+02    5.93003e+02    4.21506e+02    2.49341e+01    9.69244e+00
          LJ-14     Coulomb-14        LJ (SR)   Coulomb (SR)   Coul. recip.
    1.09877e+02    3.16684e+03    6.87306e+04   -7.16646e+05    2.04563e+03
   COM Pull En.      Potential    Kinetic En.   Total Energy  Conserved En.
    1.40702e-01   -6.41360e+05    1.10503e+05   -5.30857e+05   -5.32326e+05
    Temperature Pressure (bar)   Constr. rmsd
    2.98304e+02   -7.66687e+01    3.35558e-06

           Step           Time
         384000      768.00000

   Energies (kJ/mol)
           Bond            U-B    Proper Dih.  Improper Dih.      CMAP Dih.
    1.24501e+02    5.58533e+02    4.06543e+02    2.03123e+01    2.21542e+01
          LJ-14     Coulomb-14        LJ (SR)   Coulomb (SR)   Coul. recip.
    1.09772e+02    3.18961e+03    6.90685e+04   -7.18422e+05    2.04421e+03
   COM Pull En.      Potential    Kinetic En.   Total Energy  Conserved En.
    3.40912e-01   -6.42878e+05    1.10958e+05   -5.31919e+05   -5.32587e+05
    Temperature Pressure (bar)   Constr. rmsd
    2.99532e+02   -9.26470e+01    2.70328e-06

           Step           Time
         384500      769.00000

   Energies (kJ/mol)
           Bond            U-B    Proper Dih.  Improper Dih.      CMAP Dih.
    1.24583e+02    4.83129e+02    4.93683e+02    3.16185e+01    4.32101e+00
          LJ-14     Coulomb-14        LJ (SR)   Coulomb (SR)   Coul. recip.
    9.89640e+01    3.24590e+03    7.12507e+04   -7.21334e+05    2.04217e+03
   COM Pull En.      Potential    Kinetic En.   Total Energy  Conserved En.
    4.13412e-01   -6.43559e+05    1.10919e+05   -5.32639e+05   -5.32573e+05
    Temperature Pressure (bar)   Constr. rmsd
    2.99427e+02    1.59935e+02    2.87589e-06

           Step           Time
         385000      770.00000

   Energies (kJ/mol)
           Bond            U-B    Proper Dih.  Improper Dih.      CMAP Dih.
    1.32157e+02    5.31982e+02    4.32112e+02    3.95632e+01    2.62038e+00
          LJ-14     Coulomb-14        LJ (SR)   Coulomb (SR)   Coul. recip.
    9.33999e+01    3.24392e+03    7.03705e+04   -7.20279e+05    2.05818e+03
   COM Pull En.      Potential    Kinetic En.   Total Energy  Conserved En.
    1.27809e+00   -6.43373e+05    1.10191e+05   -5.33182e+05   -5.32362e+05
    Temperature Pressure (bar)   Constr. rmsd
    2.97461e+02    7.57631e+01    2.19472e-06

           Step           Time
         385500      771.00000

   Energies (kJ/mol)
           Bond            U-B    Proper Dih.  Improper Dih.      CMAP Dih.
    1.61004e+02    5.14476e+02    4.41216e+02    3.89346e+01    2.29995e+01
          LJ-14     Coulomb-14        LJ (SR)   Coulomb (SR)   Coul. recip.
    8.73000e+01    3.20278e+03    6.90183e+04   -7.18163e+05    1.96852e+03
   COM Pull En.      Potential    Kinetic En.   Total Energy  Conserved En.
    7.60641e-01   -6.42707e+05    1.09940e+05   -5.32767e+05   -5.32448e+05
    Temperature Pressure (bar)   Constr. rmsd
    2.96784e+02   -7.37706e+01    2.36004e-06

           Step           Time
         386000      772.00000

   Energies (kJ/mol)
           Bond            U-B    Proper Dih.  Improper Dih.      CMAP Dih.
    1.48790e+02    5.55017e+02    4.21980e+02    3.07866e+01   -6.82237e+00
          LJ-14     Coulomb-14        LJ (SR)   Coulomb (SR)   Coul. recip.
    9.13947e+01    3.15541e+03    6.96945e+04   -7.19037e+05    1.95247e+03
   COM Pull En.      Potential    Kinetic En.   Total Energy  Conserved En.
    1.28818e+00   -6.42992e+05    1.10315e+05   -5.32678e+05   -5.32467e+05
    Temperature Pressure (bar)   Constr. rmsd
    2.97795e+02   -4.65273e+01    2.66512e-06

           Step           Time
         386500      773.00000

   Energies (kJ/mol)
           Bond            U-B    Proper Dih.  Improper Dih.      CMAP Dih.
    1.57700e+02    5.87795e+02    3.88763e+02    2.88571e+01    3.72799e+01
          LJ-14     Coulomb-14        LJ (SR)   Coulomb (SR)   Coul. recip.
    1.07273e+02    3.13114e+03    6.98344e+04   -7.19763e+05    1.95047e+03
   COM Pull En.      Potential    Kinetic En.   Total Energy  Conserved En.
    7.29739e-03   -6.43540e+05    1.10611e+05   -5.32929e+05   -5.32361e+05
    Temperature Pressure (bar)   Constr. rmsd
    2.98594e+02    5.88853e+00    2.98671e-06

           Step           Time
         387000      774.00000

   Energies (kJ/mol)
           Bond            U-B    Proper Dih.  Improper Dih.      CMAP Dih.
    2.09239e+02    5.88904e+02    3.85891e+02    2.48440e+01   -1.44345e+01
          LJ-14     Coulomb-14        LJ (SR)   Coulomb (SR)   Coul. recip.
    7.46162e+01    3.19977e+03    7.01261e+04   -7.19656e+05    2.00793e+03
   COM Pull En.      Potential    Kinetic En.   Total Energy  Conserved En.
    5.31391e-02   -6.43053e+05    1.10826e+05   -5.32227e+05   -5.32318e+05
    Temperature Pressure (bar)   Constr. rmsd
    2.99175e+02    3.92662e+01    2.59861e-06

           Step           Time
         387500      775.00000

   Energies (kJ/mol)
           Bond            U-B    Proper Dih.  Improper Dih.      CMAP Dih.
    1.43073e+02    6.47475e+02    4.22440e+02    1.26364e+01    7.03409e+00
          LJ-14     Coulomb-14        LJ (SR)   Coulomb (SR)   Coul. recip.
    8.66161e+01    3.17164e+03    6.98832e+04   -7.19070e+05    2.00276e+03
   COM Pull En.      Potential    Kinetic En.   Total Energy  Conserved En.
    1.24788e-01   -6.42693e+05    1.09868e+05   -5.32825e+05   -5.32325e+05
    Temperature Pressure (bar)   Constr. rmsd
    2.96590e+02    1.89146e+01    3.01622e-06

Writing checkpoint, step 387520 at Wed Jun 24 00:14:33 2026


           Step           Time
         388000      776.00000

   Energies (kJ/mol)
           Bond            U-B    Proper Dih.  Improper Dih.      CMAP Dih.
    1.64007e+02    6.24391e+02    4.25037e+02    1.38450e+01   -2.84870e+00
          LJ-14     Coulomb-14        LJ (SR)   Coulomb (SR)   Coul. recip.
    9.81490e+01    3.16146e+03    7.00828e+04   -7.19717e+05    1.93963e+03
   COM Pull En.      Potential    Kinetic En.   Total Energy  Conserved En.
    7.59711e-02   -6.43211e+05    1.10692e+05   -5.32519e+05   -5.32352e+05
    Temperature Pressure (bar)   Constr. rmsd
    2.98814e+02    8.12276e+01    3.23488e-06

           Step           Time
         388500      777.00000

   Energies (kJ/mol)
           Bond            U-B    Proper Dih.  Improper Dih.      CMAP Dih.
    1.75654e+02    5.65394e+02    4.63948e+02    2.53827e+01    4.81094e+00
          LJ-14     Coulomb-14        LJ (SR)   Coulomb (SR)   Coul. recip.
    9.74541e+01    3.18519e+03    7.04015e+04   -7.19192e+05    2.06334e+03
   COM Pull En.      Potential    Kinetic En.   Total Energy  Conserved En.
    2.47349e+00   -6.42206e+05    1.10585e+05   -5.31621e+05   -5.32370e+05
    Temperature Pressure (bar)   Constr. rmsd
    2.98525e+02    1.29419e+02    3.14424e-06

           Step           Time
         389000      778.00000

   Energies (kJ/mol)
           Bond            U-B    Proper Dih.  Improper Dih.      CMAP Dih.
    1.54518e+02    5.37314e+02    4.50322e+02    3.79921e+01   -1.74364e+01
          LJ-14     Coulomb-14        LJ (SR)   Coulomb (SR)   Coul. recip.
    1.08719e+02    3.22264e+03    6.94419e+04   -7.19203e+05    2.01802e+03
   COM Pull En.      Potential    Kinetic En.   Total Energy  Conserved En.
    4.05263e-03   -6.43249e+05    1.11031e+05   -5.32218e+05   -5.32409e+05
    Temperature Pressure (bar)   Constr. rmsd
    2.99728e+02   -5.82570e+01    2.59056e-06

           Step           Time
         389500      779.00000

   Energies (kJ/mol)
           Bond            U-B    Proper Dih.  Improper Dih.      CMAP Dih.
    1.71381e+02    5.81274e+02    4.54969e+02    2.09345e+01   -5.53438e+00
          LJ-14     Coulomb-14        LJ (SR)   Coulomb (SR)   Coul. recip.
    9.66493e+01    3.13398e+03    7.04946e+04   -7.20218e+05    2.08828e+03
   COM Pull En.      Potential    Kinetic En.   Total Energy  Conserved En.
    1.35069e-01   -6.43181e+05    1.10067e+05   -5.33115e+05   -5.32525e+05
    Temperature Pressure (bar)   Constr. rmsd
    2.97125e+02    9.24468e+01    2.73231e-06

           Step           Time
         390000      780.00000

   Energies (kJ/mol)
           Bond            U-B    Proper Dih.  Improper Dih.      CMAP Dih.
    1.83013e+02    4.71153e+02    4.67144e+02    2.71425e+01   -4.54203e+00
          LJ-14     Coulomb-14        LJ (SR)   Coulomb (SR)   Coul. recip.
    8.80507e+01    3.19540e+03    6.97392e+04   -7.19827e+05    1.99163e+03
   COM Pull En.      Potential    Kinetic En.   Total Energy  Conserved En.
    3.73692e-01   -6.43668e+05    1.09757e+05   -5.33911e+05   -5.32363e+05
    Temperature Pressure (bar)   Constr. rmsd
    2.96289e+02   -4.77612e+01    2.97805e-06

           Step           Time
         390500      781.00000

   Energies (kJ/mol)
           Bond            U-B    Proper Dih.  Improper Dih.      CMAP Dih.
    1.64387e+02    5.58339e+02    4.56296e+02    3.14482e+01   -3.71943e+00
          LJ-14     Coulomb-14        LJ (SR)   Coulomb (SR)   Coul. recip.
    1.05779e+02    3.19175e+03    7.06558e+04   -7.20321e+05    2.02946e+03
   COM Pull En.      Potential    Kinetic En.   Total Energy  Conserved En.
    2.16035e+00   -6.43129e+05    1.09351e+05   -5.33779e+05   -5.32343e+05
    Temperature Pressure (bar)   Constr. rmsd
    2.95192e+02    1.72889e+02    3.03643e-06

           Step           Time
         391000      782.00000

   Energies (kJ/mol)
           Bond            U-B    Proper Dih.  Improper Dih.      CMAP Dih.
    1.33279e+02    4.92365e+02    4.70342e+02    3.42089e+01   -2.60016e+00
          LJ-14     Coulomb-14        LJ (SR)   Coulomb (SR)   Coul. recip.
    9.67059e+01    3.19768e+03    6.87954e+04   -7.18399e+05    2.02774e+03
   COM Pull En.      Potential    Kinetic En.   Total Energy  Conserved En.
    1.22464e+00   -6.43153e+05    1.10402e+05   -5.32751e+05   -5.32191e+05
    Temperature Pressure (bar)   Constr. rmsd
    2.98031e+02   -7.44325e+01    3.43441e-06

           Step           Time
         391500      783.00000

   Energies (kJ/mol)
           Bond            U-B    Proper Dih.  Improper Dih.      CMAP Dih.
    1.57064e+02    5.79311e+02    4.41927e+02    2.82695e+01   -8.77374e+00
          LJ-14     Coulomb-14        LJ (SR)   Coulomb (SR)   Coul. recip.
    9.29220e+01    3.22067e+03    7.08787e+04   -7.20831e+05    1.94225e+03
   COM Pull En.      Potential    Kinetic En.   Total Energy  Conserved En.
    4.83518e-03   -6.43499e+05    1.11501e+05   -5.31997e+05   -5.32223e+05
    Temperature Pressure (bar)   Constr. rmsd
    3.00998e+02    1.97893e+02    2.89633e-06

           Step           Time
         392000      784.00000

   Energies (kJ/mol)
           Bond            U-B    Proper Dih.  Improper Dih.      CMAP Dih.
    1.58434e+02    5.50287e+02    4.31197e+02    2.04138e+01    1.06963e+00
          LJ-14     Coulomb-14        LJ (SR)   Coulomb (SR)   Coul. recip.
    9.26661e+01    3.21108e+03    6.96630e+04   -7.18387e+05    1.97341e+03
   COM Pull En.      Potential    Kinetic En.   Total Energy  Conserved En.
    7.81914e-01   -6.42284e+05    1.10719e+05   -5.31566e+05   -5.32340e+05
    Temperature Pressure (bar)   Constr. rmsd
    2.98886e+02    2.69244e+01    3.25491e-06

           Step           Time
         392500      785.00000

   Energies (kJ/mol)
           Bond            U-B    Proper Dih.  Improper Dih.      CMAP Dih.
    1.49553e+02    5.59274e+02    4.52450e+02    1.81678e+01   -2.42157e+00
          LJ-14     Coulomb-14        LJ (SR)   Coulomb (SR)   Coul. recip.
    1.09143e+02    3.21391e+03    6.95833e+04   -7.18458e+05    2.04782e+03
   COM Pull En.      Potential    Kinetic En.   Total Energy  Conserved En.
    2.84008e+00   -6.42324e+05    1.11315e+05   -5.31009e+05   -5.32478e+05
    Temperature Pressure (bar)   Constr. rmsd
    3.00494e+02    2.84173e+01    3.87981e-06

           Step           Time
         393000      786.00000

   Energies (kJ/mol)
           Bond            U-B    Proper Dih.  Improper Dih.      CMAP Dih.
    1.75400e+02    5.88226e+02    4.08606e+02    2.32997e+01   -2.10639e+01
          LJ-14     Coulomb-14        LJ (SR)   Coulomb (SR)   Coul. recip.
    1.06373e+02    3.17421e+03    7.00906e+04   -7.19131e+05    1.94892e+03
   COM Pull En.      Potential    Kinetic En.   Total Energy  Conserved En.
    7.00369e+00   -6.42629e+05    1.10912e+05   -5.31717e+05   -5.32581e+05
    Temperature Pressure (bar)   Constr. rmsd
    2.99407e+02    2.79489e+01    2.87450e-06

           Step           Time
         393500      787.00000

   Energies (kJ/mol)
           Bond            U-B    Proper Dih.  Improper Dih.      CMAP Dih.
    1.68085e+02    4.81188e+02    4.40799e+02    3.27392e+01   -1.20522e+00
          LJ-14     Coulomb-14        LJ (SR)   Coulomb (SR)   Coul. recip.
    9.72328e+01    3.24908e+03    7.01719e+04   -7.19541e+05    2.02929e+03
   COM Pull En.      Potential    Kinetic En.   Total Energy  Conserved En.
    4.94167e+00   -6.42867e+05    1.11184e+05   -5.31683e+05   -5.32623e+05
    Temperature Pressure (bar)   Constr. rmsd
    3.00141e+02    5.91898e+01    3.19190e-06

           Step           Time
         394000      788.00000

   Energies (kJ/mol)
           Bond            U-B    Proper Dih.  Improper Dih.      CMAP Dih.
    1.62252e+02    5.65719e+02    4.63904e+02    3.46353e+01   -7.46197e-01
          LJ-14     Coulomb-14        LJ (SR)   Coulomb (SR)   Coul. recip.
    1.05680e+02    3.24264e+03    6.86658e+04   -7.17363e+05    2.06942e+03
   COM Pull En.      Potential    Kinetic En.   Total Energy  Conserved En.
    3.95230e-02   -6.42054e+05    1.10216e+05   -5.31838e+05   -5.32444e+05
    Temperature Pressure (bar)   Constr. rmsd
    2.97527e+02   -9.44318e+01    2.48778e-06

           Step           Time
         394500      789.00000

   Energies (kJ/mol)
           Bond            U-B    Proper Dih.  Improper Dih.      CMAP Dih.
    1.23629e+02    5.25545e+02    4.43845e+02    2.59877e+01    1.40044e+01
          LJ-14     Coulomb-14        LJ (SR)   Coulomb (SR)   Coul. recip.
    1.17019e+02    3.21926e+03    6.90654e+04   -7.19089e+05    2.06116e+03
   COM Pull En.      Potential    Kinetic En.   Total Energy  Conserved En.
    1.08707e+00   -6.43492e+05    1.10999e+05   -5.32493e+05   -5.32528e+05
    Temperature Pressure (bar)   Constr. rmsd
    2.99643e+02   -6.05942e+01    3.27338e-06

           Step           Time
         395000      790.00000

   Energies (kJ/mol)
           Bond            U-B    Proper Dih.  Improper Dih.      CMAP Dih.
    1.73272e+02    5.31523e+02    4.38868e+02    1.63002e+01    2.76521e+00
          LJ-14     Coulomb-14        LJ (SR)   Coulomb (SR)   Coul. recip.
    1.14825e+02    3.18572e+03    6.86150e+04   -7.18270e+05    2.02473e+03
   COM Pull En.      Potential    Kinetic En.   Total Energy  Conserved En.
    4.45838e-02   -6.43166e+05    1.10581e+05   -5.32586e+05   -5.32347e+05
    Temperature Pressure (bar)   Constr. rmsd
    2.98513e+02   -1.86722e+02    2.88584e-06

           Step           Time
         395500      791.00000

   Energies (kJ/mol)
           Bond            U-B    Proper Dih.  Improper Dih.      CMAP Dih.
    1.43547e+02    5.14630e+02    4.33634e+02    2.22035e+01    2.76181e+01
          LJ-14     Coulomb-14        LJ (SR)   Coulomb (SR)   Coul. recip.
    1.21764e+02    3.20594e+03    7.02695e+04   -7.19364e+05    1.94418e+03
   COM Pull En.      Potential    Kinetic En.   Total Energy  Conserved En.
    2.32002e-02   -6.42680e+05    1.10493e+05   -5.32188e+05   -5.32320e+05
    Temperature Pressure (bar)   Constr. rmsd
    2.98275e+02    1.12313e+02    3.97943e-06

           Step           Time
         396000      792.00000

   Energies (kJ/mol)
           Bond            U-B    Proper Dih.  Improper Dih.      CMAP Dih.
    1.63358e+02    6.07570e+02    3.98941e+02    2.37654e+01    2.22211e+01
          LJ-14     Coulomb-14        LJ (SR)   Coulomb (SR)   Coul. recip.
    9.76752e+01    3.14978e+03    6.91231e+04   -7.18066e+05    2.02944e+03
   COM Pull En.      Potential    Kinetic En.   Total Energy  Conserved En.
    1.58015e-01   -6.42450e+05    1.10879e+05   -5.31571e+05   -5.32432e+05
    Temperature Pressure (bar)   Constr. rmsd
    2.99318e+02   -7.00633e+01    3.48756e-06

           Step           Time
         396500      793.00000

   Energies (kJ/mol)
           Bond            U-B    Proper Dih.  Improper Dih.      CMAP Dih.
    1.26166e+02    5.90239e+02    4.19764e+02    3.47230e+01    9.50858e+00
          LJ-14     Coulomb-14        LJ (SR)   Coulomb (SR)   Coul. recip.
    1.08659e+02    3.18173e+03    7.03215e+04   -7.19246e+05    2.03115e+03
   COM Pull En.      Potential    Kinetic En.   Total Energy  Conserved En.
    1.24443e-02   -6.42422e+05    1.10462e+05   -5.31960e+05   -5.32485e+05
    Temperature Pressure (bar)   Constr. rmsd
    2.98194e+02    1.00944e+02    3.57401e-06

Writing checkpoint, step 396560 at Wed Jun 24 00:29:37 2026


           Step           Time
         397000      794.00000

   Energies (kJ/mol)
           Bond            U-B    Proper Dih.  Improper Dih.      CMAP Dih.
    1.59440e+02    5.31641e+02    4.35255e+02    3.73862e+01    2.03066e+01
          LJ-14     Coulomb-14        LJ (SR)   Coulomb (SR)   Coul. recip.
    1.21748e+02    3.21867e+03    7.00335e+04   -7.19816e+05    1.97921e+03
   COM Pull En.      Potential    Kinetic En.   Total Energy  Conserved En.
    1.52683e+00   -6.43277e+05    1.10183e+05   -5.33094e+05   -5.32456e+05
    Temperature Pressure (bar)   Constr. rmsd
    2.97440e+02    5.02365e+00    2.82565e-06

           Step           Time
         397500      795.00000

   Energies (kJ/mol)
           Bond            U-B    Proper Dih.  Improper Dih.      CMAP Dih.
    1.09786e+02    5.57711e+02    4.14684e+02    2.45612e+01    3.97090e+00
          LJ-14     Coulomb-14        LJ (SR)   Coulomb (SR)   Coul. recip.
    1.06034e+02    3.23093e+03    7.02398e+04   -7.20325e+05    2.06746e+03
   COM Pull En.      Potential    Kinetic En.   Total Energy  Conserved En.
    4.38759e-02   -6.43570e+05    1.10192e+05   -5.33378e+05   -5.32546e+05
    Temperature Pressure (bar)   Constr. rmsd
    2.97465e+02    1.26962e+01    3.32868e-06

           Step           Time
         398000      796.00000

   Energies (kJ/mol)
           Bond            U-B    Proper Dih.  Improper Dih.      CMAP Dih.
    1.54234e+02    5.51659e+02    4.71548e+02    2.12573e+01   -1.73862e+01
          LJ-14     Coulomb-14        LJ (SR)   Coulomb (SR)   Coul. recip.
    1.06649e+02    3.21779e+03    7.04515e+04   -7.19647e+05    2.05231e+03
   COM Pull En.      Potential    Kinetic En.   Total Energy  Conserved En.
    1.37658e-04   -6.42638e+05    1.09591e+05   -5.33047e+05   -5.32467e+05
    Temperature Pressure (bar)   Constr. rmsd
    2.95841e+02    1.08161e+02    3.00855e-06

           Step           Time
         398500      797.00000

   Energies (kJ/mol)
           Bond            U-B    Proper Dih.  Improper Dih.      CMAP Dih.
    1.39761e+02    5.91611e+02    4.47882e+02    2.73085e+01   -1.18375e+01
          LJ-14     Coulomb-14        LJ (SR)   Coulomb (SR)   Coul. recip.
    1.06073e+02    3.17570e+03    7.02431e+04   -7.20029e+05    2.04222e+03
   COM Pull En.      Potential    Kinetic En.   Total Energy  Conserved En.
    5.12315e-01   -6.43267e+05    1.10748e+05   -5.32518e+05   -5.32572e+05
    Temperature Pressure (bar)   Constr. rmsd
    2.98965e+02    5.57876e+01    2.51147e-06

           Step           Time
         399000      798.00000

   Energies (kJ/mol)
           Bond            U-B    Proper Dih.  Improper Dih.      CMAP Dih.
    1.85472e+02    5.34374e+02    4.36279e+02    1.94080e+01   -9.39271e+00
          LJ-14     Coulomb-14        LJ (SR)   Coulomb (SR)   Coul. recip.
    9.32679e+01    3.17318e+03    6.90486e+04   -7.18323e+05    2.03403e+03
   COM Pull En.      Potential    Kinetic En.   Total Energy  Conserved En.
    1.58032e-04   -6.42808e+05    1.10123e+05   -5.32685e+05   -5.32611e+05
    Temperature Pressure (bar)   Constr. rmsd
    2.97276e+02   -1.17449e+02    3.34296e-06

           Step           Time
         399500      799.00000

   Energies (kJ/mol)
           Bond            U-B    Proper Dih.  Improper Dih.      CMAP Dih.
    2.00860e+02    5.69619e+02    4.19651e+02    2.06947e+01   -1.32623e+01
          LJ-14     Coulomb-14        LJ (SR)   Coulomb (SR)   Coul. recip.
    8.70051e+01    3.15423e+03    6.88707e+04   -7.18750e+05    1.97676e+03
   COM Pull En.      Potential    Kinetic En.   Total Energy  Conserved En.
    2.16442e+00   -6.43462e+05    1.10164e+05   -5.33298e+05   -5.32669e+05
    Temperature Pressure (bar)   Constr. rmsd
    2.97387e+02   -2.07475e+02    2.62098e-06

           Step           Time
         400000      800.00000

   Energies (kJ/mol)
           Bond            U-B    Proper Dih.  Improper Dih.      CMAP Dih.
    1.67467e+02    6.17611e+02    4.22740e+02    2.28081e+01   -4.23862e+00
          LJ-14     Coulomb-14        LJ (SR)   Coulomb (SR)   Coul. recip.
    1.06730e+02    3.16447e+03    7.02426e+04   -7.19242e+05    1.96138e+03
   COM Pull En.      Potential    Kinetic En.   Total Energy  Conserved En.
    5.80456e-01   -6.42540e+05    1.09419e+05   -5.33121e+05   -5.32704e+05
    Temperature Pressure (bar)   Constr. rmsd
    2.95378e+02    8.64930e+01    3.25212e-06

           Step           Time
         400500      801.00000

   Energies (kJ/mol)
           Bond            U-B    Proper Dih.  Improper Dih.      CMAP Dih.
    1.53895e+02    6.04813e+02    4.09351e+02    2.04068e+01   -2.28004e+01
          LJ-14     Coulomb-14        LJ (SR)   Coulomb (SR)   Coul. recip.
    1.07154e+02    3.18592e+03    6.95492e+04   -7.17204e+05    2.02041e+03
   COM Pull En.      Potential    Kinetic En.   Total Energy  Conserved En.
    1.70858e-01   -6.41176e+05    1.09477e+05   -5.31699e+05   -5.32684e+05
    Temperature Pressure (bar)   Constr. rmsd
    2.95534e+02    1.11287e-01    3.20878e-06

           Step           Time
         401000      802.00000

   Energies (kJ/mol)
           Bond            U-B    Proper Dih.  Improper Dih.      CMAP Dih.
    1.80729e+02    5.97922e+02    4.25516e+02    3.22357e+01   -5.99027e+00
          LJ-14     Coulomb-14        LJ (SR)   Coulomb (SR)   Coul. recip.
    9.70054e+01    3.12888e+03    6.92698e+04   -7.17139e+05    2.03295e+03
   COM Pull En.      Potential    Kinetic En.   Total Energy  Conserved En.
    5.57844e-01   -6.41379e+05    1.10546e+05   -5.30832e+05   -5.32763e+05
    Temperature Pressure (bar)   Constr. rmsd
    2.98421e+02   -1.55201e+01    2.83674e-06

           Step           Time
         401500      803.00000

   Energies (kJ/mol)
           Bond            U-B    Proper Dih.  Improper Dih.      CMAP Dih.
    1.16121e+02    5.37440e+02    4.44802e+02    1.16809e+01    1.13880e+01
          LJ-14     Coulomb-14        LJ (SR)   Coulomb (SR)   Coul. recip.
    9.99483e+01    3.21923e+03    6.95099e+04   -7.18466e+05    2.07389e+03
   COM Pull En.      Potential    Kinetic En.   Total Energy  Conserved En.
    1.43757e+00   -6.42440e+05    1.09852e+05   -5.32588e+05   -5.32701e+05
    Temperature Pressure (bar)   Constr. rmsd
    2.96547e+02   -3.59342e+01    3.17391e-06

           Step           Time
         402000      804.00000

   Energies (kJ/mol)
           Bond            U-B    Proper Dih.  Improper Dih.      CMAP Dih.
    1.22877e+02    5.40410e+02    4.46057e+02    3.81858e+01   -2.19054e+01
          LJ-14     Coulomb-14        LJ (SR)   Coulomb (SR)   Coul. recip.
    1.30380e+02    3.13329e+03    6.97041e+04   -7.19201e+05    2.12512e+03
   COM Pull En.      Potential    Kinetic En.   Total Energy  Conserved En.
    1.10189e-01   -6.42982e+05    1.10667e+05   -5.32316e+05   -5.32682e+05
    Temperature Pressure (bar)   Constr. rmsd
    2.98746e+02    1.74210e+01    4.11881e-06

           Step           Time
         402500      805.00000

   Energies (kJ/mol)
           Bond            U-B    Proper Dih.  Improper Dih.      CMAP Dih.
    1.16201e+02    6.00439e+02    4.21764e+02    1.86564e+01   -4.33808e+00
          LJ-14     Coulomb-14        LJ (SR)   Coulomb (SR)   Coul. recip.
    1.15758e+02    3.18652e+03    6.98332e+04   -7.20116e+05    2.01630e+03
   COM Pull En.      Potential    Kinetic En.   Total Energy  Conserved En.
    3.38212e-03   -6.43812e+05    1.10431e+05   -5.33380e+05   -5.32644e+05
    Temperature Pressure (bar)   Constr. rmsd
    2.98110e+02   -3.47720e+01    3.13589e-06

           Step           Time
         403000      806.00000

   Energies (kJ/mol)
           Bond            U-B    Proper Dih.  Improper Dih.      CMAP Dih.
    1.59459e+02    5.13243e+02    4.50736e+02    2.26142e+01    1.06016e+01
          LJ-14     Coulomb-14        LJ (SR)   Coulomb (SR)   Coul. recip.
    9.18238e+01    3.18133e+03    7.08875e+04   -7.20514e+05    1.98506e+03
   COM Pull En.      Potential    Kinetic En.   Total Energy  Conserved En.
    3.42414e-01   -6.43212e+05    1.10626e+05   -5.32586e+05   -5.32582e+05
    Temperature Pressure (bar)   Constr. rmsd
    2.98634e+02    1.30409e+02    3.06153e-06

           Step           Time
         403500      807.00000

   Energies (kJ/mol)
           Bond            U-B    Proper Dih.  Improper Dih.      CMAP Dih.
    1.75069e+02    4.82844e+02    4.43725e+02    3.34524e+01   -3.55025e-01
          LJ-14     Coulomb-14        LJ (SR)   Coulomb (SR)   Coul. recip.
    1.18776e+02    3.23486e+03    6.94954e+04   -7.18899e+05    1.96979e+03
   COM Pull En.      Potential    Kinetic En.   Total Energy  Conserved En.
    5.12196e-01   -6.42945e+05    1.10025e+05   -5.32920e+05   -5.32645e+05
    Temperature Pressure (bar)   Constr. rmsd
    2.97013e+02   -5.72113e+01    3.69038e-06

           Step           Time
         404000      808.00000

   Energies (kJ/mol)
           Bond            U-B    Proper Dih.  Improper Dih.      CMAP Dih.
    1.73032e+02    5.89498e+02    4.09848e+02    2.57198e+01   -3.05140e+00
          LJ-14     Coulomb-14        LJ (SR)   Coulomb (SR)   Coul. recip.
    1.25157e+02    3.22124e+03    6.93686e+04   -7.18814e+05    2.00830e+03
   COM Pull En.      Potential    Kinetic En.   Total Energy  Conserved En.
    1.43200e-01   -6.42896e+05    1.10932e+05   -5.31964e+05   -5.32476e+05
    Temperature Pressure (bar)   Constr. rmsd
    2.99460e+02   -1.91013e+01    3.53869e-06

           Step           Time
         404500      809.00000

   Energies (kJ/mol)
           Bond            U-B    Proper Dih.  Improper Dih.      CMAP Dih.
    1.52703e+02    5.86444e+02    4.47143e+02    2.03679e+01   -3.72955e+00
          LJ-14     Coulomb-14        LJ (SR)   Coulomb (SR)   Coul. recip.
    1.10488e+02    3.16804e+03    6.86958e+04   -7.17072e+05    2.08548e+03
   COM Pull En.      Potential    Kinetic En.   Total Energy  Conserved En.
    1.28969e-01   -6.41809e+05    1.10439e+05   -5.31370e+05   -5.32491e+05
    Temperature Pressure (bar)   Constr. rmsd
    2.98131e+02   -9.34668e+01    3.59169e-06

           Step           Time
         405000      810.00000

   Energies (kJ/mol)
           Bond            U-B    Proper Dih.  Improper Dih.      CMAP Dih.
    1.49804e+02    5.92441e+02    4.06536e+02    1.53566e+01    7.23113e+00
          LJ-14     Coulomb-14        LJ (SR)   Coulomb (SR)   Coul. recip.
    1.10337e+02    3.19489e+03    6.95334e+04   -7.18034e+05    2.06428e+03
   COM Pull En.      Potential    Kinetic En.   Total Energy  Conserved En.
    7.80485e-01   -6.41959e+05    1.11460e+05   -5.30498e+05   -5.32586e+05
    Temperature Pressure (bar)   Constr. rmsd
    3.00888e+02    3.89880e+01    5.02946e-06

           Step           Time
         405500      811.00000

   Energies (kJ/mol)
           Bond            U-B    Proper Dih.  Improper Dih.      CMAP Dih.
    1.43900e+02    6.24678e+02    4.21839e+02    3.67934e+01   -9.16217e+00
          LJ-14     Coulomb-14        LJ (SR)   Coulomb (SR)   Coul. recip.
    1.12517e+02    3.18487e+03    7.02824e+04   -7.19609e+05    2.07077e+03
   COM Pull En.      Potential    Kinetic En.   Total Energy  Conserved En.
    3.12940e+00   -6.42738e+05    1.11531e+05   -5.31207e+05   -5.32699e+05
    Temperature Pressure (bar)   Constr. rmsd
    3.01079e+02    7.38842e+01    2.81715e-06

Writing checkpoint, step 405520 at Wed Jun 24 00:44:31 2026


           Step           Time
         406000      812.00000

   Energies (kJ/mol)
           Bond            U-B    Proper Dih.  Improper Dih.      CMAP Dih.
    1.87912e+02    5.40210e+02    4.56481e+02    2.16330e+01   -2.29618e+00
          LJ-14     Coulomb-14        LJ (SR)   Coulomb (SR)   Coul. recip.
    1.08587e+02    3.16418e+03    6.91353e+04   -7.18000e+05    1.99449e+03
   COM Pull En.      Potential    Kinetic En.   Total Energy  Conserved En.
    1.33018e+00   -6.42392e+05    1.10673e+05   -5.31719e+05   -5.32554e+05
    Temperature Pressure (bar)   Constr. rmsd
    2.98762e+02   -9.74467e+01    3.45732e-06

           Step           Time
         406500      813.00000

   Energies (kJ/mol)
           Bond            U-B    Proper Dih.  Improper Dih.      CMAP Dih.
    1.87312e+02    5.96704e+02    4.26729e+02    3.27168e+01    4.81323e+00
          LJ-14     Coulomb-14        LJ (SR)   Coulomb (SR)   Coul. recip.
    1.03446e+02    3.12848e+03    6.91583e+04   -7.18052e+05    2.00336e+03
   COM Pull En.      Potential    Kinetic En.   Total Energy  Conserved En.
    2.54444e-03   -6.42410e+05    1.11167e+05   -5.31243e+05   -5.32405e+05
    Temperature Pressure (bar)   Constr. rmsd
    3.00096e+02   -3.41345e+01    2.97326e-06

           Step           Time
         407000      814.00000

   Energies (kJ/mol)
           Bond            U-B    Proper Dih.  Improper Dih.      CMAP Dih.
    1.69551e+02    6.08466e+02    4.04475e+02    2.76413e+01    2.74822e+01
          LJ-14     Coulomb-14        LJ (SR)   Coulomb (SR)   Coul. recip.
    1.01152e+02    3.22408e+03    7.09192e+04   -7.19522e+05    2.06455e+03
   COM Pull En.      Potential    Kinetic En.   Total Energy  Conserved En.
    2.65836e-01   -6.41975e+05    1.10032e+05   -5.31942e+05   -5.32561e+05
    Temperature Pressure (bar)   Constr. rmsd
    2.97033e+02    2.27859e+02    2.43594e-06

           Step           Time
         407500      815.00000

   Energies (kJ/mol)
           Bond            U-B    Proper Dih.  Improper Dih.      CMAP Dih.
    1.80539e+02    5.57884e+02    4.09687e+02    3.36622e+01    3.80297e+01
          LJ-14     Coulomb-14        LJ (SR)   Coulomb (SR)   Coul. recip.
    1.01798e+02    3.19193e+03    6.96110e+04   -7.18954e+05    2.04515e+03
   COM Pull En.      Potential    Kinetic En.   Total Energy  Conserved En.
    3.44651e-01   -6.42784e+05    1.10558e+05   -5.32227e+05   -5.32363e+05
    Temperature Pressure (bar)   Constr. rmsd
    2.98451e+02   -1.74729e+01    2.68516e-06

           Step           Time
         408000      816.00000

   Energies (kJ/mol)
           Bond            U-B    Proper Dih.  Improper Dih.      CMAP Dih.
    1.97877e+02    5.54519e+02    4.18901e+02    2.69076e+01    3.91293e-01
          LJ-14     Coulomb-14        LJ (SR)   Coulomb (SR)   Coul. recip.
    8.95838e+01    3.17351e+03    7.03789e+04   -7.19016e+05    2.00795e+03
   COM Pull En.      Potential    Kinetic En.   Total Energy  Conserved En.
    3.70491e-01   -6.42167e+05    1.10658e+05   -5.31509e+05   -5.32336e+05
    Temperature Pressure (bar)   Constr. rmsd
    2.98721e+02    2.02018e+02    3.16595e-06

           Step           Time
         408500      817.00000

   Energies (kJ/mol)
           Bond            U-B    Proper Dih.  Improper Dih.      CMAP Dih.
    1.39175e+02    6.07867e+02    4.04737e+02    2.31668e+01    1.20175e+01
          LJ-14     Coulomb-14        LJ (SR)   Coulomb (SR)   Coul. recip.
    9.91097e+01    3.18700e+03    7.03002e+04   -7.19576e+05    1.97711e+03
   COM Pull En.      Potential    Kinetic En.   Total Energy  Conserved En.
    3.80761e+00   -6.42821e+05    1.10170e+05   -5.32651e+05   -5.32477e+05
    Temperature Pressure (bar)   Constr. rmsd
    2.97405e+02    8.67624e+01    2.60755e-06

           Step           Time
         409000      818.00000

   Energies (kJ/mol)
           Bond            U-B    Proper Dih.  Improper Dih.      CMAP Dih.
    1.67471e+02    6.07399e+02    3.83340e+02    2.59984e+01    3.94805e+01
          LJ-14     Coulomb-14        LJ (SR)   Coulomb (SR)   Coul. recip.
    1.03349e+02    3.18112e+03    6.90973e+04   -7.17990e+05    1.97606e+03
   COM Pull En.      Potential    Kinetic En.   Total Energy  Conserved En.
    5.53335e-02   -6.42408e+05    1.10270e+05   -5.32138e+05   -5.32625e+05
    Temperature Pressure (bar)   Constr. rmsd
    2.97675e+02   -1.00204e+02    3.26237e-06

           Step           Time
         409500      819.00000

   Energies (kJ/mol)
           Bond            U-B    Proper Dih.  Improper Dih.      CMAP Dih.
    1.39932e+02    6.03011e+02    4.37042e+02    2.08368e+01   -1.54055e+01
          LJ-14     Coulomb-14        LJ (SR)   Coulomb (SR)   Coul. recip.
    9.85747e+01    3.14978e+03    6.99513e+04   -7.19096e+05    2.04029e+03
   COM Pull En.      Potential    Kinetic En.   Total Energy  Conserved En.
    1.31999e-01   -6.42671e+05    1.09997e+05   -5.32674e+05   -5.32584e+05
    Temperature Pressure (bar)   Constr. rmsd
    2.96938e+02    4.37855e+01    2.48127e-06

           Step           Time
         410000      820.00000

   Energies (kJ/mol)
           Bond            U-B    Proper Dih.  Improper Dih.      CMAP Dih.
    1.63964e+02    5.96223e+02    4.11790e+02    4.21099e+01    6.07127e+00
          LJ-14     Coulomb-14        LJ (SR)   Coulomb (SR)   Coul. recip.
    8.50756e+01    3.15720e+03    6.99437e+04   -7.19747e+05    2.02826e+03
   COM Pull En.      Potential    Kinetic En.   Total Energy  Conserved En.
    4.21926e-01   -6.43313e+05    1.09842e+05   -5.33470e+05   -5.32632e+05
    Temperature Pressure (bar)   Constr. rmsd
    2.96520e+02   -7.87077e+00    3.21268e-06

           Step           Time
         410500      821.00000

   Energies (kJ/mol)
           Bond            U-B    Proper Dih.  Improper Dih.      CMAP Dih.
    1.76736e+02    5.58861e+02    4.20867e+02    1.89436e+01   -1.72817e+01
          LJ-14     Coulomb-14        LJ (SR)   Coulomb (SR)   Coul. recip.
    1.03631e+02    3.15769e+03    7.10181e+04   -7.21948e+05    1.93136e+03
   COM Pull En.      Potential    Kinetic En.   Total Energy  Conserved En.
    1.41981e-03   -6.44579e+05    1.10290e+05   -5.34288e+05   -5.32667e+05
    Temperature Pressure (bar)   Constr. rmsd
    2.97729e+02    5.83042e+01    4.21571e-06

           Step           Time
         411000      822.00000

   Energies (kJ/mol)
           Bond            U-B    Proper Dih.  Improper Dih.      CMAP Dih.
    1.59185e+02    4.95578e+02    4.14651e+02    1.93269e+01    7.39881e+00
          LJ-14     Coulomb-14        LJ (SR)   Coulomb (SR)   Coul. recip.
    1.09062e+02    3.19668e+03    7.07453e+04   -7.20916e+05    2.03723e+03
   COM Pull En.      Potential    Kinetic En.   Total Energy  Conserved En.
    3.30034e+00   -6.43728e+05    1.10223e+05   -5.33505e+05   -5.32548e+05
    Temperature Pressure (bar)   Constr. rmsd
    2.97547e+02    1.19040e+02    2.85582e-06

           Step           Time
         411500      823.00000

   Energies (kJ/mol)
           Bond            U-B    Proper Dih.  Improper Dih.      CMAP Dih.
    1.63483e+02    5.92783e+02    4.09169e+02    1.84250e+01    8.40237e+00
          LJ-14     Coulomb-14        LJ (SR)   Coulomb (SR)   Coul. recip.
    1.06344e+02    3.22011e+03    7.06200e+04   -7.20639e+05    1.96625e+03
   COM Pull En.      Potential    Kinetic En.   Total Energy  Conserved En.
    4.12186e+00   -6.43530e+05    1.10560e+05   -5.32970e+05   -5.32654e+05
    Temperature Pressure (bar)   Constr. rmsd
    2.98457e+02    1.24930e+02    3.01487e-06

           Step           Time
         412000      824.00000

   Energies (kJ/mol)
           Bond            U-B    Proper Dih.  Improper Dih.      CMAP Dih.
    1.76156e+02    6.28355e+02    3.88623e+02    2.64935e+01    1.80917e+01
          LJ-14     Coulomb-14        LJ (SR)   Coulomb (SR)   Coul. recip.
    8.98475e+01    3.18314e+03    6.91085e+04   -7.18317e+05    2.00240e+03
   COM Pull En.      Potential    Kinetic En.   Total Energy  Conserved En.
    9.60901e-01   -6.42694e+05    1.09757e+05   -5.32937e+05   -5.32795e+05
    Temperature Pressure (bar)   Constr. rmsd
    2.96289e+02   -1.35484e+02    2.74817e-06

           Step           Time
         412500      825.00000

   Energies (kJ/mol)
           Bond            U-B    Proper Dih.  Improper Dih.      CMAP Dih.
    1.58756e+02    5.08562e+02    4.19537e+02    2.39649e+01    1.07787e+01
          LJ-14     Coulomb-14        LJ (SR)   Coulomb (SR)   Coul. recip.
    1.22572e+02    3.20091e+03    6.88939e+04   -7.18054e+05    1.99558e+03
   COM Pull En.      Potential    Kinetic En.   Total Energy  Conserved En.
    2.12805e+00   -6.42717e+05    1.10146e+05   -5.32571e+05   -5.32959e+05
    Temperature Pressure (bar)   Constr. rmsd
    2.97340e+02   -2.02659e+02    2.81983e-06

           Step           Time
         413000      826.00000

   Energies (kJ/mol)
           Bond            U-B    Proper Dih.  Improper Dih.      CMAP Dih.
    1.31252e+02    5.48501e+02    4.25633e+02    2.09888e+01   -2.15138e+00
          LJ-14     Coulomb-14        LJ (SR)   Coulomb (SR)   Coul. recip.
    1.19121e+02    3.24162e+03    6.96599e+04   -7.18652e+05    2.03053e+03
   COM Pull En.      Potential    Kinetic En.   Total Energy  Conserved En.
    3.87712e-01   -6.42476e+05    1.10761e+05   -5.31715e+05   -5.32897e+05
    Temperature Pressure (bar)   Constr. rmsd
    2.99000e+02   -3.72755e+01    2.65190e-06

           Step           Time
         413500      827.00000

   Energies (kJ/mol)
           Bond            U-B    Proper Dih.  Improper Dih.      CMAP Dih.
    2.09440e+02    5.60042e+02    4.42705e+02    3.02864e+01    1.47091e+01
          LJ-14     Coulomb-14        LJ (SR)   Coulomb (SR)   Coul. recip.
    1.04909e+02    3.16563e+03    7.06628e+04   -7.20025e+05    2.04867e+03
   COM Pull En.      Potential    Kinetic En.   Total Energy  Conserved En.
    1.44618e-01   -6.42786e+05    1.11151e+05   -5.31635e+05   -5.32893e+05
    Temperature Pressure (bar)   Constr. rmsd
    3.00052e+02    5.45105e+01    2.67980e-06

           Step           Time
         414000      828.00000

   Energies (kJ/mol)
           Bond            U-B    Proper Dih.  Improper Dih.      CMAP Dih.
    1.66466e+02    5.36852e+02    4.29782e+02    3.25511e+01   -8.87799e+00
          LJ-14     Coulomb-14        LJ (SR)   Coulomb (SR)   Coul. recip.
    1.17197e+02    3.24311e+03    6.94958e+04   -7.19138e+05    1.95913e+03
   COM Pull En.      Potential    Kinetic En.   Total Energy  Conserved En.
    1.23380e-01   -6.43166e+05    1.10902e+05   -5.32263e+05   -5.32792e+05
    Temperature Pressure (bar)   Constr. rmsd
    2.99382e+02   -9.42713e+01    2.65344e-06

Writing checkpoint, step 414480 at Wed Jun 24 00:59:32 2026


           Step           Time
         414500      829.00000

   Energies (kJ/mol)
           Bond            U-B    Proper Dih.  Improper Dih.      CMAP Dih.
    1.42419e+02    5.54269e+02    4.06323e+02    1.68720e+01    2.21251e+01
          LJ-14     Coulomb-14        LJ (SR)   Coulomb (SR)   Coul. recip.
    1.23480e+02    3.21453e+03    7.00575e+04   -7.19692e+05    2.09125e+03
   COM Pull En.      Potential    Kinetic En.   Total Energy  Conserved En.
    1.06914e+00   -6.43062e+05    1.10532e+05   -5.32530e+05   -5.32779e+05
    Temperature Pressure (bar)   Constr. rmsd
    2.98381e+02   -1.34531e+01    2.95831e-06

           Step           Time
         415000      830.00000

   Energies (kJ/mol)
           Bond            U-B    Proper Dih.  Improper Dih.      CMAP Dih.
    1.06703e+02    5.21812e+02    4.33362e+02    2.71619e+01    1.74058e+00
          LJ-14     Coulomb-14        LJ (SR)   Coulomb (SR)   Coul. recip.
    1.09519e+02    3.24399e+03    6.94034e+04   -7.19863e+05    2.01011e+03
   COM Pull En.      Potential    Kinetic En.   Total Energy  Conserved En.
    3.13928e+00   -6.44002e+05    1.10458e+05   -5.33544e+05   -5.32831e+05
    Temperature Pressure (bar)   Constr. rmsd
    2.98181e+02   -1.22973e+02    2.67525e-06

           Step           Time
         415500      831.00000

   Energies (kJ/mol)
           Bond            U-B    Proper Dih.  Improper Dih.      CMAP Dih.
    1.27413e+02    5.42131e+02    4.45482e+02    2.79662e+01   -6.66165e+00
          LJ-14     Coulomb-14        LJ (SR)   Coulomb (SR)   Coul. recip.
    1.09509e+02    3.19312e+03    6.95441e+04   -7.18577e+05    2.02074e+03
   COM Pull En.      Potential    Kinetic En.   Total Energy  Conserved En.
    1.08557e+00   -6.42572e+05    1.10043e+05   -5.32530e+05   -5.32679e+05
    Temperature Pressure (bar)   Constr. rmsd
    2.97060e+02   -2.85994e+01    2.91252e-06

           Step           Time
         416000      832.00000

   Energies (kJ/mol)
           Bond            U-B    Proper Dih.  Improper Dih.      CMAP Dih.
    1.54184e+02    5.39905e+02    4.17206e+02    2.12812e+01    1.41487e+01
          LJ-14     Coulomb-14        LJ (SR)   Coulomb (SR)   Coul. recip.
    1.01105e+02    3.19442e+03    6.92351e+04   -7.18544e+05    2.01117e+03
   COM Pull En.      Potential    Kinetic En.   Total Energy  Conserved En.
    4.74227e-04   -6.42855e+05    1.11329e+05   -5.31526e+05   -5.32532e+05
    Temperature Pressure (bar)   Constr. rmsd
    3.00534e+02   -3.97729e+01    7.49990e-06

           Step           Time
         416500      833.00000

   Energies (kJ/mol)
           Bond            U-B    Proper Dih.  Improper Dih.      CMAP Dih.
    1.61760e+02    6.06164e+02    3.81479e+02    2.99052e+01    3.87938e+00
          LJ-14     Coulomb-14        LJ (SR)   Coulomb (SR)   Coul. recip.
    1.04651e+02    3.16749e+03    6.99127e+04   -7.18702e+05    1.95817e+03
   COM Pull En.      Potential    Kinetic En.   Total Energy  Conserved En.
    5.72877e-06   -6.42375e+05    1.10435e+05   -5.31940e+05   -5.32447e+05
    Temperature Pressure (bar)   Constr. rmsd
    2.98120e+02    7.97728e+01    2.87966e-06

           Step           Time
         417000      834.00000

   Energies (kJ/mol)
           Bond            U-B    Proper Dih.  Improper Dih.      CMAP Dih.
    1.79984e+02    5.28478e+02    4.29706e+02    4.48385e+01   -2.25250e+01
          LJ-14     Coulomb-14        LJ (SR)   Coulomb (SR)   Coul. recip.
    1.10406e+02    3.19749e+03    7.03228e+04   -7.19522e+05    2.03298e+03
   COM Pull En.      Potential    Kinetic En.   Total Energy  Conserved En.
    2.65185e-01   -6.42697e+05    1.11038e+05   -5.31660e+05   -5.32531e+05
    Temperature Pressure (bar)   Constr. rmsd
    2.99746e+02    1.36944e+02    2.92525e-06

           Step           Time
         417500      835.00000

   Energies (kJ/mol)
           Bond            U-B    Proper Dih.  Improper Dih.      CMAP Dih.
    1.65243e+02    5.33663e+02    4.08745e+02    3.75061e+01   -1.99424e+00
          LJ-14     Coulomb-14        LJ (SR)   Coulomb (SR)   Coul. recip.
    1.09401e+02    3.22589e+03    7.06894e+04   -7.18949e+05    1.98930e+03
   COM Pull En.      Potential    Kinetic En.   Total Energy  Conserved En.
    1.93262e-01   -6.41792e+05    1.10779e+05   -5.31013e+05   -5.32621e+05
    Temperature Pressure (bar)   Constr. rmsd
    2.99050e+02    1.81896e+02    2.30515e-06

           Step           Time
         418000      836.00000

   Energies (kJ/mol)
           Bond            U-B    Proper Dih.  Improper Dih.      CMAP Dih.
    1.38850e+02    6.14773e+02    4.43721e+02    5.16936e+01    1.08313e+01
          LJ-14     Coulomb-14        LJ (SR)   Coulomb (SR)   Coul. recip.
    1.26498e+02    3.20960e+03    7.01807e+04   -7.18392e+05    2.00511e+03
   COM Pull En.      Potential    Kinetic En.   Total Energy  Conserved En.
    1.01624e+00   -6.41610e+05    1.11025e+05   -5.30585e+05   -5.32690e+05
    Temperature Pressure (bar)   Constr. rmsd
    2.99712e+02    1.21583e+02    2.19168e-06

           Step           Time
         418500      837.00000

   Energies (kJ/mol)
           Bond            U-B    Proper Dih.  Improper Dih.      CMAP Dih.
    2.00336e+02    5.36337e+02    4.39870e+02    3.74347e+01   -4.29987e+00
          LJ-14     Coulomb-14        LJ (SR)   Coulomb (SR)   Coul. recip.
    1.08429e+02    3.18339e+03    7.03736e+04   -7.18271e+05    2.07664e+03
   COM Pull En.      Potential    Kinetic En.   Total Energy  Conserved En.
    8.08525e-02   -6.41319e+05    1.10443e+05   -5.30877e+05   -5.32673e+05
    Temperature Pressure (bar)   Constr. rmsd
    2.98141e+02    1.31672e+02    3.41912e-06

           Step           Time
         419000      838.00000

   Energies (kJ/mol)
           Bond            U-B    Proper Dih.  Improper Dih.      CMAP Dih.
    1.72225e+02    5.25321e+02    4.43811e+02    1.74809e+01   -3.22398e+01
          LJ-14     Coulomb-14        LJ (SR)   Coulomb (SR)   Coul. recip.
    1.02121e+02    3.17492e+03    6.93118e+04   -7.18774e+05    2.01409e+03
   COM Pull En.      Potential    Kinetic En.   Total Energy  Conserved En.
    4.32016e-01   -6.43044e+05    1.10620e+05   -5.32424e+05   -5.32615e+05
    Temperature Pressure (bar)   Constr. rmsd
    2.98619e+02   -5.51113e+01    2.94483e-06

           Step           Time
         419500      839.00000

   Energies (kJ/mol)
           Bond            U-B    Proper Dih.  Improper Dih.      CMAP Dih.
    1.79158e+02    5.45719e+02    4.56362e+02    4.30521e+01   -3.95738e+01
          LJ-14     Coulomb-14        LJ (SR)   Coulomb (SR)   Coul. recip.
    1.14215e+02    3.24840e+03    7.07645e+04   -7.19136e+05    1.96871e+03
   COM Pull En.      Potential    Kinetic En.   Total Energy  Conserved En.
    2.31652e-01   -6.41856e+05    1.10667e+05   -5.31188e+05   -5.32750e+05
    Temperature Pressure (bar)   Constr. rmsd
    2.98747e+02    1.95287e+02    4.68445e-06

           Step           Time
         420000      840.00000

   Energies (kJ/mol)
           Bond            U-B    Proper Dih.  Improper Dih.      CMAP Dih.
    1.78215e+02    5.94992e+02    4.24054e+02    2.66418e+01    1.23560e+01
          LJ-14     Coulomb-14        LJ (SR)   Coulomb (SR)   Coul. recip.
    1.06151e+02    3.14429e+03    6.89896e+04   -7.17395e+05    1.92563e+03
   COM Pull En.      Potential    Kinetic En.   Total Energy  Conserved En.
    3.28252e-01   -6.41992e+05    1.10031e+05   -5.31962e+05   -5.32648e+05
    Temperature Pressure (bar)   Constr. rmsd
    2.97029e+02   -3.78517e+01    3.29504e-06

           Step           Time
         420500      841.00000

   Energies (kJ/mol)
           Bond            U-B    Proper Dih.  Improper Dih.      CMAP Dih.
    1.55346e+02    5.02817e+02    4.64427e+02    1.95068e+01   -1.73053e+01
          LJ-14     Coulomb-14        LJ (SR)   Coulomb (SR)   Coul. recip.
    1.00817e+02    3.19037e+03    7.03143e+04   -7.19790e+05    1.96819e+03
   COM Pull En.      Potential    Kinetic En.   Total Energy  Conserved En.
    2.43275e-02   -6.43092e+05    1.09582e+05   -5.33509e+05   -5.32528e+05
    Temperature Pressure (bar)   Constr. rmsd
    2.95818e+02    5.94943e+01    2.62310e-06

           Step           Time
         421000      842.00000

   Energies (kJ/mol)
           Bond            U-B    Proper Dih.  Improper Dih.      CMAP Dih.
    1.25732e+02    5.83992e+02    4.16843e+02    2.76397e+01    3.58552e+01
          LJ-14     Coulomb-14        LJ (SR)   Coulomb (SR)   Coul. recip.
    1.01383e+02    3.24247e+03    7.04414e+04   -7.20079e+05    2.01804e+03
   COM Pull En.      Potential    Kinetic En.   Total Energy  Conserved En.
    2.60137e-02   -6.43086e+05    1.10255e+05   -5.32831e+05   -5.32634e+05
    Temperature Pressure (bar)   Constr. rmsd
    2.97634e+02    9.62860e+01    3.79564e-06

           Step           Time
         421500      843.00000

   Energies (kJ/mol)
           Bond            U-B    Proper Dih.  Improper Dih.      CMAP Dih.
    1.41618e+02    5.69029e+02    4.06440e+02    3.21117e+01   -1.69043e+01
          LJ-14     Coulomb-14        LJ (SR)   Coulomb (SR)   Coul. recip.
    8.81356e+01    3.19095e+03    6.90573e+04   -7.18386e+05    2.03886e+03
   COM Pull En.      Potential    Kinetic En.   Total Energy  Conserved En.
    6.20718e-02   -6.42879e+05    1.11081e+05   -5.31797e+05   -5.32402e+05
    Temperature Pressure (bar)   Constr. rmsd
    2.99864e+02   -3.08468e+01    4.54492e-06

           Step           Time
         422000      844.00000

   Energies (kJ/mol)
           Bond            U-B    Proper Dih.  Improper Dih.      CMAP Dih.
    1.66659e+02    5.92274e+02    4.21087e+02    1.60384e+01   -3.62336e+01
          LJ-14     Coulomb-14        LJ (SR)   Coulomb (SR)   Coul. recip.
    1.08454e+02    3.19259e+03    6.90653e+04   -7.18073e+05    2.04656e+03
   COM Pull En.      Potential    Kinetic En.   Total Energy  Conserved En.
    1.23653e-01   -6.42501e+05    1.09595e+05   -5.32905e+05   -5.32345e+05
    Temperature Pressure (bar)   Constr. rmsd
    2.95853e+02    2.28838e+01    2.94963e-06

           Step           Time
         422500      845.00000

   Energies (kJ/mol)
           Bond            U-B    Proper Dih.  Improper Dih.      CMAP Dih.
    1.49493e+02    5.69330e+02    4.04580e+02    2.26414e+01    2.33603e+01
          LJ-14     Coulomb-14        LJ (SR)   Coulomb (SR)   Coul. recip.
    9.31364e+01    3.15853e+03    7.01072e+04   -7.19864e+05    1.95925e+03
   COM Pull En.      Potential    Kinetic En.   Total Energy  Conserved En.
    3.98223e+00   -6.43373e+05    1.09778e+05   -5.33594e+05   -5.32320e+05
    Temperature Pressure (bar)   Constr. rmsd
    2.96347e+02    1.14311e+02    2.82950e-06

           Step           Time
         423000      846.00000

   Energies (kJ/mol)
           Bond            U-B    Proper Dih.  Improper Dih.      CMAP Dih.
    1.62199e+02    6.32758e+02    3.87209e+02    3.17413e+01    1.30086e+01
          LJ-14     Coulomb-14        LJ (SR)   Coulomb (SR)   Coul. recip.
    9.52462e+01    3.17680e+03    6.99524e+04   -7.19830e+05    2.03961e+03
   COM Pull En.      Potential    Kinetic En.   Total Energy  Conserved En.
    6.31200e+00   -6.43332e+05    1.10517e+05   -5.32815e+05   -5.32156e+05
    Temperature Pressure (bar)   Constr. rmsd
    2.98342e+02    1.69987e+02    2.83421e-06

Writing checkpoint, step 423440 at Wed Jun 24 01:14:35 2026


           Step           Time
         423500      847.00000

   Energies (kJ/mol)
           Bond            U-B    Proper Dih.  Improper Dih.      CMAP Dih.
    1.28491e+02    5.56440e+02    4.10651e+02    2.22929e+01    1.79642e+01
          LJ-14     Coulomb-14        LJ (SR)   Coulomb (SR)   Coul. recip.
    9.46785e+01    3.23199e+03    7.06448e+04   -7.20000e+05    2.01110e+03
   COM Pull En.      Potential    Kinetic En.   Total Energy  Conserved En.
    4.08095e+00   -6.42878e+05    1.10945e+05   -5.31933e+05   -5.32294e+05
    Temperature Pressure (bar)   Constr. rmsd
    2.99496e+02    2.74627e+02    3.28649e-06

           Step           Time
         424000      848.00000

   Energies (kJ/mol)
           Bond            U-B    Proper Dih.  Improper Dih.      CMAP Dih.
    1.57978e+02    5.70318e+02    4.29034e+02    2.41938e+01    1.78335e+01
          LJ-14     Coulomb-14        LJ (SR)   Coulomb (SR)   Coul. recip.
    1.05836e+02    3.21311e+03    7.05842e+04   -7.19602e+05    2.10996e+03
   COM Pull En.      Potential    Kinetic En.   Total Energy  Conserved En.
    3.05278e-01   -6.42390e+05    1.10675e+05   -5.31715e+05   -5.32354e+05
    Temperature Pressure (bar)   Constr. rmsd
    2.98768e+02    1.89707e+02    3.17635e-06

           Step           Time
         424500      849.00000

   Energies (kJ/mol)
           Bond            U-B    Proper Dih.  Improper Dih.      CMAP Dih.
    1.00800e+02    5.83381e+02    4.18778e+02    3.71029e+01    2.26365e+01
          LJ-14     Coulomb-14        LJ (SR)   Coulomb (SR)   Coul. recip.
    1.29089e+02    3.25498e+03    6.98153e+04   -7.19454e+05    2.03829e+03
   COM Pull En.      Potential    Kinetic En.   Total Energy  Conserved En.
    2.43054e+00   -6.43051e+05    1.11360e+05   -5.31692e+05   -5.32401e+05
    Temperature Pressure (bar)   Constr. rmsd
    3.00615e+02    7.99598e+01    3.69346e-06

           Step           Time
         425000      850.00000

   Energies (kJ/mol)
           Bond            U-B    Proper Dih.  Improper Dih.      CMAP Dih.
    1.59906e+02    5.38757e+02    4.46793e+02    3.35472e+01    9.80138e+00
          LJ-14     Coulomb-14        LJ (SR)   Coulomb (SR)   Coul. recip.
    1.02604e+02    3.20690e+03    6.97160e+04   -7.18865e+05    2.02312e+03
   COM Pull En.      Potential    Kinetic En.   Total Energy  Conserved En.
    3.63695e+00   -6.42624e+05    1.10648e+05   -5.31975e+05   -5.32532e+05
    Temperature Pressure (bar)   Constr. rmsd
    2.98695e+02    2.94941e+01    2.71710e-06

           Step           Time
         425500      851.00000

   Energies (kJ/mol)
           Bond            U-B    Proper Dih.  Improper Dih.      CMAP Dih.
    1.32648e+02    5.45777e+02    4.42855e+02    3.42163e+01   -7.18526e+00
          LJ-14     Coulomb-14        LJ (SR)   Coulomb (SR)   Coul. recip.
    1.09545e+02    3.20833e+03    7.02665e+04   -7.19375e+05    2.09219e+03
   COM Pull En.      Potential    Kinetic En.   Total Energy  Conserved En.
    1.32291e+00   -6.42549e+05    1.10876e+05   -5.31673e+05   -5.32514e+05
    Temperature Pressure (bar)   Constr. rmsd
    2.99311e+02    1.93265e+02    3.21610e-06

           Step           Time
         426000      852.00000

   Energies (kJ/mol)
           Bond            U-B    Proper Dih.  Improper Dih.      CMAP Dih.
    1.79615e+02    5.20407e+02    4.31035e+02    2.67941e+01   -1.06278e+01
          LJ-14     Coulomb-14        LJ (SR)   Coulomb (SR)   Coul. recip.
    1.06275e+02    3.22648e+03    6.95018e+04   -7.18278e+05    1.97704e+03
   COM Pull En.      Potential    Kinetic En.   Total Energy  Conserved En.
    1.45576e+00   -6.42317e+05    1.10348e+05   -5.31969e+05   -5.32693e+05
    Temperature Pressure (bar)   Constr. rmsd
    2.97885e+02    4.22809e+01    2.47850e-06

           Step           Time
         426500      853.00000

   Energies (kJ/mol)
           Bond            U-B    Proper Dih.  Improper Dih.      CMAP Dih.
    1.80002e+02    5.14418e+02    4.24196e+02    1.74381e+01    4.61855e+00
          LJ-14     Coulomb-14        LJ (SR)   Coulomb (SR)   Coul. recip.
    1.07242e+02    3.21372e+03    6.91144e+04   -7.18607e+05    2.02222e+03
   COM Pull En.      Potential    Kinetic En.   Total Energy  Conserved En.
    3.24966e+00   -6.43006e+05    1.10547e+05   -5.32459e+05   -5.32747e+05
    Temperature Pressure (bar)   Constr. rmsd
    2.98421e+02   -1.00706e+02    3.12443e-06

           Step           Time
         427000      854.00000

   Energies (kJ/mol)
           Bond            U-B    Proper Dih.  Improper Dih.      CMAP Dih.
    1.83665e+02    6.61742e+02    4.09099e+02    1.32174e+01    3.61415e+00
          LJ-14     Coulomb-14        LJ (SR)   Coulomb (SR)   Coul. recip.
    1.04136e+02    3.17986e+03    7.01246e+04   -7.18160e+05    2.04774e+03
   COM Pull En.      Potential    Kinetic En.   Total Energy  Conserved En.
    9.71832e-01   -6.41432e+05    1.10202e+05   -5.31230e+05   -5.32607e+05
    Temperature Pressure (bar)   Constr. rmsd
    2.97490e+02    1.59433e+02    2.47291e-06

           Step           Time
         427500      855.00000

   Energies (kJ/mol)
           Bond            U-B    Proper Dih.  Improper Dih.      CMAP Dih.
    2.07883e+02    5.57299e+02    4.22412e+02    1.91803e+01    1.75072e+01
          LJ-14     Coulomb-14        LJ (SR)   Coulomb (SR)   Coul. recip.
    9.72391e+01    3.17303e+03    6.96793e+04   -7.18922e+05    1.98785e+03
   COM Pull En.      Potential    Kinetic En.   Total Energy  Conserved En.
    3.45078e-01   -6.42759e+05    1.12282e+05   -5.30478e+05   -5.32762e+05
    Temperature Pressure (bar)   Constr. rmsd
    3.03105e+02    2.88587e+01    3.48855e-06

           Step           Time
         428000      856.00000

   Energies (kJ/mol)
           Bond            U-B    Proper Dih.  Improper Dih.      CMAP Dih.
    1.52527e+02    6.38561e+02    4.10251e+02    3.12049e+01    3.14175e+00
          LJ-14     Coulomb-14        LJ (SR)   Coulomb (SR)   Coul. recip.
    9.59789e+01    3.16584e+03    6.87092e+04   -7.17097e+05    2.05163e+03
   COM Pull En.      Potential    Kinetic En.   Total Energy  Conserved En.
    5.95725e-05   -6.41839e+05    1.10458e+05   -5.31381e+05   -5.32832e+05
    Temperature Pressure (bar)   Constr. rmsd
    2.98181e+02   -6.33722e+01    2.79613e-06

           Step           Time
         428500      857.00000

   Energies (kJ/mol)
           Bond            U-B    Proper Dih.  Improper Dih.      CMAP Dih.
    1.44686e+02    5.65906e+02    4.14986e+02    2.82649e+01    2.92616e+01
          LJ-14     Coulomb-14        LJ (SR)   Coulomb (SR)   Coul. recip.
    1.09437e+02    3.15217e+03    6.94893e+04   -7.18270e+05    2.04202e+03
   COM Pull En.      Potential    Kinetic En.   Total Energy  Conserved En.
    4.60499e-02   -6.42294e+05    1.10259e+05   -5.32036e+05   -5.32873e+05
    Temperature Pressure (bar)   Constr. rmsd
    2.97643e+02    2.88060e+01    2.38972e-06

           Step           Time
         429000      858.00000

   Energies (kJ/mol)
           Bond            U-B    Proper Dih.  Improper Dih.      CMAP Dih.
    1.86731e+02    5.99561e+02    4.26838e+02    2.71875e+01    8.20061e+00
          LJ-14     Coulomb-14        LJ (SR)   Coulomb (SR)   Coul. recip.
    8.96378e+01    3.19193e+03    6.89674e+04   -7.18357e+05    1.96956e+03
   COM Pull En.      Potential    Kinetic En.   Total Energy  Conserved En.
    1.39302e+00   -6.42889e+05    1.10439e+05   -5.32450e+05   -5.32785e+05
    Temperature Pressure (bar)   Constr. rmsd
    2.98130e+02   -1.59269e+02    3.21344e-06

           Step           Time
         429500      859.00000

   Energies (kJ/mol)
           Bond            U-B    Proper Dih.  Improper Dih.      CMAP Dih.
    1.40587e+02    5.54128e+02    4.05808e+02    1.40639e+01    4.93679e+01
          LJ-14     Coulomb-14        LJ (SR)   Coulomb (SR)   Coul. recip.
    1.04919e+02    3.21917e+03    6.99166e+04   -7.18146e+05    2.07807e+03
   COM Pull En.      Potential    Kinetic En.   Total Energy  Conserved En.
    3.58916e-01   -6.41663e+05    1.09893e+05   -5.31770e+05   -5.32855e+05
    Temperature Pressure (bar)   Constr. rmsd
    2.96655e+02    5.30060e+01    3.23727e-06

           Step           Time
         430000      860.00000

   Energies (kJ/mol)
           Bond            U-B    Proper Dih.  Improper Dih.      CMAP Dih.
    1.60749e+02    5.58344e+02    4.14840e+02    1.41572e+01    2.34921e+01
          LJ-14     Coulomb-14        LJ (SR)   Coulomb (SR)   Coul. recip.
    9.19397e+01    3.22022e+03    7.04949e+04   -7.18821e+05    2.02725e+03
   COM Pull En.      Potential    Kinetic En.   Total Energy  Conserved En.
    1.32198e+00   -6.41813e+05    1.10588e+05   -5.31225e+05   -5.32972e+05
    Temperature Pressure (bar)   Constr. rmsd
    2.98533e+02    9.62651e+01    3.79087e-06

           Step           Time
         430500      861.00000

   Energies (kJ/mol)
           Bond            U-B    Proper Dih.  Improper Dih.      CMAP Dih.
    1.98260e+02    6.10867e+02    4.05264e+02    3.14692e+01    6.77285e+00
          LJ-14     Coulomb-14        LJ (SR)   Coulomb (SR)   Coul. recip.
    8.65243e+01    3.14872e+03    6.93373e+04   -7.17764e+05    2.12832e+03
   COM Pull En.      Potential    Kinetic En.   Total Energy  Conserved En.
    3.80283e-04   -6.41810e+05    1.10331e+05   -5.31479e+05   -5.33013e+05
    Temperature Pressure (bar)   Constr. rmsd
    2.97840e+02   -5.52190e+01    3.30308e-06

           Step           Time
         431000      862.00000

   Energies (kJ/mol)
           Bond            U-B    Proper Dih.  Improper Dih.      CMAP Dih.
    2.25170e+02    5.80039e+02    4.05904e+02    3.39635e+01    1.38964e+01
          LJ-14     Coulomb-14        LJ (SR)   Coulomb (SR)   Coul. recip.
    9.86194e+01    3.18241e+03    6.92605e+04   -7.18931e+05    1.99227e+03
   COM Pull En.      Potential    Kinetic En.   Total Energy  Conserved En.
    2.53427e+00   -6.43136e+05    1.11139e+05   -5.31996e+05   -5.33010e+05
    Temperature Pressure (bar)   Constr. rmsd
    3.00021e+02   -1.73673e+02    3.76160e-06

           Step           Time
         431500      863.00000

   Energies (kJ/mol)
           Bond            U-B    Proper Dih.  Improper Dih.      CMAP Dih.
    1.50668e+02    5.91081e+02    4.13674e+02    3.43877e+01    1.15425e+01
          LJ-14     Coulomb-14        LJ (SR)   Coulomb (SR)   Coul. recip.
    1.12199e+02    3.24626e+03    6.94191e+04   -7.18594e+05    1.98648e+03
   COM Pull En.      Potential    Kinetic En.   Total Energy  Conserved En.
    1.33973e-03   -6.42628e+05    1.10220e+05   -5.32408e+05   -5.32969e+05
    Temperature Pressure (bar)   Constr. rmsd
    2.97541e+02   -9.50267e+01    3.27773e-06

           Step           Time
         432000      864.00000

   Energies (kJ/mol)
           Bond            U-B    Proper Dih.  Improper Dih.      CMAP Dih.
    1.49091e+02    5.30972e+02    4.17249e+02    2.55923e+01   -2.46661e+00
          LJ-14     Coulomb-14        LJ (SR)   Coulomb (SR)   Coul. recip.
    1.10584e+02    3.20375e+03    7.01056e+04   -7.20224e+05    1.98542e+03
   COM Pull En.      Potential    Kinetic En.   Total Energy  Conserved En.
    2.74548e-03   -6.43698e+05    1.10548e+05   -5.33150e+05   -5.33099e+05
    Temperature Pressure (bar)   Constr. rmsd
    2.98426e+02   -3.62849e+01    4.06525e-06

Writing checkpoint, step 432320 at Wed Jun 24 01:29:31 2026


           Step           Time
         432500      865.00000

   Energies (kJ/mol)
           Bond            U-B    Proper Dih.  Improper Dih.      CMAP Dih.
    1.61599e+02    6.08523e+02    4.22377e+02    2.66600e+01   -3.88683e+00
          LJ-14     Coulomb-14        LJ (SR)   Coulomb (SR)   Coul. recip.
    1.08258e+02    3.16520e+03    6.96142e+04   -7.18304e+05    1.98207e+03
   COM Pull En.      Potential    Kinetic En.   Total Energy  Conserved En.
    4.64524e-02   -6.42219e+05    1.09427e+05   -5.32792e+05   -5.32947e+05
    Temperature Pressure (bar)   Constr. rmsd
    2.95399e+02   -3.46031e+01    2.44713e-06

           Step           Time
         433000      866.00000

   Energies (kJ/mol)
           Bond            U-B    Proper Dih.  Improper Dih.      CMAP Dih.
    1.32350e+02    6.04921e+02    4.44055e+02    2.96521e+01    3.30999e+01
          LJ-14     Coulomb-14        LJ (SR)   Coulomb (SR)   Coul. recip.
    1.05266e+02    3.18320e+03    7.00322e+04   -7.19703e+05    2.06958e+03
   COM Pull En.      Potential    Kinetic En.   Total Energy  Conserved En.
    7.70593e-02   -6.43068e+05    1.10746e+05   -5.32322e+05   -5.32801e+05
    Temperature Pressure (bar)   Constr. rmsd
    2.98960e+02    2.30313e+01    2.60111e-06

           Step           Time
         433500      867.00000

   Energies (kJ/mol)
           Bond            U-B    Proper Dih.  Improper Dih.      CMAP Dih.
    1.45755e+02    5.84252e+02    4.56485e+02    3.69063e+01   -2.14908e+01
          LJ-14     Coulomb-14        LJ (SR)   Coulomb (SR)   Coul. recip.
    9.28882e+01    3.14045e+03    6.96148e+04   -7.19030e+05    2.06213e+03
   COM Pull En.      Potential    Kinetic En.   Total Energy  Conserved En.
    5.28270e-01   -6.42918e+05    1.09974e+05   -5.32944e+05   -5.32715e+05
    Temperature Pressure (bar)   Constr. rmsd
    2.96874e+02   -1.09810e+01    3.00468e-06

           Step           Time
         434000      868.00000

   Energies (kJ/mol)
           Bond            U-B    Proper Dih.  Improper Dih.      CMAP Dih.
    1.64645e+02    5.80256e+02    4.78082e+02    2.76441e+01   -9.94857e+00
          LJ-14     Coulomb-14        LJ (SR)   Coulomb (SR)   Coul. recip.
    1.05767e+02    3.19073e+03    7.03163e+04   -7.20075e+05    2.11142e+03
   COM Pull En.      Potential    Kinetic En.   Total Energy  Conserved En.
    7.88642e-01   -6.43109e+05    1.10694e+05   -5.32416e+05   -5.32828e+05
    Temperature Pressure (bar)   Constr. rmsd
    2.98818e+02    5.60546e+01    3.13384e-06

           Step           Time
         434500      869.00000

   Energies (kJ/mol)
           Bond            U-B    Proper Dih.  Improper Dih.      CMAP Dih.
    1.86588e+02    5.59148e+02    4.15705e+02    2.64578e+01    2.77701e+01
          LJ-14     Coulomb-14        LJ (SR)   Coulomb (SR)   Coul. recip.
    9.27688e+01    3.20987e+03    6.94465e+04   -7.19084e+05    1.96547e+03
   COM Pull En.      Potential    Kinetic En.   Total Energy  Conserved En.
    3.09693e-01   -6.43154e+05    1.10392e+05   -5.32762e+05   -5.32820e+05
    Temperature Pressure (bar)   Constr. rmsd
    2.98003e+02   -8.47921e+01    2.65122e-06

           Step           Time
         435000      870.00000

   Energies (kJ/mol)
           Bond            U-B    Proper Dih.  Improper Dih.      CMAP Dih.
    1.58587e+02    5.88443e+02    4.45066e+02    3.74924e+01    2.78978e+00
          LJ-14     Coulomb-14        LJ (SR)   Coulomb (SR)   Coul. recip.
    9.18268e+01    3.20350e+03    7.02918e+04   -7.19809e+05    2.00665e+03
   COM Pull En.      Potential    Kinetic En.   Total Energy  Conserved En.
    2.75637e-01   -6.42982e+05    1.10292e+05   -5.32691e+05   -5.32724e+05
    Temperature Pressure (bar)   Constr. rmsd
    2.97732e+02    6.83748e+01    3.07522e-06

           Step           Time
         435500      871.00000

   Energies (kJ/mol)
           Bond            U-B    Proper Dih.  Improper Dih.      CMAP Dih.
    1.36737e+02    5.90132e+02    4.29271e+02    2.26612e+01    5.64587e+00
          LJ-14     Coulomb-14        LJ (SR)   Coulomb (SR)   Coul. recip.
    9.33184e+01    3.18883e+03    6.98714e+04   -7.19148e+05    2.03506e+03
   COM Pull En.      Potential    Kinetic En.   Total Energy  Conserved En.
    6.09297e-01   -6.42774e+05    1.10288e+05   -5.32487e+05   -5.32590e+05
    Temperature Pressure (bar)   Constr. rmsd
    2.97722e+02    5.83158e+01    2.66397e-06

           Step           Time
         436000      872.00000

   Energies (kJ/mol)
           Bond            U-B    Proper Dih.  Improper Dih.      CMAP Dih.
    9.40823e+01    5.59921e+02    4.72772e+02    1.80937e+01   -5.04964e+00
          LJ-14     Coulomb-14        LJ (SR)   Coulomb (SR)   Coul. recip.
    1.07517e+02    3.17856e+03    6.95410e+04   -7.19181e+05    1.94832e+03
   COM Pull En.      Potential    Kinetic En.   Total Energy  Conserved En.
    7.50131e-01   -6.43265e+05    1.10181e+05   -5.33084e+05   -5.32665e+05
    Temperature Pressure (bar)   Constr. rmsd
    2.97434e+02   -2.14646e+01    3.26577e-06

           Step           Time
         436500      873.00000

   Energies (kJ/mol)
           Bond            U-B    Proper Dih.  Improper Dih.      CMAP Dih.
    1.84569e+02    5.89734e+02    4.17988e+02    2.46024e+01    3.17453e+01
          LJ-14     Coulomb-14        LJ (SR)   Coulomb (SR)   Coul. recip.
    9.59591e+01    3.18481e+03    6.87992e+04   -7.19207e+05    2.04923e+03
   COM Pull En.      Potential    Kinetic En.   Total Energy  Conserved En.
    5.76512e-01   -6.43828e+05    1.10637e+05   -5.33191e+05   -5.32890e+05
    Temperature Pressure (bar)   Constr. rmsd
    2.98665e+02   -2.09462e+02    3.05797e-06

           Step           Time
         437000      874.00000

   Energies (kJ/mol)
           Bond            U-B    Proper Dih.  Improper Dih.      CMAP Dih.
    1.84390e+02    5.97251e+02    4.20208e+02    3.60558e+01    3.13819e+01
          LJ-14     Coulomb-14        LJ (SR)   Coulomb (SR)   Coul. recip.
    9.31014e+01    3.17731e+03    7.02040e+04   -7.18911e+05    1.97407e+03
   COM Pull En.      Potential    Kinetic En.   Total Energy  Conserved En.
    1.69594e-01   -6.42194e+05    1.09489e+05   -5.32705e+05   -5.32896e+05
    Temperature Pressure (bar)   Constr. rmsd
    2.95565e+02    3.63357e+01    2.70876e-06

           Step           Time
         437500      875.00000

   Energies (kJ/mol)
           Bond            U-B    Proper Dih.  Improper Dih.      CMAP Dih.
    1.09138e+02    6.42124e+02    4.37777e+02    4.40999e+01   -6.88525e+00
          LJ-14     Coulomb-14        LJ (SR)   Coulomb (SR)   Coul. recip.
    1.25400e+02    3.22039e+03    7.00129e+04   -7.19354e+05    1.93068e+03
   COM Pull En.      Potential    Kinetic En.   Total Energy  Conserved En.
    8.37329e-01   -6.42837e+05    1.09783e+05   -5.33054e+05   -5.32689e+05
    Temperature Pressure (bar)   Constr. rmsd
    2.96361e+02    2.13487e+01    2.51987e-06

           Step           Time
         438000      876.00000

   Energies (kJ/mol)
           Bond            U-B    Proper Dih.  Improper Dih.      CMAP Dih.
    1.77992e+02    5.88315e+02    4.16826e+02    3.98599e+01    6.13652e+00
          LJ-14     Coulomb-14        LJ (SR)   Coulomb (SR)   Coul. recip.
    1.05606e+02    3.21351e+03    7.06215e+04   -7.20592e+05    2.04417e+03
   COM Pull En.      Potential    Kinetic En.   Total Energy  Conserved En.
    1.16535e-01   -6.43378e+05    1.10532e+05   -5.32846e+05   -5.32566e+05
    Temperature Pressure (bar)   Constr. rmsd
    2.98383e+02    9.73367e+01    2.75625e-06

           Step           Time
         438500      877.00000

   Energies (kJ/mol)
           Bond            U-B    Proper Dih.  Improper Dih.      CMAP Dih.
    1.66786e+02    5.73381e+02    4.02851e+02    3.50193e+01   -8.80860e+00
          LJ-14     Coulomb-14        LJ (SR)   Coulomb (SR)   Coul. recip.
    1.10007e+02    3.17171e+03    6.92169e+04   -7.19835e+05    1.95395e+03
   COM Pull En.      Potential    Kinetic En.   Total Energy  Conserved En.
    4.99687e-01   -6.44213e+05    1.10926e+05   -5.33287e+05   -5.32432e+05
    Temperature Pressure (bar)   Constr. rmsd
    2.99444e+02   -4.06090e+01    3.22382e-06

           Step           Time
         439000      878.00000

   Energies (kJ/mol)
           Bond            U-B    Proper Dih.  Improper Dih.      CMAP Dih.
    1.76400e+02    5.62341e+02    4.08978e+02    2.68706e+01   -1.62803e+01
          LJ-14     Coulomb-14        LJ (SR)   Coulomb (SR)   Coul. recip.
    1.03160e+02    3.20101e+03    7.01384e+04   -7.19561e+05    1.97613e+03
   COM Pull En.      Potential    Kinetic En.   Total Energy  Conserved En.
    3.27484e-02   -6.42984e+05    1.09884e+05   -5.33101e+05   -5.32283e+05
    Temperature Pressure (bar)   Constr. rmsd
    2.96631e+02    1.02969e+02    3.20227e-06

           Step           Time
         439500      879.00000

   Energies (kJ/mol)
           Bond            U-B    Proper Dih.  Improper Dih.      CMAP Dih.
    1.70190e+02    5.43631e+02    4.04127e+02    3.08852e+01    6.65975e-01
          LJ-14     Coulomb-14        LJ (SR)   Coulomb (SR)   Coul. recip.
    1.07104e+02    3.19055e+03    7.06987e+04   -7.21553e+05    1.97735e+03
   COM Pull En.      Potential    Kinetic En.   Total Energy  Conserved En.
    8.90877e-01   -6.44429e+05    1.10572e+05   -5.33857e+05   -5.32396e+05
    Temperature Pressure (bar)   Constr. rmsd
    2.98490e+02    1.25695e+02    3.84190e-06

           Step           Time
         440000      880.00000

   Energies (kJ/mol)
           Bond            U-B    Proper Dih.  Improper Dih.      CMAP Dih.
    1.48892e+02    5.53139e+02    4.02374e+02    2.16411e+01    7.37639e+00
          LJ-14     Coulomb-14        LJ (SR)   Coulomb (SR)   Coul. recip.
    1.00359e+02    3.13861e+03    7.08840e+04   -7.22048e+05    2.02524e+03
   COM Pull En.      Potential    Kinetic En.   Total Energy  Conserved En.
    2.53382e-02   -6.44767e+05    1.10640e+05   -5.34126e+05   -5.32533e+05
    Temperature Pressure (bar)   Constr. rmsd
    2.98673e+02    1.01052e+02    3.64674e-06

           Step           Time
         440500      881.00000

   Energies (kJ/mol)
           Bond            U-B    Proper Dih.  Improper Dih.      CMAP Dih.
    1.09276e+02    5.36748e+02    4.30199e+02    3.63885e+01    5.00789e+00
          LJ-14     Coulomb-14        LJ (SR)   Coulomb (SR)   Coul. recip.
    1.08519e+02    3.20953e+03    6.97570e+04   -7.20506e+05    2.02723e+03
   COM Pull En.      Potential    Kinetic En.   Total Energy  Conserved En.
    8.33847e-01   -6.44285e+05    1.09274e+05   -5.35011e+05   -5.32629e+05
    Temperature Pressure (bar)   Constr. rmsd
    2.94986e+02    4.30681e+01    3.21630e-06

           Step           Time
         441000      882.00000

   Energies (kJ/mol)
           Bond            U-B    Proper Dih.  Improper Dih.      CMAP Dih.
    1.53122e+02    5.89979e+02    4.24525e+02    2.60334e+01   -3.02376e+00
          LJ-14     Coulomb-14        LJ (SR)   Coulomb (SR)   Coul. recip.
    1.00887e+02    3.14586e+03    7.09555e+04   -7.21200e+05    2.02250e+03
   COM Pull En.      Potential    Kinetic En.   Total Energy  Conserved En.
    3.22846e-01   -6.43784e+05    1.10004e+05   -5.33780e+05   -5.32616e+05
    Temperature Pressure (bar)   Constr. rmsd
    2.96956e+02    1.28668e+02    3.19523e-06

Writing checkpoint, step 441360 at Wed Jun 24 01:44:39 2026


           Step           Time
         441500      883.00000

   Energies (kJ/mol)
           Bond            U-B    Proper Dih.  Improper Dih.      CMAP Dih.
    2.12885e+02    5.71146e+02    4.16962e+02    1.71818e+01    3.82573e+01
          LJ-14     Coulomb-14        LJ (SR)   Coulomb (SR)   Coul. recip.
    1.09448e+02    3.20213e+03    6.84002e+04   -7.18352e+05    1.95423e+03
   COM Pull En.      Potential    Kinetic En.   Total Energy  Conserved En.
    1.05823e+00   -6.43429e+05    1.10223e+05   -5.33206e+05   -5.32528e+05
    Temperature Pressure (bar)   Constr. rmsd
    2.97548e+02   -1.52002e+02    2.82427e-06

           Step           Time
         442000      884.00000

   Energies (kJ/mol)
           Bond            U-B    Proper Dih.  Improper Dih.      CMAP Dih.
    1.76122e+02    5.71766e+02    4.27654e+02    3.13349e+01    1.03836e+01
          LJ-14     Coulomb-14        LJ (SR)   Coulomb (SR)   Coul. recip.
    1.04386e+02    3.19590e+03    6.96298e+04   -7.20320e+05    1.98262e+03
   COM Pull En.      Potential    Kinetic En.   Total Energy  Conserved En.
    3.31248e-03   -6.44190e+05    1.10220e+05   -5.33970e+05   -5.32491e+05
    Temperature Pressure (bar)   Constr. rmsd
    2.97540e+02    1.87574e+01    2.74723e-06

           Step           Time
         442500      885.00000

   Energies (kJ/mol)
           Bond            U-B    Proper Dih.  Improper Dih.      CMAP Dih.
    1.50886e+02    5.68880e+02    4.37698e+02    2.00117e+01   -1.79971e+01
          LJ-14     Coulomb-14        LJ (SR)   Coulomb (SR)   Coul. recip.
    1.04562e+02    3.21374e+03    6.99771e+04   -7.20803e+05    2.07062e+03
   COM Pull En.      Potential    Kinetic En.   Total Energy  Conserved En.
    3.55685e-02   -6.44278e+05    1.09532e+05   -5.34746e+05   -5.32672e+05
    Temperature Pressure (bar)   Constr. rmsd
    2.95683e+02    2.00846e+01    3.21764e-06

           Step           Time
         443000      886.00000

   Energies (kJ/mol)
           Bond            U-B    Proper Dih.  Improper Dih.      CMAP Dih.
    1.49297e+02    5.65699e+02    4.70431e+02    1.73517e+01   -3.28274e+01
          LJ-14     Coulomb-14        LJ (SR)   Coulomb (SR)   Coul. recip.
    1.14593e+02    3.17733e+03    6.93662e+04   -7.20116e+05    1.97505e+03
   COM Pull En.      Potential    Kinetic En.   Total Energy  Conserved En.
    2.28448e-02   -6.44313e+05    1.09306e+05   -5.35006e+05   -5.32440e+05
    Temperature Pressure (bar)   Constr. rmsd
    2.95073e+02   -2.48622e+01    3.32478e-06

           Step           Time
         443500      887.00000

   Energies (kJ/mol)
           Bond            U-B    Proper Dih.  Improper Dih.      CMAP Dih.
    1.55386e+02    5.32994e+02    4.42000e+02    3.10485e+01   -2.16340e+01
          LJ-14     Coulomb-14        LJ (SR)   Coulomb (SR)   Coul. recip.
    1.10395e+02    3.22167e+03    7.05826e+04   -7.20837e+05    2.04620e+03
   COM Pull En.      Potential    Kinetic En.   Total Energy  Conserved En.
    4.09448e-02   -6.43736e+05    1.10182e+05   -5.33555e+05   -5.32420e+05
    Temperature Pressure (bar)   Constr. rmsd
    2.97436e+02    1.45259e+02    2.72300e-06

           Step           Time
         444000      888.00000

   Energies (kJ/mol)
           Bond            U-B    Proper Dih.  Improper Dih.      CMAP Dih.
    1.64265e+02    5.61338e+02    4.29001e+02    3.97692e+01    2.82049e+01
          LJ-14     Coulomb-14        LJ (SR)   Coulomb (SR)   Coul. recip.
    1.24095e+02    3.21594e+03    6.99599e+04   -7.20753e+05    2.02605e+03
   COM Pull En.      Potential    Kinetic En.   Total Energy  Conserved En.
    2.74582e-01   -6.44204e+05    1.09827e+05   -5.34377e+05   -5.32298e+05
    Temperature Pressure (bar)   Constr. rmsd
    2.96479e+02    4.92537e+01    3.23223e-06

           Step           Time
         444500      889.00000

   Energies (kJ/mol)
           Bond            U-B    Proper Dih.  Improper Dih.      CMAP Dih.
    1.41231e+02    5.34829e+02    4.51759e+02    2.41195e+01   -3.21274e+01
          LJ-14     Coulomb-14        LJ (SR)   Coulomb (SR)   Coul. recip.
    1.22846e+02    3.25393e+03    7.02439e+04   -7.21368e+05    1.95610e+03
   COM Pull En.      Potential    Kinetic En.   Total Energy  Conserved En.
    5.54374e-02   -6.44671e+05    1.10168e+05   -5.34503e+05   -5.32313e+05
    Temperature Pressure (bar)   Constr. rmsd
    2.97399e+02    1.01047e+02    3.77791e-06

           Step           Time
         445000      890.00000

   Energies (kJ/mol)
           Bond            U-B    Proper Dih.  Improper Dih.      CMAP Dih.
    1.54720e+02    5.58613e+02    4.38058e+02    2.69190e+01    1.44436e+01
          LJ-14     Coulomb-14        LJ (SR)   Coulomb (SR)   Coul. recip.
    1.02631e+02    3.21532e+03    6.99041e+04   -7.20668e+05    1.97366e+03
   COM Pull En.      Potential    Kinetic En.   Total Energy  Conserved En.
    1.24459e-01   -6.44280e+05    1.09355e+05   -5.34924e+05   -5.32540e+05
    Temperature Pressure (bar)   Constr. rmsd
    2.95205e+02    2.42414e+00    3.08399e-06

           Step           Time
         445500      891.00000

   Energies (kJ/mol)
           Bond            U-B    Proper Dih.  Improper Dih.      CMAP Dih.
    1.69643e+02    5.59738e+02    4.38664e+02    2.54320e+01    1.46141e+00
          LJ-14     Coulomb-14        LJ (SR)   Coulomb (SR)   Coul. recip.
    1.08693e+02    3.22381e+03    7.01790e+04   -7.20206e+05    2.05612e+03
   COM Pull En.      Potential    Kinetic En.   Total Energy  Conserved En.
    1.18918e-02   -6.43444e+05    1.09598e+05   -5.33845e+05   -5.32566e+05
    Temperature Pressure (bar)   Constr. rmsd
    2.95862e+02    1.01372e+02    3.79120e-06

           Step           Time
         446000      892.00000

   Energies (kJ/mol)
           Bond            U-B    Proper Dih.  Improper Dih.      CMAP Dih.
    1.65322e+02    5.12615e+02    4.24481e+02    3.66989e+01    2.43574e+01
          LJ-14     Coulomb-14        LJ (SR)   Coulomb (SR)   Coul. recip.
    1.10030e+02    3.16529e+03    7.02149e+04   -7.20906e+05    1.98290e+03
   COM Pull En.      Potential    Kinetic En.   Total Energy  Conserved En.
    1.58182e-02   -6.44270e+05    1.09884e+05   -5.34386e+05   -5.32521e+05
    Temperature Pressure (bar)   Constr. rmsd
    2.96633e+02    3.02015e+01    2.78240e-06

           Step           Time
         446500      893.00000

   Energies (kJ/mol)
           Bond            U-B    Proper Dih.  Improper Dih.      CMAP Dih.
    1.56351e+02    5.48268e+02    4.60150e+02    3.80202e+01    4.85508e-01
          LJ-14     Coulomb-14        LJ (SR)   Coulomb (SR)   Coul. recip.
    9.66070e+01    3.16602e+03    7.00204e+04   -7.19651e+05    2.04034e+03
   COM Pull En.      Potential    Kinetic En.   Total Energy  Conserved En.
    8.63203e-02   -6.43125e+05    1.09955e+05   -5.33170e+05   -5.32507e+05
    Temperature Pressure (bar)   Constr. rmsd
    2.96823e+02    1.15835e+02    3.12679e-06

           Step           Time
         447000      894.00000

   Energies (kJ/mol)
           Bond            U-B    Proper Dih.  Improper Dih.      CMAP Dih.
    1.57769e+02    5.52845e+02    4.29820e+02    2.12679e+01    1.12546e+01
          LJ-14     Coulomb-14        LJ (SR)   Coulomb (SR)   Coul. recip.
    9.89639e+01    3.22718e+03    7.15194e+04   -7.20996e+05    1.99732e+03
   COM Pull En.      Potential    Kinetic En.   Total Energy  Conserved En.
    9.31964e-02   -6.42980e+05    1.09966e+05   -5.33014e+05   -5.32589e+05
    Temperature Pressure (bar)   Constr. rmsd
    2.96854e+02    3.02958e+02    2.69848e-06

           Step           Time
         447500      895.00000

   Energies (kJ/mol)
           Bond            U-B    Proper Dih.  Improper Dih.      CMAP Dih.
    1.34762e+02    5.27052e+02    4.52206e+02    3.53729e+01    1.09994e+01
          LJ-14     Coulomb-14        LJ (SR)   Coulomb (SR)   Coul. recip.
    1.26928e+02    3.22905e+03    7.02021e+04   -7.19949e+05    2.03934e+03
   COM Pull En.      Potential    Kinetic En.   Total Energy  Conserved En.
    4.67244e-01   -6.43191e+05    1.09489e+05   -5.33702e+05   -5.32616e+05
    Temperature Pressure (bar)   Constr. rmsd
    2.95565e+02    6.66915e+01    3.38657e-06

           Step           Time
         448000      896.00000

   Energies (kJ/mol)
           Bond            U-B    Proper Dih.  Improper Dih.      CMAP Dih.
    1.37232e+02    5.37650e+02    4.39813e+02    1.96699e+01    2.54054e+01
          LJ-14     Coulomb-14        LJ (SR)   Coulomb (SR)   Coul. recip.
    1.08771e+02    3.21791e+03    6.99189e+04   -7.20540e+05    1.96760e+03
   COM Pull En.      Potential    Kinetic En.   Total Energy  Conserved En.
    1.43073e+00   -6.44166e+05    1.10284e+05   -5.33882e+05   -5.32731e+05
    Temperature Pressure (bar)   Constr. rmsd
    2.97712e+02   -6.84151e-01    2.93915e-06

           Step           Time
         448500      897.00000

   Energies (kJ/mol)
           Bond            U-B    Proper Dih.  Improper Dih.      CMAP Dih.
    1.45392e+02    5.58814e+02    4.43352e+02    3.08561e+01    2.21270e+01
          LJ-14     Coulomb-14        LJ (SR)   Coulomb (SR)   Coul. recip.
    9.99818e+01    3.22103e+03    7.08828e+04   -7.21409e+05    1.94780e+03
   COM Pull En.      Potential    Kinetic En.   Total Energy  Conserved En.
    2.35267e+00   -6.44054e+05    1.10026e+05   -5.34028e+05   -5.32846e+05
    Temperature Pressure (bar)   Constr. rmsd
    2.97016e+02    9.69236e+01    2.85792e-06

           Step           Time
         449000      898.00000

   Energies (kJ/mol)
           Bond            U-B    Proper Dih.  Improper Dih.      CMAP Dih.
    1.29772e+02    6.12324e+02    4.66587e+02    4.79495e+01    1.55570e+01
          LJ-14     Coulomb-14        LJ (SR)   Coulomb (SR)   Coul. recip.
    1.06193e+02    3.15842e+03    6.90711e+04   -7.18423e+05    1.99203e+03
   COM Pull En.      Potential    Kinetic En.   Total Energy  Conserved En.
    3.03198e+00   -6.42820e+05    1.10173e+05   -5.32647e+05   -5.32804e+05
    Temperature Pressure (bar)   Constr. rmsd
    2.97411e+02   -1.31605e+02    3.36561e-06

           Step           Time
         449500      899.00000

   Energies (kJ/mol)
           Bond            U-B    Proper Dih.  Improper Dih.      CMAP Dih.
    1.47032e+02    5.23183e+02    4.35821e+02    4.00865e+01    4.87102e+01
          LJ-14     Coulomb-14        LJ (SR)   Coulomb (SR)   Coul. recip.
    1.03935e+02    3.23820e+03    6.94106e+04   -7.18925e+05    2.03412e+03
   COM Pull En.      Potential    Kinetic En.   Total Energy  Conserved En.
    9.61279e-03   -6.42943e+05    1.09923e+05   -5.33020e+05   -5.32756e+05
    Temperature Pressure (bar)   Constr. rmsd
    2.96738e+02   -7.35884e+01    3.03383e-06

           Step           Time
         450000      900.00000

   Energies (kJ/mol)
           Bond            U-B    Proper Dih.  Improper Dih.      CMAP Dih.
    1.47232e+02    5.42119e+02    4.08457e+02    2.39163e+01    5.40409e+01
          LJ-14     Coulomb-14        LJ (SR)   Coulomb (SR)   Coul. recip.
    9.61398e+01    3.18249e+03    6.94858e+04   -7.18904e+05    1.98624e+03
   COM Pull En.      Potential    Kinetic En.   Total Energy  Conserved En.
    1.18177e+00   -6.42977e+05    1.09248e+05   -5.33729e+05   -5.32822e+05
    Temperature Pressure (bar)   Constr. rmsd
    2.94916e+02   -6.03179e+01    3.25592e-06

Writing checkpoint, step 450240 at Wed Jun 24 01:59:37 2026


           Step           Time
         450500      901.00000

   Energies (kJ/mol)
           Bond            U-B    Proper Dih.  Improper Dih.      CMAP Dih.
    1.69595e+02    5.91300e+02    4.31895e+02    3.38984e+01    1.56156e+01
          LJ-14     Coulomb-14        LJ (SR)   Coulomb (SR)   Coul. recip.
    1.20720e+02    3.19853e+03    7.08690e+04   -7.20594e+05    2.02687e+03
   COM Pull En.      Potential    Kinetic En.   Total Energy  Conserved En.
    4.75751e+00   -6.43132e+05    1.10651e+05   -5.32481e+05   -5.33057e+05
    Temperature Pressure (bar)   Constr. rmsd
    2.98702e+02    1.00545e+02    4.89903e-06

           Step           Time
         451000      902.00000

   Energies (kJ/mol)
           Bond            U-B    Proper Dih.  Improper Dih.      CMAP Dih.
    1.42236e+02    5.43502e+02    4.13488e+02    2.93641e+01    2.21289e+01
          LJ-14     Coulomb-14        LJ (SR)   Coulomb (SR)   Coul. recip.
    1.21070e+02    3.22269e+03    6.84103e+04   -7.17598e+05    2.03436e+03
   COM Pull En.      Potential    Kinetic En.   Total Energy  Conserved En.
    1.73714e+00   -6.42657e+05    1.10239e+05   -5.32418e+05   -5.33039e+05
    Temperature Pressure (bar)   Constr. rmsd
    2.97591e+02   -2.45126e+02    2.66565e-06

           Step           Time
         451500      903.00000

   Energies (kJ/mol)
           Bond            U-B    Proper Dih.  Improper Dih.      CMAP Dih.
    1.45546e+02    5.22738e+02    4.05483e+02    3.77849e+01    2.28593e+01
          LJ-14     Coulomb-14        LJ (SR)   Coulomb (SR)   Coul. recip.
    1.07224e+02    3.24333e+03    7.03917e+04   -7.19440e+05    2.06126e+03
   COM Pull En.      Potential    Kinetic En.   Total Energy  Conserved En.
    6.08221e-01   -6.42501e+05    1.10219e+05   -5.32282e+05   -5.33001e+05
    Temperature Pressure (bar)   Constr. rmsd
    2.97537e+02    6.11143e+01    2.62048e-06

           Step           Time
         452000      904.00000

   Energies (kJ/mol)
           Bond            U-B    Proper Dih.  Improper Dih.      CMAP Dih.
    1.40972e+02    5.78355e+02    4.49672e+02    3.03805e+01    1.18628e+01
          LJ-14     Coulomb-14        LJ (SR)   Coulomb (SR)   Coul. recip.
    1.31333e+02    3.25997e+03    6.89035e+04   -7.17446e+05    1.99152e+03
   COM Pull En.      Potential    Kinetic En.   Total Energy  Conserved En.
    5.72188e-01   -6.41947e+05    1.10549e+05   -5.31398e+05   -5.33067e+05
    Temperature Pressure (bar)   Constr. rmsd
    2.98427e+02   -1.32682e+02    2.05152e-06

           Step           Time
         452500      905.00000

   Energies (kJ/mol)
           Bond            U-B    Proper Dih.  Improper Dih.      CMAP Dih.
    1.82074e+02    4.82690e+02    4.38466e+02    2.13596e+01    4.19189e+01
          LJ-14     Coulomb-14        LJ (SR)   Coulomb (SR)   Coul. recip.
    1.09651e+02    3.26522e+03    6.92910e+04   -7.18387e+05    2.06912e+03
   COM Pull En.      Potential    Kinetic En.   Total Energy  Conserved En.
    2.19548e-01   -6.42485e+05    1.10660e+05   -5.31826e+05   -5.33084e+05
    Temperature Pressure (bar)   Constr. rmsd
    2.98726e+02   -1.09911e+02    2.98917e-06

           Step           Time
         453000      906.00000

   Energies (kJ/mol)
           Bond            U-B    Proper Dih.  Improper Dih.      CMAP Dih.
    1.69007e+02    5.54486e+02    4.18022e+02    3.39558e+01    9.77078e+00
          LJ-14     Coulomb-14        LJ (SR)   Coulomb (SR)   Coul. recip.
    1.12479e+02    3.19851e+03    6.94833e+04   -7.18255e+05    2.04627e+03
   COM Pull En.      Potential    Kinetic En.   Total Energy  Conserved En.
    2.27827e+00   -6.42227e+05    1.09765e+05   -5.32462e+05   -5.33027e+05
    Temperature Pressure (bar)   Constr. rmsd
    2.96310e+02   -7.10230e+01    3.63538e-06

           Step           Time
         453500      907.00000

   Energies (kJ/mol)
           Bond            U-B    Proper Dih.  Improper Dih.      CMAP Dih.
    1.27882e+02    5.26637e+02    4.25271e+02    2.59365e+01    2.31320e+01
          LJ-14     Coulomb-14        LJ (SR)   Coulomb (SR)   Coul. recip.
    1.10010e+02    3.19733e+03    6.99295e+04   -7.19450e+05    2.02790e+03
   COM Pull En.      Potential    Kinetic En.   Total Energy  Conserved En.
    1.21243e-02   -6.43056e+05    1.10507e+05   -5.32549e+05   -5.32952e+05
    Temperature Pressure (bar)   Constr. rmsd
    2.98314e+02   -1.65881e+00    3.41082e-06

           Step           Time
         454000      908.00000

   Energies (kJ/mol)
           Bond            U-B    Proper Dih.  Improper Dih.      CMAP Dih.
    1.56793e+02    5.27852e+02    4.40759e+02    3.68878e+01    1.43733e+01
          LJ-14     Coulomb-14        LJ (SR)   Coulomb (SR)   Coul. recip.
    1.08571e+02    3.18475e+03    6.86649e+04   -7.18453e+05    2.00590e+03
   COM Pull En.      Potential    Kinetic En.   Total Energy  Conserved En.
    3.11210e-02   -6.43312e+05    1.09975e+05   -5.33338e+05   -5.32959e+05
    Temperature Pressure (bar)   Constr. rmsd
    2.96877e+02   -1.89188e+02    2.94948e-06

           Step           Time
         454500      909.00000

   Energies (kJ/mol)
           Bond            U-B    Proper Dih.  Improper Dih.      CMAP Dih.
    1.72348e+02    5.66737e+02    4.14435e+02    1.90338e+01   -3.95193e+00
          LJ-14     Coulomb-14        LJ (SR)   Coulomb (SR)   Coul. recip.
    1.01071e+02    3.17483e+03    7.14780e+04   -7.22335e+05    1.95991e+03
   COM Pull En.      Potential    Kinetic En.   Total Energy  Conserved En.
    6.25704e-01   -6.44452e+05    1.10038e+05   -5.34414e+05   -5.32818e+05
    Temperature Pressure (bar)   Constr. rmsd
    2.97049e+02    1.62776e+02    2.46990e-06

           Step           Time
         455000      910.00000

   Energies (kJ/mol)
           Bond            U-B    Proper Dih.  Improper Dih.      CMAP Dih.
    1.32154e+02    6.21083e+02    4.37233e+02    1.70201e+01   -8.29942e+00
          LJ-14     Coulomb-14        LJ (SR)   Coulomb (SR)   Coul. recip.
    1.10290e+02    3.14598e+03    6.99439e+04   -7.20302e+05    1.99123e+03
   COM Pull En.      Potential    Kinetic En.   Total Energy  Conserved En.
    1.65941e-01   -6.43912e+05    1.10100e+05   -5.33811e+05   -5.32765e+05
    Temperature Pressure (bar)   Constr. rmsd
    2.97217e+02   -1.97405e+01    2.76490e-06

           Step           Time
         455500      911.00000

   Energies (kJ/mol)
           Bond            U-B    Proper Dih.  Improper Dih.      CMAP Dih.
    1.48785e+02    5.70462e+02    4.47923e+02    2.16500e+01   -2.15412e+01
          LJ-14     Coulomb-14        LJ (SR)   Coulomb (SR)   Coul. recip.
    9.87817e+01    3.17583e+03    6.94437e+04   -7.18626e+05    1.98715e+03
   COM Pull En.      Potential    Kinetic En.   Total Energy  Conserved En.
    1.24910e+00   -6.42752e+05    1.10390e+05   -5.32362e+05   -5.32570e+05
    Temperature Pressure (bar)   Constr. rmsd
    2.97998e+02   -5.70048e+00    2.63518e-06

           Step           Time
         456000      912.00000

   Energies (kJ/mol)
           Bond            U-B    Proper Dih.  Improper Dih.      CMAP Dih.
    1.48278e+02    6.26705e+02    4.46615e+02    1.97889e+01   -1.90221e+01
          LJ-14     Coulomb-14        LJ (SR)   Coulomb (SR)   Coul. recip.
    9.64854e+01    3.17779e+03    6.89068e+04   -7.18864e+05    2.03112e+03
   COM Pull En.      Potential    Kinetic En.   Total Energy  Conserved En.
    1.12547e+00   -6.43428e+05    1.11147e+05   -5.32281e+05   -5.32513e+05
    Temperature Pressure (bar)   Constr. rmsd
    3.00041e+02   -4.45835e+01    2.41957e-06

           Step           Time
         456500      913.00000

   Energies (kJ/mol)
           Bond            U-B    Proper Dih.  Improper Dih.      CMAP Dih.
    1.04322e+02    5.82396e+02    3.87317e+02    4.15645e+01    2.11239e+01
          LJ-14     Coulomb-14        LJ (SR)   Coulomb (SR)   Coul. recip.
    1.05190e+02    3.20064e+03    6.89253e+04   -7.18239e+05    1.90351e+03
   COM Pull En.      Potential    Kinetic En.   Total Energy  Conserved En.
    2.72413e-01   -6.42967e+05    1.10278e+05   -5.32689e+05   -5.32380e+05
    Temperature Pressure (bar)   Constr. rmsd
    2.97695e+02    3.03870e+01    2.91756e-06

           Step           Time
         457000      914.00000

   Energies (kJ/mol)
           Bond            U-B    Proper Dih.  Improper Dih.      CMAP Dih.
    1.05772e+02    5.28918e+02    4.15355e+02    2.83949e+01    2.10912e+01
          LJ-14     Coulomb-14        LJ (SR)   Coulomb (SR)   Coul. recip.
    1.25042e+02    3.28063e+03    7.05221e+04   -7.19894e+05    2.02100e+03
   COM Pull En.      Potential    Kinetic En.   Total Energy  Conserved En.
    1.02578e-01   -6.42845e+05    1.10777e+05   -5.32068e+05   -5.32464e+05
    Temperature Pressure (bar)   Constr. rmsd
    2.99043e+02    2.29263e+02    2.62407e-06

           Step           Time
         457500      915.00000

   Energies (kJ/mol)
           Bond            U-B    Proper Dih.  Improper Dih.      CMAP Dih.
    1.61066e+02    5.70985e+02    3.99843e+02    1.76117e+01   -2.24922e+01
          LJ-14     Coulomb-14        LJ (SR)   Coulomb (SR)   Coul. recip.
    8.34942e+01    3.19426e+03    6.94409e+04   -7.19200e+05    2.04617e+03
   COM Pull En.      Potential    Kinetic En.   Total Energy  Conserved En.
    7.75070e-02   -6.43308e+05    1.11396e+05   -5.31912e+05   -5.32305e+05
    Temperature Pressure (bar)   Constr. rmsd
    3.00714e+02    8.10464e+01    3.23644e-06

           Step           Time
         458000      916.00000

   Energies (kJ/mol)
           Bond            U-B    Proper Dih.  Improper Dih.      CMAP Dih.
    2.19375e+02    5.71872e+02    4.13292e+02    2.32964e+01    1.73190e+01
          LJ-14     Coulomb-14        LJ (SR)   Coulomb (SR)   Coul. recip.
    9.42896e+01    3.15435e+03    6.92804e+04   -7.18609e+05    2.01287e+03
   COM Pull En.      Potential    Kinetic En.   Total Energy  Conserved En.
    1.24047e+00   -6.42821e+05    1.10162e+05   -5.32659e+05   -5.32402e+05
    Temperature Pressure (bar)   Constr. rmsd
    2.97382e+02    4.95165e+01    2.82853e-06

           Step           Time
         458500      917.00000

   Energies (kJ/mol)
           Bond            U-B    Proper Dih.  Improper Dih.      CMAP Dih.
    1.59008e+02    5.55509e+02    4.17254e+02    3.44596e+01   -1.40168e+01
          LJ-14     Coulomb-14        LJ (SR)   Coulomb (SR)   Coul. recip.
    1.04576e+02    3.18676e+03    6.89670e+04   -7.18109e+05    1.98644e+03
   COM Pull En.      Potential    Kinetic En.   Total Energy  Conserved En.
    2.57365e-01   -6.42712e+05    1.09772e+05   -5.32940e+05   -5.32538e+05
    Temperature Pressure (bar)   Constr. rmsd
    2.96329e+02   -2.64103e+01    2.78143e-06

           Step           Time
         459000      918.00000

   Energies (kJ/mol)
           Bond            U-B    Proper Dih.  Improper Dih.      CMAP Dih.
    1.16844e+02    5.66048e+02    4.47543e+02    2.42798e+01    2.44165e+01
          LJ-14     Coulomb-14        LJ (SR)   Coulomb (SR)   Coul. recip.
    1.15471e+02    3.22618e+03    7.04182e+04   -7.19962e+05    1.97436e+03
   COM Pull En.      Potential    Kinetic En.   Total Energy  Conserved En.
    2.47604e-01   -6.43049e+05    1.10228e+05   -5.32821e+05   -5.32442e+05
    Temperature Pressure (bar)   Constr. rmsd
    2.97561e+02    1.61376e+02    2.98613e-06

Writing checkpoint, step 459120 at Wed Jun 24 02:14:35 2026


           Step           Time
         459500      919.00000

   Energies (kJ/mol)
           Bond            U-B    Proper Dih.  Improper Dih.      CMAP Dih.
    1.41481e+02    5.70424e+02    4.20545e+02    2.96825e+01    1.95808e+01
          LJ-14     Coulomb-14        LJ (SR)   Coulomb (SR)   Coul. recip.
    1.16641e+02    3.28076e+03    7.04635e+04   -7.21022e+05    2.00827e+03
   COM Pull En.      Potential    Kinetic En.   Total Energy  Conserved En.
    1.51419e+00   -6.43970e+05    1.10672e+05   -5.33298e+05   -5.32418e+05
    Temperature Pressure (bar)   Constr. rmsd
    2.98758e+02    1.91506e+02    3.94754e-06

           Step           Time
         460000      920.00000

   Energies (kJ/mol)
           Bond            U-B    Proper Dih.  Improper Dih.      CMAP Dih.
    1.70980e+02    5.53173e+02    4.33559e+02    1.29061e+01    2.83715e-01
          LJ-14     Coulomb-14        LJ (SR)   Coulomb (SR)   Coul. recip.
    9.52839e+01    3.19575e+03    7.00244e+04   -7.20364e+05    2.02986e+03
   COM Pull En.      Potential    Kinetic En.   Total Energy  Conserved En.
    1.45375e-02   -6.43848e+05    1.10580e+05   -5.33268e+05   -5.32417e+05
    Temperature Pressure (bar)   Constr. rmsd
    2.98512e+02    2.66111e+01    2.43079e-06

           Step           Time
         460500      921.00000

   Energies (kJ/mol)
           Bond            U-B    Proper Dih.  Improper Dih.      CMAP Dih.
    1.68922e+02    5.83304e+02    4.19590e+02    2.46986e+01   -8.11011e+00
          LJ-14     Coulomb-14        LJ (SR)   Coulomb (SR)   Coul. recip.
    9.91000e+01    3.14205e+03    6.98286e+04   -7.19658e+05    2.00870e+03
   COM Pull En.      Potential    Kinetic En.   Total Energy  Conserved En.
    3.90439e-01   -6.43391e+05    1.09268e+05   -5.34122e+05   -5.32511e+05
    Temperature Pressure (bar)   Constr. rmsd
    2.94970e+02    6.07081e+01    2.92407e-06

           Step           Time
         461000      922.00000

   Energies (kJ/mol)
           Bond            U-B    Proper Dih.  Improper Dih.      CMAP Dih.
    2.04878e+02    5.65683e+02    4.07846e+02    1.89916e+01    3.86232e+01
          LJ-14     Coulomb-14        LJ (SR)   Coulomb (SR)   Coul. recip.
    8.93621e+01    3.17057e+03    6.93920e+04   -7.19183e+05    2.00012e+03
   COM Pull En.      Potential    Kinetic En.   Total Energy  Conserved En.
    7.27520e-01   -6.43294e+05    1.10506e+05   -5.32788e+05   -5.32546e+05
    Temperature Pressure (bar)   Constr. rmsd
    2.98312e+02    6.71359e+00    3.41436e-06

           Step           Time
         461500      923.00000

   Energies (kJ/mol)
           Bond            U-B    Proper Dih.  Improper Dih.      CMAP Dih.
    1.32517e+02    5.46353e+02    4.37826e+02    3.00406e+01    3.17594e+00
          LJ-14     Coulomb-14        LJ (SR)   Coulomb (SR)   Coul. recip.
    1.03722e+02    3.17313e+03    6.96134e+04   -7.18551e+05    1.96769e+03
   COM Pull En.      Potential    Kinetic En.   Total Energy  Conserved En.
    4.63088e-01   -6.42543e+05    1.09836e+05   -5.32706e+05   -5.32664e+05
    Temperature Pressure (bar)   Constr. rmsd
    2.96504e+02    6.93259e+01    2.49824e-06

           Step           Time
         462000      924.00000

   Energies (kJ/mol)
           Bond            U-B    Proper Dih.  Improper Dih.      CMAP Dih.
    1.72443e+02    5.60170e+02    4.12362e+02    1.58861e+01   -9.09038e+00
          LJ-14     Coulomb-14        LJ (SR)   Coulomb (SR)   Coul. recip.
    8.42594e+01    3.19183e+03    6.96499e+04   -7.18823e+05    2.02939e+03
   COM Pull En.      Potential    Kinetic En.   Total Energy  Conserved En.
    6.71588e-02   -6.42716e+05    1.10572e+05   -5.32144e+05   -5.32781e+05
    Temperature Pressure (bar)   Constr. rmsd
    2.98488e+02    2.50545e+01    2.73339e-06

           Step           Time
         462500      925.00000

   Energies (kJ/mol)
           Bond            U-B    Proper Dih.  Improper Dih.      CMAP Dih.
    1.41759e+02    5.50236e+02    4.27182e+02    2.21285e+01   -1.49541e+01
          LJ-14     Coulomb-14        LJ (SR)   Coulomb (SR)   Coul. recip.
    9.86063e+01    3.22736e+03    6.98678e+04   -7.18950e+05    1.94846e+03
   COM Pull En.      Potential    Kinetic En.   Total Energy  Conserved En.
    1.60437e-02   -6.42682e+05    1.10429e+05   -5.32252e+05   -5.32884e+05
    Temperature Pressure (bar)   Constr. rmsd
    2.98104e+02    4.23545e+01    3.51951e-06

           Step           Time
         463000      926.00000

   Energies (kJ/mol)
           Bond            U-B    Proper Dih.  Improper Dih.      CMAP Dih.
    1.74841e+02    5.86841e+02    4.32268e+02    2.48976e+01    1.05233e+00
          LJ-14     Coulomb-14        LJ (SR)   Coulomb (SR)   Coul. recip.
    9.74197e+01    3.15795e+03    6.99743e+04   -7.18904e+05    2.09580e+03
   COM Pull En.      Potential    Kinetic En.   Total Energy  Conserved En.
    2.04764e-01   -6.42358e+05    1.10139e+05   -5.32219e+05   -5.32867e+05
    Temperature Pressure (bar)   Constr. rmsd
    2.97321e+02    5.22628e+01    3.78772e-06

           Step           Time
         463500      927.00000

   Energies (kJ/mol)
           Bond            U-B    Proper Dih.  Improper Dih.      CMAP Dih.
    1.18772e+02    5.63772e+02    4.28666e+02    2.32013e+01    2.57402e+01
          LJ-14     Coulomb-14        LJ (SR)   Coulomb (SR)   Coul. recip.
    1.02050e+02    3.21592e+03    7.07149e+04   -7.19999e+05    1.92676e+03
   COM Pull En.      Potential    Kinetic En.   Total Energy  Conserved En.
    8.81692e-01   -6.42879e+05    1.10082e+05   -5.32797e+05   -5.32793e+05
    Temperature Pressure (bar)   Constr. rmsd
    2.97166e+02    1.28790e+02    3.73122e-06

           Step           Time
         464000      928.00000

   Energies (kJ/mol)
           Bond            U-B    Proper Dih.  Improper Dih.      CMAP Dih.
    1.74250e+02    5.57246e+02    4.07145e+02    2.33340e+01    8.44282e+00
          LJ-14     Coulomb-14        LJ (SR)   Coulomb (SR)   Coul. recip.
    1.11011e+02    3.25767e+03    7.11128e+04   -7.20508e+05    1.96652e+03
   COM Pull En.      Potential    Kinetic En.   Total Energy  Conserved En.
    5.12455e-03   -6.42890e+05    1.10540e+05   -5.32350e+05   -5.32766e+05
    Temperature Pressure (bar)   Constr. rmsd
    2.98403e+02    2.09375e+02    3.43822e-06

           Step           Time
         464500      929.00000

   Energies (kJ/mol)
           Bond            U-B    Proper Dih.  Improper Dih.      CMAP Dih.
    1.08482e+02    5.77345e+02    4.50817e+02    1.55320e+01    2.49935e+01
          LJ-14     Coulomb-14        LJ (SR)   Coulomb (SR)   Coul. recip.
    1.20988e+02    3.24817e+03    6.98142e+04   -7.19169e+05    2.07029e+03
   COM Pull En.      Potential    Kinetic En.   Total Energy  Conserved En.
    4.70184e-01   -6.42738e+05    1.10591e+05   -5.32147e+05   -5.32868e+05
    Temperature Pressure (bar)   Constr. rmsd
    2.98540e+02   -1.26177e+01    3.65385e-06

           Step           Time
         465000      930.00000

   Energies (kJ/mol)
           Bond            U-B    Proper Dih.  Improper Dih.      CMAP Dih.
    1.44809e+02    5.88892e+02    4.10409e+02    3.16817e+01   -3.24366e+00
          LJ-14     Coulomb-14        LJ (SR)   Coulomb (SR)   Coul. recip.
    1.09318e+02    3.21682e+03    7.01563e+04   -7.19770e+05    1.92712e+03
   COM Pull En.      Potential    Kinetic En.   Total Energy  Conserved En.
    8.85016e-02   -6.43188e+05    1.11036e+05   -5.32152e+05   -5.32909e+05
    Temperature Pressure (bar)   Constr. rmsd
    2.99743e+02    3.28687e+01    2.83573e-06

           Step           Time
         465500      931.00000

   Energies (kJ/mol)
           Bond            U-B    Proper Dih.  Improper Dih.      CMAP Dih.
    1.68266e+02    5.74894e+02    4.40582e+02    2.65575e+01   -4.24592e+00
          LJ-14     Coulomb-14        LJ (SR)   Coulomb (SR)   Coul. recip.
    1.00540e+02    3.15529e+03    6.86052e+04   -7.18634e+05    2.00924e+03
   COM Pull En.      Potential    Kinetic En.   Total Energy  Conserved En.
    4.31718e-01   -6.43558e+05    1.10881e+05   -5.32676e+05   -5.32884e+05
    Temperature Pressure (bar)   Constr. rmsd
    2.99325e+02   -2.66653e+02    2.52093e-06

           Step           Time
         466000      932.00000

   Energies (kJ/mol)
           Bond            U-B    Proper Dih.  Improper Dih.      CMAP Dih.
    1.76279e+02    5.37300e+02    4.38878e+02    2.11882e+01   -9.88822e+00
          LJ-14     Coulomb-14        LJ (SR)   Coulomb (SR)   Coul. recip.
    9.80668e+01    3.19141e+03    7.07122e+04   -7.19289e+05    2.02251e+03
   COM Pull En.      Potential    Kinetic En.   Total Energy  Conserved En.
    4.14401e-01   -6.42101e+05    1.09394e+05   -5.32707e+05   -5.32965e+05
    Temperature Pressure (bar)   Constr. rmsd
    2.95309e+02    1.24865e+02    3.79618e-06

           Step           Time
         466500      933.00000

   Energies (kJ/mol)
           Bond            U-B    Proper Dih.  Improper Dih.      CMAP Dih.
    1.42678e+02    5.39268e+02    4.36842e+02    1.45119e+01    7.96940e-01
          LJ-14     Coulomb-14        LJ (SR)   Coulomb (SR)   Coul. recip.
    1.15493e+02    3.18127e+03    6.92061e+04   -7.19317e+05    2.01578e+03
   COM Pull En.      Potential    Kinetic En.   Total Energy  Conserved En.
    2.14912e-02   -6.43664e+05    1.10425e+05   -5.33239e+05   -5.32790e+05
    Temperature Pressure (bar)   Constr. rmsd
    2.98092e+02   -9.21986e+01    2.34668e-06

           Step           Time
         467000      934.00000

   Energies (kJ/mol)
           Bond            U-B    Proper Dih.  Improper Dih.      CMAP Dih.
    1.56591e+02    5.81313e+02    4.25855e+02    3.07715e+01   -1.41049e+01
          LJ-14     Coulomb-14        LJ (SR)   Coulomb (SR)   Coul. recip.
    9.60288e+01    3.18766e+03    6.90798e+04   -7.18574e+05    1.98220e+03
   COM Pull En.      Potential    Kinetic En.   Total Energy  Conserved En.
    4.62810e-01   -6.43047e+05    1.10238e+05   -5.32810e+05   -5.32708e+05
    Temperature Pressure (bar)   Constr. rmsd
    2.97587e+02   -6.95456e+01    3.06152e-06

           Step           Time
         467500      935.00000

   Energies (kJ/mol)
           Bond            U-B    Proper Dih.  Improper Dih.      CMAP Dih.
    1.26991e+02    5.13729e+02    4.31254e+02    1.92587e+01    3.31602e+01
          LJ-14     Coulomb-14        LJ (SR)   Coulomb (SR)   Coul. recip.
    1.26017e+02    3.19240e+03    6.96620e+04   -7.18799e+05    2.04029e+03
   COM Pull En.      Potential    Kinetic En.   Total Energy  Conserved En.
    1.30471e-01   -6.42654e+05    1.09987e+05   -5.32667e+05   -5.32656e+05
    Temperature Pressure (bar)   Constr. rmsd
    2.96909e+02    7.29515e+01    3.27382e-06

           Step           Time
         468000      936.00000

   Energies (kJ/mol)
           Bond            U-B    Proper Dih.  Improper Dih.      CMAP Dih.
    1.60841e+02    5.40966e+02    3.92311e+02    2.59366e+01   -1.27544e+01
          LJ-14     Coulomb-14        LJ (SR)   Coulomb (SR)   Coul. recip.
    1.05385e+02    3.18944e+03    6.88314e+04   -7.17997e+05    2.00922e+03
   COM Pull En.      Potential    Kinetic En.   Total Energy  Conserved En.
    9.05483e-02   -6.42754e+05    1.10714e+05   -5.32040e+05   -5.32601e+05
    Temperature Pressure (bar)   Constr. rmsd
    2.98873e+02   -8.39834e+01    2.65996e-06

Writing checkpoint, step 468080 at Wed Jun 24 02:29:41 2026


           Step           Time
         468500      937.00000

   Energies (kJ/mol)
           Bond            U-B    Proper Dih.  Improper Dih.      CMAP Dih.
    1.78392e+02    5.70301e+02    4.02337e+02    1.85119e+01    1.87611e+01
          LJ-14     Coulomb-14        LJ (SR)   Coulomb (SR)   Coul. recip.
    1.01490e+02    3.13682e+03    6.87062e+04   -7.17106e+05    1.99325e+03
   COM Pull En.      Potential    Kinetic En.   Total Energy  Conserved En.
    5.66972e-01   -6.41979e+05    1.10627e+05   -5.31352e+05   -5.32691e+05
    Temperature Pressure (bar)   Constr. rmsd
    2.98638e+02   -3.05121e+01    2.79547e-06

           Step           Time
         469000      938.00000

   Energies (kJ/mol)
           Bond            U-B    Proper Dih.  Improper Dih.      CMAP Dih.
    1.45733e+02    6.10981e+02    3.92046e+02    2.14478e+01    2.66208e+00
          LJ-14     Coulomb-14        LJ (SR)   Coulomb (SR)   Coul. recip.
    1.05060e+02    3.16174e+03    6.80449e+04   -7.16414e+05    2.06997e+03
   COM Pull En.      Potential    Kinetic En.   Total Energy  Conserved En.
    3.59519e-01   -6.41859e+05    1.10951e+05   -5.30907e+05   -5.32724e+05
    Temperature Pressure (bar)   Constr. rmsd
    2.99513e+02   -1.05223e+02    3.98902e-06

           Step           Time
         469500      939.00000

   Energies (kJ/mol)
           Bond            U-B    Proper Dih.  Improper Dih.      CMAP Dih.
    1.71014e+02    5.29509e+02    4.25718e+02    1.88472e+01   -2.49631e+01
          LJ-14     Coulomb-14        LJ (SR)   Coulomb (SR)   Coul. recip.
    1.03184e+02    3.16364e+03    7.04523e+04   -7.19886e+05    2.05261e+03
   COM Pull En.      Potential    Kinetic En.   Total Energy  Conserved En.
    2.15313e-04   -6.42994e+05    1.10833e+05   -5.32160e+05   -5.32806e+05
    Temperature Pressure (bar)   Constr. rmsd
    2.99195e+02    1.71879e+02    3.42384e-06

           Step           Time
         470000      940.00000

   Energies (kJ/mol)
           Bond            U-B    Proper Dih.  Improper Dih.      CMAP Dih.
    1.37596e+02    5.74970e+02    3.98971e+02    2.62595e+01   -1.28398e+01
          LJ-14     Coulomb-14        LJ (SR)   Coulomb (SR)   Coul. recip.
    1.09054e+02    3.17909e+03    6.94792e+04   -7.18465e+05    2.01098e+03
   COM Pull En.      Potential    Kinetic En.   Total Energy  Conserved En.
    3.58249e-01   -6.42561e+05    1.09912e+05   -5.32649e+05   -5.32844e+05
    Temperature Pressure (bar)   Constr. rmsd
    2.96708e+02   -1.19925e+01    3.27646e-06

           Step           Time
         470500      941.00000

   Energies (kJ/mol)
           Bond            U-B    Proper Dih.  Improper Dih.      CMAP Dih.
    1.55225e+02    5.82791e+02    4.06712e+02    3.95435e+01    1.03673e+01
          LJ-14     Coulomb-14        LJ (SR)   Coulomb (SR)   Coul. recip.
    1.14106e+02    3.19150e+03    6.89831e+04   -7.18237e+05    2.06478e+03
   COM Pull En.      Potential    Kinetic En.   Total Energy  Conserved En.
    6.82561e-01   -6.42688e+05    1.10675e+05   -5.32014e+05   -5.32722e+05
    Temperature Pressure (bar)   Constr. rmsd
    2.98767e+02   -4.85759e+01    2.67854e-06

           Step           Time
         471000      942.00000

   Energies (kJ/mol)
           Bond            U-B    Proper Dih.  Improper Dih.      CMAP Dih.
    1.55695e+02    5.01685e+02    4.62252e+02    2.78981e+01    1.95296e+01
          LJ-14     Coulomb-14        LJ (SR)   Coulomb (SR)   Coul. recip.
    1.00782e+02    3.20451e+03    7.03981e+04   -7.20479e+05    1.99374e+03
   COM Pull En.      Potential    Kinetic En.   Total Energy  Conserved En.
    2.28826e+00   -6.43612e+05    1.10431e+05   -5.33181e+05   -5.32858e+05
    Temperature Pressure (bar)   Constr. rmsd
    2.98110e+02    7.50378e+01    3.32855e-06

           Step           Time
         471500      943.00000

   Energies (kJ/mol)
           Bond            U-B    Proper Dih.  Improper Dih.      CMAP Dih.
    1.79670e+02    5.38472e+02    4.06033e+02    2.75307e+01    2.83196e+00
          LJ-14     Coulomb-14        LJ (SR)   Coulomb (SR)   Coul. recip.
    1.06421e+02    3.18806e+03    6.94566e+04   -7.18075e+05    2.06760e+03
   COM Pull En.      Potential    Kinetic En.   Total Energy  Conserved En.
    2.01879e+00   -6.42100e+05    1.09874e+05   -5.32226e+05   -5.32891e+05
    Temperature Pressure (bar)   Constr. rmsd
    2.96606e+02   -3.73917e+01    2.70764e-06

           Step           Time
         472000      944.00000

   Energies (kJ/mol)
           Bond            U-B    Proper Dih.  Improper Dih.      CMAP Dih.
    1.57848e+02    5.71731e+02    4.35640e+02    2.56499e+01    6.37943e+00
          LJ-14     Coulomb-14        LJ (SR)   Coulomb (SR)   Coul. recip.
    1.13255e+02    3.21521e+03    7.09680e+04   -7.21596e+05    1.95655e+03
   COM Pull En.      Potential    Kinetic En.   Total Energy  Conserved En.
    2.07423e-01   -6.44146e+05    1.10491e+05   -5.33655e+05   -5.32711e+05
    Temperature Pressure (bar)   Constr. rmsd
    2.98270e+02    1.59200e+02    2.47059e-06

           Step           Time
         472500      945.00000

   Energies (kJ/mol)
           Bond            U-B    Proper Dih.  Improper Dih.      CMAP Dih.
    1.33767e+02    5.29518e+02    4.10891e+02    2.30241e+01   -8.97015e+00
          LJ-14     Coulomb-14        LJ (SR)   Coulomb (SR)   Coul. recip.
    1.05512e+02    3.22501e+03    6.96790e+04   -7.19523e+05    2.01173e+03
   COM Pull En.      Potential    Kinetic En.   Total Energy  Conserved En.
    6.03781e-02   -6.43414e+05    1.10210e+05   -5.33204e+05   -5.32793e+05
    Temperature Pressure (bar)   Constr. rmsd
    2.97512e+02    2.01794e+01    3.20641e-06

           Step           Time
         473000      946.00000

   Energies (kJ/mol)
           Bond            U-B    Proper Dih.  Improper Dih.      CMAP Dih.
    1.17215e+02    5.55551e+02    4.26712e+02    2.62751e+01   -1.02254e+01
          LJ-14     Coulomb-14        LJ (SR)   Coulomb (SR)   Coul. recip.
    1.28035e+02    3.21180e+03    7.00560e+04   -7.19213e+05    2.02379e+03
   COM Pull En.      Potential    Kinetic En.   Total Energy  Conserved En.
    2.77320e-01   -6.42678e+05    1.09369e+05   -5.33309e+05   -5.32813e+05
    Temperature Pressure (bar)   Constr. rmsd
    2.95242e+02    8.46106e+01    3.08748e-06

           Step           Time
         473500      947.00000

   Energies (kJ/mol)
           Bond            U-B    Proper Dih.  Improper Dih.      CMAP Dih.
    1.73138e+02    6.08135e+02    4.31887e+02    2.84217e+01   -2.13122e+01
          LJ-14     Coulomb-14        LJ (SR)   Coulomb (SR)   Coul. recip.
    1.01375e+02    3.15881e+03    6.92020e+04   -7.18492e+05    2.03929e+03
   COM Pull En.      Potential    Kinetic En.   Total Energy  Conserved En.
    1.05109e-01   -6.42770e+05    1.10954e+05   -5.31816e+05   -5.32796e+05
    Temperature Pressure (bar)   Constr. rmsd
    2.99520e+02   -8.88790e+01    3.04946e-06

           Step           Time
         474000      948.00000

   Energies (kJ/mol)
           Bond            U-B    Proper Dih.  Improper Dih.      CMAP Dih.
    1.48915e+02    5.86140e+02    3.94490e+02    1.96103e+01    2.72665e+01
          LJ-14     Coulomb-14        LJ (SR)   Coulomb (SR)   Coul. recip.
    1.03158e+02    3.20407e+03    7.01098e+04   -7.19378e+05    2.02818e+03
   COM Pull En.      Potential    Kinetic En.   Total Energy  Conserved En.
    9.77248e-01   -6.42755e+05    1.10677e+05   -5.32079e+05   -5.32779e+05
    Temperature Pressure (bar)   Constr. rmsd
    2.98772e+02    7.12930e+01    3.03383e-06

           Step           Time
         474500      949.00000

   Energies (kJ/mol)
           Bond            U-B    Proper Dih.  Improper Dih.      CMAP Dih.
    1.60816e+02    5.85145e+02    4.05170e+02    3.08874e+01    7.83037e-01
          LJ-14     Coulomb-14        LJ (SR)   Coulomb (SR)   Coul. recip.
    1.03670e+02    3.20715e+03    6.90093e+04   -7.18508e+05    2.01085e+03
   COM Pull En.      Potential    Kinetic En.   Total Energy  Conserved En.
    1.44453e-02   -6.42995e+05    1.11193e+05   -5.31801e+05   -5.32774e+05
    Temperature Pressure (bar)   Constr. rmsd
    3.00166e+02   -6.67906e+01    2.67574e-06

           Step           Time
         475000      950.00000

   Energies (kJ/mol)
           Bond            U-B    Proper Dih.  Improper Dih.      CMAP Dih.
    1.47861e+02    6.14854e+02    4.33939e+02    1.85671e+01   -5.86769e+00
          LJ-14     Coulomb-14        LJ (SR)   Coulomb (SR)   Coul. recip.
    1.16634e+02    3.17823e+03    7.05555e+04   -7.20169e+05    1.99063e+03
   COM Pull En.      Potential    Kinetic En.   Total Energy  Conserved En.
    3.04123e-01   -6.43118e+05    1.10641e+05   -5.32477e+05   -5.32827e+05
    Temperature Pressure (bar)   Constr. rmsd
    2.98675e+02    1.05671e+02    2.85522e-06

           Step           Time
         475500      951.00000

   Energies (kJ/mol)
           Bond            U-B    Proper Dih.  Improper Dih.      CMAP Dih.
    1.37500e+02    5.69982e+02    4.16392e+02    2.02371e+01    1.58056e+01
          LJ-14     Coulomb-14        LJ (SR)   Coulomb (SR)   Coul. recip.
    1.07813e+02    3.22522e+03    7.02335e+04   -7.18929e+05    1.97730e+03
   COM Pull En.      Potential    Kinetic En.   Total Energy  Conserved En.
    1.06513e-01   -6.42225e+05    1.10076e+05   -5.32149e+05   -5.32921e+05
    Temperature Pressure (bar)   Constr. rmsd
    2.97151e+02    1.00319e+02    2.82908e-06

           Step           Time
         476000      952.00000

   Energies (kJ/mol)
           Bond            U-B    Proper Dih.  Improper Dih.      CMAP Dih.
    1.61293e+02    5.76404e+02    4.27896e+02    1.67917e+01    9.07448e+00
          LJ-14     Coulomb-14        LJ (SR)   Coulomb (SR)   Coul. recip.
    1.05492e+02    3.16981e+03    6.96594e+04   -7.19120e+05    1.98459e+03
   COM Pull En.      Potential    Kinetic En.   Total Energy  Conserved En.
    1.80528e-01   -6.43009e+05    1.10753e+05   -5.32256e+05   -5.32934e+05
    Temperature Pressure (bar)   Constr. rmsd
    2.98977e+02    1.47591e+00    2.71072e-06

           Step           Time
         476500      953.00000

   Energies (kJ/mol)
           Bond            U-B    Proper Dih.  Improper Dih.      CMAP Dih.
    1.61594e+02    6.14597e+02    4.16730e+02    2.85063e+01    2.37218e+01
          LJ-14     Coulomb-14        LJ (SR)   Coulomb (SR)   Coul. recip.
    1.02425e+02    3.18399e+03    6.91490e+04   -7.17410e+05    2.02035e+03
   COM Pull En.      Potential    Kinetic En.   Total Energy  Conserved En.
    2.56538e-01   -6.41709e+05    1.09598e+05   -5.32111e+05   -5.33044e+05
    Temperature Pressure (bar)   Constr. rmsd
    2.95861e+02   -7.81266e+01    3.62189e-06

Writing checkpoint, step 476960 at Wed Jun 24 02:44:39 2026


           Step           Time
         477000      954.00000

   Energies (kJ/mol)
           Bond            U-B    Proper Dih.  Improper Dih.      CMAP Dih.
    1.79067e+02    6.24328e+02    4.06680e+02    2.52038e+01    3.36921e+01
          LJ-14     Coulomb-14        LJ (SR)   Coulomb (SR)   Coul. recip.
    1.00976e+02    3.16093e+03    6.93312e+04   -7.17749e+05    1.98361e+03
   COM Pull En.      Potential    Kinetic En.   Total Energy  Conserved En.
    5.88741e-01   -6.41903e+05    1.10550e+05   -5.31353e+05   -5.32892e+05
    Temperature Pressure (bar)   Constr. rmsd
    2.98431e+02   -4.65453e+01    4.78280e-06

           Step           Time
         477500      955.00000

   Energies (kJ/mol)
           Bond            U-B    Proper Dih.  Improper Dih.      CMAP Dih.
    1.36693e+02    5.69666e+02    4.22337e+02    3.02080e+01    1.95020e+01
          LJ-14     Coulomb-14        LJ (SR)   Coulomb (SR)   Coul. recip.
    1.06620e+02    3.17612e+03    6.82919e+04   -7.18193e+05    1.97671e+03
   COM Pull En.      Potential    Kinetic En.   Total Energy  Conserved En.
    4.72666e-04   -6.43463e+05    1.11007e+05   -5.32456e+05   -5.32971e+05
    Temperature Pressure (bar)   Constr. rmsd
    2.99665e+02   -2.43056e+02    2.54882e-06

           Step           Time
         478000      956.00000

   Energies (kJ/mol)
           Bond            U-B    Proper Dih.  Improper Dih.      CMAP Dih.
    1.67219e+02    5.83148e+02    4.21823e+02    1.61366e+01   -1.26269e+01
          LJ-14     Coulomb-14        LJ (SR)   Coulomb (SR)   Coul. recip.
    1.22942e+02    3.22840e+03    7.13108e+04   -7.19877e+05    2.01635e+03
   COM Pull En.      Potential    Kinetic En.   Total Energy  Conserved En.
    3.09678e-01   -6.42023e+05    1.11390e+05   -5.30633e+05   -5.32874e+05
    Temperature Pressure (bar)   Constr. rmsd
    3.00697e+02    2.57638e+02    3.26511e-06

           Step           Time
         478500      957.00000

   Energies (kJ/mol)
           Bond            U-B    Proper Dih.  Improper Dih.      CMAP Dih.
    1.72162e+02    5.67665e+02    4.41867e+02    2.12294e+01    3.92495e+01
          LJ-14     Coulomb-14        LJ (SR)   Coulomb (SR)   Coul. recip.
    9.39872e+01    3.17803e+03    6.92454e+04   -7.18100e+05    2.09711e+03
   COM Pull En.      Potential    Kinetic En.   Total Energy  Conserved En.
    2.33652e-01   -6.42243e+05    1.11206e+05   -5.31037e+05   -5.32937e+05
    Temperature Pressure (bar)   Constr. rmsd
    3.00200e+02   -6.84792e+01    3.53546e-06

           Step           Time
         479000      958.00000

   Energies (kJ/mol)
           Bond            U-B    Proper Dih.  Improper Dih.      CMAP Dih.
    1.68157e+02    5.78656e+02    4.30705e+02    3.09515e+01    6.33832e+00
          LJ-14     Coulomb-14        LJ (SR)   Coulomb (SR)   Coul. recip.
    1.18925e+02    3.18693e+03    6.92383e+04   -7.17073e+05    2.07181e+03
   COM Pull En.      Potential    Kinetic En.   Total Energy  Conserved En.
    1.23560e-01   -6.41242e+05    1.10637e+05   -5.30605e+05   -5.32858e+05
    Temperature Pressure (bar)   Constr. rmsd
    2.98666e+02    2.59332e+01    4.24255e-06

           Step           Time
         479500      959.00000

   Energies (kJ/mol)
           Bond            U-B    Proper Dih.  Improper Dih.      CMAP Dih.
    1.24745e+02    5.49626e+02    4.20257e+02    2.66282e+01    3.27318e+01
          LJ-14     Coulomb-14        LJ (SR)   Coulomb (SR)   Coul. recip.
    1.20914e+02    3.16202e+03    6.97894e+04   -7.19071e+05    2.08480e+03
   COM Pull En.      Potential    Kinetic En.   Total Energy  Conserved En.
    1.20402e-02   -6.42759e+05    1.10144e+05   -5.32615e+05   -5.32800e+05
    Temperature Pressure (bar)   Constr. rmsd
    2.97334e+02    5.71397e+01    2.61309e-06

           Step           Time
         480000      960.00000

   Energies (kJ/mol)
           Bond            U-B    Proper Dih.  Improper Dih.      CMAP Dih.
    1.21328e+02    5.31802e+02    4.38337e+02    3.20882e+01    1.51070e+00
          LJ-14     Coulomb-14        LJ (SR)   Coulomb (SR)   Coul. recip.
    1.20001e+02    3.19165e+03    7.02663e+04   -7.19111e+05    2.00190e+03
   COM Pull En.      Potential    Kinetic En.   Total Energy  Conserved En.
    4.51794e-01   -6.42406e+05    1.09212e+05   -5.33194e+05   -5.32758e+05
    Temperature Pressure (bar)   Constr. rmsd
    2.94817e+02    1.37129e+02    3.00354e-06

           Step           Time
         480500      961.00000

   Energies (kJ/mol)
           Bond            U-B    Proper Dih.  Improper Dih.      CMAP Dih.
    1.58128e+02    5.10423e+02    4.52221e+02    2.20601e+01    1.00273e+01
          LJ-14     Coulomb-14        LJ (SR)   Coulomb (SR)   Coul. recip.
    1.18401e+02    3.20122e+03    7.18175e+04   -7.20702e+05    1.98380e+03
   COM Pull En.      Potential    Kinetic En.   Total Energy  Conserved En.
    8.89975e-01   -6.42428e+05    1.09541e+05   -5.32887e+05   -5.32819e+05
    Temperature Pressure (bar)   Constr. rmsd
    2.95706e+02    3.37624e+02    3.06343e-06

           Step           Time
         481000      962.00000

   Energies (kJ/mol)
           Bond            U-B    Proper Dih.  Improper Dih.      CMAP Dih.
    1.87254e+02    5.03359e+02    4.52096e+02    3.79903e+01    4.75587e+01
          LJ-14     Coulomb-14        LJ (SR)   Coulomb (SR)   Coul. recip.
    1.21085e+02    3.21989e+03    7.00972e+04   -7.19342e+05    2.00485e+03
   COM Pull En.      Potential    Kinetic En.   Total Energy  Conserved En.
    2.11162e-01   -6.42670e+05    1.10937e+05   -5.31733e+05   -5.32837e+05
    Temperature Pressure (bar)   Constr. rmsd
    2.99474e+02    8.45767e+01    3.57174e-06

           Step           Time
         481500      963.00000

   Energies (kJ/mol)
           Bond            U-B    Proper Dih.  Improper Dih.      CMAP Dih.
    1.87700e+02    5.45110e+02    4.26954e+02    2.42019e+01    1.92023e+01
          LJ-14     Coulomb-14        LJ (SR)   Coulomb (SR)   Coul. recip.
    8.28062e+01    3.19040e+03    6.97953e+04   -7.18963e+05    2.03499e+03
   COM Pull En.      Potential    Kinetic En.   Total Energy  Conserved En.
    5.47739e-01   -6.42656e+05    1.10199e+05   -5.32457e+05   -5.32891e+05
    Temperature Pressure (bar)   Constr. rmsd
    2.97482e+02   -1.08301e+01    2.91942e-06

           Step           Time
         482000      964.00000

   Energies (kJ/mol)
           Bond            U-B    Proper Dih.  Improper Dih.      CMAP Dih.
    1.51252e+02    6.25311e+02    4.24746e+02    1.78959e+01    9.25487e+00
          LJ-14     Coulomb-14        LJ (SR)   Coulomb (SR)   Coul. recip.
    9.31462e+01    3.13705e+03    6.94327e+04   -7.18411e+05    2.01131e+03
   COM Pull En.      Potential    Kinetic En.   Total Energy  Conserved En.
    4.56319e-01   -6.42508e+05    1.10473e+05   -5.32034e+05   -5.32892e+05
    Temperature Pressure (bar)   Constr. rmsd
    2.98223e+02   -5.07527e+00    2.22207e-06

           Step           Time
         482500      965.00000

   Energies (kJ/mol)
           Bond            U-B    Proper Dih.  Improper Dih.      CMAP Dih.
    1.20588e+02    5.43609e+02    4.73456e+02    3.07995e+01    4.38993e+00
          LJ-14     Coulomb-14        LJ (SR)   Coulomb (SR)   Coul. recip.
    1.11816e+02    3.20606e+03    6.94890e+04   -7.18225e+05    1.97769e+03
   COM Pull En.      Potential    Kinetic En.   Total Energy  Conserved En.
    5.18604e-01   -6.42267e+05    1.10352e+05   -5.31915e+05   -5.32956e+05
    Temperature Pressure (bar)   Constr. rmsd
    2.97895e+02   -1.33876e+01    3.58301e-06

           Step           Time
         483000      966.00000

   Energies (kJ/mol)
           Bond            U-B    Proper Dih.  Improper Dih.      CMAP Dih.
    1.70543e+02    5.24289e+02    4.47073e+02    2.97764e+01    1.89703e+01
          LJ-14     Coulomb-14        LJ (SR)   Coulomb (SR)   Coul. recip.
    1.02674e+02    3.16605e+03    7.11322e+04   -7.21010e+05    2.05773e+03
   COM Pull En.      Potential    Kinetic En.   Total Energy  Conserved En.
    2.68879e-01   -6.43360e+05    1.11528e+05   -5.31833e+05   -5.33032e+05
    Temperature Pressure (bar)   Constr. rmsd
    3.01069e+02    1.97759e+02    2.31214e-06

           Step           Time
         483500      967.00000

   Energies (kJ/mol)
           Bond            U-B    Proper Dih.  Improper Dih.      CMAP Dih.
    1.65653e+02    6.12349e+02    4.34733e+02    3.14241e+01    3.56427e+01
          LJ-14     Coulomb-14        LJ (SR)   Coulomb (SR)   Coul. recip.
    9.62480e+01    3.18550e+03    6.95941e+04   -7.18410e+05    1.98318e+03
   COM Pull En.      Potential    Kinetic En.   Total Energy  Conserved En.
    1.46111e-01   -6.42271e+05    1.10971e+05   -5.31300e+05   -5.32843e+05
    Temperature Pressure (bar)   Constr. rmsd
    2.99567e+02    4.29110e+01    3.73280e-06

           Step           Time
         484000      968.00000

   Energies (kJ/mol)
           Bond            U-B    Proper Dih.  Improper Dih.      CMAP Dih.
    1.76580e+02    5.61864e+02    4.48426e+02    1.50573e+01    2.80695e+01
          LJ-14     Coulomb-14        LJ (SR)   Coulomb (SR)   Coul. recip.
    8.40579e+01    3.14603e+03    6.97946e+04   -7.18401e+05    2.00825e+03
   COM Pull En.      Potential    Kinetic En.   Total Energy  Conserved En.
    2.47189e-03   -6.42138e+05    1.10637e+05   -5.31501e+05   -5.32924e+05
    Temperature Pressure (bar)   Constr. rmsd
    2.98665e+02    5.02132e+01    2.30254e-06

           Step           Time
         484500      969.00000

   Energies (kJ/mol)
           Bond            U-B    Proper Dih.  Improper Dih.      CMAP Dih.
    1.60998e+02    5.45131e+02    4.50248e+02    3.43177e+01    3.80333e+01
          LJ-14     Coulomb-14        LJ (SR)   Coulomb (SR)   Coul. recip.
    1.13490e+02    3.21756e+03    6.96650e+04   -7.19228e+05    1.99698e+03
   COM Pull En.      Potential    Kinetic En.   Total Energy  Conserved En.
    2.01543e-01   -6.43006e+05    1.11015e+05   -5.31991e+05   -5.32854e+05
    Temperature Pressure (bar)   Constr. rmsd
    2.99684e+02    2.96610e+01    2.98868e-06

           Step           Time
         485000      970.00000

   Energies (kJ/mol)
           Bond            U-B    Proper Dih.  Improper Dih.      CMAP Dih.
    1.73646e+02    5.93828e+02    4.23258e+02    2.53055e+01    2.69344e+01
          LJ-14     Coulomb-14        LJ (SR)   Coulomb (SR)   Coul. recip.
    8.83956e+01    3.21299e+03    7.03066e+04   -7.19968e+05    2.00418e+03
   COM Pull En.      Potential    Kinetic En.   Total Energy  Conserved En.
    8.62483e-01   -6.43112e+05    1.11141e+05   -5.31970e+05   -5.32696e+05
    Temperature Pressure (bar)   Constr. rmsd
    3.00026e+02    1.19274e+02    2.60734e-06

           Step           Time
         485500      971.00000

   Energies (kJ/mol)
           Bond            U-B    Proper Dih.  Improper Dih.      CMAP Dih.
    1.54284e+02    5.64780e+02    4.85790e+02    1.87217e+01   -2.06709e+01
          LJ-14     Coulomb-14        LJ (SR)   Coulomb (SR)   Coul. recip.
    9.84770e+01    3.15964e+03    7.03794e+04   -7.19858e+05    1.95019e+03
   COM Pull En.      Potential    Kinetic En.   Total Energy  Conserved En.
    2.26104e-01   -6.43067e+05    1.10542e+05   -5.32526e+05   -5.32722e+05
    Temperature Pressure (bar)   Constr. rmsd
    2.98408e+02    1.20871e+02    3.06888e-06

Writing checkpoint, step 485840 at Wed Jun 24 02:59:31 2026


           Step           Time
         486000      972.00000

   Energies (kJ/mol)
           Bond            U-B    Proper Dih.  Improper Dih.      CMAP Dih.
    1.32538e+02    5.41061e+02    4.20144e+02    3.68674e+01    2.73581e+01
          LJ-14     Coulomb-14        LJ (SR)   Coulomb (SR)   Coul. recip.
    1.09379e+02    3.15689e+03    7.03426e+04   -7.19363e+05    1.99283e+03
   COM Pull En.      Potential    Kinetic En.   Total Energy  Conserved En.
    1.07617e+00   -6.42603e+05    1.10693e+05   -5.31910e+05   -5.32802e+05
    Temperature Pressure (bar)   Constr. rmsd
    2.98815e+02    1.46311e+02    3.46212e-06

           Step           Time
         486500      973.00000

   Energies (kJ/mol)
           Bond            U-B    Proper Dih.  Improper Dih.      CMAP Dih.
    1.47628e+02    6.15301e+02    4.10916e+02    2.12176e+01   -7.34138e-01
          LJ-14     Coulomb-14        LJ (SR)   Coulomb (SR)   Coul. recip.
    7.84669e+01    3.12413e+03    6.95636e+04   -7.18086e+05    1.99940e+03
   COM Pull En.      Potential    Kinetic En.   Total Energy  Conserved En.
    1.54726e-01   -6.42126e+05    1.11533e+05   -5.30592e+05   -5.32787e+05
    Temperature Pressure (bar)   Constr. rmsd
    3.01085e+02    6.23385e+01    3.55597e-06

           Step           Time
         487000      974.00000

   Energies (kJ/mol)
           Bond            U-B    Proper Dih.  Improper Dih.      CMAP Dih.
    1.46268e+02    6.00988e+02    4.14970e+02    2.01791e+01    1.12184e+01
          LJ-14     Coulomb-14        LJ (SR)   Coulomb (SR)   Coul. recip.
    1.04322e+02    3.18811e+03    6.94248e+04   -7.17929e+05    1.99147e+03
   COM Pull En.      Potential    Kinetic En.   Total Energy  Conserved En.
    8.52712e-02   -6.42027e+05    1.11203e+05   -5.30824e+05   -5.32837e+05
    Temperature Pressure (bar)   Constr. rmsd
    3.00193e+02    1.98065e+01    2.98452e-06

           Step           Time
         487500      975.00000

   Energies (kJ/mol)
           Bond            U-B    Proper Dih.  Improper Dih.      CMAP Dih.
    1.37943e+02    5.74480e+02    4.19688e+02    1.92933e+01    3.34459e+01
          LJ-14     Coulomb-14        LJ (SR)   Coulomb (SR)   Coul. recip.
    9.94920e+01    3.16669e+03    7.01454e+04   -7.18740e+05    2.03694e+03
   COM Pull En.      Potential    Kinetic En.   Total Energy  Conserved En.
    2.63858e-01   -6.42106e+05    1.09425e+05   -5.32681e+05   -5.32820e+05
    Temperature Pressure (bar)   Constr. rmsd
    2.95394e+02    1.25210e+02    2.61610e-06

           Step           Time
         488000      976.00000

   Energies (kJ/mol)
           Bond            U-B    Proper Dih.  Improper Dih.      CMAP Dih.
    1.53224e+02    6.03288e+02    4.21084e+02    2.09298e+01    1.79023e+01
          LJ-14     Coulomb-14        LJ (SR)   Coulomb (SR)   Coul. recip.
    7.75231e+01    3.10904e+03    6.94311e+04   -7.18313e+05    1.97097e+03
   COM Pull En.      Potential    Kinetic En.   Total Energy  Conserved En.
    2.66518e-01   -6.42508e+05    1.09754e+05   -5.32754e+05   -5.32917e+05
    Temperature Pressure (bar)   Constr. rmsd
    2.96282e+02   -1.58875e+01    2.66012e-06

           Step           Time
         488500      977.00000

   Energies (kJ/mol)
           Bond            U-B    Proper Dih.  Improper Dih.      CMAP Dih.
    1.94453e+02    5.59741e+02    4.09886e+02    2.80317e+01    1.39897e+01
          LJ-14     Coulomb-14        LJ (SR)   Coulomb (SR)   Coul. recip.
    8.61571e+01    3.20596e+03    6.87086e+04   -7.16426e+05    2.00976e+03
   COM Pull En.      Potential    Kinetic En.   Total Energy  Conserved En.
    4.49156e-01   -6.41209e+05    1.09783e+05   -5.31425e+05   -5.32950e+05
    Temperature Pressure (bar)   Constr. rmsd
    2.96361e+02   -8.89280e+01    3.08812e-06

           Step           Time
         489000      978.00000

   Energies (kJ/mol)
           Bond            U-B    Proper Dih.  Improper Dih.      CMAP Dih.
    1.68081e+02    5.42532e+02    4.15656e+02    2.23516e+01    3.70084e+01
          LJ-14     Coulomb-14        LJ (SR)   Coulomb (SR)   Coul. recip.
    1.03649e+02    3.19163e+03    6.97567e+04   -7.17706e+05    2.09162e+03
   COM Pull En.      Potential    Kinetic En.   Total Energy  Conserved En.
    4.08634e-01   -6.41376e+05    1.09875e+05   -5.31501e+05   -5.33003e+05
    Temperature Pressure (bar)   Constr. rmsd
    2.96609e+02    6.71148e+01    3.39799e-06

           Step           Time
         489500      979.00000

   Energies (kJ/mol)
           Bond            U-B    Proper Dih.  Improper Dih.      CMAP Dih.
    1.89958e+02    5.39322e+02    4.42862e+02    4.59763e+01    5.85058e+01
          LJ-14     Coulomb-14        LJ (SR)   Coulomb (SR)   Coul. recip.
    9.92305e+01    3.19959e+03    6.98029e+04   -7.18011e+05    1.96826e+03
   COM Pull En.      Potential    Kinetic En.   Total Energy  Conserved En.
    2.43702e+00   -6.41662e+05    1.10754e+05   -5.30908e+05   -5.32859e+05
    Temperature Pressure (bar)   Constr. rmsd
    2.98982e+02    6.88134e+01    2.90574e-06

           Step           Time
         490000      980.00000

   Energies (kJ/mol)
           Bond            U-B    Proper Dih.  Improper Dih.      CMAP Dih.
    1.50959e+02    5.94113e+02    4.22274e+02    1.80947e+01    1.61620e+01
          LJ-14     Coulomb-14        LJ (SR)   Coulomb (SR)   Coul. recip.
    8.86123e+01    3.14033e+03    6.92817e+04   -7.16993e+05    2.00915e+03
   COM Pull En.      Potential    Kinetic En.   Total Energy  Conserved En.
    3.57857e+00   -6.41268e+05    1.10742e+05   -5.30527e+05   -5.32874e+05
    Temperature Pressure (bar)   Constr. rmsd
    2.98948e+02    7.23333e+01    2.70883e-06

           Step           Time
         490500      981.00000

   Energies (kJ/mol)
           Bond            U-B    Proper Dih.  Improper Dih.      CMAP Dih.
    1.54367e+02    5.28801e+02    4.25430e+02    2.88757e+01    1.67054e+01
          LJ-14     Coulomb-14        LJ (SR)   Coulomb (SR)   Coul. recip.
    1.18325e+02    3.25093e+03    6.95353e+04   -7.18425e+05    2.03784e+03
   COM Pull En.      Potential    Kinetic En.   Total Energy  Conserved En.
    3.90225e-01   -6.42328e+05    1.10774e+05   -5.31554e+05   -5.32989e+05
    Temperature Pressure (bar)   Constr. rmsd
    2.99035e+02   -1.38741e+01    2.39135e-06

           Step           Time
         491000      982.00000

   Energies (kJ/mol)
           Bond            U-B    Proper Dih.  Improper Dih.      CMAP Dih.
    1.69071e+02    5.46125e+02    4.24440e+02    2.29345e+01    1.31221e+01
          LJ-14     Coulomb-14        LJ (SR)   Coulomb (SR)   Coul. recip.
    1.20689e+02    3.17912e+03    7.03346e+04   -7.17749e+05    2.09295e+03
   COM Pull En.      Potential    Kinetic En.   Total Energy  Conserved En.
    2.62186e-02   -6.40846e+05    1.10782e+05   -5.30064e+05   -5.32908e+05
    Temperature Pressure (bar)   Constr. rmsd
    2.99057e+02    2.15484e+02    2.87366e-06

           Step           Time
         491500      983.00000

   Energies (kJ/mol)
           Bond            U-B    Proper Dih.  Improper Dih.      CMAP Dih.
    1.57540e+02    5.73231e+02    4.43385e+02    2.25450e+01    2.67675e+01
          LJ-14     Coulomb-14        LJ (SR)   Coulomb (SR)   Coul. recip.
    1.19295e+02    3.26167e+03    6.97571e+04   -7.17870e+05    2.04081e+03
   COM Pull En.      Potential    Kinetic En.   Total Energy  Conserved En.
    1.33023e-01   -6.41467e+05    1.12018e+05   -5.29450e+05   -5.33018e+05
    Temperature Pressure (bar)   Constr. rmsd
    3.02392e+02    5.88158e+01    3.67812e-06

           Step           Time
         492000      984.00000

   Energies (kJ/mol)
           Bond            U-B    Proper Dih.  Improper Dih.      CMAP Dih.
    1.89670e+02    5.45009e+02    4.38718e+02    2.85389e+01   -4.78952e+00
          LJ-14     Coulomb-14        LJ (SR)   Coulomb (SR)   Coul. recip.
    9.98836e+01    3.15972e+03    6.93228e+04   -7.17395e+05    1.94692e+03
   COM Pull En.      Potential    Kinetic En.   Total Energy  Conserved En.
    8.83777e-02   -6.41668e+05    1.11267e+05   -5.30401e+05   -5.33000e+05
    Temperature Pressure (bar)   Constr. rmsd
    3.00367e+02   -1.86781e+01    3.59211e-06

           Step           Time
         492500      985.00000

   Energies (kJ/mol)
           Bond            U-B    Proper Dih.  Improper Dih.      CMAP Dih.
    1.79876e+02    5.45723e+02    4.29497e+02    2.46136e+01    1.63642e+01
          LJ-14     Coulomb-14        LJ (SR)   Coulomb (SR)   Coul. recip.
    1.00249e+02    3.17663e+03    6.87998e+04   -7.16756e+05    2.03751e+03
   COM Pull En.      Potential    Kinetic En.   Total Energy  Conserved En.
    7.55676e-01   -6.41445e+05    1.10780e+05   -5.30665e+05   -5.32778e+05
    Temperature Pressure (bar)   Constr. rmsd
    2.99051e+02   -6.07240e+01    5.30860e-06

           Step           Time
         493000      986.00000

   Energies (kJ/mol)
           Bond            U-B    Proper Dih.  Improper Dih.      CMAP Dih.
    1.49854e+02    5.67580e+02    4.07132e+02    2.46149e+01    1.69610e+01
          LJ-14     Coulomb-14        LJ (SR)   Coulomb (SR)   Coul. recip.
    1.07254e+02    3.18921e+03    6.86645e+04   -7.17949e+05    2.05773e+03
   COM Pull En.      Potential    Kinetic En.   Total Energy  Conserved En.
    1.79236e+00   -6.42762e+05    1.11380e+05   -5.31382e+05   -5.32873e+05
    Temperature Pressure (bar)   Constr. rmsd
    3.00670e+02   -8.50661e+01    4.43717e-06

           Step           Time
         493500      987.00000

   Energies (kJ/mol)
           Bond            U-B    Proper Dih.  Improper Dih.      CMAP Dih.
    1.65519e+02    5.88678e+02    4.09372e+02    2.27248e+01    1.79290e+01
          LJ-14     Coulomb-14        LJ (SR)   Coulomb (SR)   Coul. recip.
    9.34688e+01    3.16859e+03    7.05610e+04   -7.19100e+05    1.96053e+03
   COM Pull En.      Potential    Kinetic En.   Total Energy  Conserved En.
    3.64053e+00   -6.42108e+05    1.10958e+05   -5.31150e+05   -5.32966e+05
    Temperature Pressure (bar)   Constr. rmsd
    2.99532e+02    2.03242e+02    3.28278e-06

           Step           Time
         494000      988.00000

   Energies (kJ/mol)
           Bond            U-B    Proper Dih.  Improper Dih.      CMAP Dih.
    1.31365e+02    4.73901e+02    4.70863e+02    2.37724e+01    5.39906e+01
          LJ-14     Coulomb-14        LJ (SR)   Coulomb (SR)   Coul. recip.
    1.29470e+02    3.29256e+03    7.00607e+04   -7.19307e+05    2.00051e+03
   COM Pull En.      Potential    Kinetic En.   Total Energy  Conserved En.
    4.72863e-01   -6.42669e+05    1.10661e+05   -5.32008e+05   -5.32953e+05
    Temperature Pressure (bar)   Constr. rmsd
    2.98730e+02    8.02698e+01    2.46681e-06

           Step           Time
         494500      989.00000

   Energies (kJ/mol)
           Bond            U-B    Proper Dih.  Improper Dih.      CMAP Dih.
    1.50871e+02    5.11490e+02    4.27540e+02    2.93120e+01    1.51079e+01
          LJ-14     Coulomb-14        LJ (SR)   Coulomb (SR)   Coul. recip.
    1.22338e+02    3.23327e+03    6.94316e+04   -7.18096e+05    1.98107e+03
   COM Pull En.      Potential    Kinetic En.   Total Energy  Conserved En.
    4.34353e-01   -6.42193e+05    1.10034e+05   -5.32159e+05   -5.33009e+05
    Temperature Pressure (bar)   Constr. rmsd
    2.97038e+02   -3.51808e+00    3.56744e-06

Writing checkpoint, step 494720 at Wed Jun 24 03:14:26 2026


           Step           Time
         495000      990.00000

   Energies (kJ/mol)
           Bond            U-B    Proper Dih.  Improper Dih.      CMAP Dih.
    1.38653e+02    5.04696e+02    4.28808e+02    2.59549e+01    2.08550e+01
          LJ-14     Coulomb-14        LJ (SR)   Coulomb (SR)   Coul. recip.
    1.23172e+02    3.23656e+03    6.97573e+04   -7.19016e+05    2.02470e+03
   COM Pull En.      Potential    Kinetic En.   Total Energy  Conserved En.
    1.81428e+00   -6.42753e+05    1.11208e+05   -5.31545e+05   -5.32991e+05
    Temperature Pressure (bar)   Constr. rmsd
    3.00207e+02    4.35175e+01    2.84919e-06

           Step           Time
         495500      991.00000

   Energies (kJ/mol)
           Bond            U-B    Proper Dih.  Improper Dih.      CMAP Dih.
    1.24086e+02    5.77416e+02    4.19350e+02    1.91511e+01    8.43151e+00
          LJ-14     Coulomb-14        LJ (SR)   Coulomb (SR)   Coul. recip.
    9.35845e+01    3.14664e+03    6.91828e+04   -7.17720e+05    2.02210e+03
   COM Pull En.      Potential    Kinetic En.   Total Energy  Conserved En.
    5.06677e+00   -6.42122e+05    1.09536e+05   -5.32586e+05   -5.32951e+05
    Temperature Pressure (bar)   Constr. rmsd
    2.95693e+02    2.46129e+00    2.23228e-06

           Step           Time
         496000      992.00000

   Energies (kJ/mol)
           Bond            U-B    Proper Dih.  Improper Dih.      CMAP Dih.
    1.47101e+02    5.86949e+02    4.07583e+02    1.89793e+01    3.24582e+00
          LJ-14     Coulomb-14        LJ (SR)   Coulomb (SR)   Coul. recip.
    1.01306e+02    3.14601e+03    6.82202e+04   -7.17684e+05    2.00436e+03
   COM Pull En.      Potential    Kinetic En.   Total Energy  Conserved En.
    2.33417e+00   -6.43046e+05    1.10290e+05   -5.32756e+05   -5.32874e+05
    Temperature Pressure (bar)   Constr. rmsd
    2.97729e+02   -1.88990e+02    4.10541e-06

           Step           Time
         496500      993.00000

   Energies (kJ/mol)
           Bond            U-B    Proper Dih.  Improper Dih.      CMAP Dih.
    1.96125e+02    5.48402e+02    4.20674e+02    2.70453e+01    3.45043e+01
          LJ-14     Coulomb-14        LJ (SR)   Coulomb (SR)   Coul. recip.
    9.86597e+01    3.21277e+03    6.94622e+04   -7.18075e+05    2.01720e+03
   COM Pull En.      Potential    Kinetic En.   Total Energy  Conserved En.
    2.94520e+00   -6.42054e+05    1.10565e+05   -5.31489e+05   -5.32886e+05
    Temperature Pressure (bar)   Constr. rmsd
    2.98472e+02   -6.80394e+00    3.70756e-06

           Step           Time
         497000      994.00000

   Energies (kJ/mol)
           Bond            U-B    Proper Dih.  Improper Dih.      CMAP Dih.
    1.29662e+02    5.92708e+02    4.21073e+02    2.79435e+01    8.69751e-02
          LJ-14     Coulomb-14        LJ (SR)   Coulomb (SR)   Coul. recip.
    1.16158e+02    3.18772e+03    6.94946e+04   -7.17697e+05    2.07585e+03
   COM Pull En.      Potential    Kinetic En.   Total Energy  Conserved En.
    2.65442e+00   -6.41648e+05    1.11167e+05   -5.30481e+05   -5.32924e+05
    Temperature Pressure (bar)   Constr. rmsd
    3.00097e+02    1.25717e+02    2.97316e-06

           Step           Time
         497500      995.00000

   Energies (kJ/mol)
           Bond            U-B    Proper Dih.  Improper Dih.      CMAP Dih.
    1.34722e+02    6.49867e+02    4.46123e+02    1.77312e+01   -1.71837e+01
          LJ-14     Coulomb-14        LJ (SR)   Coulomb (SR)   Coul. recip.
    9.22729e+01    3.17126e+03    6.96492e+04   -7.19072e+05    2.06021e+03
   COM Pull En.      Potential    Kinetic En.   Total Energy  Conserved En.
    7.91046e-01   -6.42867e+05    1.10676e+05   -5.32192e+05   -5.33019e+05
    Temperature Pressure (bar)   Constr. rmsd
    2.98769e+02    2.21988e+00    2.27465e-06

           Step           Time
         498000      996.00000

   Energies (kJ/mol)
           Bond            U-B    Proper Dih.  Improper Dih.      CMAP Dih.
    1.85649e+02    5.28544e+02    4.51677e+02    3.63044e+01    1.65474e+01
          LJ-14     Coulomb-14        LJ (SR)   Coulomb (SR)   Coul. recip.
    9.64165e+01    3.21535e+03    6.99470e+04   -7.19452e+05    2.03069e+03
   COM Pull En.      Potential    Kinetic En.   Total Energy  Conserved En.
    2.17716e+00   -6.42942e+05    1.10679e+05   -5.32263e+05   -5.33097e+05
    Temperature Pressure (bar)   Constr. rmsd
    2.98779e+02    4.65839e+00    3.19546e-06

           Step           Time
         498500      997.00000

   Energies (kJ/mol)
           Bond            U-B    Proper Dih.  Improper Dih.      CMAP Dih.
    1.57746e+02    5.14850e+02    4.59825e+02    2.15692e+01    1.18696e+01
          LJ-14     Coulomb-14        LJ (SR)   Coulomb (SR)   Coul. recip.
    1.08050e+02    3.19618e+03    7.10980e+04   -7.21455e+05    1.95368e+03
   COM Pull En.      Potential    Kinetic En.   Total Energy  Conserved En.
    2.38670e+00   -6.43930e+05    1.11672e+05   -5.32259e+05   -5.33029e+05
    Temperature Pressure (bar)   Constr. rmsd
    3.01458e+02    1.92494e+02    3.34182e-06

           Step           Time
         499000      998.00000

   Energies (kJ/mol)
           Bond            U-B    Proper Dih.  Improper Dih.      CMAP Dih.
    1.76598e+02    5.43037e+02    4.12495e+02    1.22501e+01    2.15499e+01
          LJ-14     Coulomb-14        LJ (SR)   Coulomb (SR)   Coul. recip.
    9.59832e+01    3.17490e+03    6.96968e+04   -7.19826e+05    1.99281e+03
   COM Pull En.      Potential    Kinetic En.   Total Energy  Conserved En.
    1.14750e+00   -6.43699e+05    1.11035e+05   -5.32663e+05   -5.33046e+05
    Temperature Pressure (bar)   Constr. rmsd
    2.99740e+02   -1.70429e+01    2.97439e-06

           Step           Time
         499500      999.00000

   Energies (kJ/mol)
           Bond            U-B    Proper Dih.  Improper Dih.      CMAP Dih.
    1.47748e+02    5.23384e+02    4.11364e+02    1.51898e+01    2.49861e+01
          LJ-14     Coulomb-14        LJ (SR)   Coulomb (SR)   Coul. recip.
    1.02720e+02    3.20047e+03    6.93395e+04   -7.19223e+05    1.97497e+03
   COM Pull En.      Potential    Kinetic En.   Total Energy  Conserved En.
    3.95595e-01   -6.43483e+05    1.09747e+05   -5.33736e+05   -5.33155e+05
    Temperature Pressure (bar)   Constr. rmsd
    2.96262e+02   -7.80920e+01    3.26967e-06

           Step           Time
         500000     1000.00000

Writing checkpoint, step 500000 at Wed Jun 24 03:23:17 2026


   Energies (kJ/mol)
           Bond            U-B    Proper Dih.  Improper Dih.      CMAP Dih.
    1.59605e+02    5.53843e+02    4.17824e+02    1.92309e+01    2.45989e+01
          LJ-14     Coulomb-14        LJ (SR)   Coulomb (SR)   Coul. recip.
    8.90644e+01    3.17697e+03    6.90584e+04   -7.18238e+05    2.02721e+03
   COM Pull En.      Potential    Kinetic En.   Total Energy  Conserved En.
    7.67185e-01   -6.42710e+05    1.10310e+05   -5.32400e+05   -5.33195e+05
    Temperature Pressure (bar)   Constr. rmsd
    2.97783e+02   -1.44472e+02    3.88197e-06


Energy conservation over simulation part #1 of length 1000 ps, time 0 to 1000 ps
  Conserved energy drift: -5.78e-05 kJ/mol/ps per atom


	<======  ###############  ==>
	<====  A V E R A G E S  ====>
	<==  ###############  ======>

	Statistics over 500001 steps using 5001 frames

   Energies (kJ/mol)
           Bond            U-B    Proper Dih.  Improper Dih.      CMAP Dih.
    1.56069e+02    5.59536e+02    4.36016e+02    2.71556e+01    1.12210e+01
          LJ-14     Coulomb-14        LJ (SR)   Coulomb (SR)   Coul. recip.
    1.04031e+02    3.19705e+03    6.97107e+04   -7.19002e+05    2.01580e+03
   COM Pull En.      Potential    Kinetic En.   Total Energy  Conserved En.
    1.14777e+00   -6.42784e+05    1.10427e+05   -5.32356e+05   -5.31821e+05
    Temperature Pressure (bar)   Constr. rmsd
    2.98099e+02    6.14991e+00    0.00000e+00

          Box-X          Box-Y          Box-Z
    8.29796e+00    7.82338e+00    6.77525e+00

   Total Virial (kJ/mol)
    3.67315e+04    7.67908e+00   -6.57253e+00
    7.72134e+00    3.67581e+04   -9.59738e+00
   -6.48170e+00   -9.50528e+00    3.66973e+04

   Pressure (bar)
    5.90569e+00   -5.36772e-01    8.26877e-01
   -5.39961e-01    3.60046e+00    5.46915e-01
    8.20017e-01    5.39957e-01    8.94359e+00

         T-SOLU         T-SOLV
    2.98850e+02    2.98095e+02


       P P   -   P M E   L O A D   B A L A N C I N G

 PP/PME load balancing changed the cut-off and PME settings:
           particle-particle                    PME
            rcoulomb  rlist            grid      spacing   1/beta
   initial  1.200 nm  1.201 nm      72  72  72   0.115 nm  0.384 nm
   final    1.200 nm  1.201 nm      72  72  72   0.115 nm  0.384 nm
 cost-ratio           1.00             1.00
 (note that these numbers concern only part of the total PP and PME load)


	M E G A - F L O P S   A C C O U N T I N G

 NB=Group-cutoff nonbonded kernels    NxN=N-by-N cluster Verlet kernels
 RF=Reaction-Field  VdW=Van der Waals  QSTab=quadratic-spline table
 W3=SPC/TIP3p  W4=TIP4p (single or pairs)
 V&F=Potential and force  V=Potential only  F=Force only

 Computing:                               M-Number         M-Flops  % Flops
-----------------------------------------------------------------------------
 Pair Search distance check          137009.867700     1233088.809     0.1
 NxN Ewald Elec. + LJ [F]          22100758.026464  1723859126.064    92.6
 NxN Ewald Elec. + LJ [V&F]          223290.285440    28804446.822     1.5
 NxN Ewald Elec. [F]                 484067.650752    29528126.696     1.6
 NxN Ewald Elec. [V&F]                 4891.415136      410878.871     0.0
 1,4 nonbonded interactions             232.000464       20880.042     0.0
 Calc Weights                         66703.633407     2401330.803     0.1
 Spread Q Bspline                   1423010.846016     2846021.692     0.2
 Gather F Bspline                   1423010.846016     8538065.076     0.5
 3D-FFT                             6908749.817472    55269998.540     3.0
 Solve PME                            95904.191808     6137868.276     0.3
 Reset In Box                           277.975719         833.927     0.0
 CG-CoM                                 278.020188         834.061     0.0
 Bonds                                   48.000096        2832.006     0.0
 Propers                                233.000466       53357.107     0.0
 Impropers                               17.500035        3640.007     0.0
 Virial                                 222.614514        4007.061     0.0
 Stop-CM                                222.433938        2224.339     0.0
 P-Coupling                             222.389469        1334.337     0.0
 Calc-Ekin                              444.778938       12009.031     0.0
 Lincs                                   40.000240        2400.014     0.0
 Lincs-Mat                              198.001188         792.005     0.0
 Constraint-V                         22187.088748      199683.799     0.0
 Constraint-Vir                         221.514294        5316.343     0.0
 Settle                                7369.044214     2726546.359     0.1
 CMAP                                     6.500013       11050.022     0.0
 Urey-Bradley                           163.500327       29920.560     0.0
-----------------------------------------------------------------------------
 Total                                              1862106612.669   100.0
-----------------------------------------------------------------------------


    D O M A I N   D E C O M P O S I T I O N   S T A T I S T I C S

 av. #atoms communicated per step for force:  2 x 0.0


      R E A L   C Y C L E   A N D   T I M E   A C C O U N T I N G

On 1 MPI rank

 Activity:              Num   Num      Call    Wall time         Giga-Cycles
                        Ranks Threads  Count      (s)         total sum    %
--------------------------------------------------------------------------------
 Domain decomp.            1    1       6251      74.096        166.714   0.1
 Neighbor search           1    1       6251     726.934       1635.582   1.5
 Force                     1    1     500001   41962.254      94413.929  83.9
 PME mesh                  1    1     500001    6250.507      14063.470  12.5
 NB X/F buffer ops.        1    1    1000002     449.667       1011.738   0.9
 COM pull force            1    1     500001       7.253         16.318   0.0
 Write traj.               1    1       1056       4.401          9.903   0.0
 Update                    1    1     500001     100.763        226.714   0.2
 Constraints               1    1     500003     435.238        979.273   0.9
 Kinetic energy            1    1      10001       6.216         13.986   0.0
 Rest                                             16.953         38.143   0.0
--------------------------------------------------------------------------------
 Total                                         50034.281     112575.771 100.0
--------------------------------------------------------------------------------
 Breakdown of PME mesh activities
--------------------------------------------------------------------------------
 PME spread                1    1     500001    2775.126       6243.959   5.5
 PME gather                1    1     500001    1763.792       3968.484   3.5
 PME 3D-FFT                1    1    1000002    1567.653       3527.176   3.1
 PME solve Elec            1    1     500001     142.411        320.421   0.3
--------------------------------------------------------------------------------

               Core t (s)   Wall t (s)        (%)
       Time:    50034.281    50034.281      100.0
                         13h53:54
                 (ns/day)    (hour/ns)    (ms/step)  (Matom*steps/s) 
Performance:        1.727       13.898      100.068            0.444 
Finished mdrun on rank 0 Wed Jun 24 03:23:17 2026

