                :-) GROMACS - gmx mdrun, 2026.0-conda_forge (-:

Copyright 1991-2026 The GROMACS Authors.
GROMACS is free software; you can redistribute it and/or modify it
under the terms of the GNU Lesser General Public License
as published by the Free Software Foundation; either version 2.1
of the License, or (at your option) any later version.

                         Current GROMACS contributors:
       Mark Abraham           Andrey Alekseenko           Brian Andrews       
        Paul Bauer              Cathrine Bergh              Hugh Bird         
      Eliane Briand               Ania Brown                Yiqi Chen         
      Mahesh Doijade            Giacomo Fiorin          Stefan Fleischmann    
      Sergey Gorelov         Gilles Gouaillardet            Alan Gray         
   Farzaneh Jalalypour         Petter Johansson          Carsten Kutzner      
    Grzegorz Łazarski         Justin A. Lemkul          Magnus Lundborg      
        Julio Maia               Pascal Merz             Vedran Miletić      
      Dmitry Morozov           Lukas Müllender           Szilárd Páll      
 Andrea Pasquadibisceglie     Michele Pellegrino         Nicola Piasentin     
     Daniele Rapetti         Muhammad Umair Sadiq         Hubert Santuz       
      Michael Shirts           Tatiana Shugaeva          Alexey Shvetsov      
     Bálint Soproni            Philip Turner            Alessandra Villa     
        Yang Zhang        

                         Previous GROMACS contributors:
        Emile Apol             Rossen Apostolov           James Barnett       
      Vladimir Basov        Herman J.C. Berendsen          Par Bjelkmar       
      Christian Blau          Viacheslav Bolnykh            Kevin Boyd        
    Aldert van Buuren          Carlo Camilloni           Rudi van Drunen      
      Anton Feenstra           Oliver Fleetwood            Vytas Gapsys       
       Gaurav Garg             Gerrit Groenhof            Bert de Groot       
      Anca Hamuraru           Vincent Hindriksen          Victor Holanda      
     M. Eric Irrgang           Aleksei Iupinov              Joe Jordan        
    Christoph Junghans        Prashanth Kanduri        Dimitrios Karkoulis    
       Peter Kasson             Sebastian Kehl           Sebastian Keller     
        Jiri Kraus               Per Larsson              Viveca Lindahl      
      Erik Marklund           Pieter Meulenhoff           Teemu Murtola       
       Julien Nabet              Sander Pronk             Roland Schulz       
      Alfons Sijbers         David van der Spoel          Peter Tieleman      
      Carsten Uphoff             Jon Vincent             Teemu Virolainen     
    Christian Wennberg     Sebastian Wingbermühle         Maarten Wolf       
      Artem Zhmurov       

                  Coordinated by the GROMACS project leaders:
                           Berk Hess and Erik Lindahl

GROMACS:      gmx mdrun, version 2026.0-conda_forge
Executable:   /root/miniconda3/envs/lisper-gmx/bin.AVX2_256/gmx
Data prefix:  /root/miniconda3/envs/lisper-gmx
Working dir:  /root/LiSPER_remote/LiSPER_8cand_LiCl/systems/LiDS-1/gromacs/umbrella_sampling/window_012_1.82nm
Process ID:   31563
Command line:
  gmx mdrun -deffnm umbrella -ntmpi 1 -ntomp 1

GROMACS version:     2026.0-conda_forge
Precision:           mixed
Memory model:        64 bit
MPI library:         thread_mpi
MPI version:         built in
OpenMP support:      enabled (GMX_OPENMP_MAX_THREADS = 128)
GPU support:         OpenCL
NBNxM GPU setup:     super-cluster 2x2x2 / cluster 8 (cluster-pair splitting on)
SIMD instructions:   AVX2_256
CPU FFT library:     fftw-3.3.11-sse2-avx
GPU FFT library:     clFFT
Multi-GPU FFT:       none
RDTSCP:              disabled
TNG support:         enabled
Hwloc support:       disabled
Tracing support:     disabled
Colvars support:     enabled (version 2025-10-13)
CP2K support:        disabled
Torch support:       disabled
Plumed support:      enabled
C compiler:          /home/conda/feedstock_root/build_artifacts/gromacs_1770909732141/_build_env/bin/x86_64-conda-linux-gnu-cc GNU 14.3.0
C compiler flags:    -fexcess-precision=fast -funroll-all-loops -mavx2 -mfma -Wno-missing-field-initializers -O3 -DNDEBUG
C++ compiler:        /home/conda/feedstock_root/build_artifacts/gromacs_1770909732141/_build_env/bin/x86_64-conda-linux-gnu-c++ GNU 14.3.0
C++ compiler flags:  -fexcess-precision=fast -funroll-all-loops -mavx2 -mfma -Wno-missing-field-initializers -Wno-stringop-truncation -Wno-cast-function-type-strict SHELL:-fopenmp -O3 -DNDEBUG
BLAS library:        Internal
LAPACK library:      Internal
OpenCL include dir:  /root/miniconda3/envs/lisper-gmx/include
OpenCL library:      /root/miniconda3/envs/lisper-gmx/lib/libOpenCL.so
OpenCL version:      3.0


Running on 1 node with total 128 cores, 256 processing units (GPU detection failed: No valid OpenCL driver found)
Hardware detected on host autodl-container-9eb44ab0a9-fe7fcabf:
  CPU info:
    Vendor: AMD
    Brand:  AMD EPYC 9754 128-Core Processor               
    Family: 25   Model: 160   Stepping: 2
    Features: aes amd apic avx avx2 avx512f avx512cd avx512bw avx512vl avx512bf16 avx512secondFMA clfsh cmov cx8 cx16 f16c fma htt lahf misalignsse mmx msr nonstop_tsc pcid pclmuldq pdpe1gb popcnt pse rdrnd rdtscp sha sse2 sse3 sse4a sse4.1 sse4.2 ssse3 x2apic
  Hardware topology: Basic
    Packages, cores, and logical processors:
    [indices refer to OS logical processors]
      Package  0: [   0 128] [   1 129] [   2 130] [   3 131] [   4 132] [   5 133] [   6 134] [   7 135] [   8 136] [   9 137] [  10 138] [  11 139] [  12 140] [  13 141] [  14 142] [  15 143] [  16 144] [  17 145] [  18 146] [  19 147] [  20 148] [  21 149] [  22 150] [  23 151] [  24 152] [  25 153] [  26 154] [  27 155] [  28 156] [  29 157] [  30 158] [  31 159] [  32 160] [  33 161] [  34 162] [  35 163] [  36 164] [  37 165] [  38 166] [  39 167] [  40 168] [  41 169] [  42 170] [  43 171] [  44 172] [  45 173] [  46 174] [  47 175] [  48 176] [  49 177] [  50 178] [  51 179] [  52 180] [  53 181] [  54 182] [  55 183] [  56 184] [  57 185] [  58 186] [  59 187] [  60 188] [  61 189] [  62 190] [  63 191] [  64 192] [  65 193] [  66 194] [  67 195] [  68 196] [  69 197] [  70 198] [  71 199] [  72 200] [  73 201] [  74 202] [  75 203] [  76 204] [  77 205] [  78 206] [  79 207] [  80 208] [  81 209] [  82 210] [  83 211] [  84 212] [  85 213] [  86 214] [  87 215] [  88 216] [  89 217] [  90 218] [  91 219] [  92 220] [  93 221] [  94 222] [  95 223] [  96 224] [  97 225] [  98 226] [  99 227] [ 100 228] [ 101 229] [ 102 230] [ 103 231] [ 104 232] [ 105 233] [ 106 234] [ 107 235] [ 108 236] [ 109 237] [ 110 238] [ 111 239] [ 112 240] [ 113 241] [ 114 242] [ 115 243] [ 116 244] [ 117 245] [ 118 246] [ 119 247] [ 120 248] [ 121 249] [ 122 250] [ 123 251] [ 124 252] [ 125 253] [ 126 254] [ 127 255]
    CPU limit set by OS: 18   Recommended max number of threads: 18

Likely fastest SIMD instructions supported by all nodes: AVX_512
SIMD instructions selected at compile time:              AVX2_256
On non-Intel hardware supporting AVX-512, you might gain a few percent
performance by recompiling to use it, at least for CPU-only runs.

The current CPU can measure timings more accurately than the code in
gmx mdrun was configured to use. This might affect your simulation
speed as accurate timings are needed for load-balancing.
Please consider rebuilding gmx mdrun with the GMX_USE_RDTSCP=ON CMake option.

++++ PLEASE READ AND CITE THE FOLLOWING REFERENCE ++++
M. J. Abraham, T. Murtola, R. Schulz, S. Páll, J. C. Smith, B. Hess, E.
Lindahl
GROMACS: High performance molecular simulations through multi-level
parallelism from laptops to supercomputers
SoftwareX (2015)
https://doi.org/10.1016/j.softx.2015.06.001
-------- -------- --- Thank You --- -------- --------


++++ PLEASE READ AND CITE THE FOLLOWING REFERENCE ++++
S. Páll, M. J. Abraham, C. Kutzner, B. Hess, E. Lindahl
Tackling Exascale Software Challenges in Molecular Dynamics Simulations with
GROMACS
In S. Markidis & E. Laure (Eds.), Solving Software Challenges for Exascale (2015)
https://doi.org/10.1007/978-3-319-15976-8_1
-------- -------- --- Thank You --- -------- --------


++++ PLEASE READ AND CITE THE FOLLOWING REFERENCE ++++
S. Pronk, S. Páll, R. Schulz, P. Larsson, P. Bjelkmar, R. Apostolov, M. R.
Shirts, J. C. Smith, P. M. Kasson, D. van der Spoel, B. Hess, E. Lindahl
GROMACS 4.5: a high-throughput and highly parallel open source molecular
simulation toolkit
Bioinformatics (2013)
https://doi.org/10.1093/bioinformatics/btt055
-------- -------- --- Thank You --- -------- --------


++++ PLEASE READ AND CITE THE FOLLOWING REFERENCE ++++
B. Hess, C. Kutzner, D. van der Spoel, E. Lindahl
GROMACS 4: Algorithms for highly efficient, load-balanced, and scalable
molecular simulation
J. Chem. Theory Comput. (2008)
https://doi.org/10.1021/ct700301q
-------- -------- --- Thank You --- -------- --------


++++ PLEASE READ AND CITE THE FOLLOWING REFERENCE ++++
D. van der Spoel, E. Lindahl, B. Hess, G. Groenhof, A. E. Mark, H. J. C.
Berendsen
GROMACS: Fast, Flexible and Free
J. Comp. Chem. (2005)
https://doi.org/10.1002/jcc.20291
-------- -------- --- Thank You --- -------- --------


++++ PLEASE READ AND CITE THE FOLLOWING REFERENCE ++++
E. Lindahl, B. Hess, D. van der Spoel
GROMACS 3.0: A package for molecular simulation and trajectory analysis
J. Mol. Mod. (2001)
https://doi.org/10.1007/s008940100045
-------- -------- --- Thank You --- -------- --------


++++ PLEASE READ AND CITE THE FOLLOWING REFERENCE ++++
H. J. C. Berendsen, D. van der Spoel and R. van Drunen
GROMACS: A message-passing parallel molecular dynamics implementation
Comp. Phys. Comm. (1995)
https://doi.org/10.1016/0010-4655(95)00042-E
-------- -------- --- Thank You --- -------- --------


The number of OpenMP threads was set by environment variable OMP_NUM_THREADS to 1 (and the command-line setting agreed with that)

Input Parameters:
   integrator                     = md
   tinit                          = 0
   dt                             = 0.002
   nsteps                         = 500000
   init-step                      = 0
   simulation-part                = 1
   mts                            = false
   mass-repartition-factor        = 1
   comm-mode                      = Linear
   nstcomm                        = 100
   bd-fric                        = 0
   ld-seed                        = -587926021
   emtol                          = 10
   emstep                         = 0.01
   niter                          = 20
   fcstep                         = 0
   nstcgsteep                     = 1000
   nbfgscorr                      = 10
   rtpi                           = 0.05
   nstxout                        = 0
   nstvout                        = 0
   nstfout                        = 0
   nstlog                         = 500
   nstcalcenergy                  = 100
   nstenergy                      = 500
   nstxout-compressed             = 500
   compressed-x-precision         = 1000
   cutoff-scheme                  = Verlet
   nstlist                        = 20
   pbc                            = xyz
   periodic-molecules             = false
   verlet-buffer-tolerance        = 0.005
   verlet-buffer-pressure-tolerance = 0.5
   rlist                          = 1.226
   coulombtype                    = PME
   coulomb-modifier               = Potential-shift
   rcoulomb-switch                = 0
   rcoulomb                       = 1.2
   epsilon-r                      = 1
   epsilon-rf                     = inf
   vdw-type                       = Cut-off
   vdw-modifier                   = Force-switch
   rvdw-switch                    = 1
   rvdw                           = 1.2
   DispCorr                       = No
   table-extension                = 1
   fourierspacing                 = 0.12
   fourier-nx                     = 64
   fourier-ny                     = 64
   fourier-nz                     = 64
   pme-order                      = 4
   ewald-rtol                     = 1e-05
   ewald-rtol-lj                  = 0.001
   lj-pme-comb-rule               = Geometric
   ewald-geometry                 = 3d
   epsilon-surface                = 0
   ensemble-temperature-setting   = constant
   ensemble-temperature           = 298.15
   tcoupl                         = V-rescale
   nsttcouple                     = 100
   nh-chain-length                = 0
   print-nose-hoover-chain-variables = false
   pcoupl                         = C-rescale
   pcoupltype                     = Isotropic
   nstpcouple                     = 100
   tau-p                          = 5
   compressibility (3x3):
      compressibility[    0]={ 4.50000e-05,  0.00000e+00,  0.00000e+00}
      compressibility[    1]={ 0.00000e+00,  4.50000e-05,  0.00000e+00}
      compressibility[    2]={ 0.00000e+00,  0.00000e+00,  4.50000e-05}
   ref-p (3x3):
      ref-p[    0]={ 1.00000e+00,  0.00000e+00,  0.00000e+00}
      ref-p[    1]={ 0.00000e+00,  1.00000e+00,  0.00000e+00}
      ref-p[    2]={ 0.00000e+00,  0.00000e+00,  1.00000e+00}
   refcoord-scaling               = No
   posres-com: not available
   posres-comB: not available
   QMMM                           = false
qm-opts:
   ngQM                           = 0
   constraint-algorithm           = Lincs
   continuation                   = false
   Shake-SOR                      = false
   shake-tol                      = 0.0001
   lincs-order                    = 4
   lincs-iter                     = 1
   lincs-warnangle                = 30
   nwall                          = 0
   wall-type                      = 9-3
   wall-r-linpot                  = -1
   wall-atomtype[0]               = -1
   wall-atomtype[1]               = -1
   wall-density[0]                = 0
   wall-density[1]                = 0
   wall-ewald-zfac                = 3
   pull                           = true
   pull-cylinder-r                = 1.5
   pull-constr-tol                = 1e-06
   pull-print-COM                 = false
   pull-print-ref-value           = false
   pull-print-components          = false
   pull-nstxout                   = 100
   pull-nstfout                   = 100
   pull-pbc-ref-prev-step-com     = false
   pull-xout-average              = false
   pull-fout-average              = false
   pull-ngroups                   = 3
   pull-group 0:
     atom: not available
     weight: not available
     pbcatom                        = -1
   pull-group 1:
     atom (114):
        atom[0,...,113] = {0,...,113}
     weight: not available
     pbcatom                        = 56
   pull-group 2:
     atom (1):
        atom[0]=127
     weight: not available
     pbcatom                        = -1
   pull-ncoords                   = 1
   pull-coord 0:
   type                           = umbrella
   geometry                       = distance
   group[0]                       = 1
   group[1]                       = 2
   dim (3):
      dim[0]=1
      dim[1]=1
      dim[2]=1
   origin (3):
      origin[0]= 0.00000e+00
      origin[1]= 0.00000e+00
      origin[2]= 0.00000e+00
   vec (3):
      vec[0]= 0.00000e+00
      vec[1]= 0.00000e+00
      vec[2]= 0.00000e+00
   start                          = false
   init                           = 1.8202
   rate                           = 0
   k                              = 1000
   kB                             = 1000
   awh                            = false
   rotation                       = false
   interactiveMD                  = false
   disre                          = No
   disre-weighting                = Conservative
   disre-mixed                    = false
   dr-fc                          = 1000
   dr-tau                         = 0
   nstdisreout                    = 100
   orire-fc                       = 0
   orire-tau                      = 0
   nstorireout                    = 100
   free-energy                    = no
   cos-acceleration               = 0
   deform (3x3):
      deform[    0]={ 0.00000e+00,  0.00000e+00,  0.00000e+00}
      deform[    1]={ 0.00000e+00,  0.00000e+00,  0.00000e+00}
      deform[    2]={ 0.00000e+00,  0.00000e+00,  0.00000e+00}
   simulated-tempering            = false
   swapcoords                     = no
   userint1                       = 0
   userint2                       = 0
   userint3                       = 0
   userint4                       = 0
   userreal1                      = 0
   userreal2                      = 0
   userreal3                      = 0
   userreal4                      = 0
   applied-forces:
     electric-field:
       x:
         E0                       = 0
         omega                    = 0
         t0                       = 0
         sigma                    = 0
       y:
         E0                       = 0
         omega                    = 0
         t0                       = 0
         sigma                    = 0
       z:
         E0                       = 0
         omega                    = 0
         t0                       = 0
         sigma                    = 0
     density-guided-simulation:
       active                     = false
       group                      = protein
       similarity-measure         = inner-product
       atom-spreading-weight      = unity
       force-constant             = 1e+09
       gaussian-transform-spreading-width = 0.2
       gaussian-transform-spreading-range-in-multiples-of-width = 4
       reference-density-filename = reference.mrc
       nst                        = 1
       normalize-densities        = true
       adaptive-force-scaling     = false
       adaptive-force-scaling-time-constant = 4
       shift-vector               = 
       transformation-matrix      = 
     qmmm-cp2k:
       active                     = false
       qmgroup                    = System
       qmmethod                   = PBE
       qmfilenames                = 
       qmcharge                   = 0
       qmmultiplicity             = 1
     colvars:
       active                     = false
       configfile                 = 
       seed                       = -1
     nnpot:
       active                     = false
       modelfile                  = model.pt
       input-group                = System
       link-type                  = H
       link-distance              = 0.1
       pair-cutoff                = 0
       embedding                  = mechanical
       nnp-charge                 = 0
       model-input1               = 
       model-input2               = 
       model-input3               = 
       model-input4               = 
       model-input5               = 
       model-input6               = 
       model-input7               = 
       model-input8               = 
       model-input9               = 
   fast-multipole-method:
     fmm:
       backend                    = inactive
       exafmm-order               = 6
       exafmm-direct-range        = 2
       exafmm-direct-provider     = GROMACS
       exafmm-tree-type           = uniform
       exafmm-tree-depth          = 0
       exafmm-max-particles-per-cell = 0
       fmsolvr-order              = 8
       fmsolvr-direct-range       = 1
       fmsolvr-direct-provider    = FMM
       fmsolvr-dipole-compensation = true
       fmsolvr-tree-depth         = 3
       fmsolvr-sparse             = false
grpopts:
   nrdf:         292       58251
   ref-t:      298.15      298.15
   tau-t:           1           1
annealing:          No          No
annealing-npoints:           0           0
   acc:	           0           0           0
   nfreeze:           N           N           N
   energygrp-flags[  0]: 0

Changing nstlist from 20 to 80, rlist from 1.226 to 1.327


Initializing Domain Decomposition on 1 ranks
Dynamic load balancing: auto
Using update groups, nr 9805, average size 3.0 atoms, max. radius 0.130 nm
Minimum cell size due to atom displacement: 0.547 nm
Initial maximum distances in bonded interactions:
    two-body bonded interactions: 0.398 nm, LJ-14, atoms 64 78
  multi-body bonded interactions: 0.484 nm, CMAP Dih., atoms 20 34
Minimum cell size due to bonded interactions: 0.533 nm
Using 0 separate PME ranks because: there are too few total ranks for efficient splitting
Optimizing the DD grid for 1 cells with a minimum initial size of 0.547 nm
The maximum allowed number of cells is: X 10 Y 10 Z 10
Domain decomposition grid 1 x 1 x 1, separate PME ranks 0
PME domain decomposition: 1 x 1 x 1

The initial number of communication pulses is:
The initial domain decomposition cell size is:

The maximum allowed distance for atom groups involved in interactions is:
                 non-bonded interactions           1.587 nm
(the following are initial values, they could change due to box deformation)
            two-body bonded interactions  (-rdd)   1.587 nm
          multi-body bonded interactions  (-rdd)   1.587 nm

When dynamic load balancing gets turned on, these settings will change to:
The maximum number of communication pulses is:
The minimum size for domain decomposition cells is 1.587 nm
The requested allowed shrink of DD cells (option -dds) is: 0.80
The allowed shrink of domain decomposition cells is:
The maximum allowed distance for atom groups involved in interactions is:
                 non-bonded interactions           1.587 nm
            two-body bonded interactions  (-rdd)   1.587 nm
          multi-body bonded interactions  (-rdd)   1.587 nm

Local state does not use filler particles

Using 1 MPI thread
Using 1 OpenMP thread 

System total charge: 0.000
Will do PME sum in reciprocal space for electrostatic interactions.

++++ PLEASE READ AND CITE THE FOLLOWING REFERENCE ++++
U. Essmann, L. Perera, M. L. Berkowitz, T. Darden, H. Lee, L. G. Pedersen 
A smooth particle mesh Ewald method
J. Chem. Phys. (1995)
https://doi.org/10.1063/1.470117
-------- -------- --- Thank You --- -------- --------

Using a Gaussian width (1/beta) of 0.384195 nm for Ewald
Potential shift: LJ r^-12: -2.648e-01 r^-6: -5.349e-01, Ewald -8.333e-06
Initialized non-bonded Coulomb Ewald tables, spacing: 1.02e-03 size: 1176

Generated table with 1163 data points for 1-4 COUL.
Tabscale = 500 points/nm
Generated table with 1163 data points for 1-4 LJ6.
Tabscale = 500 points/nm
Generated table with 1163 data points for 1-4 LJ12.
Tabscale = 500 points/nm


Using SIMD4xM 4x8 nonbonded short-range kernels

Using a dual 4x8 pair-list setup updated with dynamic pruning:
  outer list: updated every 80 steps, buffer 0.127 nm, rlist 1.327 nm
  inner list: updated every 12 steps, buffer 0.001 nm, rlist 1.201 nm
At tolerance 0.005 kJ/mol/ps per atom, equivalent classical 1x1 list would be:
  outer list: updated every 80 steps, buffer 0.270 nm, rlist 1.470 nm
  inner list: updated every 12 steps, buffer 0.047 nm, rlist 1.247 nm

The average pressure is off by at most 0.12 bar due to missing LJ interactions
Removing pbc first time

Linking all bonded interactions to atoms


NOTE: OS CPU limit is lower than logical cpu count, thread pinning disabled.

Will apply potential COM pulling
with 1 pull coordinate and 2 groups
Pull group 1:   114 atoms, mass   953.837
Pull group 2:     1 atoms, mass     6.941

Initializing LINear Constraint Solver

++++ PLEASE READ AND CITE THE FOLLOWING REFERENCE ++++
B. Hess, H. Bekker, H. J. C. Berendsen, J. G. E. M. Fraaije
LINCS: A Linear Constraint Solver for molecular simulations
J. Comp. Chem. (1997)
https://doi.org/10.1002/(sici)1096-987x(199709)18:12<1463::aid-jcc4>3.0.co;2-h
-------- -------- --- Thank You --- -------- --------

The number of constraints is 47

++++ PLEASE READ AND CITE THE FOLLOWING REFERENCE ++++
S. Miyamoto, P. A. Kollman
SETTLE: An Analytical Version of the SHAKE and RATTLE Algorithms for Rigid
Water Models
J. Comp. Chem. (1992)
https://doi.org/10.1002/jcc.540130805
-------- -------- --- Thank You --- -------- --------


++++ PLEASE READ AND CITE THE FOLLOWING REFERENCE ++++
G. Bussi, D. Donadio, M. Parrinello
Canonical sampling through velocity rescaling
J. Chem. Phys. (2007)
https://doi.org/10.1063/1.2408420
-------- -------- --- Thank You --- -------- --------


++++ PLEASE READ AND CITE THE FOLLOWING REFERENCE ++++
M. Bernetti, G. Bussi
Pressure control using stochastic cell rescaling
J. Chem. Phys. (2020)
https://doi.org/10.1063/5.0020514
-------- -------- --- Thank You --- -------- --------

There are: 29212 Atoms

Atom distribution over 1 domains: av 29212 stddev 0 min 29212 max 29212

Constraining the starting coordinates (step 0)

Constraining the coordinates at t0-dt (step 0)
Center of mass motion removal mode is Linear
We have the following groups for center of mass motion removal:
  0:  SOLU
  1:  SOLV
RMS relative constraint deviation after constraining: 3.75e-06
Initial temperature: 297.737 K

Started mdrun on rank 0 Wed Jun 24 06:51:10 2026

           Step           Time
              0        0.00000

   Energies (kJ/mol)
           Bond            U-B    Proper Dih.  Improper Dih.      CMAP Dih.
    1.11734e+02    2.92367e+02    3.55587e+02    2.72389e+01   -3.66239e+01
          LJ-14     Coulomb-14        LJ (SR)   Coulomb (SR)   Coul. recip.
    5.93576e+01    2.64519e+03    4.64205e+04   -4.78092e+05    1.32987e+03
   COM Pull En.      Potential    Kinetic En.   Total Energy  Conserved En.
    8.61295e+00   -4.26878e+05    7.32730e+04   -3.53605e+05   -3.53653e+05
    Temperature Pressure (bar)   Constr. rmsd
    3.01068e+02   -1.27497e+02    5.82192e-06

           Step           Time
            500        1.00000

   Energies (kJ/mol)
           Bond            U-B    Proper Dih.  Improper Dih.      CMAP Dih.
    9.67552e+01    3.77685e+02    3.42715e+02    2.18713e+01   -2.76694e+01
          LJ-14     Coulomb-14        LJ (SR)   Coulomb (SR)   Coul. recip.
    7.36633e+01    2.62723e+03    4.49749e+04   -4.75575e+05    1.34930e+03
   COM Pull En.      Potential    Kinetic En.   Total Energy  Conserved En.
    8.17050e-01   -4.25738e+05    7.19477e+04   -3.53790e+05   -3.53550e+05
    Temperature Pressure (bar)   Constr. rmsd
    2.95623e+02   -2.24995e+02    3.66831e-06

           Step           Time
           1000        2.00000

   Energies (kJ/mol)
           Bond            U-B    Proper Dih.  Improper Dih.      CMAP Dih.
    1.06117e+02    3.24567e+02    3.50765e+02    1.81836e+01   -1.58280e+01
          LJ-14     Coulomb-14        LJ (SR)   Coulomb (SR)   Coul. recip.
    7.07852e+01    2.65917e+03    4.54655e+04   -4.75855e+05    1.26388e+03
   COM Pull En.      Potential    Kinetic En.   Total Energy  Conserved En.
    6.15048e-01   -4.25611e+05    7.22353e+04   -3.53376e+05   -3.53618e+05
    Temperature Pressure (bar)   Constr. rmsd
    2.96804e+02   -1.64300e+02    2.11740e-06

           Step           Time
           1500        3.00000

   Energies (kJ/mol)
           Bond            U-B    Proper Dih.  Improper Dih.      CMAP Dih.
    1.14589e+02    2.99783e+02    3.46643e+02    2.81383e+01   -2.16169e+01
          LJ-14     Coulomb-14        LJ (SR)   Coulomb (SR)   Coul. recip.
    7.19897e+01    2.69616e+03    4.65686e+04   -4.77540e+05    1.31937e+03
   COM Pull En.      Potential    Kinetic En.   Total Energy  Conserved En.
    5.58550e-01   -4.26116e+05    7.20304e+04   -3.54085e+05   -3.53748e+05
    Temperature Pressure (bar)   Constr. rmsd
    2.95962e+02    2.49456e+01    1.33950e-06

           Step           Time
           2000        4.00000

   Energies (kJ/mol)
           Bond            U-B    Proper Dih.  Improper Dih.      CMAP Dih.
    1.09898e+02    2.97495e+02    3.66152e+02    2.61062e+01   -1.50114e+01
          LJ-14     Coulomb-14        LJ (SR)   Coulomb (SR)   Coul. recip.
    6.86854e+01    2.68918e+03    4.50136e+04   -4.75958e+05    1.32905e+03
   COM Pull En.      Potential    Kinetic En.   Total Energy  Conserved En.
    2.26276e+00   -4.26071e+05    7.21774e+04   -3.53894e+05   -3.53661e+05
    Temperature Pressure (bar)   Constr. rmsd
    2.96566e+02   -3.14255e+02    2.27462e-06

           Step           Time
           2500        5.00000

   Energies (kJ/mol)
           Bond            U-B    Proper Dih.  Improper Dih.      CMAP Dih.
    8.60609e+01    3.39065e+02    3.46243e+02    2.27516e+01   -1.26444e+01
          LJ-14     Coulomb-14        LJ (SR)   Coulomb (SR)   Coul. recip.
    7.88413e+01    2.69177e+03    4.62174e+04   -4.76410e+05    1.35514e+03
   COM Pull En.      Potential    Kinetic En.   Total Energy  Conserved En.
    1.17471e+00   -4.25284e+05    7.22452e+04   -3.53039e+05   -3.53624e+05
    Temperature Pressure (bar)   Constr. rmsd
    2.96845e+02    5.05025e+01    3.00377e-06

           Step           Time
           3000        6.00000

   Energies (kJ/mol)
           Bond            U-B    Proper Dih.  Improper Dih.      CMAP Dih.
    1.14956e+02    3.04150e+02    3.39283e+02    2.38366e+01   -7.12873e-01
          LJ-14     Coulomb-14        LJ (SR)   Coulomb (SR)   Coul. recip.
    6.98016e+01    2.60811e+03    4.58839e+04   -4.76395e+05    1.35292e+03
   COM Pull En.      Potential    Kinetic En.   Total Energy  Conserved En.
    2.55195e-02   -4.25699e+05    7.30281e+04   -3.52671e+05   -3.53580e+05
    Temperature Pressure (bar)   Constr. rmsd
    3.00062e+02   -8.59695e+01    3.79081e-06

           Step           Time
           3500        7.00000

   Energies (kJ/mol)
           Bond            U-B    Proper Dih.  Improper Dih.      CMAP Dih.
    1.27507e+02    2.54448e+02    3.72456e+02    3.13166e+01   -1.87571e+01
          LJ-14     Coulomb-14        LJ (SR)   Coulomb (SR)   Coul. recip.
    6.67999e+01    2.67740e+03    4.55018e+04   -4.76035e+05    1.33153e+03
   COM Pull En.      Potential    Kinetic En.   Total Energy  Conserved En.
    1.36089e+00   -4.25689e+05    7.22980e+04   -3.53391e+05   -3.53582e+05
    Temperature Pressure (bar)   Constr. rmsd
    2.97062e+02   -1.27655e+02    1.39826e-06

           Step           Time
           4000        8.00000

   Energies (kJ/mol)
           Bond            U-B    Proper Dih.  Improper Dih.      CMAP Dih.
    1.31372e+02    3.17494e+02    3.74895e+02    3.10839e+01   -2.55220e+01
          LJ-14     Coulomb-14        LJ (SR)   Coulomb (SR)   Coul. recip.
    6.17545e+01    2.69052e+03    4.60256e+04   -4.76343e+05    1.35138e+03
   COM Pull En.      Potential    Kinetic En.   Total Energy  Conserved En.
    3.57259e-01   -4.25384e+05    7.27292e+04   -3.52655e+05   -3.53597e+05
    Temperature Pressure (bar)   Constr. rmsd
    2.98834e+02   -1.86314e+01    2.85936e-06

           Step           Time
           4500        9.00000

   Energies (kJ/mol)
           Bond            U-B    Proper Dih.  Improper Dih.      CMAP Dih.
    1.30313e+02    3.74284e+02    3.34140e+02    2.50588e+01   -4.36640e+01
          LJ-14     Coulomb-14        LJ (SR)   Coulomb (SR)   Coul. recip.
    6.42064e+01    2.66710e+03    4.57061e+04   -4.75716e+05    1.36888e+03
   COM Pull En.      Potential    Kinetic En.   Total Energy  Conserved En.
    3.51719e-01   -4.25089e+05    7.25457e+04   -3.52543e+05   -3.53772e+05
    Temperature Pressure (bar)   Constr. rmsd
    2.98080e+02   -1.14996e+02    4.39624e-06

           Step           Time
           5000       10.00000

   Energies (kJ/mol)
           Bond            U-B    Proper Dih.  Improper Dih.      CMAP Dih.
    1.21779e+02    3.27893e+02    3.40011e+02    1.68016e+01   -3.49183e+01
          LJ-14     Coulomb-14        LJ (SR)   Coulomb (SR)   Coul. recip.
    5.44951e+01    2.66203e+03    4.64389e+04   -4.77314e+05    1.35324e+03
   COM Pull En.      Potential    Kinetic En.   Total Energy  Conserved En.
    4.11977e+00   -4.26030e+05    7.24385e+04   -3.53591e+05   -3.53791e+05
    Temperature Pressure (bar)   Constr. rmsd
    2.97639e+02    5.77830e+00    2.41412e-06

           Step           Time
           5500       11.00000

   Energies (kJ/mol)
           Bond            U-B    Proper Dih.  Improper Dih.      CMAP Dih.
    9.09113e+01    3.46397e+02    3.59280e+02    2.59794e+01   -7.82074e+00
          LJ-14     Coulomb-14        LJ (SR)   Coulomb (SR)   Coul. recip.
    5.43361e+01    2.63657e+03    4.66681e+04   -4.77450e+05    1.24418e+03
   COM Pull En.      Potential    Kinetic En.   Total Energy  Conserved En.
    1.63520e-01   -4.26032e+05    7.22554e+04   -3.53777e+05   -3.53699e+05
    Temperature Pressure (bar)   Constr. rmsd
    2.96887e+02    3.46047e+01    2.27541e-06

           Step           Time
           6000       12.00000

   Energies (kJ/mol)
           Bond            U-B    Proper Dih.  Improper Dih.      CMAP Dih.
    1.02620e+02    3.52170e+02    3.23439e+02    2.92150e+01   -1.00819e+01
          LJ-14     Coulomb-14        LJ (SR)   Coulomb (SR)   Coul. recip.
    7.31083e+01    2.62191e+03    4.50126e+04   -4.75790e+05    1.29916e+03
   COM Pull En.      Potential    Kinetic En.   Total Energy  Conserved En.
    7.40185e-04   -4.25986e+05    7.21853e+04   -3.53801e+05   -3.53621e+05
    Temperature Pressure (bar)   Constr. rmsd
    2.96599e+02   -2.47822e+02    1.89813e-06

           Step           Time
           6500       13.00000

   Energies (kJ/mol)
           Bond            U-B    Proper Dih.  Improper Dih.      CMAP Dih.
    9.79662e+01    3.31174e+02    3.33818e+02    2.39406e+01    1.37298e+01
          LJ-14     Coulomb-14        LJ (SR)   Coulomb (SR)   Coul. recip.
    7.29916e+01    2.67846e+03    4.60326e+04   -4.77388e+05    1.28413e+03
   COM Pull En.      Potential    Kinetic En.   Total Energy  Conserved En.
    3.82048e-01   -4.26519e+05    7.25084e+04   -3.54011e+05   -3.53552e+05
    Temperature Pressure (bar)   Constr. rmsd
    2.97926e+02   -4.92512e+01    1.62473e-06

           Step           Time
           7000       14.00000

   Energies (kJ/mol)
           Bond            U-B    Proper Dih.  Improper Dih.      CMAP Dih.
    1.19167e+02    2.97449e+02    3.44007e+02    1.86170e+01   -1.67247e+01
          LJ-14     Coulomb-14        LJ (SR)   Coulomb (SR)   Coul. recip.
    8.55907e+01    2.69421e+03    4.55252e+04   -4.75676e+05    1.31315e+03
   COM Pull En.      Potential    Kinetic En.   Total Energy  Conserved En.
    1.58980e-04   -4.25296e+05    7.19438e+04   -3.53352e+05   -3.53616e+05
    Temperature Pressure (bar)   Constr. rmsd
    2.95607e+02   -4.87240e+01    2.08186e-06

           Step           Time
           7500       15.00000

   Energies (kJ/mol)
           Bond            U-B    Proper Dih.  Improper Dih.      CMAP Dih.
    9.73047e+01    3.26241e+02    3.43333e+02    2.54817e+01   -1.01632e+01
          LJ-14     Coulomb-14        LJ (SR)   Coulomb (SR)   Coul. recip.
    6.33682e+01    2.64197e+03    4.65058e+04   -4.77538e+05    1.32584e+03
   COM Pull En.      Potential    Kinetic En.   Total Energy  Conserved En.
    1.72511e-01   -4.26219e+05    7.27918e+04   -3.53427e+05   -3.53634e+05
    Temperature Pressure (bar)   Constr. rmsd
    2.99091e+02    4.09900e+01    1.34449e-06

           Step           Time
           8000       16.00000

   Energies (kJ/mol)
           Bond            U-B    Proper Dih.  Improper Dih.      CMAP Dih.
    9.36056e+01    3.58834e+02    3.34006e+02    1.67300e+01   -2.82948e+00
          LJ-14     Coulomb-14        LJ (SR)   Coulomb (SR)   Coul. recip.
    7.37348e+01    2.65437e+03    4.57898e+04   -4.75950e+05    1.31027e+03
   COM Pull En.      Potential    Kinetic En.   Total Energy  Conserved En.
    4.53037e-03   -4.25321e+05    7.25162e+04   -3.52805e+05   -3.53672e+05
    Temperature Pressure (bar)   Constr. rmsd
    2.97959e+02   -3.66510e+01    2.57877e-06

           Step           Time
           8500       17.00000

   Energies (kJ/mol)
           Bond            U-B    Proper Dih.  Improper Dih.      CMAP Dih.
    1.15881e+02    3.24317e+02    3.72353e+02    3.66675e+01   -3.14096e+01
          LJ-14     Coulomb-14        LJ (SR)   Coulomb (SR)   Coul. recip.
    8.60579e+01    2.65458e+03    4.52468e+04   -4.74743e+05    1.35754e+03
   COM Pull En.      Potential    Kinetic En.   Total Energy  Conserved En.
    2.06800e-01   -4.24580e+05    7.20253e+04   -3.52555e+05   -3.53713e+05
    Temperature Pressure (bar)   Constr. rmsd
    2.95942e+02   -1.71098e+02    4.02824e-06

           Step           Time
           9000       18.00000

   Energies (kJ/mol)
           Bond            U-B    Proper Dih.  Improper Dih.      CMAP Dih.
    1.01256e+02    2.92737e+02    3.08487e+02    3.08925e+01    7.87281e+00
          LJ-14     Coulomb-14        LJ (SR)   Coulomb (SR)   Coul. recip.
    7.47379e+01    2.62048e+03    4.56137e+04   -4.75425e+05    1.34441e+03
   COM Pull En.      Potential    Kinetic En.   Total Energy  Conserved En.
    3.76909e-01   -4.25031e+05    7.30088e+04   -3.52022e+05   -3.53746e+05
    Temperature Pressure (bar)   Constr. rmsd
    2.99982e+02   -6.92317e+01    2.59348e-06

           Step           Time
           9500       19.00000

   Energies (kJ/mol)
           Bond            U-B    Proper Dih.  Improper Dih.      CMAP Dih.
    9.65837e+01    3.37240e+02    3.32815e+02    1.63784e+01   -1.04461e+01
          LJ-14     Coulomb-14        LJ (SR)   Coulomb (SR)   Coul. recip.
    8.01697e+01    2.68595e+03    4.60196e+04   -4.76165e+05    1.32349e+03
   COM Pull En.      Potential    Kinetic En.   Total Energy  Conserved En.
    4.78574e-01   -4.25283e+05    7.33326e+04   -3.51950e+05   -3.53762e+05
    Temperature Pressure (bar)   Constr. rmsd
    3.01313e+02   -2.10739e+01    2.10858e-06

           Step           Time
          10000       20.00000

   Energies (kJ/mol)
           Bond            U-B    Proper Dih.  Improper Dih.      CMAP Dih.
    1.07115e+02    3.48686e+02    3.37690e+02    2.49628e+01   -3.24695e+01
          LJ-14     Coulomb-14        LJ (SR)   Coulomb (SR)   Coul. recip.
    5.75252e+01    2.59869e+03    4.60492e+04   -4.76215e+05    1.31220e+03
   COM Pull En.      Potential    Kinetic En.   Total Energy  Conserved En.
    1.72932e+00   -4.25409e+05    7.28459e+04   -3.52563e+05   -3.53731e+05
    Temperature Pressure (bar)   Constr. rmsd
    2.99313e+02   -2.06572e+01    3.42897e-06

           Step           Time
          10500       21.00000

   Energies (kJ/mol)
           Bond            U-B    Proper Dih.  Improper Dih.      CMAP Dih.
    1.07276e+02    3.26439e+02    3.29161e+02    2.28901e+01   -7.49377e+00
          LJ-14     Coulomb-14        LJ (SR)   Coulomb (SR)   Coul. recip.
    6.79882e+01    2.67826e+03    4.64980e+04   -4.77251e+05    1.39674e+03
   COM Pull En.      Potential    Kinetic En.   Total Energy  Conserved En.
    2.69420e-02   -4.25832e+05    7.34659e+04   -3.52366e+05   -3.53940e+05
    Temperature Pressure (bar)   Constr. rmsd
    3.01861e+02   -1.23260e+01    1.76313e-06

           Step           Time
          11000       22.00000

   Energies (kJ/mol)
           Bond            U-B    Proper Dih.  Improper Dih.      CMAP Dih.
    1.05784e+02    2.81047e+02    3.39328e+02    3.66036e+01   -2.97194e+01
          LJ-14     Coulomb-14        LJ (SR)   Coulomb (SR)   Coul. recip.
    7.24303e+01    2.68383e+03    4.56563e+04   -4.75270e+05    1.37180e+03
   COM Pull En.      Potential    Kinetic En.   Total Energy  Conserved En.
    6.19203e+00   -4.24747e+05    7.18776e+04   -3.52869e+05   -3.53864e+05
    Temperature Pressure (bar)   Constr. rmsd
    2.95335e+02   -1.28461e+02    2.33412e-06

           Step           Time
          11500       23.00000

   Energies (kJ/mol)
           Bond            U-B    Proper Dih.  Improper Dih.      CMAP Dih.
    9.86813e+01    3.95813e+02    3.42986e+02    3.32239e+01   -2.21619e+01
          LJ-14     Coulomb-14        LJ (SR)   Coulomb (SR)   Coul. recip.
    6.61817e+01    2.56790e+03    4.53279e+04   -4.74167e+05    1.33869e+03
   COM Pull En.      Potential    Kinetic En.   Total Energy  Conserved En.
    6.91497e+00   -4.24011e+05    7.19555e+04   -3.52056e+05   -3.53789e+05
    Temperature Pressure (bar)   Constr. rmsd
    2.95655e+02   -1.35667e+02    1.48302e-06

           Step           Time
          12000       24.00000

   Energies (kJ/mol)
           Bond            U-B    Proper Dih.  Improper Dih.      CMAP Dih.
    9.20750e+01    3.02609e+02    3.53638e+02    2.22273e+01   -4.44137e+01
          LJ-14     Coulomb-14        LJ (SR)   Coulomb (SR)   Coul. recip.
    6.58670e+01    2.66759e+03    4.53768e+04   -4.74842e+05    1.37079e+03
   COM Pull En.      Potential    Kinetic En.   Total Energy  Conserved En.
    5.15120e-01   -4.24634e+05    7.24798e+04   -3.52154e+05   -3.53860e+05
    Temperature Pressure (bar)   Constr. rmsd
    2.97809e+02   -1.71772e+02    2.64110e-06

           Step           Time
          12500       25.00000

   Energies (kJ/mol)
           Bond            U-B    Proper Dih.  Improper Dih.      CMAP Dih.
    1.05613e+02    2.98231e+02    3.63014e+02    1.41954e+01   -2.61827e+01
          LJ-14     Coulomb-14        LJ (SR)   Coulomb (SR)   Coul. recip.
    6.98686e+01    2.59015e+03    4.61935e+04   -4.75446e+05    1.31450e+03
   COM Pull En.      Potential    Kinetic En.   Total Energy  Conserved En.
    2.57210e-01   -4.24523e+05    7.14884e+04   -3.53035e+05   -3.53930e+05
    Temperature Pressure (bar)   Constr. rmsd
    2.93735e+02    4.27390e+00    2.39849e-06

           Step           Time
          13000       26.00000

   Energies (kJ/mol)
           Bond            U-B    Proper Dih.  Improper Dih.      CMAP Dih.
    8.45326e+01    2.94735e+02    3.58955e+02    2.47177e+01   -2.62392e+01
          LJ-14     Coulomb-14        LJ (SR)   Coulomb (SR)   Coul. recip.
    8.99605e+01    2.66256e+03    4.58320e+04   -4.75001e+05    1.33402e+03
   COM Pull En.      Potential    Kinetic En.   Total Energy  Conserved En.
    4.33906e-01   -4.24345e+05    7.20908e+04   -3.52254e+05   -3.53846e+05
    Temperature Pressure (bar)   Constr. rmsd
    2.96211e+02   -2.04378e+01    2.22732e-06

           Step           Time
          13500       27.00000

   Energies (kJ/mol)
           Bond            U-B    Proper Dih.  Improper Dih.      CMAP Dih.
    1.05924e+02    2.99181e+02    3.47181e+02    2.86274e+01   -5.91963e+00
          LJ-14     Coulomb-14        LJ (SR)   Coulomb (SR)   Coul. recip.
    5.48055e+01    2.62528e+03    4.66314e+04   -4.76372e+05    1.34108e+03
   COM Pull En.      Potential    Kinetic En.   Total Energy  Conserved En.
    1.44586e-01   -4.24944e+05    7.28974e+04   -3.52046e+05   -3.53876e+05
    Temperature Pressure (bar)   Constr. rmsd
    2.99525e+02    1.48333e+02    2.23780e-06

           Step           Time
          14000       28.00000

   Energies (kJ/mol)
           Bond            U-B    Proper Dih.  Improper Dih.      CMAP Dih.
    8.29072e+01    3.44096e+02    3.51389e+02    2.71432e+01   -4.18484e+01
          LJ-14     Coulomb-14        LJ (SR)   Coulomb (SR)   Coul. recip.
    6.61294e+01    2.64139e+03    4.59768e+04   -4.76266e+05    1.31814e+03
   COM Pull En.      Potential    Kinetic En.   Total Energy  Conserved En.
    8.60552e-01   -4.25499e+05    7.25986e+04   -3.52901e+05   -3.53800e+05
    Temperature Pressure (bar)   Constr. rmsd
    2.98297e+02   -3.16962e+01    1.29170e-06

Writing checkpoint, step 14240 at Wed Jun 24 07:06:15 2026


           Step           Time
          14500       29.00000

   Energies (kJ/mol)
           Bond            U-B    Proper Dih.  Improper Dih.      CMAP Dih.
    9.71842e+01    3.00624e+02    3.63462e+02    1.17063e+01   -1.02888e+01
          LJ-14     Coulomb-14        LJ (SR)   Coulomb (SR)   Coul. recip.
    5.82723e+01    2.64422e+03    4.69203e+04   -4.77192e+05    1.36223e+03
   COM Pull En.      Potential    Kinetic En.   Total Energy  Conserved En.
    2.48334e+00   -4.25441e+05    7.26817e+04   -3.52760e+05   -3.53878e+05
    Temperature Pressure (bar)   Constr. rmsd
    2.98639e+02    6.18222e+01    2.25061e-06

           Step           Time
          15000       30.00000

   Energies (kJ/mol)
           Bond            U-B    Proper Dih.  Improper Dih.      CMAP Dih.
    1.03135e+02    2.96124e+02    3.40938e+02    2.00708e+01   -2.77806e+01
          LJ-14     Coulomb-14        LJ (SR)   Coulomb (SR)   Coul. recip.
    6.59586e+01    2.68416e+03    4.48098e+04   -4.74439e+05    1.29509e+03
   COM Pull En.      Potential    Kinetic En.   Total Energy  Conserved En.
    1.37973e+00   -4.24850e+05    7.21339e+04   -3.52717e+05   -3.53811e+05
    Temperature Pressure (bar)   Constr. rmsd
    2.96388e+02   -2.31066e+02    1.57941e-06

           Step           Time
          15500       31.00000

   Energies (kJ/mol)
           Bond            U-B    Proper Dih.  Improper Dih.      CMAP Dih.
    1.03119e+02    3.24500e+02    3.56523e+02    1.93095e+01   -3.57634e+01
          LJ-14     Coulomb-14        LJ (SR)   Coulomb (SR)   Coul. recip.
    6.35883e+01    2.62805e+03    4.58787e+04   -4.75374e+05    1.35230e+03
   COM Pull En.      Potential    Kinetic En.   Total Energy  Conserved En.
    7.30173e+00   -4.24676e+05    7.22495e+04   -3.52426e+05   -3.53718e+05
    Temperature Pressure (bar)   Constr. rmsd
    2.96863e+02    3.05867e+01    2.17665e-06

           Step           Time
          16000       32.00000

   Energies (kJ/mol)
           Bond            U-B    Proper Dih.  Improper Dih.      CMAP Dih.
    1.24612e+02    3.57765e+02    3.50755e+02    1.94326e+01   -2.86459e+01
          LJ-14     Coulomb-14        LJ (SR)   Coulomb (SR)   Coul. recip.
    5.70096e+01    2.63218e+03    4.61088e+04   -4.75658e+05    1.31125e+03
   COM Pull En.      Potential    Kinetic En.   Total Energy  Conserved En.
    2.44097e-02   -4.24725e+05    7.27550e+04   -3.51970e+05   -3.53735e+05
    Temperature Pressure (bar)   Constr. rmsd
    2.98940e+02    7.00865e+01    1.44290e-06

           Step           Time
          16500       33.00000

   Energies (kJ/mol)
           Bond            U-B    Proper Dih.  Improper Dih.      CMAP Dih.
    1.02014e+02    3.09633e+02    3.37953e+02    3.74763e+01   -2.16984e+01
          LJ-14     Coulomb-14        LJ (SR)   Coulomb (SR)   Coul. recip.
    8.39251e+01    2.67538e+03    4.66292e+04   -4.77116e+05    1.33441e+03
   COM Pull En.      Potential    Kinetic En.   Total Energy  Conserved En.
    1.46487e-01   -4.25627e+05    7.34965e+04   -3.52131e+05   -3.53621e+05
    Temperature Pressure (bar)   Constr. rmsd
    3.01987e+02    1.69601e+02    3.53152e-06

           Step           Time
          17000       34.00000

   Energies (kJ/mol)
           Bond            U-B    Proper Dih.  Improper Dih.      CMAP Dih.
    1.23077e+02    3.06886e+02    3.34460e+02    2.23708e+01   -2.28005e+01
          LJ-14     Coulomb-14        LJ (SR)   Coulomb (SR)   Coul. recip.
    8.42574e+01    2.63206e+03    4.52641e+04   -4.74938e+05    1.31685e+03
   COM Pull En.      Potential    Kinetic En.   Total Energy  Conserved En.
    3.08478e-01   -4.24877e+05    7.25585e+04   -3.52318e+05   -3.53832e+05
    Temperature Pressure (bar)   Constr. rmsd
    2.98132e+02   -1.41815e+02    1.37361e-06

           Step           Time
          17500       35.00000

   Energies (kJ/mol)
           Bond            U-B    Proper Dih.  Improper Dih.      CMAP Dih.
    1.12026e+02    3.18714e+02    3.30645e+02    1.58777e+01   -4.79358e+01
          LJ-14     Coulomb-14        LJ (SR)   Coulomb (SR)   Coul. recip.
    6.74062e+01    2.60161e+03    4.52920e+04   -4.76376e+05    1.40118e+03
   COM Pull En.      Potential    Kinetic En.   Total Energy  Conserved En.
    2.12792e+00   -4.26282e+05    7.30256e+04   -3.53256e+05   -3.53736e+05
    Temperature Pressure (bar)   Constr. rmsd
    3.00052e+02   -2.14302e+02    1.80143e-06

           Step           Time
          18000       36.00000

   Energies (kJ/mol)
           Bond            U-B    Proper Dih.  Improper Dih.      CMAP Dih.
    1.01472e+02    2.74174e+02    3.71715e+02    2.69195e+01   -2.98874e+01
          LJ-14     Coulomb-14        LJ (SR)   Coulomb (SR)   Coul. recip.
    6.86736e+01    2.65477e+03    4.55026e+04   -4.76270e+05    1.29402e+03
   COM Pull En.      Potential    Kinetic En.   Total Energy  Conserved En.
    4.24752e+00   -4.26001e+05    7.24443e+04   -3.53557e+05   -3.53649e+05
    Temperature Pressure (bar)   Constr. rmsd
    2.97663e+02   -1.32578e+02    2.53860e-06

           Step           Time
          18500       37.00000

   Energies (kJ/mol)
           Bond            U-B    Proper Dih.  Improper Dih.      CMAP Dih.
    1.07354e+02    3.24289e+02    3.51652e+02    2.92071e+01   -4.37804e+01
          LJ-14     Coulomb-14        LJ (SR)   Coulomb (SR)   Coul. recip.
    8.27501e+01    2.64338e+03    4.64439e+04   -4.76819e+05    1.31049e+03
   COM Pull En.      Potential    Kinetic En.   Total Energy  Conserved En.
    4.25034e+00   -4.25565e+05    7.20380e+04   -3.53527e+05   -3.53641e+05
    Temperature Pressure (bar)   Constr. rmsd
    2.95994e+02    1.21682e+02    1.55816e-06

           Step           Time
          19000       38.00000

   Energies (kJ/mol)
           Bond            U-B    Proper Dih.  Improper Dih.      CMAP Dih.
    9.30314e+01    2.97288e+02    3.51846e+02    2.08695e+01   -3.51995e+01
          LJ-14     Coulomb-14        LJ (SR)   Coulomb (SR)   Coul. recip.
    6.65520e+01    2.62071e+03    4.66511e+04   -4.77399e+05    1.29294e+03
   COM Pull En.      Potential    Kinetic En.   Total Energy  Conserved En.
    1.51671e-01   -4.26040e+05    7.21922e+04   -3.53847e+05   -3.53672e+05
    Temperature Pressure (bar)   Constr. rmsd
    2.96627e+02    5.56271e+01    2.28311e-06

           Step           Time
          19500       39.00000

   Energies (kJ/mol)
           Bond            U-B    Proper Dih.  Improper Dih.      CMAP Dih.
    7.78989e+01    3.66942e+02    3.36015e+02    2.42079e+01   -2.76908e+01
          LJ-14     Coulomb-14        LJ (SR)   Coulomb (SR)   Coul. recip.
    7.37457e+01    2.65799e+03    4.62268e+04   -4.77078e+05    1.30687e+03
   COM Pull En.      Potential    Kinetic En.   Total Energy  Conserved En.
    1.60481e+00   -4.26034e+05    7.21470e+04   -3.53887e+05   -3.53574e+05
    Temperature Pressure (bar)   Constr. rmsd
    2.96442e+02    9.26059e+01    3.15271e-06

           Step           Time
          20000       40.00000

   Energies (kJ/mol)
           Bond            U-B    Proper Dih.  Improper Dih.      CMAP Dih.
    7.55442e+01    3.26502e+02    3.71491e+02    2.54482e+01   -1.94659e+01
          LJ-14     Coulomb-14        LJ (SR)   Coulomb (SR)   Coul. recip.
    7.05433e+01    2.65234e+03    4.63640e+04   -4.77354e+05    1.28124e+03
   COM Pull En.      Potential    Kinetic En.   Total Energy  Conserved En.
    2.73650e-02   -4.26207e+05    7.20862e+04   -3.54120e+05   -3.53606e+05
    Temperature Pressure (bar)   Constr. rmsd
    2.96192e+02    9.62756e+01    2.50282e-06

           Step           Time
          20500       41.00000

   Energies (kJ/mol)
           Bond            U-B    Proper Dih.  Improper Dih.      CMAP Dih.
    1.31599e+02    3.02540e+02    3.37027e+02    1.67407e+01   -2.84250e+01
          LJ-14     Coulomb-14        LJ (SR)   Coulomb (SR)   Coul. recip.
    6.76150e+01    2.63822e+03    4.64595e+04   -4.77277e+05    1.31052e+03
   COM Pull En.      Potential    Kinetic En.   Total Energy  Conserved En.
    2.34258e+00   -4.26039e+05    7.19303e+04   -3.54109e+05   -3.53767e+05
    Temperature Pressure (bar)   Constr. rmsd
    2.95551e+02    8.01873e+01    2.18317e-06

           Step           Time
          21000       42.00000

   Energies (kJ/mol)
           Bond            U-B    Proper Dih.  Improper Dih.      CMAP Dih.
    8.70748e+01    3.30786e+02    3.53743e+02    1.61580e+01   -3.14888e+01
          LJ-14     Coulomb-14        LJ (SR)   Coulomb (SR)   Coul. recip.
    7.44192e+01    2.63176e+03    4.59170e+04   -4.76747e+05    1.33284e+03
   COM Pull En.      Potential    Kinetic En.   Total Energy  Conserved En.
    1.46914e+00   -4.26033e+05    7.25248e+04   -3.53508e+05   -3.53785e+05
    Temperature Pressure (bar)   Constr. rmsd
    2.97994e+02   -8.35727e+01    2.09425e-06

           Step           Time
          21500       43.00000

   Energies (kJ/mol)
           Bond            U-B    Proper Dih.  Improper Dih.      CMAP Dih.
    9.63558e+01    2.84206e+02    3.56461e+02    2.15900e+01   -1.93146e+01
          LJ-14     Coulomb-14        LJ (SR)   Coulomb (SR)   Coul. recip.
    7.34878e+01    2.64591e+03    4.51516e+04   -4.75271e+05    1.33713e+03
   COM Pull En.      Potential    Kinetic En.   Total Energy  Conserved En.
    1.49119e+00   -4.25322e+05    7.23772e+04   -3.52944e+05   -3.53891e+05
    Temperature Pressure (bar)   Constr. rmsd
    2.97388e+02   -1.99160e+02    2.14252e-06

           Step           Time
          22000       44.00000

   Energies (kJ/mol)
           Bond            U-B    Proper Dih.  Improper Dih.      CMAP Dih.
    1.04342e+02    3.18421e+02    3.44651e+02    2.00712e+01   -3.13485e+01
          LJ-14     Coulomb-14        LJ (SR)   Coulomb (SR)   Coul. recip.
    7.16708e+01    2.64760e+03    4.65293e+04   -4.76618e+05    1.32296e+03
   COM Pull En.      Potential    Kinetic En.   Total Energy  Conserved En.
    3.95997e-01   -4.25289e+05    7.27365e+04   -3.52553e+05   -3.53826e+05
    Temperature Pressure (bar)   Constr. rmsd
    2.98864e+02    1.16812e+02    2.20796e-06

           Step           Time
          22500       45.00000

   Energies (kJ/mol)
           Bond            U-B    Proper Dih.  Improper Dih.      CMAP Dih.
    9.66681e+01    3.10677e+02    3.42411e+02    2.74241e+01   -3.57722e+01
          LJ-14     Coulomb-14        LJ (SR)   Coulomb (SR)   Coul. recip.
    7.82433e+01    2.72105e+03    4.65602e+04   -4.77342e+05    1.32268e+03
   COM Pull En.      Potential    Kinetic En.   Total Energy  Conserved En.
    4.45083e-01   -4.25918e+05    7.25448e+04   -3.53373e+05   -3.53719e+05
    Temperature Pressure (bar)   Constr. rmsd
    2.98076e+02    6.93144e+01    1.94100e-06

           Step           Time
          23000       46.00000

   Energies (kJ/mol)
           Bond            U-B    Proper Dih.  Improper Dih.      CMAP Dih.
    1.13821e+02    3.04076e+02    3.54098e+02    3.86311e+01   -1.99165e+01
          LJ-14     Coulomb-14        LJ (SR)   Coulomb (SR)   Coul. recip.
    8.70998e+01    2.68696e+03    4.68563e+04   -4.76693e+05    1.30249e+03
   COM Pull En.      Potential    Kinetic En.   Total Energy  Conserved En.
    1.20924e+00   -4.24968e+05    7.21259e+04   -3.52842e+05   -3.53826e+05
    Temperature Pressure (bar)   Constr. rmsd
    2.96355e+02    2.05217e+02    2.30712e-06

           Step           Time
          23500       47.00000

   Energies (kJ/mol)
           Bond            U-B    Proper Dih.  Improper Dih.      CMAP Dih.
    8.98052e+01    3.20807e+02    3.61313e+02    1.95536e+01   -5.41744e+01
          LJ-14     Coulomb-14        LJ (SR)   Coulomb (SR)   Coul. recip.
    6.81239e+01    2.60230e+03    4.68253e+04   -4.78176e+05    1.31079e+03
   COM Pull En.      Potential    Kinetic En.   Total Energy  Conserved En.
    3.91143e-01   -4.26632e+05    7.33084e+04   -3.53323e+05   -3.53794e+05
    Temperature Pressure (bar)   Constr. rmsd
    3.01214e+02    8.85217e+01    2.32406e-06

           Step           Time
          24000       48.00000

   Energies (kJ/mol)
           Bond            U-B    Proper Dih.  Improper Dih.      CMAP Dih.
    9.29480e+01    3.52855e+02    3.40869e+02    2.05237e+01   -1.98663e+01
          LJ-14     Coulomb-14        LJ (SR)   Coulomb (SR)   Coul. recip.
    8.12940e+01    2.63944e+03    4.60946e+04   -4.76863e+05    1.31744e+03
   COM Pull En.      Potential    Kinetic En.   Total Energy  Conserved En.
    2.45313e-01   -4.25943e+05    7.21557e+04   -3.53787e+05   -3.53763e+05
    Temperature Pressure (bar)   Constr. rmsd
    2.96477e+02    3.69043e+01    4.65283e-06

           Step           Time
          24500       49.00000

   Energies (kJ/mol)
           Bond            U-B    Proper Dih.  Improper Dih.      CMAP Dih.
    1.01662e+02    3.27037e+02    3.52614e+02    3.46360e+01   -5.99176e+01
          LJ-14     Coulomb-14        LJ (SR)   Coulomb (SR)   Coul. recip.
    7.95442e+01    2.60835e+03    4.70056e+04   -4.77639e+05    1.33422e+03
   COM Pull En.      Potential    Kinetic En.   Total Energy  Conserved En.
    6.23303e-01   -4.25854e+05    7.23414e+04   -3.53513e+05   -3.53816e+05
    Temperature Pressure (bar)   Constr. rmsd
    2.97240e+02    1.95437e+02    2.89298e-06

           Step           Time
          25000       50.00000

   Energies (kJ/mol)
           Bond            U-B    Proper Dih.  Improper Dih.      CMAP Dih.
    1.22062e+02    2.98715e+02    3.33977e+02    2.85537e+01   -2.50926e+01
          LJ-14     Coulomb-14        LJ (SR)   Coulomb (SR)   Coul. recip.
    5.77124e+01    2.68399e+03    4.57287e+04   -4.77048e+05    1.28476e+03
   COM Pull En.      Potential    Kinetic En.   Total Energy  Conserved En.
    5.95731e+00   -4.26528e+05    7.25478e+04   -3.53981e+05   -3.53774e+05
    Temperature Pressure (bar)   Constr. rmsd
    2.98088e+02   -1.76524e+02    2.54934e-06

           Step           Time
          25500       51.00000

   Energies (kJ/mol)
           Bond            U-B    Proper Dih.  Improper Dih.      CMAP Dih.
    1.10594e+02    3.10764e+02    3.24869e+02    3.00851e+01   -1.88085e+01
          LJ-14     Coulomb-14        LJ (SR)   Coulomb (SR)   Coul. recip.
    6.35724e+01    2.65148e+03    4.70402e+04   -4.78163e+05    1.28254e+03
   COM Pull En.      Potential    Kinetic En.   Total Energy  Conserved En.
    1.94386e+00   -4.26366e+05    7.25816e+04   -3.53784e+05   -3.53744e+05
    Temperature Pressure (bar)   Constr. rmsd
    2.98227e+02    2.15870e+02    2.50664e-06

           Step           Time
          26000       52.00000

   Energies (kJ/mol)
           Bond            U-B    Proper Dih.  Improper Dih.      CMAP Dih.
    1.21818e+02    2.99667e+02    3.17305e+02    4.09072e+01   -1.56376e+01
          LJ-14     Coulomb-14        LJ (SR)   Coulomb (SR)   Coul. recip.
    5.78429e+01    2.62443e+03    4.65990e+04   -4.77198e+05    1.28439e+03
   COM Pull En.      Potential    Kinetic En.   Total Energy  Conserved En.
    8.11541e-03   -4.25869e+05    7.16905e+04   -3.54178e+05   -3.53722e+05
    Temperature Pressure (bar)   Constr. rmsd
    2.94566e+02    1.47096e+02    2.91355e-06

           Step           Time
          26500       53.00000

   Energies (kJ/mol)
           Bond            U-B    Proper Dih.  Improper Dih.      CMAP Dih.
    1.26643e+02    3.55060e+02    3.49063e+02    3.54715e+01   -3.61886e+01
          LJ-14     Coulomb-14        LJ (SR)   Coulomb (SR)   Coul. recip.
    7.92560e+01    2.62303e+03    4.68037e+04   -4.78105e+05    1.32759e+03
   COM Pull En.      Potential    Kinetic En.   Total Energy  Conserved En.
    1.29182e+00   -4.26440e+05    7.28319e+04   -3.53608e+05   -3.53715e+05
    Temperature Pressure (bar)   Constr. rmsd
    2.99256e+02    1.52017e+02    1.32467e-06

           Step           Time
          27000       54.00000

   Energies (kJ/mol)
           Bond            U-B    Proper Dih.  Improper Dih.      CMAP Dih.
    1.04947e+02    3.86618e+02    3.80053e+02    2.39382e+01   -7.30318e+01
          LJ-14     Coulomb-14        LJ (SR)   Coulomb (SR)   Coul. recip.
    7.38008e+01    2.60790e+03    4.46510e+04   -4.75014e+05    1.30601e+03
   COM Pull En.      Potential    Kinetic En.   Total Energy  Conserved En.
    9.22259e-02   -4.25553e+05    7.19045e+04   -3.53648e+05   -3.53670e+05
    Temperature Pressure (bar)   Constr. rmsd
    2.95445e+02   -2.25311e+02    1.50829e-06

           Step           Time
          27500       55.00000

   Energies (kJ/mol)
           Bond            U-B    Proper Dih.  Improper Dih.      CMAP Dih.
    1.07765e+02    2.85298e+02    3.45654e+02    3.39757e+01   -2.94572e+01
          LJ-14     Coulomb-14        LJ (SR)   Coulomb (SR)   Coul. recip.
    7.40298e+01    2.61431e+03    4.59682e+04   -4.77428e+05    1.31586e+03
   COM Pull En.      Potential    Kinetic En.   Total Energy  Conserved En.
    4.81598e+00   -4.26708e+05    7.24027e+04   -3.54305e+05   -3.53698e+05
    Temperature Pressure (bar)   Constr. rmsd
    2.97492e+02   -1.35798e+01    1.78679e-06

           Step           Time
          28000       56.00000

   Energies (kJ/mol)
           Bond            U-B    Proper Dih.  Improper Dih.      CMAP Dih.
    1.06929e+02    3.18583e+02    3.53463e+02    2.35433e+01   -1.00620e+01
          LJ-14     Coulomb-14        LJ (SR)   Coulomb (SR)   Coul. recip.
    6.46427e+01    2.59072e+03    4.61382e+04   -4.77362e+05    1.32627e+03
   COM Pull En.      Potential    Kinetic En.   Total Energy  Conserved En.
    2.37531e-01   -4.26449e+05    7.24288e+04   -3.54020e+05   -3.53702e+05
    Temperature Pressure (bar)   Constr. rmsd
    2.97600e+02   -8.75404e+00    2.21088e-06

Writing checkpoint, step 28480 at Wed Jun 24 07:21:21 2026


           Step           Time
          28500       57.00000

   Energies (kJ/mol)
           Bond            U-B    Proper Dih.  Improper Dih.      CMAP Dih.
    1.02266e+02    3.23941e+02    3.27597e+02    1.79770e+01   -2.05376e+01
          LJ-14     Coulomb-14        LJ (SR)   Coulomb (SR)   Coul. recip.
    6.52090e+01    2.55671e+03    4.77054e+04   -4.79682e+05    1.32776e+03
   COM Pull En.      Potential    Kinetic En.   Total Energy  Conserved En.
    6.24065e+00   -4.27269e+05    7.21702e+04   -3.55099e+05   -3.53728e+05
    Temperature Pressure (bar)   Constr. rmsd
    2.96537e+02    3.14543e+02    1.91498e-06

           Step           Time
          29000       58.00000

   Energies (kJ/mol)
           Bond            U-B    Proper Dih.  Improper Dih.      CMAP Dih.
    1.27739e+02    3.18000e+02    3.15518e+02    2.83962e+01   -3.20108e+01
          LJ-14     Coulomb-14        LJ (SR)   Coulomb (SR)   Coul. recip.
    7.53568e+01    2.61571e+03    4.62302e+04   -4.77236e+05    1.25097e+03
   COM Pull En.      Potential    Kinetic En.   Total Energy  Conserved En.
    5.51957e+00   -4.26300e+05    7.20917e+04   -3.54208e+05   -3.53741e+05
    Temperature Pressure (bar)   Constr. rmsd
    2.96214e+02    5.14442e+01    2.62924e-06

           Step           Time
          29500       59.00000

   Energies (kJ/mol)
           Bond            U-B    Proper Dih.  Improper Dih.      CMAP Dih.
    1.11975e+02    2.94943e+02    3.21858e+02    2.18690e+01   -2.73616e+01
          LJ-14     Coulomb-14        LJ (SR)   Coulomb (SR)   Coul. recip.
    7.38902e+01    2.66178e+03    4.65322e+04   -4.78467e+05    1.33879e+03
   COM Pull En.      Potential    Kinetic En.   Total Energy  Conserved En.
    3.26720e-02   -4.27138e+05    7.31536e+04   -3.53984e+05   -3.53731e+05
    Temperature Pressure (bar)   Constr. rmsd
    3.00577e+02    5.08927e+01    2.52877e-06

           Step           Time
          30000       60.00000

   Energies (kJ/mol)
           Bond            U-B    Proper Dih.  Improper Dih.      CMAP Dih.
    9.64502e+01    3.64663e+02    3.17451e+02    3.88013e+01   -4.83697e+01
          LJ-14     Coulomb-14        LJ (SR)   Coulomb (SR)   Coul. recip.
    8.07851e+01    2.60563e+03    4.75551e+04   -4.78689e+05    1.33010e+03
   COM Pull En.      Potential    Kinetic En.   Total Energy  Conserved En.
    4.45422e-03   -4.26348e+05    7.26560e+04   -3.53692e+05   -3.53852e+05
    Temperature Pressure (bar)   Constr. rmsd
    2.98533e+02    2.93075e+02    2.57813e-06

           Step           Time
          30500       61.00000

   Energies (kJ/mol)
           Bond            U-B    Proper Dih.  Improper Dih.      CMAP Dih.
    1.11830e+02    3.43103e+02    3.23673e+02    2.49088e+01   -3.36316e+01
          LJ-14     Coulomb-14        LJ (SR)   Coulomb (SR)   Coul. recip.
    6.83822e+01    2.58319e+03    4.65707e+04   -4.77542e+05    1.31016e+03
   COM Pull En.      Potential    Kinetic En.   Total Energy  Conserved En.
    5.80626e-01   -4.26239e+05    7.25028e+04   -3.53736e+05   -3.53970e+05
    Temperature Pressure (bar)   Constr. rmsd
    2.97904e+02    1.30837e+02    2.34044e-06

           Step           Time
          31000       62.00000

   Energies (kJ/mol)
           Bond            U-B    Proper Dih.  Improper Dih.      CMAP Dih.
    1.15006e+02    3.12448e+02    3.21209e+02    1.94476e+01   -3.43636e+01
          LJ-14     Coulomb-14        LJ (SR)   Coulomb (SR)   Coul. recip.
    6.08470e+01    2.59930e+03    4.62786e+04   -4.75807e+05    1.33088e+03
   COM Pull En.      Potential    Kinetic En.   Total Energy  Conserved En.
    7.79193e-01   -4.24803e+05    7.24534e+04   -3.52349e+05   -3.54051e+05
    Temperature Pressure (bar)   Constr. rmsd
    2.97701e+02    7.10607e+01    2.27694e-06

           Step           Time
          31500       63.00000

   Energies (kJ/mol)
           Bond            U-B    Proper Dih.  Improper Dih.      CMAP Dih.
    8.82841e+01    3.71634e+02    3.39298e+02    2.34891e+01   -1.82441e+01
          LJ-14     Coulomb-14        LJ (SR)   Coulomb (SR)   Coul. recip.
    5.68270e+01    2.60545e+03    4.56883e+04   -4.75411e+05    1.29495e+03
   COM Pull En.      Potential    Kinetic En.   Total Energy  Conserved En.
    4.84337e-01   -4.24960e+05    7.23153e+04   -3.52645e+05   -3.54025e+05
    Temperature Pressure (bar)   Constr. rmsd
    2.97133e+02   -5.93868e+01    1.65460e-06

           Step           Time
          32000       64.00000

   Energies (kJ/mol)
           Bond            U-B    Proper Dih.  Improper Dih.      CMAP Dih.
    9.11251e+01    4.22413e+02    3.20260e+02    4.42590e+01   -4.69180e+01
          LJ-14     Coulomb-14        LJ (SR)   Coulomb (SR)   Coul. recip.
    6.95206e+01    2.54687e+03    4.52037e+04   -4.74750e+05    1.29682e+03
   COM Pull En.      Potential    Kinetic En.   Total Energy  Conserved En.
    1.19983e+00   -4.24801e+05    7.26545e+04   -3.52146e+05   -3.54073e+05
    Temperature Pressure (bar)   Constr. rmsd
    2.98527e+02   -1.48511e+02    2.83152e-06

           Step           Time
          32500       65.00000

   Energies (kJ/mol)
           Bond            U-B    Proper Dih.  Improper Dih.      CMAP Dih.
    1.27331e+02    3.13891e+02    3.17638e+02    3.44800e+01   -3.71334e+01
          LJ-14     Coulomb-14        LJ (SR)   Coulomb (SR)   Coul. recip.
    6.80181e+01    2.61347e+03    4.41187e+04   -4.73690e+05    1.31939e+03
   COM Pull En.      Potential    Kinetic En.   Total Energy  Conserved En.
    1.64648e+00   -4.24812e+05    7.19742e+04   -3.52838e+05   -3.53940e+05
    Temperature Pressure (bar)   Constr. rmsd
    2.95731e+02   -4.59216e+02    3.18354e-06

           Step           Time
          33000       66.00000

   Energies (kJ/mol)
           Bond            U-B    Proper Dih.  Improper Dih.      CMAP Dih.
    1.05800e+02    3.21868e+02    3.27012e+02    3.03567e+01   -2.92565e+01
          LJ-14     Coulomb-14        LJ (SR)   Coulomb (SR)   Coul. recip.
    6.08959e+01    2.58020e+03    4.63120e+04   -4.75979e+05    1.29933e+03
   COM Pull En.      Potential    Kinetic En.   Total Energy  Conserved En.
    2.91329e-03   -4.24970e+05    7.27380e+04   -3.52232e+05   -3.53961e+05
    Temperature Pressure (bar)   Constr. rmsd
    2.98870e+02    6.90673e+01    1.97902e-06

           Step           Time
          33500       67.00000

   Energies (kJ/mol)
           Bond            U-B    Proper Dih.  Improper Dih.      CMAP Dih.
    1.19646e+02    3.49080e+02    3.28602e+02    3.05191e+01   -1.51999e+01
          LJ-14     Coulomb-14        LJ (SR)   Coulomb (SR)   Coul. recip.
    7.03542e+01    2.65065e+03    4.54789e+04   -4.75321e+05    1.37094e+03
   COM Pull En.      Potential    Kinetic En.   Total Energy  Conserved En.
    1.29891e+00   -4.24936e+05    7.29984e+04   -3.51938e+05   -3.54048e+05
    Temperature Pressure (bar)   Constr. rmsd
    2.99940e+02   -5.75360e+01    1.25300e-06

           Step           Time
          34000       68.00000

   Energies (kJ/mol)
           Bond            U-B    Proper Dih.  Improper Dih.      CMAP Dih.
    1.12343e+02    3.10831e+02    3.21585e+02    2.61634e+01   -2.42527e+01
          LJ-14     Coulomb-14        LJ (SR)   Coulomb (SR)   Coul. recip.
    7.76712e+01    2.64715e+03    4.60091e+04   -4.75367e+05    1.33935e+03
   COM Pull En.      Potential    Kinetic En.   Total Energy  Conserved En.
    4.10645e-02   -4.24547e+05    7.27215e+04   -3.51825e+05   -3.54049e+05
    Temperature Pressure (bar)   Constr. rmsd
    2.98802e+02    9.91214e+01    2.73320e-06

           Step           Time
          34500       69.00000

   Energies (kJ/mol)
           Bond            U-B    Proper Dih.  Improper Dih.      CMAP Dih.
    1.39236e+02    2.83952e+02    3.36225e+02    2.36105e+01   -2.26249e+01
          LJ-14     Coulomb-14        LJ (SR)   Coulomb (SR)   Coul. recip.
    7.37561e+01    2.65528e+03    4.58732e+04   -4.74808e+05    1.34531e+03
   COM Pull En.      Potential    Kinetic En.   Total Energy  Conserved En.
    5.83928e-01   -4.24099e+05    7.28046e+04   -3.51295e+05   -3.54163e+05
    Temperature Pressure (bar)   Constr. rmsd
    2.99144e+02    4.07618e+01    1.79287e-06

           Step           Time
          35000       70.00000

   Energies (kJ/mol)
           Bond            U-B    Proper Dih.  Improper Dih.      CMAP Dih.
    1.41202e+02    2.81293e+02    3.44153e+02    3.18283e+01   -1.90227e+01
          LJ-14     Coulomb-14        LJ (SR)   Coulomb (SR)   Coul. recip.
    6.27530e+01    2.66377e+03    4.61254e+04   -4.75823e+05    1.34834e+03
   COM Pull En.      Potential    Kinetic En.   Total Energy  Conserved En.
    3.83909e+00   -4.24840e+05    7.31403e+04   -3.51699e+05   -3.54257e+05
    Temperature Pressure (bar)   Constr. rmsd
    3.00523e+02   -2.20208e+00    1.62515e-06

           Step           Time
          35500       71.00000

   Energies (kJ/mol)
           Bond            U-B    Proper Dih.  Improper Dih.      CMAP Dih.
    9.72355e+01    2.38799e+02    3.21458e+02    3.30955e+01   -6.57218e+00
          LJ-14     Coulomb-14        LJ (SR)   Coulomb (SR)   Coul. recip.
    8.37936e+01    2.67373e+03    4.62789e+04   -4.75962e+05    1.33877e+03
   COM Pull En.      Potential    Kinetic En.   Total Energy  Conserved En.
    8.21601e-01   -4.24902e+05    7.25833e+04   -3.52318e+05   -3.54241e+05
    Temperature Pressure (bar)   Constr. rmsd
    2.98234e+02    1.96504e+01    2.10919e-06

           Step           Time
          36000       72.00000

   Energies (kJ/mol)
           Bond            U-B    Proper Dih.  Improper Dih.      CMAP Dih.
    1.08003e+02    3.17143e+02    3.12500e+02    1.20894e+01   -3.67101e+00
          LJ-14     Coulomb-14        LJ (SR)   Coulomb (SR)   Coul. recip.
    5.98334e+01    2.60085e+03    4.54483e+04   -4.76221e+05    1.31149e+03
   COM Pull En.      Potential    Kinetic En.   Total Energy  Conserved En.
    3.06681e-01   -4.26054e+05    7.29478e+04   -3.53106e+05   -3.54126e+05
    Temperature Pressure (bar)   Constr. rmsd
    2.99732e+02   -1.96280e+02    1.46966e-06

           Step           Time
          36500       73.00000

   Energies (kJ/mol)
           Bond            U-B    Proper Dih.  Improper Dih.      CMAP Dih.
    1.21764e+02    3.08897e+02    3.36489e+02    1.95006e+01   -1.75915e+01
          LJ-14     Coulomb-14        LJ (SR)   Coulomb (SR)   Coul. recip.
    6.59571e+01    2.62238e+03    4.63120e+04   -4.77218e+05    1.40200e+03
   COM Pull En.      Potential    Kinetic En.   Total Energy  Conserved En.
    3.15308e+00   -4.26043e+05    7.25875e+04   -3.53456e+05   -3.54080e+05
    Temperature Pressure (bar)   Constr. rmsd
    2.98251e+02   -2.31014e+01    1.75356e-06

           Step           Time
          37000       74.00000

   Energies (kJ/mol)
           Bond            U-B    Proper Dih.  Improper Dih.      CMAP Dih.
    9.04527e+01    3.03244e+02    3.13120e+02    2.95251e+01   -3.09794e+01
          LJ-14     Coulomb-14        LJ (SR)   Coulomb (SR)   Coul. recip.
    6.30652e+01    2.63711e+03    4.61412e+04   -4.77060e+05    1.29520e+03
   COM Pull En.      Potential    Kinetic En.   Total Energy  Conserved En.
    1.35108e+00   -4.26216e+05    7.17822e+04   -3.54434e+05   -3.54135e+05
    Temperature Pressure (bar)   Constr. rmsd
    2.94943e+02   -1.11209e+02    1.96359e-06

           Step           Time
          37500       75.00000

   Energies (kJ/mol)
           Bond            U-B    Proper Dih.  Improper Dih.      CMAP Dih.
    7.89807e+01    2.91035e+02    3.19514e+02    1.98246e+01   -1.98484e+01
          LJ-14     Coulomb-14        LJ (SR)   Coulomb (SR)   Coul. recip.
    6.96579e+01    2.60612e+03    4.58146e+04   -4.76501e+05    1.27626e+03
   COM Pull En.      Potential    Kinetic En.   Total Energy  Conserved En.
    3.37939e-01   -4.26044e+05    7.22580e+04   -3.53786e+05   -3.54258e+05
    Temperature Pressure (bar)   Constr. rmsd
    2.96898e+02   -1.06839e+02    1.68100e-06

           Step           Time
          38000       76.00000

   Energies (kJ/mol)
           Bond            U-B    Proper Dih.  Improper Dih.      CMAP Dih.
    1.10910e+02    2.94509e+02    3.09899e+02    2.80560e+01   -2.26047e+01
          LJ-14     Coulomb-14        LJ (SR)   Coulomb (SR)   Coul. recip.
    5.09253e+01    2.61348e+03    4.64766e+04   -4.76821e+05    1.30971e+03
   COM Pull En.      Potential    Kinetic En.   Total Energy  Conserved En.
    3.05644e+00   -4.25647e+05    7.24095e+04   -3.53237e+05   -3.54245e+05
    Temperature Pressure (bar)   Constr. rmsd
    2.97520e+02   -4.93625e+01    1.74862e-06

           Step           Time
          38500       77.00000

   Energies (kJ/mol)
           Bond            U-B    Proper Dih.  Improper Dih.      CMAP Dih.
    9.24332e+01    2.87467e+02    3.17243e+02    2.45945e+01   -1.16658e+01
          LJ-14     Coulomb-14        LJ (SR)   Coulomb (SR)   Coul. recip.
    6.86600e+01    2.65017e+03    4.57879e+04   -4.76430e+05    1.34570e+03
   COM Pull En.      Potential    Kinetic En.   Total Energy  Conserved En.
    4.24909e-02   -4.25868e+05    7.15072e+04   -3.54361e+05   -3.54277e+05
    Temperature Pressure (bar)   Constr. rmsd
    2.93813e+02   -1.86388e+02    1.60210e-06

           Step           Time
          39000       78.00000

   Energies (kJ/mol)
           Bond            U-B    Proper Dih.  Improper Dih.      CMAP Dih.
    8.43285e+01    3.12983e+02    3.06774e+02    1.80271e+01   -1.16309e+01
          LJ-14     Coulomb-14        LJ (SR)   Coulomb (SR)   Coul. recip.
    7.02450e+01    2.62921e+03    4.54890e+04   -4.76353e+05    1.30165e+03
   COM Pull En.      Potential    Kinetic En.   Total Energy  Conserved En.
    1.98154e-01   -4.26152e+05    7.18269e+04   -3.54325e+05   -3.54156e+05
    Temperature Pressure (bar)   Constr. rmsd
    2.95126e+02   -1.85214e+02    1.97765e-06

           Step           Time
          39500       79.00000

   Energies (kJ/mol)
           Bond            U-B    Proper Dih.  Improper Dih.      CMAP Dih.
    1.04183e+02    2.82924e+02    3.23827e+02    2.74520e+01   -1.10334e+01
          LJ-14     Coulomb-14        LJ (SR)   Coulomb (SR)   Coul. recip.
    7.34138e+01    2.62800e+03    4.56526e+04   -4.76474e+05    1.33962e+03
   COM Pull En.      Potential    Kinetic En.   Total Energy  Conserved En.
    1.03931e-01   -4.26053e+05    7.22761e+04   -3.53777e+05   -3.54160e+05
    Temperature Pressure (bar)   Constr. rmsd
    2.96972e+02   -1.54361e+02    1.78624e-06

           Step           Time
          40000       80.00000

   Energies (kJ/mol)
           Bond            U-B    Proper Dih.  Improper Dih.      CMAP Dih.
    9.50392e+01    3.54528e+02    3.04257e+02    2.20945e+01   -9.20131e+00
          LJ-14     Coulomb-14        LJ (SR)   Coulomb (SR)   Coul. recip.
    6.95068e+01    2.62081e+03    4.60670e+04   -4.76923e+05    1.34174e+03
   COM Pull En.      Potential    Kinetic En.   Total Energy  Conserved En.
    1.18852e+00   -4.26056e+05    7.20226e+04   -3.54033e+05   -3.54024e+05
    Temperature Pressure (bar)   Constr. rmsd
    2.95930e+02    2.29913e+01    1.81047e-06

           Step           Time
          40500       81.00000

   Energies (kJ/mol)
           Bond            U-B    Proper Dih.  Improper Dih.      CMAP Dih.
    9.81007e+01    3.30594e+02    3.03315e+02    3.11681e+01   -2.15992e+01
          LJ-14     Coulomb-14        LJ (SR)   Coulomb (SR)   Coul. recip.
    6.67073e+01    2.62680e+03    4.55687e+04   -4.76055e+05    1.36080e+03
   COM Pull En.      Potential    Kinetic En.   Total Energy  Conserved En.
    9.72412e-01   -4.25689e+05    7.20057e+04   -3.53684e+05   -3.54058e+05
    Temperature Pressure (bar)   Constr. rmsd
    2.95861e+02   -1.69306e+02    1.89937e-06

           Step           Time
          41000       82.00000

   Energies (kJ/mol)
           Bond            U-B    Proper Dih.  Improper Dih.      CMAP Dih.
    9.67680e+01    2.86666e+02    3.27824e+02    2.82360e+01   -2.24940e+01
          LJ-14     Coulomb-14        LJ (SR)   Coulomb (SR)   Coul. recip.
    8.36664e+01    2.66364e+03    4.68946e+04   -4.77777e+05    1.31075e+03
   COM Pull En.      Potential    Kinetic En.   Total Energy  Conserved En.
    7.46636e-01   -4.26106e+05    7.15241e+04   -3.54582e+05   -3.54180e+05
    Temperature Pressure (bar)   Constr. rmsd
    2.93882e+02    1.12760e+02    1.42030e-06

           Step           Time
          41500       83.00000

   Energies (kJ/mol)
           Bond            U-B    Proper Dih.  Improper Dih.      CMAP Dih.
    1.01402e+02    3.05124e+02    3.19649e+02    1.84014e+01   -4.18060e+01
          LJ-14     Coulomb-14        LJ (SR)   Coulomb (SR)   Coul. recip.
    6.64248e+01    2.67135e+03    4.73634e+04   -4.78909e+05    1.34819e+03
   COM Pull En.      Potential    Kinetic En.   Total Energy  Conserved En.
    2.14743e-02   -4.26757e+05    7.18287e+04   -3.54928e+05   -3.54173e+05
    Temperature Pressure (bar)   Constr. rmsd
    2.95134e+02    1.27075e+02    2.68465e-06

           Step           Time
          42000       84.00000

   Energies (kJ/mol)
           Bond            U-B    Proper Dih.  Improper Dih.      CMAP Dih.
    1.06726e+02    2.92483e+02    3.21150e+02    1.36338e+01   -4.10143e+01
          LJ-14     Coulomb-14        LJ (SR)   Coulomb (SR)   Coul. recip.
    8.57593e+01    2.61604e+03    4.61096e+04   -4.77591e+05    1.28654e+03
   COM Pull En.      Potential    Kinetic En.   Total Energy  Conserved En.
    9.49991e-01   -4.26799e+05    7.19134e+04   -3.54886e+05   -3.54123e+05
    Temperature Pressure (bar)   Constr. rmsd
    2.95482e+02   -3.33759e+01    3.23981e-06

           Step           Time
          42500       85.00000

   Energies (kJ/mol)
           Bond            U-B    Proper Dih.  Improper Dih.      CMAP Dih.
    9.44756e+01    3.08927e+02    3.16485e+02    5.07450e+01   -6.17249e+01
          LJ-14     Coulomb-14        LJ (SR)   Coulomb (SR)   Coul. recip.
    7.16917e+01    2.61666e+03    4.64251e+04   -4.78048e+05    1.30135e+03
   COM Pull En.      Potential    Kinetic En.   Total Energy  Conserved En.
    1.29757e-03   -4.26924e+05    7.18327e+04   -3.55092e+05   -3.54077e+05
    Temperature Pressure (bar)   Constr. rmsd
    2.95150e+02    4.57891e-01    2.01262e-06

Writing checkpoint, step 42560 at Wed Jun 24 07:36:18 2026


           Step           Time
          43000       86.00000

   Energies (kJ/mol)
           Bond            U-B    Proper Dih.  Improper Dih.      CMAP Dih.
    9.43860e+01    3.11094e+02    3.23340e+02    3.24539e+01   -4.80398e+01
          LJ-14     Coulomb-14        LJ (SR)   Coulomb (SR)   Coul. recip.
    6.39095e+01    2.63136e+03    4.61895e+04   -4.77911e+05    1.27611e+03
   COM Pull En.      Potential    Kinetic En.   Total Energy  Conserved En.
    2.24766e-01   -4.27037e+05    7.18875e+04   -3.55150e+05   -3.54025e+05
    Temperature Pressure (bar)   Constr. rmsd
    2.95375e+02   -2.67975e+01    1.98432e-06

           Step           Time
          43500       87.00000

   Energies (kJ/mol)
           Bond            U-B    Proper Dih.  Improper Dih.      CMAP Dih.
    1.06246e+02    3.05664e+02    3.22959e+02    1.83634e+01   -2.57086e+01
          LJ-14     Coulomb-14        LJ (SR)   Coulomb (SR)   Coul. recip.
    7.04394e+01    2.63468e+03    4.69564e+04   -4.78112e+05    1.39987e+03
   COM Pull En.      Potential    Kinetic En.   Total Energy  Conserved En.
    6.98461e-01   -4.26322e+05    7.21647e+04   -3.54157e+05   -3.53975e+05
    Temperature Pressure (bar)   Constr. rmsd
    2.96514e+02    1.93846e+02    1.49194e-06

           Step           Time
          44000       88.00000

   Energies (kJ/mol)
           Bond            U-B    Proper Dih.  Improper Dih.      CMAP Dih.
    1.10745e+02    3.51548e+02    3.21423e+02    2.12793e+01   -4.13856e+01
          LJ-14     Coulomb-14        LJ (SR)   Coulomb (SR)   Coul. recip.
    7.45343e+01    2.65369e+03    4.65915e+04   -4.77416e+05    1.29597e+03
   COM Pull En.      Potential    Kinetic En.   Total Energy  Conserved En.
    1.92841e-01   -4.26036e+05    7.20335e+04   -3.54003e+05   -3.53882e+05
    Temperature Pressure (bar)   Constr. rmsd
    2.95975e+02    1.92086e+02    4.37162e-06

           Step           Time
          44500       89.00000

   Energies (kJ/mol)
           Bond            U-B    Proper Dih.  Improper Dih.      CMAP Dih.
    1.10920e+02    3.06423e+02    3.23856e+02    2.57198e+01   -4.81216e-01
          LJ-14     Coulomb-14        LJ (SR)   Coulomb (SR)   Coul. recip.
    6.55423e+01    2.63985e+03    4.64094e+04   -4.77304e+05    1.38408e+03
   COM Pull En.      Potential    Kinetic En.   Total Energy  Conserved En.
    3.39216e-02   -4.26038e+05    7.21522e+04   -3.53886e+05   -3.53804e+05
    Temperature Pressure (bar)   Constr. rmsd
    2.96463e+02    1.95186e+02    2.60611e-06

           Step           Time
          45000       90.00000

   Energies (kJ/mol)
           Bond            U-B    Proper Dih.  Improper Dih.      CMAP Dih.
    1.27652e+02    3.49398e+02    3.20818e+02    3.74455e+01   -2.05615e+01
          LJ-14     Coulomb-14        LJ (SR)   Coulomb (SR)   Coul. recip.
    7.89175e+01    2.65766e+03    4.67351e+04   -4.78372e+05    1.33985e+03
   COM Pull En.      Potential    Kinetic En.   Total Energy  Conserved En.
    1.83899e-01   -4.26746e+05    7.30797e+04   -3.53666e+05   -3.53816e+05
    Temperature Pressure (bar)   Constr. rmsd
    3.00274e+02    1.98521e+02    1.89851e-06

           Step           Time
          45500       91.00000

   Energies (kJ/mol)
           Bond            U-B    Proper Dih.  Improper Dih.      CMAP Dih.
    1.11706e+02    3.18893e+02    3.11366e+02    4.93213e+01   -4.52521e+00
          LJ-14     Coulomb-14        LJ (SR)   Coulomb (SR)   Coul. recip.
    6.90099e+01    2.62172e+03    4.65078e+04   -4.77552e+05    1.25964e+03
   COM Pull En.      Potential    Kinetic En.   Total Energy  Conserved En.
    4.62204e-03   -4.26307e+05    7.30496e+04   -3.53258e+05   -3.53824e+05
    Temperature Pressure (bar)   Constr. rmsd
    3.00150e+02    1.61137e+02    2.38523e-06

           Step           Time
          46000       92.00000

   Energies (kJ/mol)
           Bond            U-B    Proper Dih.  Improper Dih.      CMAP Dih.
    1.08427e+02    3.68593e+02    3.18102e+02    2.86467e+01   -3.43676e+01
          LJ-14     Coulomb-14        LJ (SR)   Coulomb (SR)   Coul. recip.
    6.87768e+01    2.58993e+03    4.72644e+04   -4.78304e+05    1.33907e+03
   COM Pull En.      Potential    Kinetic En.   Total Energy  Conserved En.
    2.46536e-02   -4.26253e+05    7.24114e+04   -3.53841e+05   -3.53847e+05
    Temperature Pressure (bar)   Constr. rmsd
    2.97528e+02    3.39191e+02    1.59953e-06

           Step           Time
          46500       93.00000

   Energies (kJ/mol)
           Bond            U-B    Proper Dih.  Improper Dih.      CMAP Dih.
    9.41648e+01    3.88840e+02    3.49781e+02    3.53112e+01   -3.40914e+01
          LJ-14     Coulomb-14        LJ (SR)   Coulomb (SR)   Coul. recip.
    6.68981e+01    2.57038e+03    4.64748e+04   -4.77720e+05    1.29750e+03
   COM Pull En.      Potential    Kinetic En.   Total Energy  Conserved En.
    4.07060e+00   -4.26472e+05    7.29105e+04   -3.53562e+05   -3.53812e+05
    Temperature Pressure (bar)   Constr. rmsd
    2.99579e+02    2.05787e+02    2.16380e-06

           Step           Time
          47000       94.00000

   Energies (kJ/mol)
           Bond            U-B    Proper Dih.  Improper Dih.      CMAP Dih.
    1.32257e+02    3.32766e+02    3.02331e+02    1.63537e+01   -2.95700e+01
          LJ-14     Coulomb-14        LJ (SR)   Coulomb (SR)   Coul. recip.
    7.30113e+01    2.63005e+03    4.64575e+04   -4.77265e+05    1.38400e+03
   COM Pull En.      Potential    Kinetic En.   Total Energy  Conserved En.
    2.29501e+00   -4.25964e+05    7.21970e+04   -3.53767e+05   -3.53938e+05
    Temperature Pressure (bar)   Constr. rmsd
    2.96647e+02    2.17663e+02    2.05134e-06

           Step           Time
          47500       95.00000

   Energies (kJ/mol)
           Bond            U-B    Proper Dih.  Improper Dih.      CMAP Dih.
    1.16272e+02    3.31107e+02    3.08985e+02    2.02060e+01   -4.04450e+01
          LJ-14     Coulomb-14        LJ (SR)   Coulomb (SR)   Coul. recip.
    7.25637e+01    2.64384e+03    4.67773e+04   -4.78136e+05    1.28787e+03
   COM Pull En.      Potential    Kinetic En.   Total Energy  Conserved En.
    2.37892e+00   -4.26616e+05    7.24328e+04   -3.54184e+05   -3.54004e+05
    Temperature Pressure (bar)   Constr. rmsd
    2.97616e+02    1.30537e+02    2.52345e-06

           Step           Time
          48000       96.00000

   Energies (kJ/mol)
           Bond            U-B    Proper Dih.  Improper Dih.      CMAP Dih.
    8.87383e+01    3.35458e+02    3.39702e+02    2.53542e+01   -2.62064e+01
          LJ-14     Coulomb-14        LJ (SR)   Coulomb (SR)   Coul. recip.
    9.11061e+01    2.66839e+03    4.74019e+04   -4.78224e+05    1.29360e+03
   COM Pull En.      Potential    Kinetic En.   Total Energy  Conserved En.
    6.87266e-01   -4.26005e+05    7.26387e+04   -3.53366e+05   -3.54038e+05
    Temperature Pressure (bar)   Constr. rmsd
    2.98462e+02    3.98580e+02    1.81416e-06

           Step           Time
          48500       97.00000

   Energies (kJ/mol)
           Bond            U-B    Proper Dih.  Improper Dih.      CMAP Dih.
    1.36802e+02    2.83537e+02    3.36494e+02    2.87584e+01   -3.22567e+01
          LJ-14     Coulomb-14        LJ (SR)   Coulomb (SR)   Coul. recip.
    6.93182e+01    2.65045e+03    4.63516e+04   -4.77126e+05    1.30172e+03
   COM Pull En.      Potential    Kinetic En.   Total Energy  Conserved En.
    3.82029e-01   -4.26000e+05    7.20757e+04   -3.53924e+05   -3.54024e+05
    Temperature Pressure (bar)   Constr. rmsd
    2.96149e+02    1.14287e+02    1.55595e-06

           Step           Time
          49000       98.00000

   Energies (kJ/mol)
           Bond            U-B    Proper Dih.  Improper Dih.      CMAP Dih.
    9.11019e+01    3.43207e+02    3.50597e+02    2.81715e+01   -4.21812e+01
          LJ-14     Coulomb-14        LJ (SR)   Coulomb (SR)   Coul. recip.
    6.96605e+01    2.63460e+03    4.65897e+04   -4.77865e+05    1.34286e+03
   COM Pull En.      Potential    Kinetic En.   Total Energy  Conserved En.
    4.84877e+00   -4.26452e+05    7.21939e+04   -3.54258e+05   -3.54043e+05
    Temperature Pressure (bar)   Constr. rmsd
    2.96634e+02    1.29166e+02    1.28636e-06

           Step           Time
          49500       99.00000

   Energies (kJ/mol)
           Bond            U-B    Proper Dih.  Improper Dih.      CMAP Dih.
    1.27866e+02    2.99730e+02    3.34845e+02    2.58375e+01   -2.05568e+01
          LJ-14     Coulomb-14        LJ (SR)   Coulomb (SR)   Coul. recip.
    7.67443e+01    2.67103e+03    4.60263e+04   -4.76760e+05    1.26012e+03
   COM Pull En.      Potential    Kinetic En.   Total Energy  Conserved En.
    6.49421e-01   -4.25957e+05    7.25008e+04   -3.53456e+05   -3.54099e+05
    Temperature Pressure (bar)   Constr. rmsd
    2.97895e+02    6.55073e+01    2.10779e-06

           Step           Time
          50000      100.00000

   Energies (kJ/mol)
           Bond            U-B    Proper Dih.  Improper Dih.      CMAP Dih.
    1.42338e+02    3.70475e+02    3.12323e+02    1.94371e+01   -8.48088e-01
          LJ-14     Coulomb-14        LJ (SR)   Coulomb (SR)   Coul. recip.
    6.18507e+01    2.59581e+03    4.45292e+04   -4.75237e+05    1.34281e+03
   COM Pull En.      Potential    Kinetic En.   Total Energy  Conserved En.
    1.31161e+00   -4.25863e+05    7.25889e+04   -3.53274e+05   -3.54195e+05
    Temperature Pressure (bar)   Constr. rmsd
    2.98257e+02   -3.59395e+02    1.71490e-06

           Step           Time
          50500      101.00000

   Energies (kJ/mol)
           Bond            U-B    Proper Dih.  Improper Dih.      CMAP Dih.
    9.96124e+01    3.28384e+02    3.42494e+02    2.28441e+01   -5.10767e+01
          LJ-14     Coulomb-14        LJ (SR)   Coulomb (SR)   Coul. recip.
    7.81068e+01    2.60348e+03    4.48156e+04   -4.74737e+05    1.37317e+03
   COM Pull En.      Potential    Kinetic En.   Total Energy  Conserved En.
    1.34925e+00   -4.25123e+05    7.23105e+04   -3.52812e+05   -3.54192e+05
    Temperature Pressure (bar)   Constr. rmsd
    2.97113e+02   -1.78095e+02    2.13473e-06

           Step           Time
          51000      102.00000

   Energies (kJ/mol)
           Bond            U-B    Proper Dih.  Improper Dih.      CMAP Dih.
    1.03923e+02    3.39950e+02    3.32361e+02    1.61375e+01   -5.87388e+01
          LJ-14     Coulomb-14        LJ (SR)   Coulomb (SR)   Coul. recip.
    7.40243e+01    2.64587e+03    4.68819e+04   -4.77588e+05    1.36708e+03
   COM Pull En.      Potential    Kinetic En.   Total Energy  Conserved En.
    1.25551e+00   -4.25884e+05    7.34090e+04   -3.52475e+05   -3.54265e+05
    Temperature Pressure (bar)   Constr. rmsd
    3.01627e+02    1.98147e+02    2.26854e-06

           Step           Time
          51500      103.00000

   Energies (kJ/mol)
           Bond            U-B    Proper Dih.  Improper Dih.      CMAP Dih.
    1.21245e+02    3.14943e+02    3.13781e+02    2.94708e+01   -4.97153e+01
          LJ-14     Coulomb-14        LJ (SR)   Coulomb (SR)   Coul. recip.
    6.90270e+01    2.60132e+03    4.60511e+04   -4.75708e+05    1.33717e+03
   COM Pull En.      Potential    Kinetic En.   Total Energy  Conserved En.
    4.78186e+00   -4.24915e+05    7.25078e+04   -3.52407e+05   -3.54510e+05
    Temperature Pressure (bar)   Constr. rmsd
    2.97924e+02   -6.66532e+01    2.12982e-06

           Step           Time
          52000      104.00000

   Energies (kJ/mol)
           Bond            U-B    Proper Dih.  Improper Dih.      CMAP Dih.
    1.29256e+02    3.10790e+02    3.10905e+02    2.74093e+01   -3.33820e+01
          LJ-14     Coulomb-14        LJ (SR)   Coulomb (SR)   Coul. recip.
    6.85632e+01    2.66194e+03    4.60552e+04   -4.76108e+05    1.29703e+03
   COM Pull En.      Potential    Kinetic En.   Total Energy  Conserved En.
    5.76877e+00   -4.25274e+05    7.23740e+04   -3.52900e+05   -3.54468e+05
    Temperature Pressure (bar)   Constr. rmsd
    2.97374e+02   -9.07435e+01    2.68150e-06

           Step           Time
          52500      105.00000

   Energies (kJ/mol)
           Bond            U-B    Proper Dih.  Improper Dih.      CMAP Dih.
    1.12522e+02    3.63362e+02    3.27491e+02    3.84013e+01   -5.97692e+01
          LJ-14     Coulomb-14        LJ (SR)   Coulomb (SR)   Coul. recip.
    7.56394e+01    2.56162e+03    4.61828e+04   -4.76485e+05    1.31211e+03
   COM Pull En.      Potential    Kinetic En.   Total Energy  Conserved En.
    1.08511e+00   -4.25570e+05    7.25242e+04   -3.53045e+05   -3.54460e+05
    Temperature Pressure (bar)   Constr. rmsd
    2.97992e+02   -3.40532e+01    1.16109e-06

           Step           Time
          53000      106.00000

   Energies (kJ/mol)
           Bond            U-B    Proper Dih.  Improper Dih.      CMAP Dih.
    1.00089e+02    3.30440e+02    3.24191e+02    3.09335e+01   -3.92006e+01
          LJ-14     Coulomb-14        LJ (SR)   Coulomb (SR)   Coul. recip.
    7.14791e+01    2.61386e+03    4.63046e+04   -4.77075e+05    1.36288e+03
   COM Pull En.      Potential    Kinetic En.   Total Energy  Conserved En.
    2.98078e-01   -4.25976e+05    7.28028e+04   -3.53173e+05   -3.54417e+05
    Temperature Pressure (bar)   Constr. rmsd
    2.99136e+02    7.49173e-01    1.98164e-06

           Step           Time
          53500      107.00000

   Energies (kJ/mol)
           Bond            U-B    Proper Dih.  Improper Dih.      CMAP Dih.
    1.17349e+02    2.82780e+02    3.43810e+02    3.01691e+01   -2.56465e+01
          LJ-14     Coulomb-14        LJ (SR)   Coulomb (SR)   Coul. recip.
    7.66238e+01    2.66189e+03    4.60615e+04   -4.77021e+05    1.25242e+03
   COM Pull En.      Potential    Kinetic En.   Total Energy  Conserved En.
    8.68040e-01   -4.26219e+05    7.26088e+04   -3.53610e+05   -3.54429e+05
    Temperature Pressure (bar)   Constr. rmsd
    2.98339e+02   -8.84063e+01    1.98775e-06

           Step           Time
          54000      108.00000

   Energies (kJ/mol)
           Bond            U-B    Proper Dih.  Improper Dih.      CMAP Dih.
    1.20238e+02    3.45147e+02    3.11793e+02    2.87518e+01   -4.73279e+01
          LJ-14     Coulomb-14        LJ (SR)   Coulomb (SR)   Coul. recip.
    6.84992e+01    2.61448e+03    4.52051e+04   -4.76144e+05    1.30420e+03
   COM Pull En.      Potential    Kinetic En.   Total Energy  Conserved En.
    9.97694e-01   -4.26192e+05    7.26472e+04   -3.53545e+05   -3.54398e+05
    Temperature Pressure (bar)   Constr. rmsd
    2.98497e+02   -2.08223e+02    2.74402e-06

           Step           Time
          54500      109.00000

   Energies (kJ/mol)
           Bond            U-B    Proper Dih.  Improper Dih.      CMAP Dih.
    1.25473e+02    2.76911e+02    3.53279e+02    2.23405e+01   -5.14094e+01
          LJ-14     Coulomb-14        LJ (SR)   Coulomb (SR)   Coul. recip.
    6.68556e+01    2.67704e+03    4.64050e+04   -4.76757e+05    1.27275e+03
   COM Pull En.      Potential    Kinetic En.   Total Energy  Conserved En.
    3.32455e-02   -4.25608e+05    7.25080e+04   -3.53100e+05   -3.54439e+05
    Temperature Pressure (bar)   Constr. rmsd
    2.97925e+02   -1.55292e+01    2.65127e-06

           Step           Time
          55000      110.00000

   Energies (kJ/mol)
           Bond            U-B    Proper Dih.  Improper Dih.      CMAP Dih.
    9.58033e+01    3.54211e+02    3.66350e+02    1.91727e+01   -4.69414e+01
          LJ-14     Coulomb-14        LJ (SR)   Coulomb (SR)   Coul. recip.
    7.61883e+01    2.61540e+03    4.62652e+04   -4.76119e+05    1.28286e+03
   COM Pull En.      Potential    Kinetic En.   Total Energy  Conserved En.
    1.43464e-04   -4.25090e+05    7.28065e+04   -3.52284e+05   -3.54382e+05
    Temperature Pressure (bar)   Constr. rmsd
    2.99151e+02    5.64445e+01    2.33394e-06

           Step           Time
          55500      111.00000

   Energies (kJ/mol)
           Bond            U-B    Proper Dih.  Improper Dih.      CMAP Dih.
    7.89043e+01    4.14533e+02    3.16887e+02    1.46511e+01   -3.70369e+01
          LJ-14     Coulomb-14        LJ (SR)   Coulomb (SR)   Coul. recip.
    7.07336e+01    2.59988e+03    4.63576e+04   -4.76122e+05    1.28481e+03
   COM Pull En.      Potential    Kinetic En.   Total Energy  Conserved En.
    8.98280e-01   -4.25020e+05    7.33454e+04   -3.51674e+05   -3.54426e+05
    Temperature Pressure (bar)   Constr. rmsd
    3.01366e+02    1.43004e+02    3.14872e-06

           Step           Time
          56000      112.00000

   Energies (kJ/mol)
           Bond            U-B    Proper Dih.  Improper Dih.      CMAP Dih.
    1.09597e+02    3.97738e+02    3.04169e+02    2.10105e+01   -2.33388e+01
          LJ-14     Coulomb-14        LJ (SR)   Coulomb (SR)   Coul. recip.
    6.93219e+01    2.60510e+03    4.63562e+04   -4.75818e+05    1.39635e+03
   COM Pull En.      Potential    Kinetic En.   Total Energy  Conserved En.
    8.75445e-03   -4.24582e+05    7.33174e+04   -3.51264e+05   -3.54485e+05
    Temperature Pressure (bar)   Constr. rmsd
    3.01251e+02    1.13204e+02    2.76478e-06

           Step           Time
          56500      113.00000

   Energies (kJ/mol)
           Bond            U-B    Proper Dih.  Improper Dih.      CMAP Dih.
    7.89435e+01    3.79677e+02    3.37623e+02    5.11865e+01   -3.19572e+01
          LJ-14     Coulomb-14        LJ (SR)   Coulomb (SR)   Coul. recip.
    6.27603e+01    2.65353e+03    4.56811e+04   -4.74958e+05    1.34921e+03
   COM Pull En.      Potential    Kinetic En.   Total Energy  Conserved En.
    2.68798e+00   -4.24393e+05    7.26629e+04   -3.51730e+05   -3.54398e+05
    Temperature Pressure (bar)   Constr. rmsd
    2.98561e+02   -4.98299e+00    3.15230e-06

Writing checkpoint, step 56720 at Wed Jun 24 07:51:15 2026


           Step           Time
          57000      114.00000

   Energies (kJ/mol)
           Bond            U-B    Proper Dih.  Improper Dih.      CMAP Dih.
    8.81645e+01    3.47246e+02    3.08403e+02    1.72799e+01   -8.37175e+00
          LJ-14     Coulomb-14        LJ (SR)   Coulomb (SR)   Coul. recip.
    6.90501e+01    2.70276e+03    4.49613e+04   -4.74840e+05    1.30543e+03
   COM Pull En.      Potential    Kinetic En.   Total Energy  Conserved En.
    3.56053e-01   -4.25048e+05    7.28095e+04   -3.52239e+05   -3.54418e+05
    Temperature Pressure (bar)   Constr. rmsd
    2.99164e+02   -2.10604e+02    1.75389e-06

           Step           Time
          57500      115.00000

   Energies (kJ/mol)
           Bond            U-B    Proper Dih.  Improper Dih.      CMAP Dih.
    9.02777e+01    3.60051e+02    3.15922e+02    1.54703e+01   -2.87877e+01
          LJ-14     Coulomb-14        LJ (SR)   Coulomb (SR)   Coul. recip.
    7.30466e+01    2.63666e+03    4.57761e+04   -4.76027e+05    1.34145e+03
   COM Pull En.      Potential    Kinetic En.   Total Energy  Conserved En.
    1.53681e-01   -4.25447e+05    7.28448e+04   -3.52602e+05   -3.54377e+05
    Temperature Pressure (bar)   Constr. rmsd
    2.99309e+02   -1.65925e+01    2.60908e-06

           Step           Time
          58000      116.00000

   Energies (kJ/mol)
           Bond            U-B    Proper Dih.  Improper Dih.      CMAP Dih.
    1.16621e+02    3.41322e+02    3.21587e+02    2.89106e+01   -3.11874e+01
          LJ-14     Coulomb-14        LJ (SR)   Coulomb (SR)   Coul. recip.
    5.32329e+01    2.62533e+03    4.62356e+04   -4.77326e+05    1.33594e+03
   COM Pull En.      Potential    Kinetic En.   Total Energy  Conserved En.
    6.06599e-03   -4.26299e+05    7.29894e+04   -3.53309e+05   -3.54372e+05
    Temperature Pressure (bar)   Constr. rmsd
    2.99903e+02   -4.70013e+01    1.62731e-06

           Step           Time
          58500      117.00000

   Energies (kJ/mol)
           Bond            U-B    Proper Dih.  Improper Dih.      CMAP Dih.
    7.74524e+01    3.12414e+02    3.38839e+02    3.13591e+01   -3.72775e+01
          LJ-14     Coulomb-14        LJ (SR)   Coulomb (SR)   Coul. recip.
    6.96994e+01    2.63975e+03    4.49718e+04   -4.75143e+05    1.32677e+03
   COM Pull En.      Potential    Kinetic En.   Total Energy  Conserved En.
    2.65818e-01   -4.25411e+05    7.24508e+04   -3.52961e+05   -3.54418e+05
    Temperature Pressure (bar)   Constr. rmsd
    2.97690e+02   -1.52656e+02    2.86240e-06

           Step           Time
          59000      118.00000

   Energies (kJ/mol)
           Bond            U-B    Proper Dih.  Improper Dih.      CMAP Dih.
    5.26370e+01    3.85649e+02    3.00141e+02    2.68250e+01   -2.47577e+01
          LJ-14     Coulomb-14        LJ (SR)   Coulomb (SR)   Coul. recip.
    7.78062e+01    2.64729e+03    4.66499e+04   -4.77341e+05    1.29320e+03
   COM Pull En.      Potential    Kinetic En.   Total Energy  Conserved En.
    2.91507e+00   -4.25930e+05    7.22609e+04   -3.53669e+05   -3.54412e+05
    Temperature Pressure (bar)   Constr. rmsd
    2.96909e+02    1.34932e+02    1.15211e-06

           Step           Time
          59500      119.00000

   Energies (kJ/mol)
           Bond            U-B    Proper Dih.  Improper Dih.      CMAP Dih.
    9.75703e+01    3.21380e+02    3.26850e+02    2.99621e+01   -5.21094e+01
          LJ-14     Coulomb-14        LJ (SR)   Coulomb (SR)   Coul. recip.
    7.09575e+01    2.65018e+03    4.64512e+04   -4.77493e+05    1.29422e+03
   COM Pull En.      Potential    Kinetic En.   Total Energy  Conserved En.
    2.39821e-01   -4.26303e+05    7.24404e+04   -3.53862e+05   -3.54378e+05
    Temperature Pressure (bar)   Constr. rmsd
    2.97647e+02    7.06814e+01    1.77309e-06

           Step           Time
          60000      120.00000

   Energies (kJ/mol)
           Bond            U-B    Proper Dih.  Improper Dih.      CMAP Dih.
    1.05014e+02    3.62660e+02    3.50253e+02    3.88353e+01   -5.24406e+01
          LJ-14     Coulomb-14        LJ (SR)   Coulomb (SR)   Coul. recip.
    6.88749e+01    2.59296e+03    4.63398e+04   -4.76764e+05    1.33074e+03
   COM Pull En.      Potential    Kinetic En.   Total Energy  Conserved En.
    8.79202e-01   -4.25626e+05    7.26333e+04   -3.52993e+05   -3.54366e+05
    Temperature Pressure (bar)   Constr. rmsd
    2.98440e+02    7.93025e+01    3.77398e-06

           Step           Time
          60500      121.00000

   Energies (kJ/mol)
           Bond            U-B    Proper Dih.  Improper Dih.      CMAP Dih.
    9.62034e+01    3.30627e+02    3.31890e+02    3.14187e+01   -5.14154e+01
          LJ-14     Coulomb-14        LJ (SR)   Coulomb (SR)   Coul. recip.
    5.91283e+01    2.59211e+03    4.58540e+04   -4.76389e+05    1.32399e+03
   COM Pull En.      Potential    Kinetic En.   Total Energy  Conserved En.
    1.28692e+00   -4.25820e+05    7.25140e+04   -3.53306e+05   -3.54296e+05
    Temperature Pressure (bar)   Constr. rmsd
    2.97949e+02   -3.89550e+01    3.05847e-06

           Step           Time
          61000      122.00000

   Energies (kJ/mol)
           Bond            U-B    Proper Dih.  Improper Dih.      CMAP Dih.
    9.65627e+01    3.22910e+02    3.37966e+02    1.56313e+01   -3.49281e+01
          LJ-14     Coulomb-14        LJ (SR)   Coulomb (SR)   Coul. recip.
    7.03563e+01    2.63315e+03    4.67823e+04   -4.78193e+05    1.29696e+03
   COM Pull En.      Potential    Kinetic En.   Total Energy  Conserved En.
    6.40327e-02   -4.26672e+05    7.29391e+04   -3.53733e+05   -3.54281e+05
    Temperature Pressure (bar)   Constr. rmsd
    2.99696e+02    2.45988e+02    2.03123e-06

           Step           Time
          61500      123.00000

   Energies (kJ/mol)
           Bond            U-B    Proper Dih.  Improper Dih.      CMAP Dih.
    1.19556e+02    3.14545e+02    3.38483e+02    2.68683e+01   -1.13581e+01
          LJ-14     Coulomb-14        LJ (SR)   Coulomb (SR)   Coul. recip.
    7.38229e+01    2.60985e+03    4.66086e+04   -4.78374e+05    1.42028e+03
   COM Pull En.      Potential    Kinetic En.   Total Energy  Conserved En.
    2.78398e+00   -4.26871e+05    7.27494e+04   -3.54122e+05   -3.54426e+05
    Temperature Pressure (bar)   Constr. rmsd
    2.98917e+02    2.40191e+01    1.66787e-06

           Step           Time
          62000      124.00000

   Energies (kJ/mol)
           Bond            U-B    Proper Dih.  Improper Dih.      CMAP Dih.
    8.85544e+01    3.06890e+02    3.19455e+02    1.80093e+01    9.99880e+00
          LJ-14     Coulomb-14        LJ (SR)   Coulomb (SR)   Coul. recip.
    6.80514e+01    2.64190e+03    4.66615e+04   -4.77410e+05    1.30816e+03
   COM Pull En.      Potential    Kinetic En.   Total Energy  Conserved En.
    9.65639e-03   -4.25988e+05    7.19574e+04   -3.54030e+05   -3.54208e+05
    Temperature Pressure (bar)   Constr. rmsd
    2.95663e+02    1.42702e+02    2.34141e-06

           Step           Time
          62500      125.00000

   Energies (kJ/mol)
           Bond            U-B    Proper Dih.  Improper Dih.      CMAP Dih.
    9.58922e+01    3.34093e+02    3.39473e+02    8.81885e+00   -2.71075e+00
          LJ-14     Coulomb-14        LJ (SR)   Coulomb (SR)   Coul. recip.
    5.48754e+01    2.65335e+03    4.68448e+04   -4.77171e+05    1.31657e+03
   COM Pull En.      Potential    Kinetic En.   Total Energy  Conserved En.
    1.37306e+00   -4.25524e+05    7.16100e+04   -3.53914e+05   -3.54210e+05
    Temperature Pressure (bar)   Constr. rmsd
    2.94235e+02    2.24707e+02    1.94465e-06

           Step           Time
          63000      126.00000

   Energies (kJ/mol)
           Bond            U-B    Proper Dih.  Improper Dih.      CMAP Dih.
    6.41497e+01    3.11612e+02    3.33804e+02    2.53236e+01   -2.50212e+01
          LJ-14     Coulomb-14        LJ (SR)   Coulomb (SR)   Coul. recip.
    7.21937e+01    2.63059e+03    4.70183e+04   -4.78460e+05    1.29438e+03
   COM Pull En.      Potential    Kinetic En.   Total Energy  Conserved En.
    4.89421e-02   -4.26734e+05    7.22968e+04   -3.54438e+05   -3.54369e+05
    Temperature Pressure (bar)   Constr. rmsd
    2.97057e+02    1.78086e+02    1.06016e-06

           Step           Time
          63500      127.00000

   Energies (kJ/mol)
           Bond            U-B    Proper Dih.  Improper Dih.      CMAP Dih.
    9.60586e+01    3.89445e+02    3.13947e+02    2.48389e+01   -3.78267e+01
          LJ-14     Coulomb-14        LJ (SR)   Coulomb (SR)   Coul. recip.
    7.47363e+01    2.65164e+03    4.61895e+04   -4.76296e+05    1.30556e+03
   COM Pull En.      Potential    Kinetic En.   Total Energy  Conserved En.
    1.65236e+00   -4.25286e+05    7.19549e+04   -3.53332e+05   -3.54423e+05
    Temperature Pressure (bar)   Constr. rmsd
    2.95652e+02    9.03675e+01    2.24291e-06

           Step           Time
          64000      128.00000

   Energies (kJ/mol)
           Bond            U-B    Proper Dih.  Improper Dih.      CMAP Dih.
    9.69367e+01    3.00965e+02    3.28034e+02    1.74704e+01    3.75205e+00
          LJ-14     Coulomb-14        LJ (SR)   Coulomb (SR)   Coul. recip.
    6.36193e+01    2.63648e+03    4.59424e+04   -4.76718e+05    1.29588e+03
   COM Pull En.      Potential    Kinetic En.   Total Energy  Conserved En.
    1.36343e-01   -4.26032e+05    7.24285e+04   -3.53604e+05   -3.54318e+05
    Temperature Pressure (bar)   Constr. rmsd
    2.97598e+02    2.97669e+01    2.38959e-06

           Step           Time
          64500      129.00000

   Energies (kJ/mol)
           Bond            U-B    Proper Dih.  Improper Dih.      CMAP Dih.
    1.18797e+02    2.91723e+02    3.40028e+02    3.05961e+01   -2.53421e+01
          LJ-14     Coulomb-14        LJ (SR)   Coulomb (SR)   Coul. recip.
    6.31127e+01    2.66979e+03    4.60615e+04   -4.76642e+05    1.29972e+03
   COM Pull En.      Potential    Kinetic En.   Total Energy  Conserved En.
    1.01103e+00   -4.25791e+05    7.19402e+04   -3.53851e+05   -3.54497e+05
    Temperature Pressure (bar)   Constr. rmsd
    2.95592e+02   -1.95698e+01    2.01335e-06

           Step           Time
          65000      130.00000

   Energies (kJ/mol)
           Bond            U-B    Proper Dih.  Improper Dih.      CMAP Dih.
    1.22067e+02    3.32366e+02    3.60184e+02    2.69263e+01   -1.82358e-01
          LJ-14     Coulomb-14        LJ (SR)   Coulomb (SR)   Coul. recip.
    7.01062e+01    2.63767e+03    4.75868e+04   -4.79133e+05    1.30219e+03
   COM Pull En.      Potential    Kinetic En.   Total Energy  Conserved En.
    4.88938e-02   -4.26694e+05    7.32150e+04   -3.53479e+05   -3.54433e+05
    Temperature Pressure (bar)   Constr. rmsd
    3.00830e+02    2.34054e+02    2.65674e-06

           Step           Time
          65500      131.00000

   Energies (kJ/mol)
           Bond            U-B    Proper Dih.  Improper Dih.      CMAP Dih.
    8.58837e+01    3.14968e+02    3.25106e+02    1.96425e+01   -7.14396e+00
          LJ-14     Coulomb-14        LJ (SR)   Coulomb (SR)   Coul. recip.
    7.57139e+01    2.67964e+03    4.61680e+04   -4.77076e+05    1.35190e+03
   COM Pull En.      Potential    Kinetic En.   Total Energy  Conserved En.
    1.00959e+00   -4.26061e+05    7.22286e+04   -3.53833e+05   -3.54515e+05
    Temperature Pressure (bar)   Constr. rmsd
    2.96777e+02    1.26095e+01    3.62596e-06

           Step           Time
          66000      132.00000

   Energies (kJ/mol)
           Bond            U-B    Proper Dih.  Improper Dih.      CMAP Dih.
    7.69204e+01    2.94214e+02    3.13259e+02    2.90331e+01   -8.93132e+00
          LJ-14     Coulomb-14        LJ (SR)   Coulomb (SR)   Coul. recip.
    6.16739e+01    2.66564e+03    4.59189e+04   -4.76654e+05    1.35486e+03
   COM Pull En.      Potential    Kinetic En.   Total Energy  Conserved En.
    1.19745e+00   -4.25947e+05    7.26076e+04   -3.53339e+05   -3.54478e+05
    Temperature Pressure (bar)   Constr. rmsd
    2.98334e+02   -9.40864e+01    2.06875e-06

           Step           Time
          66500      133.00000

   Energies (kJ/mol)
           Bond            U-B    Proper Dih.  Improper Dih.      CMAP Dih.
    1.09900e+02    3.39298e+02    3.35684e+02    2.26425e+01   -2.66104e+01
          LJ-14     Coulomb-14        LJ (SR)   Coulomb (SR)   Coul. recip.
    7.49822e+01    2.62017e+03    4.62102e+04   -4.76912e+05    1.32522e+03
   COM Pull En.      Potential    Kinetic En.   Total Energy  Conserved En.
    1.81281e+00   -4.25899e+05    7.27817e+04   -3.53117e+05   -3.54540e+05
    Temperature Pressure (bar)   Constr. rmsd
    2.99050e+02    3.53973e+01    2.14466e-06

           Step           Time
          67000      134.00000

   Energies (kJ/mol)
           Bond            U-B    Proper Dih.  Improper Dih.      CMAP Dih.
    1.04580e+02    3.17281e+02    3.42641e+02    2.97666e+01   -4.15902e+01
          LJ-14     Coulomb-14        LJ (SR)   Coulomb (SR)   Coul. recip.
    8.46243e+01    2.62389e+03    4.59946e+04   -4.76428e+05    1.35330e+03
   COM Pull En.      Potential    Kinetic En.   Total Energy  Conserved En.
    1.92299e-01   -4.25619e+05    7.21327e+04   -3.53486e+05   -3.54506e+05
    Temperature Pressure (bar)   Constr. rmsd
    2.96383e+02    1.66590e+01    2.06731e-06

           Step           Time
          67500      135.00000

   Energies (kJ/mol)
           Bond            U-B    Proper Dih.  Improper Dih.      CMAP Dih.
    1.31406e+02    3.13664e+02    3.41901e+02    2.69876e+01   -2.69883e+01
          LJ-14     Coulomb-14        LJ (SR)   Coulomb (SR)   Coul. recip.
    6.74082e+01    2.65027e+03    4.67922e+04   -4.78023e+05    1.30024e+03
   COM Pull En.      Potential    Kinetic En.   Total Energy  Conserved En.
    2.08362e-01   -4.26426e+05    7.27012e+04   -3.53725e+05   -3.54441e+05
    Temperature Pressure (bar)   Constr. rmsd
    2.98719e+02    9.66715e+01    1.42150e-06

           Step           Time
          68000      136.00000

   Energies (kJ/mol)
           Bond            U-B    Proper Dih.  Improper Dih.      CMAP Dih.
    1.37459e+02    3.14541e+02    3.07873e+02    3.42037e+01   -1.78433e+01
          LJ-14     Coulomb-14        LJ (SR)   Coulomb (SR)   Coul. recip.
    7.55136e+01    2.62351e+03    4.60451e+04   -4.77243e+05    1.31085e+03
   COM Pull En.      Potential    Kinetic En.   Total Energy  Conserved En.
    7.69883e-01   -4.26412e+05    7.21985e+04   -3.54213e+05   -3.54409e+05
    Temperature Pressure (bar)   Constr. rmsd
    2.96653e+02   -7.87449e+01    2.56926e-06

           Step           Time
          68500      137.00000

   Energies (kJ/mol)
           Bond            U-B    Proper Dih.  Improper Dih.      CMAP Dih.
    1.11316e+02    3.26350e+02    3.12186e+02    3.09611e+01   -3.91540e+01
          LJ-14     Coulomb-14        LJ (SR)   Coulomb (SR)   Coul. recip.
    8.31274e+01    2.68658e+03    4.62037e+04   -4.78254e+05    1.31996e+03
   COM Pull En.      Potential    Kinetic En.   Total Energy  Conserved En.
    3.04210e-01   -4.27218e+05    7.25848e+04   -3.54634e+05   -3.54452e+05
    Temperature Pressure (bar)   Constr. rmsd
    2.98241e+02   -9.84541e+01    2.85772e-06

           Step           Time
          69000      138.00000

   Energies (kJ/mol)
           Bond            U-B    Proper Dih.  Improper Dih.      CMAP Dih.
    1.28220e+02    3.09641e+02    3.31132e+02    1.99683e+01   -3.73828e+01
          LJ-14     Coulomb-14        LJ (SR)   Coulomb (SR)   Coul. recip.
    6.51842e+01    2.64515e+03    4.74956e+04   -4.77828e+05    1.28998e+03
   COM Pull En.      Potential    Kinetic En.   Total Energy  Conserved En.
    6.87313e-01   -4.25580e+05    7.12250e+04   -3.54355e+05   -3.54485e+05
    Temperature Pressure (bar)   Constr. rmsd
    2.92653e+02    2.81869e+02    1.21980e-06

           Step           Time
          69500      139.00000

   Energies (kJ/mol)
           Bond            U-B    Proper Dih.  Improper Dih.      CMAP Dih.
    1.10113e+02    3.15957e+02    3.11146e+02    2.82984e+01   -2.75225e+01
          LJ-14     Coulomb-14        LJ (SR)   Coulomb (SR)   Coul. recip.
    6.02713e+01    2.63896e+03    4.62722e+04   -4.77256e+05    1.35063e+03
   COM Pull En.      Potential    Kinetic En.   Total Energy  Conserved En.
    2.02568e-01   -4.26196e+05    7.18781e+04   -3.54318e+05   -3.54501e+05
    Temperature Pressure (bar)   Constr. rmsd
    2.95337e+02    6.92624e+00    1.69098e-06

           Step           Time
          70000      140.00000

   Energies (kJ/mol)
           Bond            U-B    Proper Dih.  Improper Dih.      CMAP Dih.
    1.15648e+02    3.25604e+02    2.94085e+02    4.49381e+01   -1.80113e+01
          LJ-14     Coulomb-14        LJ (SR)   Coulomb (SR)   Coul. recip.
    7.07071e+01    2.62466e+03    4.68137e+04   -4.77977e+05    1.34663e+03
   COM Pull En.      Potential    Kinetic En.   Total Energy  Conserved En.
    5.40797e-03   -4.26359e+05    7.23554e+04   -3.54004e+05   -3.54306e+05
    Temperature Pressure (bar)   Constr. rmsd
    2.97298e+02    1.46377e+02    1.70482e-06

           Step           Time
          70500      141.00000

   Energies (kJ/mol)
           Bond            U-B    Proper Dih.  Improper Dih.      CMAP Dih.
    1.09870e+02    3.05882e+02    3.40856e+02    1.28579e+01   -2.55732e+01
          LJ-14     Coulomb-14        LJ (SR)   Coulomb (SR)   Coul. recip.
    6.29343e+01    2.61394e+03    4.55404e+04   -4.76314e+05    1.30443e+03
   COM Pull En.      Potential    Kinetic En.   Total Energy  Conserved En.
    1.05826e+00   -4.26047e+05    7.23997e+04   -3.53648e+05   -3.54353e+05
    Temperature Pressure (bar)   Constr. rmsd
    2.97480e+02   -9.41989e+01    2.89121e-06

Writing checkpoint, step 70960 at Wed Jun 24 08:06:16 2026


           Step           Time
          71000      142.00000

   Energies (kJ/mol)
           Bond            U-B    Proper Dih.  Improper Dih.      CMAP Dih.
    1.07502e+02    3.44663e+02    3.35809e+02    1.62714e+01   -2.91620e+01
          LJ-14     Coulomb-14        LJ (SR)   Coulomb (SR)   Coul. recip.
    6.29674e+01    2.61693e+03    4.52193e+04   -4.75613e+05    1.27043e+03
   COM Pull En.      Potential    Kinetic En.   Total Energy  Conserved En.
    7.58475e-01   -4.25668e+05    7.24045e+04   -3.53263e+05   -3.54248e+05
    Temperature Pressure (bar)   Constr. rmsd
    2.97500e+02   -6.32236e+01    1.79678e-06

           Step           Time
          71500      143.00000

   Energies (kJ/mol)
           Bond            U-B    Proper Dih.  Improper Dih.      CMAP Dih.
    1.14998e+02    3.26595e+02    3.39479e+02    2.33179e+01   -3.70464e+01
          LJ-14     Coulomb-14        LJ (SR)   Coulomb (SR)   Coul. recip.
    6.51881e+01    2.60671e+03    4.64053e+04   -4.77111e+05    1.31429e+03
   COM Pull En.      Potential    Kinetic En.   Total Energy  Conserved En.
    1.83060e+00   -4.25951e+05    7.29968e+04   -3.52954e+05   -3.54324e+05
    Temperature Pressure (bar)   Constr. rmsd
    2.99933e+02    9.34906e+01    2.62851e-06

           Step           Time
          72000      144.00000

   Energies (kJ/mol)
           Bond            U-B    Proper Dih.  Improper Dih.      CMAP Dih.
    9.32771e+01    3.38418e+02    3.19287e+02    3.14004e+01   -1.68391e+01
          LJ-14     Coulomb-14        LJ (SR)   Coulomb (SR)   Coul. recip.
    8.65675e+01    2.58416e+03    4.56852e+04   -4.75808e+05    1.30297e+03
   COM Pull En.      Potential    Kinetic En.   Total Energy  Conserved En.
    6.92376e-02   -4.25383e+05    7.27782e+04   -3.52605e+05   -3.54287e+05
    Temperature Pressure (bar)   Constr. rmsd
    2.99035e+02    8.43434e+01    2.32975e-06

           Step           Time
          72500      145.00000

   Energies (kJ/mol)
           Bond            U-B    Proper Dih.  Improper Dih.      CMAP Dih.
    8.86042e+01    3.62307e+02    3.46067e+02    3.30286e+01   -5.59913e+01
          LJ-14     Coulomb-14        LJ (SR)   Coulomb (SR)   Coul. recip.
    7.12317e+01    2.63344e+03    4.59741e+04   -4.76011e+05    1.30416e+03
   COM Pull En.      Potential    Kinetic En.   Total Energy  Conserved En.
    9.28503e-03   -4.25254e+05    7.25877e+04   -3.52667e+05   -3.54183e+05
    Temperature Pressure (bar)   Constr. rmsd
    2.98252e+02    1.35334e+02    2.83193e-06

           Step           Time
          73000      146.00000

   Energies (kJ/mol)
           Bond            U-B    Proper Dih.  Improper Dih.      CMAP Dih.
    1.27175e+02    3.37308e+02    3.34511e+02    2.88200e+01   -2.35720e+01
          LJ-14     Coulomb-14        LJ (SR)   Coulomb (SR)   Coul. recip.
    6.79137e+01    2.56900e+03    4.66808e+04   -4.76960e+05    1.33982e+03
   COM Pull En.      Potential    Kinetic En.   Total Energy  Conserved En.
    6.17281e-01   -4.25498e+05    7.23082e+04   -3.53189e+05   -3.54173e+05
    Temperature Pressure (bar)   Constr. rmsd
    2.97104e+02    3.12990e+02    2.72403e-06

           Step           Time
          73500      147.00000

   Energies (kJ/mol)
           Bond            U-B    Proper Dih.  Improper Dih.      CMAP Dih.
    1.06568e+02    3.30368e+02    3.60392e+02    7.46786e+01   -4.82214e+01
          LJ-14     Coulomb-14        LJ (SR)   Coulomb (SR)   Coul. recip.
    6.84182e+01    2.65570e+03    4.58531e+04   -4.75891e+05    1.28171e+03
   COM Pull En.      Potential    Kinetic En.   Total Energy  Conserved En.
    1.40915e-01   -4.25208e+05    7.28960e+04   -3.52312e+05   -3.54220e+05
    Temperature Pressure (bar)   Constr. rmsd
    2.99519e+02    1.78534e+02    1.88855e-06

           Step           Time
          74000      148.00000

   Energies (kJ/mol)
           Bond            U-B    Proper Dih.  Improper Dih.      CMAP Dih.
    1.20415e+02    3.18920e+02    3.47863e+02    3.03585e+01   -2.90611e+01
          LJ-14     Coulomb-14        LJ (SR)   Coulomb (SR)   Coul. recip.
    8.11447e+01    2.64386e+03    4.60049e+04   -4.75948e+05    1.41841e+03
   COM Pull En.      Potential    Kinetic En.   Total Energy  Conserved En.
    1.03264e+00   -4.25010e+05    7.30377e+04   -3.51973e+05   -3.54335e+05
    Temperature Pressure (bar)   Constr. rmsd
    3.00101e+02    1.55588e+02    2.34722e-06

           Step           Time
          74500      149.00000

   Energies (kJ/mol)
           Bond            U-B    Proper Dih.  Improper Dih.      CMAP Dih.
    1.20462e+02    3.58459e+02    3.08175e+02    2.19991e+01   -3.54813e+01
          LJ-14     Coulomb-14        LJ (SR)   Coulomb (SR)   Coul. recip.
    8.12957e+01    2.64780e+03    4.66286e+04   -4.75901e+05    1.31740e+03
   COM Pull En.      Potential    Kinetic En.   Total Energy  Conserved En.
    2.01022e+00   -4.24450e+05    7.22679e+04   -3.52182e+05   -3.54364e+05
    Temperature Pressure (bar)   Constr. rmsd
    2.96938e+02    3.12852e+02    2.67412e-06

           Step           Time
          75000      150.00000

   Energies (kJ/mol)
           Bond            U-B    Proper Dih.  Improper Dih.      CMAP Dih.
    8.67958e+01    3.28332e+02    3.31047e+02    1.38855e+01   -1.40686e+01
          LJ-14     Coulomb-14        LJ (SR)   Coulomb (SR)   Coul. recip.
    8.02027e+01    2.64584e+03    4.51066e+04   -4.75070e+05    1.29437e+03
   COM Pull En.      Potential    Kinetic En.   Total Energy  Conserved En.
    9.96761e-01   -4.25196e+05    7.28841e+04   -3.52312e+05   -3.54327e+05
    Temperature Pressure (bar)   Constr. rmsd
    2.99470e+02   -2.29678e+01    1.59475e-06

           Step           Time
          75500      151.00000

   Energies (kJ/mol)
           Bond            U-B    Proper Dih.  Improper Dih.      CMAP Dih.
    1.07262e+02    3.27119e+02    3.22742e+02    1.65494e+01   -4.83563e+01
          LJ-14     Coulomb-14        LJ (SR)   Coulomb (SR)   Coul. recip.
    7.83925e+01    2.60335e+03    4.65339e+04   -4.76671e+05    1.33103e+03
   COM Pull En.      Potential    Kinetic En.   Total Energy  Conserved En.
    1.86052e+00   -4.25398e+05    7.23961e+04   -3.53001e+05   -3.54588e+05
    Temperature Pressure (bar)   Constr. rmsd
    2.97465e+02    2.07746e+02    1.84856e-06

           Step           Time
          76000      152.00000

   Energies (kJ/mol)
           Bond            U-B    Proper Dih.  Improper Dih.      CMAP Dih.
    1.08274e+02    3.24987e+02    3.08744e+02    2.31849e+01   -3.75764e+01
          LJ-14     Coulomb-14        LJ (SR)   Coulomb (SR)   Coul. recip.
    7.61255e+01    2.61710e+03    4.59283e+04   -4.75955e+05    1.33150e+03
   COM Pull En.      Potential    Kinetic En.   Total Energy  Conserved En.
    1.68765e+00   -4.25273e+05    7.21019e+04   -3.53171e+05   -3.54549e+05
    Temperature Pressure (bar)   Constr. rmsd
    2.96256e+02    6.29535e+01    1.99967e-06

           Step           Time
          76500      153.00000

   Energies (kJ/mol)
           Bond            U-B    Proper Dih.  Improper Dih.      CMAP Dih.
    9.24128e+01    3.49208e+02    3.45339e+02    3.44878e+01   -4.10924e+01
          LJ-14     Coulomb-14        LJ (SR)   Coulomb (SR)   Coul. recip.
    6.67779e+01    2.62996e+03    4.59282e+04   -4.76510e+05    1.30430e+03
   COM Pull En.      Potential    Kinetic En.   Total Energy  Conserved En.
    1.36765e+00   -4.25799e+05    7.29568e+04   -3.52842e+05   -3.54532e+05
    Temperature Pressure (bar)   Constr. rmsd
    2.99769e+02   -7.51691e+00    1.90929e-06

           Step           Time
          77000      154.00000

   Energies (kJ/mol)
           Bond            U-B    Proper Dih.  Improper Dih.      CMAP Dih.
    1.20256e+02    3.24515e+02    3.17903e+02    2.69304e+01   -3.66094e+01
          LJ-14     Coulomb-14        LJ (SR)   Coulomb (SR)   Coul. recip.
    6.74615e+01    2.62915e+03    4.65096e+04   -4.77320e+05    1.30881e+03
   COM Pull En.      Potential    Kinetic En.   Total Energy  Conserved En.
    4.00281e+00   -4.26048e+05    7.27321e+04   -3.53316e+05   -3.54492e+05
    Temperature Pressure (bar)   Constr. rmsd
    2.98846e+02    1.91904e+02    1.96582e-06

           Step           Time
          77500      155.00000

   Energies (kJ/mol)
           Bond            U-B    Proper Dih.  Improper Dih.      CMAP Dih.
    9.02948e+01    3.21437e+02    3.51942e+02    2.31889e+01   -4.84523e+01
          LJ-14     Coulomb-14        LJ (SR)   Coulomb (SR)   Coul. recip.
    8.95666e+01    2.60977e+03    4.58545e+04   -4.77755e+05    1.29566e+03
   COM Pull En.      Potential    Kinetic En.   Total Energy  Conserved En.
    4.76685e-01   -4.27166e+05    7.31527e+04   -3.54014e+05   -3.54580e+05
    Temperature Pressure (bar)   Constr. rmsd
    3.00574e+02   -5.64590e+01    1.65939e-06

           Step           Time
          78000      156.00000

   Energies (kJ/mol)
           Bond            U-B    Proper Dih.  Improper Dih.      CMAP Dih.
    9.29100e+01    3.14266e+02    3.27658e+02    4.51037e+01   -4.23190e+01
          LJ-14     Coulomb-14        LJ (SR)   Coulomb (SR)   Coul. recip.
    7.85828e+01    2.61344e+03    4.64232e+04   -4.77596e+05    1.31583e+03
   COM Pull En.      Potential    Kinetic En.   Total Energy  Conserved En.
    3.04042e+00   -4.26425e+05    7.19350e+04   -3.54490e+05   -3.54699e+05
    Temperature Pressure (bar)   Constr. rmsd
    2.95570e+02    4.31809e+01    1.59019e-06

           Step           Time
          78500      157.00000

   Energies (kJ/mol)
           Bond            U-B    Proper Dih.  Improper Dih.      CMAP Dih.
    1.33538e+02    3.31680e+02    3.35815e+02    3.33905e+01   -2.58601e+01
          LJ-14     Coulomb-14        LJ (SR)   Coulomb (SR)   Coul. recip.
    7.92821e+01    2.60725e+03    4.64378e+04   -4.77357e+05    1.36405e+03
   COM Pull En.      Potential    Kinetic En.   Total Energy  Conserved En.
    2.98053e-01   -4.26060e+05    7.27209e+04   -3.53339e+05   -3.54758e+05
    Temperature Pressure (bar)   Constr. rmsd
    2.98800e+02   -2.19327e+00    1.56458e-06

           Step           Time
          79000      158.00000

   Energies (kJ/mol)
           Bond            U-B    Proper Dih.  Improper Dih.      CMAP Dih.
    7.66635e+01    2.92983e+02    3.36620e+02    1.93339e+01   -2.68142e+01
          LJ-14     Coulomb-14        LJ (SR)   Coulomb (SR)   Coul. recip.
    7.41938e+01    2.63624e+03    4.58710e+04   -4.76171e+05    1.32243e+03
   COM Pull En.      Potential    Kinetic En.   Total Energy  Conserved En.
    2.15206e-02   -4.25569e+05    7.24407e+04   -3.53128e+05   -3.54729e+05
    Temperature Pressure (bar)   Constr. rmsd
    2.97648e+02   -3.54651e+01    2.49829e-06

           Step           Time
          79500      159.00000

   Energies (kJ/mol)
           Bond            U-B    Proper Dih.  Improper Dih.      CMAP Dih.
    1.05965e+02    3.20866e+02    3.21752e+02    2.92366e+01   -3.88417e+01
          LJ-14     Coulomb-14        LJ (SR)   Coulomb (SR)   Coul. recip.
    7.83612e+01    2.63480e+03    4.60350e+04   -4.76255e+05    1.30725e+03
   COM Pull En.      Potential    Kinetic En.   Total Energy  Conserved En.
    4.93355e-02   -4.25460e+05    7.22767e+04   -3.53184e+05   -3.54826e+05
    Temperature Pressure (bar)   Constr. rmsd
    2.96974e+02   -8.30220e+00    1.94016e-06

           Step           Time
          80000      160.00000

   Energies (kJ/mol)
           Bond            U-B    Proper Dih.  Improper Dih.      CMAP Dih.
    1.13043e+02    3.20304e+02    3.30405e+02    2.21784e+01   -5.17224e+01
          LJ-14     Coulomb-14        LJ (SR)   Coulomb (SR)   Coul. recip.
    6.63659e+01    2.65375e+03    4.60251e+04   -4.76394e+05    1.31362e+03
   COM Pull En.      Potential    Kinetic En.   Total Energy  Conserved En.
    8.29002e-01   -4.25600e+05    7.22667e+04   -3.53333e+05   -3.54844e+05
    Temperature Pressure (bar)   Constr. rmsd
    2.96934e+02   -3.03833e+01    1.28089e-06

           Step           Time
          80500      161.00000

   Energies (kJ/mol)
           Bond            U-B    Proper Dih.  Improper Dih.      CMAP Dih.
    6.76853e+01    3.25117e+02    3.13705e+02    3.34258e+01   -3.80664e+01
          LJ-14     Coulomb-14        LJ (SR)   Coulomb (SR)   Coul. recip.
    8.24111e+01    2.64099e+03    4.54997e+04   -4.76296e+05    1.29022e+03
   COM Pull En.      Potential    Kinetic En.   Total Energy  Conserved En.
    1.75552e-02   -4.26081e+05    7.25142e+04   -3.53567e+05   -3.54964e+05
    Temperature Pressure (bar)   Constr. rmsd
    2.97950e+02   -2.21595e+02    1.36344e-06

           Step           Time
          81000      162.00000

   Energies (kJ/mol)
           Bond            U-B    Proper Dih.  Improper Dih.      CMAP Dih.
    1.15892e+02    3.28335e+02    3.35672e+02    1.99706e+01   -5.12183e+01
          LJ-14     Coulomb-14        LJ (SR)   Coulomb (SR)   Coul. recip.
    7.93232e+01    2.61483e+03    4.57378e+04   -4.75844e+05    1.35513e+03
   COM Pull En.      Potential    Kinetic En.   Total Energy  Conserved En.
    2.81714e-02   -4.25308e+05    7.24010e+04   -3.52907e+05   -3.54920e+05
    Temperature Pressure (bar)   Constr. rmsd
    2.97485e+02   -8.28868e+01    1.66294e-06

           Step           Time
          81500      163.00000

   Energies (kJ/mol)
           Bond            U-B    Proper Dih.  Improper Dih.      CMAP Dih.
    8.90913e+01    3.18079e+02    3.56832e+02    4.02081e+01   -4.53097e+01
          LJ-14     Coulomb-14        LJ (SR)   Coulomb (SR)   Coul. recip.
    8.83147e+01    2.64209e+03    4.52389e+04   -4.75850e+05    1.25391e+03
   COM Pull En.      Potential    Kinetic En.   Total Energy  Conserved En.
    1.23648e+00   -4.25867e+05    7.25967e+04   -3.53270e+05   -3.54933e+05
    Temperature Pressure (bar)   Constr. rmsd
    2.98289e+02   -2.39360e+02    1.67972e-06

           Step           Time
          82000      164.00000

   Energies (kJ/mol)
           Bond            U-B    Proper Dih.  Improper Dih.      CMAP Dih.
    1.01226e+02    3.20086e+02    3.24185e+02    3.50244e+01   -2.90302e+01
          LJ-14     Coulomb-14        LJ (SR)   Coulomb (SR)   Coul. recip.
    5.67772e+01    2.66744e+03    4.69155e+04   -4.77589e+05    1.35977e+03
   COM Pull En.      Potential    Kinetic En.   Total Energy  Conserved En.
    1.35212e+00   -4.25836e+05    7.25054e+04   -3.53331e+05   -3.54872e+05
    Temperature Pressure (bar)   Constr. rmsd
    2.97914e+02    1.10379e+02    1.94500e-06

           Step           Time
          82500      165.00000

   Energies (kJ/mol)
           Bond            U-B    Proper Dih.  Improper Dih.      CMAP Dih.
    1.21546e+02    2.99152e+02    3.65389e+02    2.28752e+01   -4.46457e+01
          LJ-14     Coulomb-14        LJ (SR)   Coulomb (SR)   Coul. recip.
    8.65335e+01    2.64132e+03    4.70723e+04   -4.77358e+05    1.36212e+03
   COM Pull En.      Potential    Kinetic En.   Total Energy  Conserved En.
    3.59803e-01   -4.25431e+05    7.27402e+04   -3.52691e+05   -3.54836e+05
    Temperature Pressure (bar)   Constr. rmsd
    2.98879e+02    2.39634e+02    2.40979e-06

           Step           Time
          83000      166.00000

   Energies (kJ/mol)
           Bond            U-B    Proper Dih.  Improper Dih.      CMAP Dih.
    9.52442e+01    3.19378e+02    3.24638e+02    2.99196e+01   -9.36319e+00
          LJ-14     Coulomb-14        LJ (SR)   Coulomb (SR)   Coul. recip.
    8.20057e+01    2.67646e+03    4.52104e+04   -4.75528e+05    1.38364e+03
   COM Pull En.      Potential    Kinetic En.   Total Energy  Conserved En.
    3.88582e+00   -4.25412e+05    7.29291e+04   -3.52483e+05   -3.54790e+05
    Temperature Pressure (bar)   Constr. rmsd
    2.99655e+02   -1.89759e+02    2.09425e-06

           Step           Time
          83500      167.00000

   Energies (kJ/mol)
           Bond            U-B    Proper Dih.  Improper Dih.      CMAP Dih.
    1.14602e+02    3.08749e+02    3.41606e+02    1.90444e+01   -4.79449e+01
          LJ-14     Coulomb-14        LJ (SR)   Coulomb (SR)   Coul. recip.
    6.94796e+01    2.63519e+03    4.66313e+04   -4.76948e+05    1.36326e+03
   COM Pull En.      Potential    Kinetic En.   Total Energy  Conserved En.
    3.34366e+00   -4.25509e+05    7.30902e+04   -3.52419e+05   -3.54819e+05
    Temperature Pressure (bar)   Constr. rmsd
    3.00317e+02    1.02114e+02    2.12333e-06

           Step           Time
          84000      168.00000

   Energies (kJ/mol)
           Bond            U-B    Proper Dih.  Improper Dih.      CMAP Dih.
    1.30357e+02    2.92070e+02    3.22564e+02    1.32713e+01   -4.32156e+01
          LJ-14     Coulomb-14        LJ (SR)   Coulomb (SR)   Coul. recip.
    8.71222e+01    2.66470e+03    4.58008e+04   -4.75620e+05    1.32023e+03
   COM Pull En.      Potential    Kinetic En.   Total Energy  Conserved En.
    1.17252e-01   -4.25032e+05    7.30490e+04   -3.51983e+05   -3.54733e+05
    Temperature Pressure (bar)   Constr. rmsd
    3.00148e+02    5.63768e+01    3.09570e-06

           Step           Time
          84500      169.00000

   Energies (kJ/mol)
           Bond            U-B    Proper Dih.  Improper Dih.      CMAP Dih.
    9.52564e+01    3.79138e+02    3.35773e+02    1.73717e+01   -5.26909e+01
          LJ-14     Coulomb-14        LJ (SR)   Coulomb (SR)   Coul. recip.
    6.78764e+01    2.59732e+03    4.55183e+04   -4.75363e+05    1.31129e+03
   COM Pull En.      Potential    Kinetic En.   Total Energy  Conserved En.
    8.00607e-01   -4.25093e+05    7.26292e+04   -3.52464e+05   -3.54713e+05
    Temperature Pressure (bar)   Constr. rmsd
    2.98423e+02   -4.98727e+01    1.96933e-06

           Step           Time
          85000      170.00000

   Energies (kJ/mol)
           Bond            U-B    Proper Dih.  Improper Dih.      CMAP Dih.
    1.12335e+02    3.75623e+02    3.27373e+02    2.61977e+01   -2.24485e+01
          LJ-14     Coulomb-14        LJ (SR)   Coulomb (SR)   Coul. recip.
    7.16524e+01    2.59834e+03    4.56220e+04   -4.75849e+05    1.36100e+03
   COM Pull En.      Potential    Kinetic En.   Total Energy  Conserved En.
    9.17690e-01   -4.25376e+05    7.29765e+04   -3.52400e+05   -3.54656e+05
    Temperature Pressure (bar)   Constr. rmsd
    2.99850e+02   -2.22463e+01    3.14840e-06

Writing checkpoint, step 85280 at Wed Jun 24 08:21:19 2026


           Step           Time
          85500      171.00000

   Energies (kJ/mol)
           Bond            U-B    Proper Dih.  Improper Dih.      CMAP Dih.
    1.51617e+02    3.57707e+02    3.12718e+02    3.07489e+01   -1.36978e+01
          LJ-14     Coulomb-14        LJ (SR)   Coulomb (SR)   Coul. recip.
    6.48455e+01    2.61782e+03    4.57688e+04   -4.75596e+05    1.27917e+03
   COM Pull En.      Potential    Kinetic En.   Total Energy  Conserved En.
    2.35241e-01   -4.25026e+05    7.29768e+04   -3.52049e+05   -3.54747e+05
    Temperature Pressure (bar)   Constr. rmsd
    2.99851e+02    2.55056e+01    3.54404e-06

           Step           Time
          86000      172.00000

   Energies (kJ/mol)
           Bond            U-B    Proper Dih.  Improper Dih.      CMAP Dih.
    9.80426e+01    3.12368e+02    3.47922e+02    2.90838e+01   -3.81694e+01
          LJ-14     Coulomb-14        LJ (SR)   Coulomb (SR)   Coul. recip.
    6.71732e+01    2.62812e+03    4.63618e+04   -4.76453e+05    1.32006e+03
   COM Pull En.      Potential    Kinetic En.   Total Energy  Conserved En.
    1.01963e-01   -4.25327e+05    7.29742e+04   -3.52353e+05   -3.54627e+05
    Temperature Pressure (bar)   Constr. rmsd
    2.99840e+02    1.48329e+02    3.40785e-06

           Step           Time
          86500      173.00000

   Energies (kJ/mol)
           Bond            U-B    Proper Dih.  Improper Dih.      CMAP Dih.
    9.15281e+01    3.61793e+02    3.21897e+02    2.01288e+01   -3.24453e+01
          LJ-14     Coulomb-14        LJ (SR)   Coulomb (SR)   Coul. recip.
    7.91647e+01    2.68306e+03    4.53076e+04   -4.75579e+05    1.33011e+03
   COM Pull En.      Potential    Kinetic En.   Total Energy  Conserved En.
    4.08423e-01   -4.25416e+05    7.22372e+04   -3.53179e+05   -3.54579e+05
    Temperature Pressure (bar)   Constr. rmsd
    2.96812e+02   -1.40363e+02    2.83010e-06

           Step           Time
          87000      174.00000

   Energies (kJ/mol)
           Bond            U-B    Proper Dih.  Improper Dih.      CMAP Dih.
    1.00141e+02    4.07672e+02    3.20924e+02    4.13212e+01   -4.81826e+01
          LJ-14     Coulomb-14        LJ (SR)   Coulomb (SR)   Coul. recip.
    6.75130e+01    2.55183e+03    4.60550e+04   -4.75646e+05    1.29392e+03
   COM Pull En.      Potential    Kinetic En.   Total Energy  Conserved En.
    1.25983e+00   -4.24855e+05    7.24901e+04   -3.52364e+05   -3.54680e+05
    Temperature Pressure (bar)   Constr. rmsd
    2.97851e+02    2.98824e+01    3.04210e-06

           Step           Time
          87500      175.00000

   Energies (kJ/mol)
           Bond            U-B    Proper Dih.  Improper Dih.      CMAP Dih.
    1.01551e+02    3.48185e+02    3.21237e+02    1.74680e+01   -3.77572e+01
          LJ-14     Coulomb-14        LJ (SR)   Coulomb (SR)   Coul. recip.
    6.04315e+01    2.62002e+03    4.63611e+04   -4.76686e+05    1.37516e+03
   COM Pull En.      Potential    Kinetic En.   Total Energy  Conserved En.
    1.62801e+00   -4.25517e+05    7.29813e+04   -3.52536e+05   -3.54667e+05
    Temperature Pressure (bar)   Constr. rmsd
    2.99869e+02    6.99658e+01    2.92834e-06

           Step           Time
          88000      176.00000

   Energies (kJ/mol)
           Bond            U-B    Proper Dih.  Improper Dih.      CMAP Dih.
    9.39881e+01    3.55210e+02    3.14392e+02    2.18397e+01   -4.52724e+01
          LJ-14     Coulomb-14        LJ (SR)   Coulomb (SR)   Coul. recip.
    7.09165e+01    2.60092e+03    4.44168e+04   -4.74149e+05    1.29455e+03
   COM Pull En.      Potential    Kinetic En.   Total Energy  Conserved En.
    1.61567e+00   -4.25024e+05    7.22845e+04   -3.52740e+05   -3.54745e+05
    Temperature Pressure (bar)   Constr. rmsd
    2.97006e+02   -2.65887e+02    1.80327e-06

           Step           Time
          88500      177.00000

   Energies (kJ/mol)
           Bond            U-B    Proper Dih.  Improper Dih.      CMAP Dih.
    1.06684e+02    3.09152e+02    3.20348e+02    3.29751e+01   -3.33059e+01
          LJ-14     Coulomb-14        LJ (SR)   Coulomb (SR)   Coul. recip.
    7.47442e+01    2.64140e+03    4.52769e+04   -4.75328e+05    1.33214e+03
   COM Pull En.      Potential    Kinetic En.   Total Energy  Conserved En.
    1.70046e-01   -4.25267e+05    7.25380e+04   -3.52729e+05   -3.54869e+05
    Temperature Pressure (bar)   Constr. rmsd
    2.98048e+02   -1.77045e+02    2.00090e-06

           Step           Time
          89000      178.00000

   Energies (kJ/mol)
           Bond            U-B    Proper Dih.  Improper Dih.      CMAP Dih.
    8.66223e+01    3.16426e+02    2.95822e+02    9.50235e+00   -3.12856e+01
          LJ-14     Coulomb-14        LJ (SR)   Coulomb (SR)   Coul. recip.
    8.24970e+01    2.63970e+03    4.61286e+04   -4.77019e+05    1.27797e+03
   COM Pull En.      Potential    Kinetic En.   Total Energy  Conserved En.
    2.25304e+00   -4.26211e+05    7.25213e+04   -3.53690e+05   -3.54994e+05
    Temperature Pressure (bar)   Constr. rmsd
    2.97979e+02   -5.81895e+01    2.21573e-06

           Step           Time
          89500      179.00000

   Energies (kJ/mol)
           Bond            U-B    Proper Dih.  Improper Dih.      CMAP Dih.
    7.98620e+01    2.97547e+02    3.25461e+02    4.22344e+01   -4.46895e+01
          LJ-14     Coulomb-14        LJ (SR)   Coulomb (SR)   Coul. recip.
    7.64831e+01    2.66140e+03    4.54680e+04   -4.76523e+05    1.31698e+03
   COM Pull En.      Potential    Kinetic En.   Total Energy  Conserved En.
    6.09710e-01   -4.26299e+05    7.26201e+04   -3.53679e+05   -3.55135e+05
    Temperature Pressure (bar)   Constr. rmsd
    2.98385e+02   -2.41248e+02    2.07632e-06

           Step           Time
          90000      180.00000

   Energies (kJ/mol)
           Bond            U-B    Proper Dih.  Improper Dih.      CMAP Dih.
    6.21929e+01    3.10860e+02    3.27264e+02    2.49753e+01   -1.26942e+01
          LJ-14     Coulomb-14        LJ (SR)   Coulomb (SR)   Coul. recip.
    8.05870e+01    2.64084e+03    4.64218e+04   -4.77273e+05    1.27134e+03
   COM Pull En.      Potential    Kinetic En.   Total Energy  Conserved En.
    5.53498e-01   -4.26146e+05    7.23475e+04   -3.53798e+05   -3.55120e+05
    Temperature Pressure (bar)   Constr. rmsd
    2.97265e+02   -8.19976e+01    1.27269e-06

           Step           Time
          90500      181.00000

   Energies (kJ/mol)
           Bond            U-B    Proper Dih.  Improper Dih.      CMAP Dih.
    1.11154e+02    3.00305e+02    3.29616e+02    2.72988e+01   -2.97370e+01
          LJ-14     Coulomb-14        LJ (SR)   Coulomb (SR)   Coul. recip.
    9.50283e+01    2.65048e+03    4.60623e+04   -4.77274e+05    1.35285e+03
   COM Pull En.      Potential    Kinetic En.   Total Energy  Conserved En.
    2.86130e+00   -4.26372e+05    7.21355e+04   -3.54236e+05   -3.55040e+05
    Temperature Pressure (bar)   Constr. rmsd
    2.96394e+02   -8.45065e+01    1.43349e-06

           Step           Time
          91000      182.00000

   Energies (kJ/mol)
           Bond            U-B    Proper Dih.  Improper Dih.      CMAP Dih.
    1.11861e+02    3.12000e+02    3.25392e+02    3.46737e+01   -2.97537e+01
          LJ-14     Coulomb-14        LJ (SR)   Coulomb (SR)   Coul. recip.
    6.96744e+01    2.66918e+03    4.54604e+04   -4.75688e+05    1.33110e+03
   COM Pull En.      Potential    Kinetic En.   Total Energy  Conserved En.
    7.00872e-01   -4.25402e+05    7.26739e+04   -3.52728e+05   -3.55016e+05
    Temperature Pressure (bar)   Constr. rmsd
    2.98607e+02   -1.65399e+02    4.06201e-06

           Step           Time
          91500      183.00000

   Energies (kJ/mol)
           Bond            U-B    Proper Dih.  Improper Dih.      CMAP Dih.
    8.79221e+01    3.96017e+02    3.32822e+02    2.84041e+01   -1.94095e+01
          LJ-14     Coulomb-14        LJ (SR)   Coulomb (SR)   Coul. recip.
    6.24493e+01    2.64415e+03    4.53339e+04   -4.75657e+05    1.38845e+03
   COM Pull En.      Potential    Kinetic En.   Total Energy  Conserved En.
    1.42454e+00   -4.25400e+05    7.32165e+04   -3.52184e+05   -3.54992e+05
    Temperature Pressure (bar)   Constr. rmsd
    3.00836e+02   -1.87586e+02    3.25625e-06

           Step           Time
          92000      184.00000

   Energies (kJ/mol)
           Bond            U-B    Proper Dih.  Improper Dih.      CMAP Dih.
    9.86698e+01    3.35380e+02    3.29514e+02    2.86035e+01   -2.79285e+01
          LJ-14     Coulomb-14        LJ (SR)   Coulomb (SR)   Coul. recip.
    6.43801e+01    2.62460e+03    4.64111e+04   -4.77217e+05    1.36335e+03
   COM Pull En.      Potential    Kinetic En.   Total Energy  Conserved En.
    3.87912e+00   -4.25986e+05    7.29197e+04   -3.53066e+05   -3.54858e+05
    Temperature Pressure (bar)   Constr. rmsd
    2.99617e+02    6.22880e+01    1.51719e-06

           Step           Time
          92500      185.00000

   Energies (kJ/mol)
           Bond            U-B    Proper Dih.  Improper Dih.      CMAP Dih.
    9.85877e+01    3.09212e+02    3.27389e+02    3.35864e+01   -3.60757e+01
          LJ-14     Coulomb-14        LJ (SR)   Coulomb (SR)   Coul. recip.
    5.88029e+01    2.57514e+03    4.61002e+04   -4.77410e+05    1.27668e+03
   COM Pull En.      Potential    Kinetic En.   Total Energy  Conserved En.
    1.75936e+00   -4.26665e+05    7.19910e+04   -3.54674e+05   -3.54831e+05
    Temperature Pressure (bar)   Constr. rmsd
    2.95801e+02   -6.69093e-01    2.33993e-06

           Step           Time
          93000      186.00000

   Energies (kJ/mol)
           Bond            U-B    Proper Dih.  Improper Dih.      CMAP Dih.
    1.32511e+02    3.15310e+02    3.49734e+02    3.33829e+01   -3.01672e+01
          LJ-14     Coulomb-14        LJ (SR)   Coulomb (SR)   Coul. recip.
    6.48587e+01    2.58138e+03    4.57767e+04   -4.76236e+05    1.31748e+03
   COM Pull En.      Potential    Kinetic En.   Total Energy  Conserved En.
    4.90506e-01   -4.25694e+05    7.26167e+04   -3.53078e+05   -3.54734e+05
    Temperature Pressure (bar)   Constr. rmsd
    2.98371e+02   -2.82428e+01    2.36887e-06

           Step           Time
          93500      187.00000

   Energies (kJ/mol)
           Bond            U-B    Proper Dih.  Improper Dih.      CMAP Dih.
    6.89158e+01    3.23432e+02    3.60664e+02    2.77034e+01   -6.41746e+01
          LJ-14     Coulomb-14        LJ (SR)   Coulomb (SR)   Coul. recip.
    6.13197e+01    2.64507e+03    4.63174e+04   -4.76995e+05    1.33370e+03
   COM Pull En.      Potential    Kinetic En.   Total Energy  Conserved En.
    2.07481e+00   -4.25918e+05    7.26258e+04   -3.53293e+05   -3.54824e+05
    Temperature Pressure (bar)   Constr. rmsd
    2.98409e+02    1.00173e+02    2.00707e-06

           Step           Time
          94000      188.00000

   Energies (kJ/mol)
           Bond            U-B    Proper Dih.  Improper Dih.      CMAP Dih.
    1.08825e+02    3.16307e+02    3.59742e+02    3.41076e+01   -4.05975e+01
          LJ-14     Coulomb-14        LJ (SR)   Coulomb (SR)   Coul. recip.
    7.21443e+01    2.64472e+03    4.55402e+04   -4.75920e+05    1.38154e+03
   COM Pull En.      Potential    Kinetic En.   Total Energy  Conserved En.
    1.38917e+00   -4.25502e+05    7.22966e+04   -3.53205e+05   -3.54952e+05
    Temperature Pressure (bar)   Constr. rmsd
    2.97056e+02   -1.20969e+02    2.94410e-06

           Step           Time
          94500      189.00000

   Energies (kJ/mol)
           Bond            U-B    Proper Dih.  Improper Dih.      CMAP Dih.
    9.61323e+01    3.68504e+02    3.66065e+02    3.89127e+01   -2.36231e+01
          LJ-14     Coulomb-14        LJ (SR)   Coulomb (SR)   Coul. recip.
    6.57951e+01    2.64668e+03    4.64132e+04   -4.76200e+05    1.34586e+03
   COM Pull En.      Potential    Kinetic En.   Total Energy  Conserved En.
    2.10730e+00   -4.24881e+05    7.29476e+04   -3.51933e+05   -3.54886e+05
    Temperature Pressure (bar)   Constr. rmsd
    2.99731e+02    2.11180e+02    2.83556e-06

           Step           Time
          95000      190.00000

   Energies (kJ/mol)
           Bond            U-B    Proper Dih.  Improper Dih.      CMAP Dih.
    1.46898e+02    3.50415e+02    3.71545e+02    3.34359e+01   -4.10197e+01
          LJ-14     Coulomb-14        LJ (SR)   Coulomb (SR)   Coul. recip.
    6.13313e+01    2.59414e+03    4.60241e+04   -4.76239e+05    1.36777e+03
   COM Pull En.      Potential    Kinetic En.   Total Energy  Conserved En.
    8.34006e-04   -4.25330e+05    7.34252e+04   -3.51905e+05   -3.54889e+05
    Temperature Pressure (bar)   Constr. rmsd
    3.01693e+02    3.69559e+01    2.21199e-06

           Step           Time
          95500      191.00000

   Energies (kJ/mol)
           Bond            U-B    Proper Dih.  Improper Dih.      CMAP Dih.
    1.35832e+02    3.20748e+02    3.72394e+02    3.10719e+01   -4.56321e+01
          LJ-14     Coulomb-14        LJ (SR)   Coulomb (SR)   Coul. recip.
    7.16040e+01    2.57651e+03    4.63361e+04   -4.76521e+05    1.31520e+03
   COM Pull En.      Potential    Kinetic En.   Total Energy  Conserved En.
    3.88823e+00   -4.25403e+05    7.28020e+04   -3.52601e+05   -3.54744e+05
    Temperature Pressure (bar)   Constr. rmsd
    2.99133e+02    1.33217e+02    3.93693e-06

           Step           Time
          96000      192.00000

   Energies (kJ/mol)
           Bond            U-B    Proper Dih.  Improper Dih.      CMAP Dih.
    1.16625e+02    3.47766e+02    3.59842e+02    1.60893e+01   -5.06417e+01
          LJ-14     Coulomb-14        LJ (SR)   Coulomb (SR)   Coul. recip.
    7.19978e+01    2.64400e+03    4.57429e+04   -4.76193e+05    1.33279e+03
   COM Pull En.      Potential    Kinetic En.   Total Energy  Conserved En.
    3.12705e+00   -4.25608e+05    7.31082e+04   -3.52500e+05   -3.54910e+05
    Temperature Pressure (bar)   Constr. rmsd
    3.00391e+02   -4.27484e+01    3.00043e-06

           Step           Time
          96500      193.00000

   Energies (kJ/mol)
           Bond            U-B    Proper Dih.  Improper Dih.      CMAP Dih.
    1.07310e+02    3.67515e+02    3.41874e+02    2.08952e+01   -4.93590e+01
          LJ-14     Coulomb-14        LJ (SR)   Coulomb (SR)   Coul. recip.
    6.88821e+01    2.64613e+03    4.63582e+04   -4.76321e+05    1.29678e+03
   COM Pull En.      Potential    Kinetic En.   Total Energy  Conserved En.
    1.26765e-01   -4.25163e+05    7.23300e+04   -3.52833e+05   -3.55002e+05
    Temperature Pressure (bar)   Constr. rmsd
    2.97194e+02    1.19427e+02    1.36837e-06

           Step           Time
          97000      194.00000

   Energies (kJ/mol)
           Bond            U-B    Proper Dih.  Improper Dih.      CMAP Dih.
    1.30656e+02    3.29466e+02    3.61240e+02    3.01111e+01   -4.61183e+01
          LJ-14     Coulomb-14        LJ (SR)   Coulomb (SR)   Coul. recip.
    6.59098e+01    2.63104e+03    4.40350e+04   -4.73864e+05    1.32151e+03
   COM Pull En.      Potential    Kinetic En.   Total Energy  Conserved En.
    1.94217e+00   -4.25003e+05    7.25636e+04   -3.52439e+05   -3.55094e+05
    Temperature Pressure (bar)   Constr. rmsd
    2.98154e+02   -4.00745e+02    1.27657e-06

           Step           Time
          97500      195.00000

   Energies (kJ/mol)
           Bond            U-B    Proper Dih.  Improper Dih.      CMAP Dih.
    1.17890e+02    3.40749e+02    3.61374e+02    2.87311e+01   -2.03998e+01
          LJ-14     Coulomb-14        LJ (SR)   Coulomb (SR)   Coul. recip.
    6.80895e+01    2.64407e+03    4.66246e+04   -4.76295e+05    1.32582e+03
   COM Pull En.      Potential    Kinetic En.   Total Energy  Conserved En.
    3.24129e+00   -4.24801e+05    7.19527e+04   -3.52848e+05   -3.55086e+05
    Temperature Pressure (bar)   Constr. rmsd
    2.95643e+02    1.00094e+02    2.01218e-06

           Step           Time
          98000      196.00000

   Energies (kJ/mol)
           Bond            U-B    Proper Dih.  Improper Dih.      CMAP Dih.
    9.64069e+01    3.29698e+02    3.49413e+02    1.92281e+01   -2.26172e+01
          LJ-14     Coulomb-14        LJ (SR)   Coulomb (SR)   Coul. recip.
    7.44690e+01    2.60106e+03    4.56216e+04   -4.75562e+05    1.31432e+03
   COM Pull En.      Potential    Kinetic En.   Total Energy  Conserved En.
    6.49656e+00   -4.25172e+05    7.28722e+04   -3.52300e+05   -3.55019e+05
    Temperature Pressure (bar)   Constr. rmsd
    2.99421e+02    2.80751e+01    1.76822e-06

           Step           Time
          98500      197.00000

   Energies (kJ/mol)
           Bond            U-B    Proper Dih.  Improper Dih.      CMAP Dih.
    9.28471e+01    3.31216e+02    3.42839e+02    2.36932e+01   -1.54806e+01
          LJ-14     Coulomb-14        LJ (SR)   Coulomb (SR)   Coul. recip.
    6.14913e+01    2.64117e+03    4.76282e+04   -4.77727e+05    1.33128e+03
   COM Pull En.      Potential    Kinetic En.   Total Energy  Conserved En.
    2.56687e-01   -4.25290e+05    7.25038e+04   -3.52786e+05   -3.55077e+05
    Temperature Pressure (bar)   Constr. rmsd
    2.97908e+02    3.27540e+02    1.76401e-06

           Step           Time
          99000      198.00000

   Energies (kJ/mol)
           Bond            U-B    Proper Dih.  Improper Dih.      CMAP Dih.
    1.17409e+02    3.17366e+02    3.50715e+02    2.85802e+01   -5.63425e+00
          LJ-14     Coulomb-14        LJ (SR)   Coulomb (SR)   Coul. recip.
    5.52973e+01    2.66602e+03    4.59221e+04   -4.76097e+05    1.35836e+03
   COM Pull En.      Potential    Kinetic En.   Total Energy  Conserved En.
    4.50770e+00   -4.25282e+05    7.23070e+04   -3.52975e+05   -3.55179e+05
    Temperature Pressure (bar)   Constr. rmsd
    2.97099e+02   -1.31993e+02    1.65538e-06

Writing checkpoint, step 99440 at Wed Jun 24 08:36:13 2026


           Step           Time
          99500      199.00000

   Energies (kJ/mol)
           Bond            U-B    Proper Dih.  Improper Dih.      CMAP Dih.
    1.29158e+02    3.28212e+02    3.61285e+02    2.79589e+01   -5.63320e+01
          LJ-14     Coulomb-14        LJ (SR)   Coulomb (SR)   Coul. recip.
    5.83600e+01    2.59603e+03    4.63920e+04   -4.76710e+05    1.31587e+03
   COM Pull En.      Potential    Kinetic En.   Total Energy  Conserved En.
    5.52111e-01   -4.25556e+05    7.27181e+04   -3.52838e+05   -3.55170e+05
    Temperature Pressure (bar)   Constr. rmsd
    2.98788e+02    1.43345e+01    2.71533e-06

           Step           Time
         100000      200.00000

   Energies (kJ/mol)
           Bond            U-B    Proper Dih.  Improper Dih.      CMAP Dih.
    1.04165e+02    3.31105e+02    3.78513e+02    2.71418e+01   -3.31716e+01
          LJ-14     Coulomb-14        LJ (SR)   Coulomb (SR)   Coul. recip.
    8.95371e+01    2.71068e+03    4.52907e+04   -4.75394e+05    1.27241e+03
   COM Pull En.      Potential    Kinetic En.   Total Energy  Conserved En.
    6.28140e-03   -4.25223e+05    7.30141e+04   -3.52209e+05   -3.55180e+05
    Temperature Pressure (bar)   Constr. rmsd
    3.00005e+02   -8.09342e+01    2.80256e-06

           Step           Time
         100500      201.00000

   Energies (kJ/mol)
           Bond            U-B    Proper Dih.  Improper Dih.      CMAP Dih.
    9.80142e+01    3.76352e+02    3.26380e+02    4.18351e+01   -3.90884e+01
          LJ-14     Coulomb-14        LJ (SR)   Coulomb (SR)   Coul. recip.
    7.55577e+01    2.63035e+03    4.62266e+04   -4.75705e+05    1.29240e+03
   COM Pull En.      Potential    Kinetic En.   Total Energy  Conserved En.
    4.86738e-01   -4.24676e+05    7.27309e+04   -3.51945e+05   -3.55284e+05
    Temperature Pressure (bar)   Constr. rmsd
    2.98841e+02    1.63911e+01    2.88326e-06

           Step           Time
         101000      202.00000

   Energies (kJ/mol)
           Bond            U-B    Proper Dih.  Improper Dih.      CMAP Dih.
    1.20009e+02    3.17938e+02    3.66975e+02    3.91250e+01   -2.65018e+01
          LJ-14     Coulomb-14        LJ (SR)   Coulomb (SR)   Coul. recip.
    6.80287e+01    2.62837e+03    4.58474e+04   -4.76197e+05    1.29202e+03
   COM Pull En.      Potential    Kinetic En.   Total Energy  Conserved En.
    2.99157e-01   -4.25543e+05    7.27519e+04   -3.52791e+05   -3.55280e+05
    Temperature Pressure (bar)   Constr. rmsd
    2.98927e+02   -1.12203e+02    2.31080e-06

           Step           Time
         101500      203.00000

   Energies (kJ/mol)
           Bond            U-B    Proper Dih.  Improper Dih.      CMAP Dih.
    1.47228e+02    3.63229e+02    3.42884e+02    2.34184e+01   -6.17245e+01
          LJ-14     Coulomb-14        LJ (SR)   Coulomb (SR)   Coul. recip.
    5.49133e+01    2.62445e+03    4.71387e+04   -4.76819e+05    1.32001e+03
   COM Pull En.      Potential    Kinetic En.   Total Energy  Conserved En.
    1.82259e+00   -4.24864e+05    7.30713e+04   -3.51793e+05   -3.55227e+05
    Temperature Pressure (bar)   Constr. rmsd
    3.00239e+02    1.79710e+02    1.34229e-06

           Step           Time
         102000      204.00000

   Energies (kJ/mol)
           Bond            U-B    Proper Dih.  Improper Dih.      CMAP Dih.
    1.14540e+02    3.19977e+02    3.45255e+02    2.44820e+01   -3.89336e+01
          LJ-14     Coulomb-14        LJ (SR)   Coulomb (SR)   Coul. recip.
    6.72149e+01    2.60409e+03    4.56134e+04   -4.75089e+05    1.35135e+03
   COM Pull En.      Potential    Kinetic En.   Total Energy  Conserved En.
    4.60019e-01   -4.24687e+05    7.24467e+04   -3.52241e+05   -3.55157e+05
    Temperature Pressure (bar)   Constr. rmsd
    2.97673e+02   -7.45799e+01    1.84314e-06

           Step           Time
         102500      205.00000

   Energies (kJ/mol)
           Bond            U-B    Proper Dih.  Improper Dih.      CMAP Dih.
    8.73897e+01    3.19289e+02    3.46115e+02    3.76430e+01   -5.11724e+01
          LJ-14     Coulomb-14        LJ (SR)   Coulomb (SR)   Coul. recip.
    6.83545e+01    2.65466e+03    4.63221e+04   -4.77384e+05    1.41789e+03
   COM Pull En.      Potential    Kinetic En.   Total Energy  Conserved En.
    1.62576e+00   -4.26180e+05    7.23152e+04   -3.53865e+05   -3.55206e+05
    Temperature Pressure (bar)   Constr. rmsd
    2.97133e+02   -4.55287e+01    2.77891e-06

           Step           Time
         103000      206.00000

   Energies (kJ/mol)
           Bond            U-B    Proper Dih.  Improper Dih.      CMAP Dih.
    9.19321e+01    3.00268e+02    3.58824e+02    1.95570e+01   -2.40791e+01
          LJ-14     Coulomb-14        LJ (SR)   Coulomb (SR)   Coul. recip.
    5.86919e+01    2.61111e+03    4.55834e+04   -4.76272e+05    1.35835e+03
   COM Pull En.      Potential    Kinetic En.   Total Energy  Conserved En.
    1.26728e-02   -4.25914e+05    7.20907e+04   -3.53823e+05   -3.55257e+05
    Temperature Pressure (bar)   Constr. rmsd
    2.96210e+02   -1.96322e+02    1.69239e-06

           Step           Time
         103500      207.00000

   Energies (kJ/mol)
           Bond            U-B    Proper Dih.  Improper Dih.      CMAP Dih.
    9.90168e+01    3.15682e+02    3.58851e+02    1.99958e+01   -2.85618e+01
          LJ-14     Coulomb-14        LJ (SR)   Coulomb (SR)   Coul. recip.
    5.95350e+01    2.66275e+03    4.61195e+04   -4.76180e+05    1.31573e+03
   COM Pull En.      Potential    Kinetic En.   Total Energy  Conserved En.
    5.65319e-02   -4.25257e+05    7.24216e+04   -3.52835e+05   -3.55224e+05
    Temperature Pressure (bar)   Constr. rmsd
    2.97570e+02   -4.87248e+01    2.02792e-06

           Step           Time
         104000      208.00000

   Energies (kJ/mol)
           Bond            U-B    Proper Dih.  Improper Dih.      CMAP Dih.
    1.23332e+02    3.30483e+02    3.20615e+02    2.07400e+01   -3.55894e+01
          LJ-14     Coulomb-14        LJ (SR)   Coulomb (SR)   Coul. recip.
    6.38204e+01    2.60924e+03    4.60329e+04   -4.76092e+05    1.34973e+03
   COM Pull En.      Potential    Kinetic En.   Total Energy  Conserved En.
    3.15585e+00   -4.25273e+05    7.28679e+04   -3.52405e+05   -3.55262e+05
    Temperature Pressure (bar)   Constr. rmsd
    2.99404e+02   -6.37990e+00    2.28187e-06

           Step           Time
         104500      209.00000

   Energies (kJ/mol)
           Bond            U-B    Proper Dih.  Improper Dih.      CMAP Dih.
    9.45680e+01    3.01160e+02    3.48051e+02    1.86930e+01   -3.77949e+01
          LJ-14     Coulomb-14        LJ (SR)   Coulomb (SR)   Coul. recip.
    8.52985e+01    2.64697e+03    4.50142e+04   -4.74989e+05    1.32254e+03
   COM Pull En.      Potential    Kinetic En.   Total Energy  Conserved En.
    2.32566e+00   -4.25193e+05    7.28997e+04   -3.52293e+05   -3.55186e+05
    Temperature Pressure (bar)   Constr. rmsd
    2.99534e+02   -2.02234e+02    2.02838e-06

           Step           Time
         105000      210.00000

   Energies (kJ/mol)
           Bond            U-B    Proper Dih.  Improper Dih.      CMAP Dih.
    1.09915e+02    3.42251e+02    3.57777e+02    2.63296e+01   -3.91647e+01
          LJ-14     Coulomb-14        LJ (SR)   Coulomb (SR)   Coul. recip.
    7.63751e+01    2.63715e+03    4.62997e+04   -4.75934e+05    1.29781e+03
   COM Pull En.      Potential    Kinetic En.   Total Energy  Conserved En.
    1.99777e-01   -4.24826e+05    7.28906e+04   -3.51935e+05   -3.55142e+05
    Temperature Pressure (bar)   Constr. rmsd
    2.99497e+02    9.03651e+01    2.89172e-06

           Step           Time
         105500      211.00000

   Energies (kJ/mol)
           Bond            U-B    Proper Dih.  Improper Dih.      CMAP Dih.
    1.04965e+02    3.92626e+02    3.45904e+02    3.09325e+01   -2.78107e+01
          LJ-14     Coulomb-14        LJ (SR)   Coulomb (SR)   Coul. recip.
    5.54216e+01    2.61936e+03    4.58356e+04   -4.75716e+05    1.31195e+03
   COM Pull En.      Potential    Kinetic En.   Total Energy  Conserved En.
    3.69549e-01   -4.25046e+05    7.23221e+04   -3.52724e+05   -3.55178e+05
    Temperature Pressure (bar)   Constr. rmsd
    2.97161e+02   -1.08282e+02    2.91167e-06

           Step           Time
         106000      212.00000

   Energies (kJ/mol)
           Bond            U-B    Proper Dih.  Improper Dih.      CMAP Dih.
    1.02976e+02    3.10993e+02    3.20883e+02    3.93750e+01   -3.20662e+01
          LJ-14     Coulomb-14        LJ (SR)   Coulomb (SR)   Coul. recip.
    7.94969e+01    2.66375e+03    4.67840e+04   -4.77003e+05    1.33637e+03
   COM Pull En.      Potential    Kinetic En.   Total Energy  Conserved En.
    3.86630e+00   -4.25393e+05    7.30340e+04   -3.52359e+05   -3.55185e+05
    Temperature Pressure (bar)   Constr. rmsd
    3.00086e+02    1.93865e+02    2.31621e-06

           Step           Time
         106500      213.00000

   Energies (kJ/mol)
           Bond            U-B    Proper Dih.  Improper Dih.      CMAP Dih.
    1.32696e+02    2.71084e+02    3.32401e+02    2.23336e+01   -2.96811e+01
          LJ-14     Coulomb-14        LJ (SR)   Coulomb (SR)   Coul. recip.
    7.44438e+01    2.65335e+03    4.49763e+04   -4.75402e+05    1.35798e+03
   COM Pull En.      Potential    Kinetic En.   Total Energy  Conserved En.
    2.78327e-01   -4.25611e+05    7.23720e+04   -3.53239e+05   -3.55304e+05
    Temperature Pressure (bar)   Constr. rmsd
    2.97366e+02   -3.06958e+02    1.79588e-06

           Step           Time
         107000      214.00000

   Energies (kJ/mol)
           Bond            U-B    Proper Dih.  Improper Dih.      CMAP Dih.
    8.15624e+01    3.16367e+02    4.04135e+02    2.02319e+01   -3.52189e+01
          LJ-14     Coulomb-14        LJ (SR)   Coulomb (SR)   Coul. recip.
    7.13190e+01    2.65473e+03    4.53867e+04   -4.75440e+05    1.29202e+03
   COM Pull En.      Potential    Kinetic En.   Total Energy  Conserved En.
    2.04240e+00   -4.25246e+05    7.23467e+04   -3.52900e+05   -3.55206e+05
    Temperature Pressure (bar)   Constr. rmsd
    2.97262e+02   -1.52886e+02    1.75699e-06

           Step           Time
         107500      215.00000

   Energies (kJ/mol)
           Bond            U-B    Proper Dih.  Improper Dih.      CMAP Dih.
    1.34314e+02    3.69029e+02    3.46286e+02    2.05127e+01   -3.31700e+01
          LJ-14     Coulomb-14        LJ (SR)   Coulomb (SR)   Coul. recip.
    5.49050e+01    2.63125e+03    4.46734e+04   -4.74401e+05    1.30542e+03
   COM Pull En.      Potential    Kinetic En.   Total Energy  Conserved En.
    2.89075e+00   -4.24896e+05    7.19869e+04   -3.52909e+05   -3.55259e+05
    Temperature Pressure (bar)   Constr. rmsd
    2.95784e+02   -3.36213e+02    1.49844e-06

           Step           Time
         108000      216.00000

   Energies (kJ/mol)
           Bond            U-B    Proper Dih.  Improper Dih.      CMAP Dih.
    8.33906e+01    3.38962e+02    3.25705e+02    2.40898e+01   -4.36637e+01
          LJ-14     Coulomb-14        LJ (SR)   Coulomb (SR)   Coul. recip.
    7.25375e+01    2.64893e+03    4.52861e+04   -4.75387e+05    1.37498e+03
   COM Pull En.      Potential    Kinetic En.   Total Energy  Conserved En.
    1.39615e-01   -4.25276e+05    7.21166e+04   -3.53160e+05   -3.55125e+05
    Temperature Pressure (bar)   Constr. rmsd
    2.96317e+02   -1.48292e+02    2.32778e-06

           Step           Time
         108500      217.00000

   Energies (kJ/mol)
           Bond            U-B    Proper Dih.  Improper Dih.      CMAP Dih.
    8.03570e+01    3.44032e+02    3.49790e+02    1.91818e+01   -7.12724e+01
          LJ-14     Coulomb-14        LJ (SR)   Coulomb (SR)   Coul. recip.
    7.53258e+01    2.64343e+03    4.52160e+04   -4.75115e+05    1.32532e+03
   COM Pull En.      Potential    Kinetic En.   Total Energy  Conserved En.
    1.68598e+00   -4.25131e+05    7.27576e+04   -3.52374e+05   -3.55154e+05
    Temperature Pressure (bar)   Constr. rmsd
    2.98950e+02   -8.96224e+01    2.88350e-06

           Step           Time
         109000      218.00000

   Energies (kJ/mol)
           Bond            U-B    Proper Dih.  Improper Dih.      CMAP Dih.
    1.04043e+02    3.27695e+02    3.29762e+02    1.88110e+01   -2.48846e+01
          LJ-14     Coulomb-14        LJ (SR)   Coulomb (SR)   Coul. recip.
    5.91020e+01    2.65973e+03    4.70860e+04   -4.77342e+05    1.31254e+03
   COM Pull En.      Potential    Kinetic En.   Total Energy  Conserved En.
    1.40973e-01   -4.25470e+05    7.22127e+04   -3.53257e+05   -3.54985e+05
    Temperature Pressure (bar)   Constr. rmsd
    2.96712e+02    3.06471e+02    2.54447e-06

           Step           Time
         109500      219.00000

   Energies (kJ/mol)
           Bond            U-B    Proper Dih.  Improper Dih.      CMAP Dih.
    9.55881e+01    3.28004e+02    3.52224e+02    1.72921e+01   -4.48434e+01
          LJ-14     Coulomb-14        LJ (SR)   Coulomb (SR)   Coul. recip.
    7.81474e+01    2.61334e+03    4.68608e+04   -4.77648e+05    1.28466e+03
   COM Pull En.      Potential    Kinetic En.   Total Energy  Conserved En.
    1.87578e+00   -4.26061e+05    7.26673e+04   -3.53394e+05   -3.55038e+05
    Temperature Pressure (bar)   Constr. rmsd
    2.98579e+02    1.74338e+02    2.12424e-06

           Step           Time
         110000      220.00000

   Energies (kJ/mol)
           Bond            U-B    Proper Dih.  Improper Dih.      CMAP Dih.
    1.30719e+02    3.04321e+02    3.34866e+02    1.70139e+01   -4.62572e+01
          LJ-14     Coulomb-14        LJ (SR)   Coulomb (SR)   Coul. recip.
    6.82532e+01    2.66237e+03    4.54421e+04   -4.76037e+05    1.32865e+03
   COM Pull En.      Potential    Kinetic En.   Total Energy  Conserved En.
    1.99107e-01   -4.25795e+05    7.21764e+04   -3.53618e+05   -3.55016e+05
    Temperature Pressure (bar)   Constr. rmsd
    2.96562e+02   -1.74149e+02    1.64408e-06

           Step           Time
         110500      221.00000

   Energies (kJ/mol)
           Bond            U-B    Proper Dih.  Improper Dih.      CMAP Dih.
    8.03967e+01    3.33640e+02    3.50430e+02    1.15940e+01   -4.71556e+01
          LJ-14     Coulomb-14        LJ (SR)   Coulomb (SR)   Coul. recip.
    7.70352e+01    2.63482e+03    4.66001e+04   -4.77731e+05    1.28964e+03
   COM Pull En.      Potential    Kinetic En.   Total Energy  Conserved En.
    1.80042e-01   -4.26400e+05    7.24198e+04   -3.53980e+05   -3.54995e+05
    Temperature Pressure (bar)   Constr. rmsd
    2.97562e+02    1.27549e+02    1.68699e-06

           Step           Time
         111000      222.00000

   Energies (kJ/mol)
           Bond            U-B    Proper Dih.  Improper Dih.      CMAP Dih.
    1.11407e+02    3.23725e+02    3.48935e+02    3.42583e+01   -4.91902e+01
          LJ-14     Coulomb-14        LJ (SR)   Coulomb (SR)   Coul. recip.
    6.43831e+01    2.63911e+03    4.65279e+04   -4.77049e+05    1.32260e+03
   COM Pull En.      Potential    Kinetic En.   Total Energy  Conserved En.
    4.94117e-01   -4.25726e+05    7.29146e+04   -3.52811e+05   -3.54986e+05
    Temperature Pressure (bar)   Constr. rmsd
    2.99596e+02    1.47617e+02    2.09181e-06

           Step           Time
         111500      223.00000

   Energies (kJ/mol)
           Bond            U-B    Proper Dih.  Improper Dih.      CMAP Dih.
    1.12094e+02    2.99389e+02    3.41272e+02    2.95244e+01   -4.31340e+01
          LJ-14     Coulomb-14        LJ (SR)   Coulomb (SR)   Coul. recip.
    7.92486e+01    2.65687e+03    4.67149e+04   -4.76804e+05    1.28663e+03
   COM Pull En.      Potential    Kinetic En.   Total Energy  Conserved En.
    8.06675e-01   -4.25326e+05    7.30965e+04   -3.52229e+05   -3.55113e+05
    Temperature Pressure (bar)   Constr. rmsd
    3.00343e+02    2.28720e+02    6.48419e-06

           Step           Time
         112000      224.00000

   Energies (kJ/mol)
           Bond            U-B    Proper Dih.  Improper Dih.      CMAP Dih.
    1.17252e+02    3.03461e+02    3.14081e+02    2.08508e+01   -3.98249e+01
          LJ-14     Coulomb-14        LJ (SR)   Coulomb (SR)   Coul. recip.
    7.79226e+01    2.60813e+03    4.53297e+04   -4.75575e+05    1.33396e+03
   COM Pull En.      Potential    Kinetic En.   Total Energy  Conserved En.
    3.76364e-01   -4.25509e+05    7.26414e+04   -3.52868e+05   -3.55156e+05
    Temperature Pressure (bar)   Constr. rmsd
    2.98473e+02   -1.89881e+02    2.23225e-06

           Step           Time
         112500      225.00000

   Energies (kJ/mol)
           Bond            U-B    Proper Dih.  Improper Dih.      CMAP Dih.
    1.15503e+02    3.36112e+02    3.36393e+02    1.65851e+01   -4.16652e+01
          LJ-14     Coulomb-14        LJ (SR)   Coulomb (SR)   Coul. recip.
    6.69550e+01    2.55160e+03    4.61348e+04   -4.76822e+05    1.33507e+03
   COM Pull En.      Potential    Kinetic En.   Total Energy  Conserved En.
    1.47097e+00   -4.25970e+05    7.32039e+04   -3.52766e+05   -3.55185e+05
    Temperature Pressure (bar)   Constr. rmsd
    3.00784e+02   -8.46392e-02    1.82162e-06

           Step           Time
         113000      226.00000

   Energies (kJ/mol)
           Bond            U-B    Proper Dih.  Improper Dih.      CMAP Dih.
    9.16441e+01    3.04473e+02    3.43057e+02    3.28775e+01   -3.52176e+01
          LJ-14     Coulomb-14        LJ (SR)   Coulomb (SR)   Coul. recip.
    6.97952e+01    2.63062e+03    4.55517e+04   -4.75300e+05    1.27000e+03
   COM Pull En.      Potential    Kinetic En.   Total Energy  Conserved En.
    6.97614e-02   -4.25041e+05    7.27465e+04   -3.52295e+05   -3.55254e+05
    Temperature Pressure (bar)   Constr. rmsd
    2.98905e+02   -5.82663e+01    3.87726e-06

           Step           Time
         113500      227.00000

   Energies (kJ/mol)
           Bond            U-B    Proper Dih.  Improper Dih.      CMAP Dih.
    1.22400e+02    3.36215e+02    3.47188e+02    1.37257e+01   -3.99549e+01
          LJ-14     Coulomb-14        LJ (SR)   Coulomb (SR)   Coul. recip.
    7.46409e+01    2.65383e+03    4.55649e+04   -4.75172e+05    1.32591e+03
   COM Pull En.      Potential    Kinetic En.   Total Energy  Conserved En.
    6.23574e-03   -4.24774e+05    7.28169e+04   -3.51957e+05   -3.55225e+05
    Temperature Pressure (bar)   Constr. rmsd
    2.99194e+02   -6.75144e+01    1.72398e-06

Writing checkpoint, step 113760 at Wed Jun 24 08:51:19 2026


           Step           Time
         114000      228.00000

   Energies (kJ/mol)
           Bond            U-B    Proper Dih.  Improper Dih.      CMAP Dih.
    1.06852e+02    3.19034e+02    3.11302e+02    3.15159e+01   -1.11015e+01
          LJ-14     Coulomb-14        LJ (SR)   Coulomb (SR)   Coul. recip.
    6.23435e+01    2.62627e+03    4.49974e+04   -4.74506e+05    1.29502e+03
   COM Pull En.      Potential    Kinetic En.   Total Energy  Conserved En.
    5.79447e-01   -4.24767e+05    7.23040e+04   -3.52463e+05   -3.55237e+05
    Temperature Pressure (bar)   Constr. rmsd
    2.97086e+02   -1.85822e+02    2.97261e-06

           Step           Time
         114500      229.00000

   Energies (kJ/mol)
           Bond            U-B    Proper Dih.  Improper Dih.      CMAP Dih.
    1.25692e+02    3.13883e+02    3.27433e+02    2.28927e+01   -2.00178e+01
          LJ-14     Coulomb-14        LJ (SR)   Coulomb (SR)   Coul. recip.
    5.50859e+01    2.64459e+03    4.57468e+04   -4.75949e+05    1.29499e+03
   COM Pull En.      Potential    Kinetic En.   Total Energy  Conserved En.
    1.01446e+00   -4.25436e+05    7.30122e+04   -3.52424e+05   -3.55175e+05
    Temperature Pressure (bar)   Constr. rmsd
    2.99997e+02   -2.76270e+01    1.96688e-06

           Step           Time
         115000      230.00000

   Energies (kJ/mol)
           Bond            U-B    Proper Dih.  Improper Dih.      CMAP Dih.
    1.07063e+02    3.46772e+02    3.59015e+02    1.90348e+01   -4.90826e+01
          LJ-14     Coulomb-14        LJ (SR)   Coulomb (SR)   Coul. recip.
    8.01442e+01    2.60306e+03    4.66337e+04   -4.77059e+05    1.40254e+03
   COM Pull En.      Potential    Kinetic En.   Total Energy  Conserved En.
    3.39685e-02   -4.25556e+05    7.30826e+04   -3.52474e+05   -3.55293e+05
    Temperature Pressure (bar)   Constr. rmsd
    3.00286e+02    1.23358e+02    1.60606e-06

           Step           Time
         115500      231.00000

   Energies (kJ/mol)
           Bond            U-B    Proper Dih.  Improper Dih.      CMAP Dih.
    7.26071e+01    3.11027e+02    3.33478e+02    2.60445e+01   -2.74586e+01
          LJ-14     Coulomb-14        LJ (SR)   Coulomb (SR)   Coul. recip.
    7.53866e+01    2.67216e+03    4.66583e+04   -4.77633e+05    1.31849e+03
   COM Pull En.      Potential    Kinetic En.   Total Energy  Conserved En.
    3.68306e-01   -4.26193e+05    7.29279e+04   -3.53265e+05   -3.55331e+05
    Temperature Pressure (bar)   Constr. rmsd
    2.99650e+02    4.76710e+01    3.51068e-06

           Step           Time
         116000      232.00000

   Energies (kJ/mol)
           Bond            U-B    Proper Dih.  Improper Dih.      CMAP Dih.
    1.05028e+02    3.62497e+02    3.34996e+02    3.04062e+01   -3.79925e+01
          LJ-14     Coulomb-14        LJ (SR)   Coulomb (SR)   Coul. recip.
    5.03096e+01    2.58977e+03    4.64053e+04   -4.77487e+05    1.26247e+03
   COM Pull En.      Potential    Kinetic En.   Total Energy  Conserved En.
    2.55229e-02   -4.26385e+05    7.23821e+04   -3.54002e+05   -3.55199e+05
    Temperature Pressure (bar)   Constr. rmsd
    2.97408e+02   -2.81305e+01    2.61920e-06

           Step           Time
         116500      233.00000

   Energies (kJ/mol)
           Bond            U-B    Proper Dih.  Improper Dih.      CMAP Dih.
    9.34580e+01    3.75162e+02    3.10032e+02    3.77586e+01   -3.42490e+01
          LJ-14     Coulomb-14        LJ (SR)   Coulomb (SR)   Coul. recip.
    7.36269e+01    2.63275e+03    4.58742e+04   -4.76869e+05    1.31499e+03
   COM Pull En.      Potential    Kinetic En.   Total Energy  Conserved En.
    2.36867e-01   -4.26191e+05    7.26970e+04   -3.53494e+05   -3.55129e+05
    Temperature Pressure (bar)   Constr. rmsd
    2.98702e+02   -4.02653e+01    2.59394e-06

           Step           Time
         117000      234.00000

   Energies (kJ/mol)
           Bond            U-B    Proper Dih.  Improper Dih.      CMAP Dih.
    1.04759e+02    3.60252e+02    3.20714e+02    2.76314e+01   -3.67556e+01
          LJ-14     Coulomb-14        LJ (SR)   Coulomb (SR)   Coul. recip.
    7.15270e+01    2.65199e+03    4.54843e+04   -4.77224e+05    1.33012e+03
   COM Pull En.      Potential    Kinetic En.   Total Energy  Conserved En.
    3.53921e-01   -4.26909e+05    7.30918e+04   -3.53817e+05   -3.54991e+05
    Temperature Pressure (bar)   Constr. rmsd
    3.00323e+02   -1.26461e+02    1.28021e-06

           Step           Time
         117500      235.00000

   Energies (kJ/mol)
           Bond            U-B    Proper Dih.  Improper Dih.      CMAP Dih.
    1.27595e+02    3.62907e+02    3.46944e+02    1.77000e+01   -4.44032e+01
          LJ-14     Coulomb-14        LJ (SR)   Coulomb (SR)   Coul. recip.
    5.72278e+01    2.59006e+03    4.57156e+04   -4.78132e+05    1.33967e+03
   COM Pull En.      Potential    Kinetic En.   Total Energy  Conserved En.
    2.70731e-01   -4.27618e+05    7.27433e+04   -3.54875e+05   -3.55137e+05
    Temperature Pressure (bar)   Constr. rmsd
    2.98892e+02   -2.07651e+02    2.67794e-06

           Step           Time
         118000      236.00000

   Energies (kJ/mol)
           Bond            U-B    Proper Dih.  Improper Dih.      CMAP Dih.
    1.40735e+02    3.19918e+02    3.58671e+02    2.38307e+01   -5.35373e+01
          LJ-14     Coulomb-14        LJ (SR)   Coulomb (SR)   Coul. recip.
    5.73967e+01    2.62720e+03    4.68289e+04   -4.78179e+05    1.27129e+03
   COM Pull En.      Potential    Kinetic En.   Total Energy  Conserved En.
    6.13793e-02   -4.26605e+05    7.23511e+04   -3.54254e+05   -3.55160e+05
    Temperature Pressure (bar)   Constr. rmsd
    2.97280e+02    4.85684e+01    1.81128e-06

           Step           Time
         118500      237.00000

   Energies (kJ/mol)
           Bond            U-B    Proper Dih.  Improper Dih.      CMAP Dih.
    9.06399e+01    3.36200e+02    3.38270e+02    2.76525e+01   -5.09575e+01
          LJ-14     Coulomb-14        LJ (SR)   Coulomb (SR)   Coul. recip.
    5.53913e+01    2.62935e+03    4.62932e+04   -4.77624e+05    1.34132e+03
   COM Pull En.      Potential    Kinetic En.   Total Energy  Conserved En.
    4.52374e-01   -4.26562e+05    7.19335e+04   -3.54629e+05   -3.55231e+05
    Temperature Pressure (bar)   Constr. rmsd
    2.95564e+02   -2.80459e+01    2.94402e-06

           Step           Time
         119000      238.00000

   Energies (kJ/mol)
           Bond            U-B    Proper Dih.  Improper Dih.      CMAP Dih.
    1.50247e+02    2.83690e+02    3.11790e+02    3.91709e+01   -2.55658e+01
          LJ-14     Coulomb-14        LJ (SR)   Coulomb (SR)   Coul. recip.
    7.91792e+01    2.66457e+03    4.58956e+04   -4.76232e+05    1.31304e+03
   COM Pull En.      Potential    Kinetic En.   Total Energy  Conserved En.
    1.31675e+00   -4.25519e+05    7.21312e+04   -3.53388e+05   -3.55132e+05
    Temperature Pressure (bar)   Constr. rmsd
    2.96377e+02    5.58212e+00    3.16861e-06

           Step           Time
         119500      239.00000

   Energies (kJ/mol)
           Bond            U-B    Proper Dih.  Improper Dih.      CMAP Dih.
    1.03471e+02    3.23300e+02    3.19181e+02    2.52665e+01   -3.88261e+01
          LJ-14     Coulomb-14        LJ (SR)   Coulomb (SR)   Coul. recip.
    6.83178e+01    2.59716e+03    4.56244e+04   -4.75586e+05    1.26499e+03
   COM Pull En.      Potential    Kinetic En.   Total Energy  Conserved En.
    3.92622e+00   -4.25295e+05    7.23520e+04   -3.52943e+05   -3.55155e+05
    Temperature Pressure (bar)   Constr. rmsd
    2.97284e+02   -3.84645e+01    2.55238e-06

           Step           Time
         120000      240.00000

   Energies (kJ/mol)
           Bond            U-B    Proper Dih.  Improper Dih.      CMAP Dih.
    1.03494e+02    3.52904e+02    3.37430e+02    3.09688e+01   -3.64775e+01
          LJ-14     Coulomb-14        LJ (SR)   Coulomb (SR)   Coul. recip.
    6.76472e+01    2.68184e+03    4.58522e+04   -4.75246e+05    1.27979e+03
   COM Pull En.      Potential    Kinetic En.   Total Energy  Conserved En.
    3.15832e+00   -4.24573e+05    7.16226e+04   -3.52951e+05   -3.55191e+05
    Temperature Pressure (bar)   Constr. rmsd
    2.94287e+02    5.42532e+01    1.43702e-06

           Step           Time
         120500      241.00000

   Energies (kJ/mol)
           Bond            U-B    Proper Dih.  Improper Dih.      CMAP Dih.
    8.71989e+01    3.47871e+02    3.14316e+02    2.71090e+01   -2.48427e+01
          LJ-14     Coulomb-14        LJ (SR)   Coulomb (SR)   Coul. recip.
    6.93662e+01    2.64781e+03    4.61305e+04   -4.76141e+05    1.30605e+03
   COM Pull En.      Potential    Kinetic En.   Total Energy  Conserved En.
    1.30218e+00   -4.25234e+05    7.22596e+04   -3.52975e+05   -3.55082e+05
    Temperature Pressure (bar)   Constr. rmsd
    2.96904e+02    1.15609e+02    2.71895e-06

           Step           Time
         121000      242.00000

   Energies (kJ/mol)
           Bond            U-B    Proper Dih.  Improper Dih.      CMAP Dih.
    1.17030e+02    3.31424e+02    3.22005e+02    1.87604e+01   -3.67710e+01
          LJ-14     Coulomb-14        LJ (SR)   Coulomb (SR)   Coul. recip.
    7.53428e+01    2.63540e+03    4.53019e+04   -4.75401e+05    1.31890e+03
   COM Pull En.      Potential    Kinetic En.   Total Energy  Conserved En.
    1.10182e-03   -4.25317e+05    7.29768e+04   -3.52340e+05   -3.55190e+05
    Temperature Pressure (bar)   Constr. rmsd
    2.99851e+02   -7.80941e+01    1.92498e-06

           Step           Time
         121500      243.00000

   Energies (kJ/mol)
           Bond            U-B    Proper Dih.  Improper Dih.      CMAP Dih.
    9.06743e+01    3.22130e+02    3.22672e+02    2.65442e+01   -4.78540e+01
          LJ-14     Coulomb-14        LJ (SR)   Coulomb (SR)   Coul. recip.
    7.73349e+01    2.65408e+03    4.67097e+04   -4.77433e+05    1.27945e+03
   COM Pull En.      Potential    Kinetic En.   Total Energy  Conserved En.
    9.23080e-01   -4.25997e+05    7.35356e+04   -3.52462e+05   -3.55264e+05
    Temperature Pressure (bar)   Constr. rmsd
    3.02147e+02    1.66429e+02    2.40161e-06

           Step           Time
         122000      244.00000

   Energies (kJ/mol)
           Bond            U-B    Proper Dih.  Improper Dih.      CMAP Dih.
    1.05076e+02    3.50628e+02    3.46803e+02    4.07332e+01   -4.54890e+01
          LJ-14     Coulomb-14        LJ (SR)   Coulomb (SR)   Coul. recip.
    7.19799e+01    2.64136e+03    4.59104e+04   -4.76293e+05    1.33475e+03
   COM Pull En.      Potential    Kinetic En.   Total Energy  Conserved En.
    8.43908e-01   -4.25536e+05    7.28682e+04   -3.52668e+05   -3.55180e+05
    Temperature Pressure (bar)   Constr. rmsd
    2.99405e+02    4.78167e+01    3.03715e-06

           Step           Time
         122500      245.00000

   Energies (kJ/mol)
           Bond            U-B    Proper Dih.  Improper Dih.      CMAP Dih.
    1.43956e+02    3.42716e+02    3.53650e+02    1.96964e+01   -4.62403e+01
          LJ-14     Coulomb-14        LJ (SR)   Coulomb (SR)   Coul. recip.
    6.76501e+01    2.61803e+03    4.65488e+04   -4.76889e+05    1.29506e+03
   COM Pull En.      Potential    Kinetic En.   Total Energy  Conserved En.
    2.78586e-01   -4.25546e+05    7.30102e+04   -3.52535e+05   -3.55253e+05
    Temperature Pressure (bar)   Constr. rmsd
    2.99988e+02    1.69403e+02    2.43213e-06

           Step           Time
         123000      246.00000

   Energies (kJ/mol)
           Bond            U-B    Proper Dih.  Improper Dih.      CMAP Dih.
    9.99931e+01    3.29645e+02    3.47094e+02    2.97990e+01   -3.84569e+01
          LJ-14     Coulomb-14        LJ (SR)   Coulomb (SR)   Coul. recip.
    6.56049e+01    2.63676e+03    4.45489e+04   -4.74330e+05    1.33816e+03
   COM Pull En.      Potential    Kinetic En.   Total Energy  Conserved En.
    1.41785e-01   -4.24972e+05    7.29501e+04   -3.52022e+05   -3.55401e+05
    Temperature Pressure (bar)   Constr. rmsd
    2.99742e+02   -2.51737e+02    1.69642e-06

           Step           Time
         123500      247.00000

   Energies (kJ/mol)
           Bond            U-B    Proper Dih.  Improper Dih.      CMAP Dih.
    9.27123e+01    3.49221e+02    3.49662e+02    1.78756e+01   -5.09263e+01
          LJ-14     Coulomb-14        LJ (SR)   Coulomb (SR)   Coul. recip.
    7.99625e+01    2.65491e+03    4.65082e+04   -4.76468e+05    1.36003e+03
   COM Pull En.      Potential    Kinetic En.   Total Energy  Conserved En.
    5.73794e-02   -4.25106e+05    7.36380e+04   -3.51468e+05   -3.55372e+05
    Temperature Pressure (bar)   Constr. rmsd
    3.02568e+02    1.50999e+02    3.97811e-06

           Step           Time
         124000      248.00000

   Energies (kJ/mol)
           Bond            U-B    Proper Dih.  Improper Dih.      CMAP Dih.
    1.03547e+02    3.60944e+02    3.24840e+02    1.71339e+01   -4.17361e+01
          LJ-14     Coulomb-14        LJ (SR)   Coulomb (SR)   Coul. recip.
    9.39643e+01    2.66447e+03    4.52417e+04   -4.74668e+05    1.30445e+03
   COM Pull En.      Potential    Kinetic En.   Total Energy  Conserved En.
    3.21760e-01   -4.24598e+05    7.29979e+04   -3.51600e+05   -3.55382e+05
    Temperature Pressure (bar)   Constr. rmsd
    2.99938e+02   -6.72785e+01    2.36772e-06

           Step           Time
         124500      249.00000

   Energies (kJ/mol)
           Bond            U-B    Proper Dih.  Improper Dih.      CMAP Dih.
    8.32858e+01    3.32928e+02    3.39909e+02    3.15889e+01   -4.25725e+01
          LJ-14     Coulomb-14        LJ (SR)   Coulomb (SR)   Coul. recip.
    7.73362e+01    2.64232e+03    4.61411e+04   -4.75737e+05    1.28218e+03
   COM Pull En.      Potential    Kinetic En.   Total Energy  Conserved En.
    1.34784e+00   -4.24848e+05    7.24038e+04   -3.52444e+05   -3.55350e+05
    Temperature Pressure (bar)   Constr. rmsd
    2.97497e+02    1.10025e+02    2.65418e-06

           Step           Time
         125000      250.00000

   Energies (kJ/mol)
           Bond            U-B    Proper Dih.  Improper Dih.      CMAP Dih.
    1.08319e+02    3.00403e+02    3.37736e+02    1.95462e+01   -1.77516e+01
          LJ-14     Coulomb-14        LJ (SR)   Coulomb (SR)   Coul. recip.
    7.95991e+01    2.65578e+03    4.52916e+04   -4.74595e+05    1.31032e+03
   COM Pull En.      Potential    Kinetic En.   Total Energy  Conserved En.
    2.54812e+00   -4.24507e+05    7.23562e+04   -3.52151e+05   -3.55288e+05
    Temperature Pressure (bar)   Constr. rmsd
    2.97301e+02   -7.62171e+01    2.25633e-06

           Step           Time
         125500      251.00000

   Energies (kJ/mol)
           Bond            U-B    Proper Dih.  Improper Dih.      CMAP Dih.
    1.06080e+02    3.23964e+02    3.37968e+02    2.38094e+01   -3.34848e+01
          LJ-14     Coulomb-14        LJ (SR)   Coulomb (SR)   Coul. recip.
    6.38572e+01    2.58680e+03    4.64432e+04   -4.77096e+05    1.28077e+03
   COM Pull En.      Potential    Kinetic En.   Total Energy  Conserved En.
    2.60160e-01   -4.25963e+05    7.34340e+04   -3.52529e+05   -3.55321e+05
    Temperature Pressure (bar)   Constr. rmsd
    3.01730e+02    1.02776e+02    2.49287e-06

           Step           Time
         126000      252.00000

   Energies (kJ/mol)
           Bond            U-B    Proper Dih.  Improper Dih.      CMAP Dih.
    1.01166e+02    3.51805e+02    3.60344e+02    1.97177e+01   -5.66860e+01
          LJ-14     Coulomb-14        LJ (SR)   Coulomb (SR)   Coul. recip.
    6.22277e+01    2.64966e+03    4.70728e+04   -4.78153e+05    1.32290e+03
   COM Pull En.      Potential    Kinetic En.   Total Energy  Conserved En.
    1.49323e-01   -4.26269e+05    7.32501e+04   -3.53019e+05   -3.55191e+05
    Temperature Pressure (bar)   Constr. rmsd
    3.00974e+02    1.99246e+02    1.70473e-06

           Step           Time
         126500      253.00000

   Energies (kJ/mol)
           Bond            U-B    Proper Dih.  Improper Dih.      CMAP Dih.
    1.08967e+02    2.90748e+02    3.26080e+02    2.35144e+01   -2.49163e+01
          LJ-14     Coulomb-14        LJ (SR)   Coulomb (SR)   Coul. recip.
    5.86000e+01    2.66005e+03    4.61532e+04   -4.77165e+05    1.30783e+03
   COM Pull En.      Potential    Kinetic En.   Total Energy  Conserved En.
    5.48926e-02   -4.26261e+05    7.17467e+04   -3.54514e+05   -3.55200e+05
    Temperature Pressure (bar)   Constr. rmsd
    2.94797e+02    1.28449e+01    1.76820e-06

           Step           Time
         127000      254.00000

   Energies (kJ/mol)
           Bond            U-B    Proper Dih.  Improper Dih.      CMAP Dih.
    9.95062e+01    3.57298e+02    3.21212e+02    1.94305e+01   -2.55450e+01
          LJ-14     Coulomb-14        LJ (SR)   Coulomb (SR)   Coul. recip.
    6.84228e+01    2.60246e+03    4.62727e+04   -4.77137e+05    1.32952e+03
   COM Pull En.      Potential    Kinetic En.   Total Energy  Conserved En.
    8.52330e-07   -4.26092e+05    7.21957e+04   -3.53897e+05   -3.55205e+05
    Temperature Pressure (bar)   Constr. rmsd
    2.96642e+02    4.89465e+01    1.50214e-06

           Step           Time
         127500      255.00000

   Energies (kJ/mol)
           Bond            U-B    Proper Dih.  Improper Dih.      CMAP Dih.
    1.07088e+02    3.01605e+02    3.51100e+02    2.22391e+01   -3.24102e+01
          LJ-14     Coulomb-14        LJ (SR)   Coulomb (SR)   Coul. recip.
    6.14457e+01    2.66510e+03    4.62466e+04   -4.76428e+05    1.27271e+03
   COM Pull En.      Potential    Kinetic En.   Total Energy  Conserved En.
    5.62979e-02   -4.25432e+05    7.24014e+04   -3.53031e+05   -3.55326e+05
    Temperature Pressure (bar)   Constr. rmsd
    2.97487e+02    1.24272e+02    2.38650e-06

Writing checkpoint, step 127920 at Wed Jun 24 09:06:12 2026


           Step           Time
         128000      256.00000

   Energies (kJ/mol)
           Bond            U-B    Proper Dih.  Improper Dih.      CMAP Dih.
    1.07230e+02    3.36816e+02    3.21245e+02    1.70008e+01   -3.45424e+01
          LJ-14     Coulomb-14        LJ (SR)   Coulomb (SR)   Coul. recip.
    7.21102e+01    2.66086e+03    4.54023e+04   -4.75703e+05    1.28815e+03
   COM Pull En.      Potential    Kinetic En.   Total Energy  Conserved En.
    1.87543e-01   -4.25531e+05    7.30035e+04   -3.52528e+05   -3.55314e+05
    Temperature Pressure (bar)   Constr. rmsd
    2.99961e+02   -1.19080e+02    1.84141e-06

           Step           Time
         128500      257.00000

   Energies (kJ/mol)
           Bond            U-B    Proper Dih.  Improper Dih.      CMAP Dih.
    1.23103e+02    3.19106e+02    3.34936e+02    2.03566e+01   -5.11169e+01
          LJ-14     Coulomb-14        LJ (SR)   Coulomb (SR)   Coul. recip.
    8.32098e+01    2.64413e+03    4.63862e+04   -4.77007e+05    1.32233e+03
   COM Pull En.      Potential    Kinetic En.   Total Energy  Conserved En.
    2.05557e+00   -4.25823e+05    7.29059e+04   -3.52917e+05   -3.55403e+05
    Temperature Pressure (bar)   Constr. rmsd
    2.99560e+02    2.90340e+01    1.92339e-06

           Step           Time
         129000      258.00000

   Energies (kJ/mol)
           Bond            U-B    Proper Dih.  Improper Dih.      CMAP Dih.
    1.25778e+02    3.44141e+02    3.42441e+02    1.84952e+01   -4.35532e+01
          LJ-14     Coulomb-14        LJ (SR)   Coulomb (SR)   Coul. recip.
    6.36658e+01    2.67242e+03    4.66903e+04   -4.77567e+05    1.38212e+03
   COM Pull En.      Potential    Kinetic En.   Total Energy  Conserved En.
    4.74983e-02   -4.25972e+05    7.26743e+04   -3.53297e+05   -3.55232e+05
    Temperature Pressure (bar)   Constr. rmsd
    2.98608e+02    1.53596e+02    2.46400e-06

           Step           Time
         129500      259.00000

   Energies (kJ/mol)
           Bond            U-B    Proper Dih.  Improper Dih.      CMAP Dih.
    1.19925e+02    3.05921e+02    3.10134e+02    1.75034e+01   -5.41700e+01
          LJ-14     Coulomb-14        LJ (SR)   Coulomb (SR)   Coul. recip.
    9.95867e+01    2.65006e+03    4.73066e+04   -4.77725e+05    1.33096e+03
   COM Pull En.      Potential    Kinetic En.   Total Energy  Conserved En.
    1.25893e-01   -4.25638e+05    7.22891e+04   -3.53349e+05   -3.55271e+05
    Temperature Pressure (bar)   Constr. rmsd
    2.97025e+02    2.75453e+02    3.14301e-06

           Step           Time
         130000      260.00000

   Energies (kJ/mol)
           Bond            U-B    Proper Dih.  Improper Dih.      CMAP Dih.
    1.18117e+02    3.51044e+02    3.12094e+02    2.85612e+01   -2.40092e+01
          LJ-14     Coulomb-14        LJ (SR)   Coulomb (SR)   Coul. recip.
    5.64952e+01    2.62562e+03    4.56735e+04   -4.75495e+05    1.25768e+03
   COM Pull En.      Potential    Kinetic En.   Total Energy  Conserved En.
    6.20992e-01   -4.25095e+05    7.22690e+04   -3.52826e+05   -3.55260e+05
    Temperature Pressure (bar)   Constr. rmsd
    2.96943e+02   -7.95486e+01    3.40326e-06

           Step           Time
         130500      261.00000

   Energies (kJ/mol)
           Bond            U-B    Proper Dih.  Improper Dih.      CMAP Dih.
    8.91733e+01    3.01964e+02    3.30737e+02    1.92392e+01   -2.88073e+01
          LJ-14     Coulomb-14        LJ (SR)   Coulomb (SR)   Coul. recip.
    8.40059e+01    2.69814e+03    4.62168e+04   -4.76768e+05    1.32527e+03
   COM Pull En.      Potential    Kinetic En.   Total Energy  Conserved En.
    1.54799e+00   -4.25730e+05    7.24660e+04   -3.53264e+05   -3.55309e+05
    Temperature Pressure (bar)   Constr. rmsd
    2.97753e+02    1.26612e+02    2.14173e-06

           Step           Time
         131000      262.00000

   Energies (kJ/mol)
           Bond            U-B    Proper Dih.  Improper Dih.      CMAP Dih.
    9.55374e+01    2.59634e+02    3.19097e+02    5.05602e+01   -5.40825e+01
          LJ-14     Coulomb-14        LJ (SR)   Coulomb (SR)   Coul. recip.
    7.13002e+01    2.62770e+03    4.63430e+04   -4.76978e+05    1.29647e+03
   COM Pull En.      Potential    Kinetic En.   Total Energy  Conserved En.
    1.70918e+00   -4.25967e+05    7.23028e+04   -3.53665e+05   -3.55475e+05
    Temperature Pressure (bar)   Constr. rmsd
    2.97082e+02   -5.22245e+01    2.89382e-06

           Step           Time
         131500      263.00000

   Energies (kJ/mol)
           Bond            U-B    Proper Dih.  Improper Dih.      CMAP Dih.
    1.02554e+02    3.06383e+02    3.27046e+02    3.28827e+01   -4.09136e+01
          LJ-14     Coulomb-14        LJ (SR)   Coulomb (SR)   Coul. recip.
    7.12363e+01    2.66953e+03    4.57639e+04   -4.76415e+05    1.31885e+03
   COM Pull En.      Potential    Kinetic En.   Total Energy  Conserved En.
    7.11744e-02   -4.25863e+05    7.25431e+04   -3.53320e+05   -3.55501e+05
    Temperature Pressure (bar)   Constr. rmsd
    2.98069e+02   -1.69161e+02    1.88593e-06

           Step           Time
         132000      264.00000

   Energies (kJ/mol)
           Bond            U-B    Proper Dih.  Improper Dih.      CMAP Dih.
    1.27554e+02    3.12969e+02    3.41185e+02    1.74485e+01   -3.09086e+01
          LJ-14     Coulomb-14        LJ (SR)   Coulomb (SR)   Coul. recip.
    6.92758e+01    2.61025e+03    4.52629e+04   -4.75229e+05    1.31095e+03
   COM Pull En.      Potential    Kinetic En.   Total Energy  Conserved En.
    3.63834e-01   -4.25207e+05    7.17090e+04   -3.53498e+05   -3.55479e+05
    Temperature Pressure (bar)   Constr. rmsd
    2.94642e+02   -2.14015e+02    5.25806e-06

           Step           Time
         132500      265.00000

   Energies (kJ/mol)
           Bond            U-B    Proper Dih.  Improper Dih.      CMAP Dih.
    1.05709e+02    3.16106e+02    3.30671e+02    3.31863e+01   -3.56978e+01
          LJ-14     Coulomb-14        LJ (SR)   Coulomb (SR)   Coul. recip.
    7.16309e+01    2.68258e+03    4.60323e+04   -4.77396e+05    1.34903e+03
   COM Pull En.      Potential    Kinetic En.   Total Energy  Conserved En.
    1.16504e-01   -4.26510e+05    7.27814e+04   -3.53729e+05   -3.55449e+05
    Temperature Pressure (bar)   Constr. rmsd
    2.99048e+02   -7.74771e+01    1.76546e-06

           Step           Time
         133000      266.00000

   Energies (kJ/mol)
           Bond            U-B    Proper Dih.  Improper Dih.      CMAP Dih.
    9.08786e+01    3.24169e+02    3.15973e+02    4.07398e+01   -2.94965e+01
          LJ-14     Coulomb-14        LJ (SR)   Coulomb (SR)   Coul. recip.
    5.84430e+01    2.64575e+03    4.57883e+04   -4.76479e+05    1.28805e+03
   COM Pull En.      Potential    Kinetic En.   Total Energy  Conserved En.
    2.92448e-01   -4.25956e+05    7.23828e+04   -3.53573e+05   -3.55414e+05
    Temperature Pressure (bar)   Constr. rmsd
    2.97411e+02   -5.59737e+01    2.18774e-06

           Step           Time
         133500      267.00000

   Energies (kJ/mol)
           Bond            U-B    Proper Dih.  Improper Dih.      CMAP Dih.
    1.04609e+02    3.01590e+02    3.33179e+02    1.58998e+01   -2.20545e+01
          LJ-14     Coulomb-14        LJ (SR)   Coulomb (SR)   Coul. recip.
    6.92395e+01    2.65809e+03    4.65671e+04   -4.78331e+05    1.34937e+03
   COM Pull En.      Potential    Kinetic En.   Total Energy  Conserved En.
    1.34751e+00   -4.26953e+05    7.26962e+04   -3.54256e+05   -3.55343e+05
    Temperature Pressure (bar)   Constr. rmsd
    2.98698e+02    8.76234e+01    2.84175e-06

           Step           Time
         134000      268.00000

   Energies (kJ/mol)
           Bond            U-B    Proper Dih.  Improper Dih.      CMAP Dih.
    1.03705e+02    3.05488e+02    3.66625e+02    2.09903e+01   -4.05036e+01
          LJ-14     Coulomb-14        LJ (SR)   Coulomb (SR)   Coul. recip.
    9.12623e+01    2.69271e+03    4.68015e+04   -4.78152e+05    1.35301e+03
   COM Pull En.      Potential    Kinetic En.   Total Energy  Conserved En.
    1.03415e+00   -4.26456e+05    7.26723e+04   -3.53784e+05   -3.55466e+05
    Temperature Pressure (bar)   Constr. rmsd
    2.98600e+02    9.26382e+01    3.54098e-06

           Step           Time
         134500      269.00000

   Energies (kJ/mol)
           Bond            U-B    Proper Dih.  Improper Dih.      CMAP Dih.
    1.06144e+02    3.35504e+02    3.09273e+02    4.66428e+01   -4.26648e+01
          LJ-14     Coulomb-14        LJ (SR)   Coulomb (SR)   Coul. recip.
    6.73198e+01    2.60690e+03    4.64212e+04   -4.77626e+05    1.34514e+03
   COM Pull En.      Potential    Kinetic En.   Total Energy  Conserved En.
    7.19670e-02   -4.26430e+05    7.23933e+04   -3.54037e+05   -3.55422e+05
    Temperature Pressure (bar)   Constr. rmsd
    2.97453e+02    4.48601e+01    2.53186e-06

           Step           Time
         135000      270.00000

   Energies (kJ/mol)
           Bond            U-B    Proper Dih.  Improper Dih.      CMAP Dih.
    7.65028e+01    3.11957e+02    3.39994e+02    3.06192e+01   -2.66929e+01
          LJ-14     Coulomb-14        LJ (SR)   Coulomb (SR)   Coul. recip.
    6.77481e+01    2.63701e+03    4.60113e+04   -4.77496e+05    1.30511e+03
   COM Pull En.      Potential    Kinetic En.   Total Energy  Conserved En.
    1.47888e-01   -4.26742e+05    7.19976e+04   -3.54745e+05   -3.55484e+05
    Temperature Pressure (bar)   Constr. rmsd
    2.95828e+02   -1.05343e+02    4.94096e-06

           Step           Time
         135500      271.00000

   Energies (kJ/mol)
           Bond            U-B    Proper Dih.  Improper Dih.      CMAP Dih.
    8.80925e+01    3.45242e+02    3.44958e+02    2.87758e+01   -4.99042e+01
          LJ-14     Coulomb-14        LJ (SR)   Coulomb (SR)   Coul. recip.
    8.77449e+01    2.72162e+03    4.64066e+04   -4.77575e+05    1.34838e+03
   COM Pull En.      Potential    Kinetic En.   Total Energy  Conserved En.
    5.42458e+00   -4.26248e+05    7.19468e+04   -3.54301e+05   -3.55357e+05
    Temperature Pressure (bar)   Constr. rmsd
    2.95619e+02    7.47098e+01    2.43134e-06

           Step           Time
         136000      272.00000

   Energies (kJ/mol)
           Bond            U-B    Proper Dih.  Improper Dih.      CMAP Dih.
    1.05762e+02    3.46934e+02    3.29165e+02    2.94729e+01   -2.99518e+01
          LJ-14     Coulomb-14        LJ (SR)   Coulomb (SR)   Coul. recip.
    6.48220e+01    2.67251e+03    4.71717e+04   -4.77821e+05    1.30563e+03
   COM Pull En.      Potential    Kinetic En.   Total Energy  Conserved En.
    1.79460e+00   -4.25824e+05    7.23779e+04   -3.53446e+05   -3.55412e+05
    Temperature Pressure (bar)   Constr. rmsd
    2.97391e+02    2.85007e+02    2.09713e-06

           Step           Time
         136500      273.00000

   Energies (kJ/mol)
           Bond            U-B    Proper Dih.  Improper Dih.      CMAP Dih.
    1.01813e+02    3.09664e+02    3.63064e+02    2.29482e+01   -2.44511e+01
          LJ-14     Coulomb-14        LJ (SR)   Coulomb (SR)   Coul. recip.
    7.00638e+01    2.61649e+03    4.55420e+04   -4.75941e+05    1.28260e+03
   COM Pull En.      Potential    Kinetic En.   Total Energy  Conserved En.
    5.34463e+00   -4.25652e+05    7.19403e+04   -3.53711e+05   -3.55537e+05
    Temperature Pressure (bar)   Constr. rmsd
    2.95592e+02   -1.49527e+02    2.19084e-06

           Step           Time
         137000      274.00000

   Energies (kJ/mol)
           Bond            U-B    Proper Dih.  Improper Dih.      CMAP Dih.
    1.21365e+02    3.22287e+02    3.21868e+02    2.86448e+01   -3.00643e+01
          LJ-14     Coulomb-14        LJ (SR)   Coulomb (SR)   Coul. recip.
    7.59000e+01    2.64562e+03    4.65962e+04   -4.77628e+05    1.31275e+03
   COM Pull En.      Potential    Kinetic En.   Total Energy  Conserved En.
    1.50434e+00   -4.26232e+05    7.23944e+04   -3.53838e+05   -3.55494e+05
    Temperature Pressure (bar)   Constr. rmsd
    2.97458e+02    9.17057e+01    3.00763e-06

           Step           Time
         137500      275.00000

   Energies (kJ/mol)
           Bond            U-B    Proper Dih.  Improper Dih.      CMAP Dih.
    1.18018e+02    2.84425e+02    3.60741e+02    4.01162e+01   -5.00608e+01
          LJ-14     Coulomb-14        LJ (SR)   Coulomb (SR)   Coul. recip.
    8.30690e+01    2.64755e+03    4.65042e+04   -4.77376e+05    1.31979e+03
   COM Pull En.      Potential    Kinetic En.   Total Energy  Conserved En.
    7.54096e-03   -4.26068e+05    7.20059e+04   -3.54062e+05   -3.55529e+05
    Temperature Pressure (bar)   Constr. rmsd
    2.95862e+02    5.35527e+01    1.43518e-06

           Step           Time
         138000      276.00000

   Energies (kJ/mol)
           Bond            U-B    Proper Dih.  Improper Dih.      CMAP Dih.
    1.51141e+02    3.18238e+02    3.40273e+02    2.90719e+01   -4.36133e+01
          LJ-14     Coulomb-14        LJ (SR)   Coulomb (SR)   Coul. recip.
    8.89202e+01    2.66378e+03    4.58369e+04   -4.76623e+05    1.26217e+03
   COM Pull En.      Potential    Kinetic En.   Total Energy  Conserved En.
    4.85048e-01   -4.25976e+05    7.23773e+04   -3.53599e+05   -3.55504e+05
    Temperature Pressure (bar)   Constr. rmsd
    2.97388e+02   -3.33827e+01    2.62417e-06

           Step           Time
         138500      277.00000

   Energies (kJ/mol)
           Bond            U-B    Proper Dih.  Improper Dih.      CMAP Dih.
    1.06253e+02    3.67245e+02    3.36028e+02    3.29924e+01   -3.10858e+01
          LJ-14     Coulomb-14        LJ (SR)   Coulomb (SR)   Coul. recip.
    6.04505e+01    2.62889e+03    4.66833e+04   -4.76937e+05    1.33583e+03
   COM Pull En.      Potential    Kinetic En.   Total Energy  Conserved En.
    3.00982e-02   -4.25417e+05    7.23134e+04   -3.53104e+05   -3.55664e+05
    Temperature Pressure (bar)   Constr. rmsd
    2.97125e+02    9.10652e+01    1.95413e-06

           Step           Time
         139000      278.00000

   Energies (kJ/mol)
           Bond            U-B    Proper Dih.  Improper Dih.      CMAP Dih.
    1.03800e+02    3.05604e+02    3.48614e+02    2.04586e+01   -2.21036e+01
          LJ-14     Coulomb-14        LJ (SR)   Coulomb (SR)   Coul. recip.
    7.10221e+01    2.66744e+03    4.56724e+04   -4.77414e+05    1.32109e+03
   COM Pull En.      Potential    Kinetic En.   Total Energy  Conserved En.
    1.71492e-01   -4.26926e+05    7.34017e+04   -3.53524e+05   -3.55627e+05
    Temperature Pressure (bar)   Constr. rmsd
    3.01597e+02   -2.14314e+02    2.02443e-06

           Step           Time
         139500      279.00000

   Energies (kJ/mol)
           Bond            U-B    Proper Dih.  Improper Dih.      CMAP Dih.
    1.27702e+02    2.79130e+02    3.47951e+02    4.80472e+01   -3.82713e+01
          LJ-14     Coulomb-14        LJ (SR)   Coulomb (SR)   Coul. recip.
    8.16730e+01    2.70981e+03    4.74174e+04   -4.77921e+05    1.35065e+03
   COM Pull En.      Potential    Kinetic En.   Total Energy  Conserved En.
    5.71503e-01   -4.25597e+05    7.20709e+04   -3.53526e+05   -3.55654e+05
    Temperature Pressure (bar)   Constr. rmsd
    2.96129e+02    2.49751e+02    2.52561e-06

           Step           Time
         140000      280.00000

   Energies (kJ/mol)
           Bond            U-B    Proper Dih.  Improper Dih.      CMAP Dih.
    1.14201e+02    3.18987e+02    3.31110e+02    1.73312e+01   -8.01945e-01
          LJ-14     Coulomb-14        LJ (SR)   Coulomb (SR)   Coul. recip.
    8.10975e+01    2.67022e+03    4.64756e+04   -4.76957e+05    1.37374e+03
   COM Pull En.      Potential    Kinetic En.   Total Energy  Conserved En.
    5.81008e-01   -4.25575e+05    7.23861e+04   -3.53189e+05   -3.55637e+05
    Temperature Pressure (bar)   Constr. rmsd
    2.97424e+02    6.18901e+01    1.74163e-06

           Step           Time
         140500      281.00000

   Energies (kJ/mol)
           Bond            U-B    Proper Dih.  Improper Dih.      CMAP Dih.
    9.15479e+01    3.24274e+02    3.79475e+02    4.64743e+01   -2.21230e+01
          LJ-14     Coulomb-14        LJ (SR)   Coulomb (SR)   Coul. recip.
    7.14374e+01    2.69422e+03    4.58681e+04   -4.76590e+05    1.36613e+03
   COM Pull En.      Potential    Kinetic En.   Total Energy  Conserved En.
    7.24154e-01   -4.25770e+05    7.26527e+04   -3.53117e+05   -3.55681e+05
    Temperature Pressure (bar)   Constr. rmsd
    2.98520e+02   -1.34769e+02    1.53379e-06

           Step           Time
         141000      282.00000

   Energies (kJ/mol)
           Bond            U-B    Proper Dih.  Improper Dih.      CMAP Dih.
    8.02404e+01    2.83478e+02    3.44131e+02    3.16770e+01   -1.27248e+01
          LJ-14     Coulomb-14        LJ (SR)   Coulomb (SR)   Coul. recip.
    7.07030e+01    2.66403e+03    4.61697e+04   -4.77215e+05    1.24966e+03
   COM Pull En.      Potential    Kinetic En.   Total Energy  Conserved En.
    6.36601e-01   -4.26334e+05    7.28347e+04   -3.53499e+05   -3.55695e+05
    Temperature Pressure (bar)   Constr. rmsd
    2.99267e+02   -2.36713e+01    2.72592e-06

           Step           Time
         141500      283.00000

   Energies (kJ/mol)
           Bond            U-B    Proper Dih.  Improper Dih.      CMAP Dih.
    7.68154e+01    2.99234e+02    3.48021e+02    2.10293e+01   -3.37148e+01
          LJ-14     Coulomb-14        LJ (SR)   Coulomb (SR)   Coul. recip.
    8.49794e+01    2.69113e+03    4.62379e+04   -4.76981e+05    1.31170e+03
   COM Pull En.      Potential    Kinetic En.   Total Energy  Conserved En.
    3.72161e-03   -4.25944e+05    7.19652e+04   -3.53979e+05   -3.55631e+05
    Temperature Pressure (bar)   Constr. rmsd
    2.95694e+02    1.60914e+01    2.31226e-06

           Step           Time
         142000      284.00000

   Energies (kJ/mol)
           Bond            U-B    Proper Dih.  Improper Dih.      CMAP Dih.
    1.19859e+02    3.56180e+02    3.57146e+02    3.40713e+01   -3.80962e+01
          LJ-14     Coulomb-14        LJ (SR)   Coulomb (SR)   Coul. recip.
    5.87487e+01    2.67906e+03    4.69212e+04   -4.77953e+05    1.32136e+03
   COM Pull En.      Potential    Kinetic En.   Total Energy  Conserved En.
    1.64290e+00   -4.26142e+05    7.26633e+04   -3.53479e+05   -3.55614e+05
    Temperature Pressure (bar)   Constr. rmsd
    2.98563e+02    1.10774e+02    1.60439e-06

Writing checkpoint, step 142160 at Wed Jun 24 09:21:13 2026


           Step           Time
         142500      285.00000

   Energies (kJ/mol)
           Bond            U-B    Proper Dih.  Improper Dih.      CMAP Dih.
    1.03908e+02    3.14491e+02    3.24847e+02    3.13879e+01   -2.06110e+01
          LJ-14     Coulomb-14        LJ (SR)   Coulomb (SR)   Coul. recip.
    8.52161e+01    2.65691e+03    4.46728e+04   -4.75366e+05    1.31271e+03
   COM Pull En.      Potential    Kinetic En.   Total Energy  Conserved En.
    2.00058e+00   -4.25882e+05    7.24480e+04   -3.53434e+05   -3.55569e+05
    Temperature Pressure (bar)   Constr. rmsd
    2.97678e+02   -3.22265e+02    2.78983e-06

           Step           Time
         143000      286.00000

   Energies (kJ/mol)
           Bond            U-B    Proper Dih.  Improper Dih.      CMAP Dih.
    1.07786e+02    3.57626e+02    3.24990e+02    2.23016e+01   -2.35439e+01
          LJ-14     Coulomb-14        LJ (SR)   Coulomb (SR)   Coul. recip.
    7.90032e+01    2.63280e+03    4.57954e+04   -4.75963e+05    1.28329e+03
   COM Pull En.      Potential    Kinetic En.   Total Energy  Conserved En.
    4.28209e-01   -4.25383e+05    7.28177e+04   -3.52565e+05   -3.55629e+05
    Temperature Pressure (bar)   Constr. rmsd
    2.99197e+02   -2.01519e+01    4.15981e-06

           Step           Time
         143500      287.00000

   Energies (kJ/mol)
           Bond            U-B    Proper Dih.  Improper Dih.      CMAP Dih.
    1.18665e+02    2.82168e+02    3.36714e+02    2.13256e+01   -1.31027e+01
          LJ-14     Coulomb-14        LJ (SR)   Coulomb (SR)   Coul. recip.
    7.51628e+01    2.69787e+03    4.50194e+04   -4.75717e+05    1.26063e+03
   COM Pull En.      Potential    Kinetic En.   Total Energy  Conserved En.
    8.68641e-01   -4.25917e+05    7.22277e+04   -3.53690e+05   -3.55700e+05
    Temperature Pressure (bar)   Constr. rmsd
    2.96773e+02   -2.57991e+02    1.86786e-06

           Step           Time
         144000      288.00000

   Energies (kJ/mol)
           Bond            U-B    Proper Dih.  Improper Dih.      CMAP Dih.
    1.00824e+02    3.01089e+02    3.42249e+02    2.33877e+01   -2.33955e+01
          LJ-14     Coulomb-14        LJ (SR)   Coulomb (SR)   Coul. recip.
    7.72259e+01    2.72037e+03    4.58464e+04   -4.76757e+05    1.29329e+03
   COM Pull En.      Potential    Kinetic En.   Total Energy  Conserved En.
    3.45727e-01   -4.26075e+05    7.26754e+04   -3.53400e+05   -3.55552e+05
    Temperature Pressure (bar)   Constr. rmsd
    2.98613e+02   -6.03324e+01    1.79561e-06

           Step           Time
         144500      289.00000

   Energies (kJ/mol)
           Bond            U-B    Proper Dih.  Improper Dih.      CMAP Dih.
    1.25374e+02    2.60504e+02    3.43425e+02    1.75411e+01   -2.76107e+01
          LJ-14     Coulomb-14        LJ (SR)   Coulomb (SR)   Coul. recip.
    7.40113e+01    2.66209e+03    4.56244e+04   -4.76305e+05    1.33831e+03
   COM Pull En.      Potential    Kinetic En.   Total Energy  Conserved En.
    4.79261e-01   -4.25886e+05    7.26425e+04   -3.53244e+05   -3.55618e+05
    Temperature Pressure (bar)   Constr. rmsd
    2.98478e+02   -1.10537e+02    2.97537e-06

           Step           Time
         145000      290.00000

   Energies (kJ/mol)
           Bond            U-B    Proper Dih.  Improper Dih.      CMAP Dih.
    9.81736e+01    3.24625e+02    3.44024e+02    3.47261e+01   -4.05337e+01
          LJ-14     Coulomb-14        LJ (SR)   Coulomb (SR)   Coul. recip.
    5.98610e+01    2.63880e+03    4.69123e+04   -4.77310e+05    1.28788e+03
   COM Pull En.      Potential    Kinetic En.   Total Energy  Conserved En.
    2.73830e-01   -4.25650e+05    7.22734e+04   -3.53376e+05   -3.55624e+05
    Temperature Pressure (bar)   Constr. rmsd
    2.96961e+02    2.11622e+02    1.56407e-06

           Step           Time
         145500      291.00000

   Energies (kJ/mol)
           Bond            U-B    Proper Dih.  Improper Dih.      CMAP Dih.
    6.21306e+01    2.77376e+02    3.40782e+02    1.81969e+01   -2.37478e+01
          LJ-14     Coulomb-14        LJ (SR)   Coulomb (SR)   Coul. recip.
    7.73589e+01    2.75559e+03    4.59309e+04   -4.76367e+05    1.31921e+03
   COM Pull En.      Potential    Kinetic En.   Total Energy  Conserved En.
    1.62298e+00   -4.25608e+05    7.22165e+04   -3.53391e+05   -3.55636e+05
    Temperature Pressure (bar)   Constr. rmsd
    2.96727e+02   -4.26056e+00    2.81939e-06

           Step           Time
         146000      292.00000

   Energies (kJ/mol)
           Bond            U-B    Proper Dih.  Improper Dih.      CMAP Dih.
    1.01716e+02    3.00508e+02    3.35849e+02    2.32964e+01   -1.15045e+01
          LJ-14     Coulomb-14        LJ (SR)   Coulomb (SR)   Coul. recip.
    6.57962e+01    2.63463e+03    4.66137e+04   -4.77219e+05    1.32753e+03
   COM Pull En.      Potential    Kinetic En.   Total Energy  Conserved En.
    8.90859e-01   -4.25826e+05    7.22365e+04   -3.53590e+05   -3.55624e+05
    Temperature Pressure (bar)   Constr. rmsd
    2.96809e+02    1.47970e+02    3.09286e-06

           Step           Time
         146500      293.00000

   Energies (kJ/mol)
           Bond            U-B    Proper Dih.  Improper Dih.      CMAP Dih.
    9.08635e+01    2.97360e+02    3.46329e+02    2.61036e+01   -3.39512e+01
          LJ-14     Coulomb-14        LJ (SR)   Coulomb (SR)   Coul. recip.
    7.35732e+01    2.66940e+03    4.64258e+04   -4.77237e+05    1.28368e+03
   COM Pull En.      Potential    Kinetic En.   Total Energy  Conserved En.
    7.68337e-02   -4.26058e+05    7.24396e+04   -3.53619e+05   -3.55586e+05
    Temperature Pressure (bar)   Constr. rmsd
    2.97644e+02    1.12695e+02    1.44630e-06

           Step           Time
         147000      294.00000

   Energies (kJ/mol)
           Bond            U-B    Proper Dih.  Improper Dih.      CMAP Dih.
    7.05517e+01    3.01784e+02    3.46645e+02    2.25622e+01   -3.34907e+01
          LJ-14     Coulomb-14        LJ (SR)   Coulomb (SR)   Coul. recip.
    7.89777e+01    2.65937e+03    4.67281e+04   -4.78034e+05    1.31439e+03
   COM Pull En.      Potential    Kinetic En.   Total Energy  Conserved En.
    2.34014e-01   -4.26545e+05    7.22934e+04   -3.54251e+05   -3.55747e+05
    Temperature Pressure (bar)   Constr. rmsd
    2.97043e+02    1.03299e+02    2.89697e-06

